set MAX_PIXELS: 25088
set VIDEO_MAX_PIXELS: 602112
set FPS: 2.0
set FPS_MAX_FRAMES: 768
set VIDEO_TOTAL_PIXELS: 90316800
Hello! You are loading qwen_vl_utils from: /data/wangzhichao/projects/SSD_full_history/qwen_vl_utils/__init__.py
Hello! You are loading Qwen2.5-VL model from: /data/wangzhichao/projects/SSD_full_history/model/__init__.py
Namespace(llm_pretrained='/data/wangzhichao/projects/MMDuet2/ckpt/MMDuet2_ckpt', attn_implementation='flash_attention_2', system_prompt='You are a helpful assistant. Your task is to answer questions based on continuously incoming video frames. Your responses should include information from the video since your last reply (if any). If the information in this segment of the video cannot answer the question, output "NO REPLY".', input_assistant_turns=False, test_fname='./data/annotations/2fps/ego_dataset.json', output_fname='./outputs/2fps/preds_all_online_layer2_ratio01_steps8_11.jsonl', start_idx=0, end_idx=1, max_turns=None, device='cuda:4', do_sample=False, temperature=1.0, top_k=40, use_speculative_decoding=True, compare_AR_SSD=True, adapter_path='/data/wangzhichao/projects/SSD_full_history/adapter_checkpoints/all_online_layer2_ratio01_steps8/epoch_011', exit_layer=2, disable_adapter_mlp=False, speculative_threshold=0.6, speculative_steps=6)
You are attempting to use Flash Attention 2.0 with a model not initialized on GPU. Make sure to move the model to GPU after initializing it on CPU with `model.to('cuda')`.
model load debug: loaded all keep masks for Qwen2_5_VLModel
Loading checkpoint shards:   0%|          | 0/2 [00:00<?, ?it/s]Loading checkpoint shards:  50%|█████     | 1/2 [00:00<00:00,  3.28it/s]Loading checkpoint shards: 100%|██████████| 2/2 [00:00<00:00,  4.77it/s]Loading checkpoint shards: 100%|██████████| 2/2 [00:00<00:00,  4.46it/s]
Adapter config: use_mlp=True
AdapterModel(
  (norm): RMSNorm()
  (layers): ModuleList(
    (0): AdapterDecoderLayer(
      (self_attn): AdapterAttention(
        (q_proj): Linear(in_features=2048, out_features=2048, bias=True)
        (k_proj): Linear(in_features=2048, out_features=256, bias=True)
        (v_proj): Linear(in_features=2048, out_features=256, bias=True)
        (o_proj): Linear(in_features=2048, out_features=2048, bias=False)
        (rotary_emb): RotaryEmbedding()
      )
      (input_layernorm): RMSNorm()
      (post_attention_layernorm): RMSNorm()
      (gate_proj): Linear(in_features=2048, out_features=11008, bias=False)
      (up_proj): Linear(in_features=2048, out_features=11008, bias=False)
      (down_proj): Linear(in_features=11008, out_features=2048, bias=False)
    )
  )
)
Loaded adapter weights from /data/wangzhichao/projects/SSD_full_history/adapter_checkpoints/all_online_layer2_ratio01_steps8/epoch_011/adapter_model.bin (all 13 keys matched)
Using a slow image processor as `use_fast` is unset and a slow processor was saved with this model. `use_fast=True` will be the default behavior in v4.48, even if the model was saved with a slow processor. This will result in minor differences in outputs. You'll still be able to use a slow processor with `use_fast=False`.
setting frame_interval=1.0 for testing on args.test_fname='./data/annotations/2fps/ego_dataset.json'
  0%|          | 0/326 [00:00<?, ?it/s] first token :NO

Draft step 0: in_token=tensor([[8996]], device='cuda:4'), in_token_decoded=NO, end_index: 86
predicted_token: 3596, predict_score: 0.9998847246170044, token :  RE

Draft step 1: in_token=tensor([[3596]], device='cuda:4'), in_token_decoded= RE, end_index: 87
predicted_token: 24834, predict_score: 0.9998874664306641, token : PLY

Draft step 2: in_token=tensor([[24834]], device='cuda:4'), in_token_decoded=PLY, end_index: 88
predicted_token: 151645, predict_score: 0.6134546995162964, token : <|im_end|>
Verifying token 0: verify_id=3596 ( RE), draft_id=3596 ( RE), is_last=False, is_eos=False
Verifying token 1: verify_id=24834 (PLY), draft_id=24834 (PLY), is_last=False, is_eos=False
Verifying token 2: verify_id=151645 (<|im_end|>), draft_id=151645 (<|im_end|>), is_last=False, is_eos=True
Token 2 verification failed, accepting up to this token. is_last: False, is_eos: True, is_mismatch: False
New tokens: ['NO REPLY<|im_end|>']
Total new tokens generated: 4
[Spec] avg_accept=3.00 | tokens=4 | context_len=85
[Adapter] acc=3/3 (100.0%) | avg_confidence=0.871 | drafted_avg_confidence=0.871 | context_len=85
\n===== Lossless Check =====
Speculative output: NO REPLY
AR manual output:   NO REPLY
Exact match: True
OK: Outputs match. Speculative decoding is lossless.
Speedup: 0.73x
Speedup_decode: 0.88x
Spec decode tok/s: 27.50
AR decode tok/s:   31.12
 first token :NO

Draft step 0: in_token=tensor([[8996]], device='cuda:4'), in_token_decoded=NO, end_index: 151
predicted_token: 3596, predict_score: 0.9999690055847168, token :  RE

Draft step 1: in_token=tensor([[3596]], device='cuda:4'), in_token_decoded= RE, end_index: 152
predicted_token: 24834, predict_score: 0.9999614953994751, token : PLY

Draft step 2: in_token=tensor([[24834]], device='cuda:4'), in_token_decoded=PLY, end_index: 153
predicted_token: 151645, predict_score: 0.6133963465690613, token : <|im_end|>
Verifying token 0: verify_id=3596 ( RE), draft_id=3596 ( RE), is_last=False, is_eos=False
Verifying token 1: verify_id=24834 (PLY), draft_id=24834 (PLY), is_last=False, is_eos=False
Verifying token 2: verify_id=151645 (<|im_end|>), draft_id=151645 (<|im_end|>), is_last=False, is_eos=True
Token 2 verification failed, accepting up to this token. is_last: False, is_eos: True, is_mismatch: False
New tokens: ['NO REPLY<|im_end|>']
Total new tokens generated: 4
[Spec] avg_accept=3.00 | tokens=4 | context_len=150
[Adapter] acc=3/3 (100.0%) | avg_confidence=0.871 | drafted_avg_confidence=0.871 | context_len=150
\n===== Lossless Check =====
Speculative output: NO REPLY
AR manual output:   NO REPLY
Exact match: True
OK: Outputs match. Speculative decoding is lossless.
Speedup: 0.68x
Speedup_decode: 0.90x
Spec decode tok/s: 26.86
AR decode tok/s:   29.88
 first token :NO

Draft step 0: in_token=tensor([[8996]], device='cuda:4'), in_token_decoded=NO, end_index: 216
predicted_token: 3596, predict_score: 0.9999793767929077, token :  RE

Draft step 1: in_token=tensor([[3596]], device='cuda:4'), in_token_decoded= RE, end_index: 217
predicted_token: 24834, predict_score: 0.9999804496765137, token : PLY

Draft step 2: in_token=tensor([[24834]], device='cuda:4'), in_token_decoded=PLY, end_index: 218
predicted_token: 151645, predict_score: 0.6153589487075806, token : <|im_end|>
Verifying token 0: verify_id=3596 ( RE), draft_id=3596 ( RE), is_last=False, is_eos=False
Verifying token 1: verify_id=24834 (PLY), draft_id=24834 (PLY), is_last=False, is_eos=False
Verifying token 2: verify_id=151645 (<|im_end|>), draft_id=151645 (<|im_end|>), is_last=False, is_eos=True
Token 2 verification failed, accepting up to this token. is_last: False, is_eos: True, is_mismatch: False
New tokens: ['NO REPLY<|im_end|>']
Total new tokens generated: 4
[Spec] avg_accept=3.00 | tokens=4 | context_len=215
[Adapter] acc=3/3 (100.0%) | avg_confidence=0.872 | drafted_avg_confidence=0.872 | context_len=215
\n===== Lossless Check =====
Speculative output: NO REPLY
AR manual output:   NO REPLY
Exact match: True
OK: Outputs match. Speculative decoding is lossless.
Speedup: 1.32x
Speedup_decode: 1.72x
Spec decode tok/s: 50.71
AR decode tok/s:   29.41
 first token :NO

Draft step 0: in_token=tensor([[8996]], device='cuda:4'), in_token_decoded=NO, end_index: 281
predicted_token: 3596, predict_score: 0.9999830722808838, token :  RE

Draft step 1: in_token=tensor([[3596]], device='cuda:4'), in_token_decoded= RE, end_index: 282
predicted_token: 24834, predict_score: 0.9999855756759644, token : PLY

Draft step 2: in_token=tensor([[24834]], device='cuda:4'), in_token_decoded=PLY, end_index: 283
predicted_token: 151645, predict_score: 0.6138238906860352, token : <|im_end|>
Verifying token 0: verify_id=3596 ( RE), draft_id=3596 ( RE), is_last=False, is_eos=False
Verifying token 1: verify_id=24834 (PLY), draft_id=24834 (PLY), is_last=False, is_eos=False
Verifying token 2: verify_id=151645 (<|im_end|>), draft_id=151645 (<|im_end|>), is_last=False, is_eos=True
Token 2 verification failed, accepting up to this token. is_last: False, is_eos: True, is_mismatch: False
New tokens: ['NO REPLY<|im_end|>']
Total new tokens generated: 4
[Spec] avg_accept=3.00 | tokens=4 | context_len=280
[Adapter] acc=3/3 (100.0%) | avg_confidence=0.871 | drafted_avg_confidence=0.871 | context_len=280
\n===== Lossless Check =====
Speculative output: NO REPLY
AR manual output:   NO REPLY
Exact match: True
OK: Outputs match. Speculative decoding is lossless.
Speedup: 1.39x
Speedup_decode: 1.82x
Spec decode tok/s: 53.62
AR decode tok/s:   29.42
 first token :NO

Draft step 0: in_token=tensor([[8996]], device='cuda:4'), in_token_decoded=NO, end_index: 346
predicted_token: 3596, predict_score: 0.9999812841415405, token :  RE

Draft step 1: in_token=tensor([[3596]], device='cuda:4'), in_token_decoded= RE, end_index: 347
predicted_token: 24834, predict_score: 0.9999878406524658, token : PLY

Draft step 2: in_token=tensor([[24834]], device='cuda:4'), in_token_decoded=PLY, end_index: 348
predicted_token: 151645, predict_score: 0.6156142354011536, token : <|im_end|>
Verifying token 0: verify_id=3596 ( RE), draft_id=3596 ( RE), is_last=False, is_eos=False
Verifying token 1: verify_id=24834 (PLY), draft_id=24834 (PLY), is_last=False, is_eos=False
Verifying token 2: verify_id=151645 (<|im_end|>), draft_id=151645 (<|im_end|>), is_last=False, is_eos=True
Token 2 verification failed, accepting up to this token. is_last: False, is_eos: True, is_mismatch: False
New tokens: ['NO REPLY<|im_end|>']
Total new tokens generated: 4
[Spec] avg_accept=3.00 | tokens=4 | context_len=345
[Adapter] acc=3/3 (100.0%) | avg_confidence=0.872 | drafted_avg_confidence=0.872 | context_len=345
\n===== Lossless Check =====
Speculative output: NO REPLY
AR manual output:   NO REPLY
Exact match: True
OK: Outputs match. Speculative decoding is lossless.
Speedup: 1.37x
Speedup_decode: 1.76x
Spec decode tok/s: 52.00
AR decode tok/s:   29.59
 first token :NO

Draft step 0: in_token=tensor([[8996]], device='cuda:4'), in_token_decoded=NO, end_index: 411
predicted_token: 3596, predict_score: 0.999981164932251, token :  RE

Draft step 1: in_token=tensor([[3596]], device='cuda:4'), in_token_decoded= RE, end_index: 412
predicted_token: 24834, predict_score: 0.9999878406524658, token : PLY

Draft step 2: in_token=tensor([[24834]], device='cuda:4'), in_token_decoded=PLY, end_index: 413
predicted_token: 151645, predict_score: 0.6158555746078491, token : <|im_end|>
Verifying token 0: verify_id=3596 ( RE), draft_id=3596 ( RE), is_last=False, is_eos=False
Verifying token 1: verify_id=24834 (PLY), draft_id=24834 (PLY), is_last=False, is_eos=False
Verifying token 2: verify_id=151645 (<|im_end|>), draft_id=151645 (<|im_end|>), is_last=False, is_eos=True
Token 2 verification failed, accepting up to this token. is_last: False, is_eos: True, is_mismatch: False
New tokens: ['NO REPLY<|im_end|>']
Total new tokens generated: 4
[Spec] avg_accept=3.00 | tokens=4 | context_len=410
[Adapter] acc=3/3 (100.0%) | avg_confidence=0.872 | drafted_avg_confidence=0.872 | context_len=410
\n===== Lossless Check =====
Speculative output: NO REPLY
AR manual output:   NO REPLY
Exact match: True
OK: Outputs match. Speculative decoding is lossless.
Speedup: 1.39x
Speedup_decode: 1.81x
Spec decode tok/s: 52.70
AR decode tok/s:   29.17
 first token :NO

Draft step 0: in_token=tensor([[8996]], device='cuda:4'), in_token_decoded=NO, end_index: 476
predicted_token: 3596, predict_score: 0.9999834299087524, token :  RE

Draft step 1: in_token=tensor([[3596]], device='cuda:4'), in_token_decoded= RE, end_index: 477
predicted_token: 24834, predict_score: 0.9999890327453613, token : PLY

Draft step 2: in_token=tensor([[24834]], device='cuda:4'), in_token_decoded=PLY, end_index: 478
predicted_token: 151645, predict_score: 0.6162775754928589, token : <|im_end|>
Verifying token 0: verify_id=3596 ( RE), draft_id=3596 ( RE), is_last=False, is_eos=False
Verifying token 1: verify_id=24834 (PLY), draft_id=24834 (PLY), is_last=False, is_eos=False
Verifying token 2: verify_id=151645 (<|im_end|>), draft_id=151645 (<|im_end|>), is_last=False, is_eos=True
Token 2 verification failed, accepting up to this token. is_last: False, is_eos: True, is_mismatch: False
New tokens: ['NO REPLY<|im_end|>']
Total new tokens generated: 4
[Spec] avg_accept=3.00 | tokens=4 | context_len=475
[Adapter] acc=3/3 (100.0%) | avg_confidence=0.872 | drafted_avg_confidence=0.872 | context_len=475
\n===== Lossless Check =====
Speculative output: NO REPLY
AR manual output:   NO REPLY
Exact match: True
OK: Outputs match. Speculative decoding is lossless.
Speedup: 1.37x
Speedup_decode: 1.78x
Spec decode tok/s: 52.32
AR decode tok/s:   29.47
 first token :NO

Draft step 0: in_token=tensor([[8996]], device='cuda:4'), in_token_decoded=NO, end_index: 541
predicted_token: 3596, predict_score: 0.9999833106994629, token :  RE

Draft step 1: in_token=tensor([[3596]], device='cuda:4'), in_token_decoded= RE, end_index: 542
predicted_token: 24834, predict_score: 0.9999891519546509, token : PLY

Draft step 2: in_token=tensor([[24834]], device='cuda:4'), in_token_decoded=PLY, end_index: 543
predicted_token: 151645, predict_score: 0.61552894115448, token : <|im_end|>
Verifying token 0: verify_id=3596 ( RE), draft_id=3596 ( RE), is_last=False, is_eos=False
Verifying token 1: verify_id=24834 (PLY), draft_id=24834 (PLY), is_last=False, is_eos=False
Verifying token 2: verify_id=151645 (<|im_end|>), draft_id=151645 (<|im_end|>), is_last=False, is_eos=True
Token 2 verification failed, accepting up to this token. is_last: False, is_eos: True, is_mismatch: False
New tokens: ['NO REPLY<|im_end|>']
Total new tokens generated: 4
[Spec] avg_accept=3.00 | tokens=4 | context_len=540
[Adapter] acc=3/3 (100.0%) | avg_confidence=0.872 | drafted_avg_confidence=0.872 | context_len=540
\n===== Lossless Check =====
Speculative output: NO REPLY
AR manual output:   NO REPLY
Exact match: True
OK: Outputs match. Speculative decoding is lossless.
Speedup: 1.38x
Speedup_decode: 1.80x
Spec decode tok/s: 52.96
AR decode tok/s:   29.48
 first token :NO

Draft step 0: in_token=tensor([[8996]], device='cuda:4'), in_token_decoded=NO, end_index: 606
predicted_token: 3596, predict_score: 0.9999815225601196, token :  RE

Draft step 1: in_token=tensor([[3596]], device='cuda:4'), in_token_decoded= RE, end_index: 607
predicted_token: 24834, predict_score: 0.999988317489624, token : PLY

Draft step 2: in_token=tensor([[24834]], device='cuda:4'), in_token_decoded=PLY, end_index: 608
predicted_token: 151645, predict_score: 0.6151767373085022, token : <|im_end|>
Verifying token 0: verify_id=3596 ( RE), draft_id=3596 ( RE), is_last=False, is_eos=False
Verifying token 1: verify_id=24834 (PLY), draft_id=24834 (PLY), is_last=False, is_eos=False
Verifying token 2: verify_id=151645 (<|im_end|>), draft_id=151645 (<|im_end|>), is_last=False, is_eos=True
Token 2 verification failed, accepting up to this token. is_last: False, is_eos: True, is_mismatch: False
New tokens: ['NO REPLY<|im_end|>']
Total new tokens generated: 4
[Spec] avg_accept=3.00 | tokens=4 | context_len=605
[Adapter] acc=3/3 (100.0%) | avg_confidence=0.872 | drafted_avg_confidence=0.872 | context_len=605
\n===== Lossless Check =====
Speculative output: NO REPLY
AR manual output:   NO REPLY
Exact match: True
OK: Outputs match. Speculative decoding is lossless.
Speedup: 1.40x
Speedup_decode: 1.83x
Spec decode tok/s: 53.59
AR decode tok/s:   29.21
 first token :NO

Draft step 0: in_token=tensor([[8996]], device='cuda:4'), in_token_decoded=NO, end_index: 671
predicted_token: 3596, predict_score: 0.9999833106994629, token :  RE

Draft step 1: in_token=tensor([[3596]], device='cuda:4'), in_token_decoded= RE, end_index: 672
predicted_token: 24834, predict_score: 0.9999892711639404, token : PLY

Draft step 2: in_token=tensor([[24834]], device='cuda:4'), in_token_decoded=PLY, end_index: 673
predicted_token: 151645, predict_score: 0.6265884637832642, token : <|im_end|>
Verifying token 0: verify_id=3596 ( RE), draft_id=3596 ( RE), is_last=False, is_eos=False
Verifying token 1: verify_id=24834 (PLY), draft_id=24834 (PLY), is_last=False, is_eos=False
Verifying token 2: verify_id=151645 (<|im_end|>), draft_id=151645 (<|im_end|>), is_last=False, is_eos=True
Token 2 verification failed, accepting up to this token. is_last: False, is_eos: True, is_mismatch: False
New tokens: ['NO REPLY<|im_end|>']
Total new tokens generated: 4
[Spec] avg_accept=3.00 | tokens=4 | context_len=670
[Adapter] acc=3/3 (100.0%) | avg_confidence=0.876 | drafted_avg_confidence=0.876 | context_len=670
\n===== Lossless Check =====
Speculative output: NO REPLY
AR manual output:   NO REPLY
Exact match: True
OK: Outputs match. Speculative decoding is lossless.
Speedup: 1.34x
Speedup_decode: 1.73x
Spec decode tok/s: 51.75
AR decode tok/s:   29.91
 first token :NO

Draft step 0: in_token=tensor([[8996]], device='cuda:4'), in_token_decoded=NO, end_index: 736
predicted_token: 3596, predict_score: 0.9999816417694092, token :  RE

Draft step 1: in_token=tensor([[3596]], device='cuda:4'), in_token_decoded= RE, end_index: 737
predicted_token: 24834, predict_score: 0.9999895095825195, token : PLY

Draft step 2: in_token=tensor([[24834]], device='cuda:4'), in_token_decoded=PLY, end_index: 738
predicted_token: 151645, predict_score: 0.6134227514266968, token : <|im_end|>
Verifying token 0: verify_id=3596 ( RE), draft_id=3596 ( RE), is_last=False, is_eos=False
Verifying token 1: verify_id=24834 (PLY), draft_id=24834 (PLY), is_last=False, is_eos=False
Verifying token 2: verify_id=151645 (<|im_end|>), draft_id=151645 (<|im_end|>), is_last=False, is_eos=True
Token 2 verification failed, accepting up to this token. is_last: False, is_eos: True, is_mismatch: False
New tokens: ['NO REPLY<|im_end|>']
Total new tokens generated: 4
[Spec] avg_accept=3.00 | tokens=4 | context_len=735
[Adapter] acc=3/3 (100.0%) | avg_confidence=0.871 | drafted_avg_confidence=0.871 | context_len=735
\n===== Lossless Check =====
Speculative output: NO REPLY
AR manual output:   NO REPLY
Exact match: True
OK: Outputs match. Speculative decoding is lossless.
Speedup: 1.43x
Speedup_decode: 1.83x
Spec decode tok/s: 54.47
AR decode tok/s:   29.83
 first token :NO

Draft step 0: in_token=tensor([[8996]], device='cuda:4'), in_token_decoded=NO, end_index: 801
predicted_token: 3596, predict_score: 0.9999833106994629, token :  RE

Draft step 1: in_token=tensor([[3596]], device='cuda:4'), in_token_decoded= RE, end_index: 802
predicted_token: 24834, predict_score: 0.9999904632568359, token : PLY

Draft step 2: in_token=tensor([[24834]], device='cuda:4'), in_token_decoded=PLY, end_index: 803
predicted_token: 151645, predict_score: 0.6251908540725708, token : <|im_end|>
Verifying token 0: verify_id=3596 ( RE), draft_id=3596 ( RE), is_last=False, is_eos=False
Verifying token 1: verify_id=24834 (PLY), draft_id=24834 (PLY), is_last=False, is_eos=False
Verifying token 2: verify_id=151645 (<|im_end|>), draft_id=151645 (<|im_end|>), is_last=False, is_eos=True
Token 2 verification failed, accepting up to this token. is_last: False, is_eos: True, is_mismatch: False
New tokens: ['NO REPLY<|im_end|>']
Total new tokens generated: 4
[Spec] avg_accept=3.00 | tokens=4 | context_len=800
[Adapter] acc=3/3 (100.0%) | avg_confidence=0.875 | drafted_avg_confidence=0.875 | context_len=800
\n===== Lossless Check =====
Speculative output: NO REPLY
AR manual output:   NO REPLY
Exact match: True
OK: Outputs match. Speculative decoding is lossless.
Speedup: 1.41x
Speedup_decode: 1.82x
Spec decode tok/s: 53.90
AR decode tok/s:   29.57
 first token :NO

Draft step 0: in_token=tensor([[8996]], device='cuda:4'), in_token_decoded=NO, end_index: 866
predicted_token: 3596, predict_score: 0.9999816417694092, token :  RE

Draft step 1: in_token=tensor([[3596]], device='cuda:4'), in_token_decoded= RE, end_index: 867
predicted_token: 24834, predict_score: 0.9999905824661255, token : PLY

Draft step 2: in_token=tensor([[24834]], device='cuda:4'), in_token_decoded=PLY, end_index: 868
predicted_token: 151645, predict_score: 0.6160164475440979, token : <|im_end|>
Verifying token 0: verify_id=3596 ( RE), draft_id=3596 ( RE), is_last=False, is_eos=False
Verifying token 1: verify_id=24834 (PLY), draft_id=24834 (PLY), is_last=False, is_eos=False
Verifying token 2: verify_id=151645 (<|im_end|>), draft_id=151645 (<|im_end|>), is_last=False, is_eos=True
Token 2 verification failed, accepting up to this token. is_last: False, is_eos: True, is_mismatch: False
New tokens: ['NO REPLY<|im_end|>']
Total new tokens generated: 4
[Spec] avg_accept=3.00 | tokens=4 | context_len=865
[Adapter] acc=3/3 (100.0%) | avg_confidence=0.872 | drafted_avg_confidence=0.872 | context_len=865
\n===== Lossless Check =====
Speculative output: NO REPLY
AR manual output:   NO REPLY
Exact match: True
OK: Outputs match. Speculative decoding is lossless.
Speedup: 1.34x
Speedup_decode: 1.73x
Spec decode tok/s: 50.72
AR decode tok/s:   29.40
 first token :NO

Draft step 0: in_token=tensor([[8996]], device='cuda:4'), in_token_decoded=NO, end_index: 931
predicted_token: 3596, predict_score: 0.9999834299087524, token :  RE

Draft step 1: in_token=tensor([[3596]], device='cuda:4'), in_token_decoded= RE, end_index: 932
predicted_token: 24834, predict_score: 0.9999902248382568, token : PLY

Draft step 2: in_token=tensor([[24834]], device='cuda:4'), in_token_decoded=PLY, end_index: 933
predicted_token: 151645, predict_score: 0.613833487033844, token : <|im_end|>
Verifying token 0: verify_id=3596 ( RE), draft_id=3596 ( RE), is_last=False, is_eos=False
Verifying token 1: verify_id=24834 (PLY), draft_id=24834 (PLY), is_last=False, is_eos=False
Verifying token 2: verify_id=151645 (<|im_end|>), draft_id=151645 (<|im_end|>), is_last=False, is_eos=True
Token 2 verification failed, accepting up to this token. is_last: False, is_eos: True, is_mismatch: False
New tokens: ['NO REPLY<|im_end|>']
Total new tokens generated: 4
[Spec] avg_accept=3.00 | tokens=4 | context_len=930
[Adapter] acc=3/3 (100.0%) | avg_confidence=0.871 | drafted_avg_confidence=0.871 | context_len=930
\n===== Lossless Check =====
Speculative output: NO REPLY
AR manual output:   NO REPLY
Exact match: True
OK: Outputs match. Speculative decoding is lossless.
Speedup: 1.43x
Speedup_decode: 1.85x
Spec decode tok/s: 53.24
AR decode tok/s:   28.78
 first token :NO

Draft step 0: in_token=tensor([[8996]], device='cuda:4'), in_token_decoded=NO, end_index: 996
predicted_token: 3596, predict_score: 0.9999815225601196, token :  RE

Draft step 1: in_token=tensor([[3596]], device='cuda:4'), in_token_decoded= RE, end_index: 997
predicted_token: 24834, predict_score: 0.9999892711639404, token : PLY

Draft step 2: in_token=tensor([[24834]], device='cuda:4'), in_token_decoded=PLY, end_index: 998
predicted_token: 151645, predict_score: 0.6251224875450134, token : <|im_end|>
Verifying token 0: verify_id=3596 ( RE), draft_id=3596 ( RE), is_last=False, is_eos=False
Verifying token 1: verify_id=24834 (PLY), draft_id=24834 (PLY), is_last=False, is_eos=False
Verifying token 2: verify_id=151645 (<|im_end|>), draft_id=151645 (<|im_end|>), is_last=False, is_eos=True
Token 2 verification failed, accepting up to this token. is_last: False, is_eos: True, is_mismatch: False
New tokens: ['NO REPLY<|im_end|>']
Total new tokens generated: 4
[Spec] avg_accept=3.00 | tokens=4 | context_len=995
[Adapter] acc=3/3 (100.0%) | avg_confidence=0.875 | drafted_avg_confidence=0.875 | context_len=995
\n===== Lossless Check =====
Speculative output: NO REPLY
AR manual output:   NO REPLY
Exact match: True
OK: Outputs match. Speculative decoding is lossless.
Speedup: 1.44x
Speedup_decode: 1.84x
Spec decode tok/s: 53.07
AR decode tok/s:   28.88
 first token :NO

Draft step 0: in_token=tensor([[8996]], device='cuda:4'), in_token_decoded=NO, end_index: 1061
predicted_token: 3596, predict_score: 0.9999818801879883, token :  RE

Draft step 1: in_token=tensor([[3596]], device='cuda:4'), in_token_decoded= RE, end_index: 1062
predicted_token: 24834, predict_score: 0.9999902248382568, token : PLY

Draft step 2: in_token=tensor([[24834]], device='cuda:4'), in_token_decoded=PLY, end_index: 1063
predicted_token: 151645, predict_score: 0.6169738173484802, token : <|im_end|>
Verifying token 0: verify_id=3596 ( RE), draft_id=3596 ( RE), is_last=False, is_eos=False
Verifying token 1: verify_id=24834 (PLY), draft_id=24834 (PLY), is_last=False, is_eos=False
Verifying token 2: verify_id=151645 (<|im_end|>), draft_id=151645 (<|im_end|>), is_last=False, is_eos=True
Token 2 verification failed, accepting up to this token. is_last: False, is_eos: True, is_mismatch: False
New tokens: ['NO REPLY<|im_end|>']
Total new tokens generated: 4
[Spec] avg_accept=3.00 | tokens=4 | context_len=1060
[Adapter] acc=3/3 (100.0%) | avg_confidence=0.872 | drafted_avg_confidence=0.872 | context_len=1060
\n===== Lossless Check =====
Speculative output: NO REPLY
AR manual output:   NO REPLY
Exact match: True
OK: Outputs match. Speculative decoding is lossless.
Speedup: 1.24x
Speedup_decode: 1.59x
Spec decode tok/s: 46.60
AR decode tok/s:   29.37
 first token :NO

Draft step 0: in_token=tensor([[8996]], device='cuda:4'), in_token_decoded=NO, end_index: 1126
predicted_token: 3596, predict_score: 0.9999836683273315, token :  RE

Draft step 1: in_token=tensor([[3596]], device='cuda:4'), in_token_decoded= RE, end_index: 1127
predicted_token: 24834, predict_score: 0.9999899864196777, token : PLY

Draft step 2: in_token=tensor([[24834]], device='cuda:4'), in_token_decoded=PLY, end_index: 1128
predicted_token: 151645, predict_score: 0.6175215840339661, token : <|im_end|>
Verifying token 0: verify_id=3596 ( RE), draft_id=3596 ( RE), is_last=False, is_eos=False
Verifying token 1: verify_id=24834 (PLY), draft_id=24834 (PLY), is_last=False, is_eos=False
Verifying token 2: verify_id=151645 (<|im_end|>), draft_id=151645 (<|im_end|>), is_last=False, is_eos=True
Token 2 verification failed, accepting up to this token. is_last: False, is_eos: True, is_mismatch: False
New tokens: ['NO REPLY<|im_end|>']
Total new tokens generated: 4
[Spec] avg_accept=3.00 | tokens=4 | context_len=1125
[Adapter] acc=3/3 (100.0%) | avg_confidence=0.872 | drafted_avg_confidence=0.872 | context_len=1125
\n===== Lossless Check =====
Speculative output: NO REPLY
AR manual output:   NO REPLY
Exact match: True
OK: Outputs match. Speculative decoding is lossless.
Speedup: 1.35x
Speedup_decode: 1.67x
Spec decode tok/s: 49.71
AR decode tok/s:   29.77
 first token :NO

Draft step 0: in_token=tensor([[8996]], device='cuda:4'), in_token_decoded=NO, end_index: 1191
predicted_token: 3596, predict_score: 0.9999834299087524, token :  RE

Draft step 1: in_token=tensor([[3596]], device='cuda:4'), in_token_decoded= RE, end_index: 1192
predicted_token: 24834, predict_score: 0.9999901056289673, token : PLY

Draft step 2: in_token=tensor([[24834]], device='cuda:4'), in_token_decoded=PLY, end_index: 1193
predicted_token: 151645, predict_score: 0.6181936860084534, token : <|im_end|>
Verifying token 0: verify_id=3596 ( RE), draft_id=3596 ( RE), is_last=False, is_eos=False
Verifying token 1: verify_id=24834 (PLY), draft_id=24834 (PLY), is_last=False, is_eos=False
Verifying token 2: verify_id=151645 (<|im_end|>), draft_id=151645 (<|im_end|>), is_last=False, is_eos=True
Token 2 verification failed, accepting up to this token. is_last: False, is_eos: True, is_mismatch: False
New tokens: ['NO REPLY<|im_end|>']
Total new tokens generated: 4
[Spec] avg_accept=3.00 | tokens=4 | context_len=1190
[Adapter] acc=3/3 (100.0%) | avg_confidence=0.873 | drafted_avg_confidence=0.873 | context_len=1190
\n===== Lossless Check =====
Speculative output: NO REPLY
AR manual output:   NO REPLY
Exact match: True
OK: Outputs match. Speculative decoding is lossless.
Speedup: 1.39x
Speedup_decode: 1.72x
Spec decode tok/s: 49.41
AR decode tok/s:   28.75
 first token :NO

Draft step 0: in_token=tensor([[8996]], device='cuda:4'), in_token_decoded=NO, end_index: 1256
predicted_token: 3596, predict_score: 0.9999834299087524, token :  RE

Draft step 1: in_token=tensor([[3596]], device='cuda:4'), in_token_decoded= RE, end_index: 1257
predicted_token: 24834, predict_score: 0.9999909400939941, token : PLY

Draft step 2: in_token=tensor([[24834]], device='cuda:4'), in_token_decoded=PLY, end_index: 1258
predicted_token: 151645, predict_score: 0.61705082654953, token : <|im_end|>
Verifying token 0: verify_id=3596 ( RE), draft_id=3596 ( RE), is_last=False, is_eos=False
Verifying token 1: verify_id=24834 (PLY), draft_id=24834 (PLY), is_last=False, is_eos=False
Verifying token 2: verify_id=151645 (<|im_end|>), draft_id=151645 (<|im_end|>), is_last=False, is_eos=True
Token 2 verification failed, accepting up to this token. is_last: False, is_eos: True, is_mismatch: False
New tokens: ['NO REPLY<|im_end|>']
Total new tokens generated: 4
[Spec] avg_accept=3.00 | tokens=4 | context_len=1255
[Adapter] acc=3/3 (100.0%) | avg_confidence=0.872 | drafted_avg_confidence=0.872 | context_len=1255
\n===== Lossless Check =====
Speculative output: NO REPLY
AR manual output:   NO REPLY
Exact match: True
OK: Outputs match. Speculative decoding is lossless.
Speedup: 1.39x
Speedup_decode: 1.70x
Spec decode tok/s: 50.29
AR decode tok/s:   29.53
 first token :NO

Draft step 0: in_token=tensor([[8996]], device='cuda:4'), in_token_decoded=NO, end_index: 1321
predicted_token: 3596, predict_score: 0.999983549118042, token :  RE

Draft step 1: in_token=tensor([[3596]], device='cuda:4'), in_token_decoded= RE, end_index: 1322
predicted_token: 24834, predict_score: 0.9999910593032837, token : PLY

Draft step 2: in_token=tensor([[24834]], device='cuda:4'), in_token_decoded=PLY, end_index: 1323
predicted_token: 151645, predict_score: 0.6160964965820312, token : <|im_end|>
Verifying token 0: verify_id=3596 ( RE), draft_id=3596 ( RE), is_last=False, is_eos=False
Verifying token 1: verify_id=24834 (PLY), draft_id=24834 (PLY), is_last=False, is_eos=False
Verifying token 2: verify_id=151645 (<|im_end|>), draft_id=151645 (<|im_end|>), is_last=False, is_eos=True
Token 2 verification failed, accepting up to this token. is_last: False, is_eos: True, is_mismatch: False
New tokens: ['NO REPLY<|im_end|>']
Total new tokens generated: 4
[Spec] avg_accept=3.00 | tokens=4 | context_len=1320
[Adapter] acc=3/3 (100.0%) | avg_confidence=0.872 | drafted_avg_confidence=0.872 | context_len=1320
\n===== Lossless Check =====
Speculative output: NO REPLY
AR manual output:   NO REPLY
Exact match: True
OK: Outputs match. Speculative decoding is lossless.
Speedup: 1.40x
Speedup_decode: 1.71x
Spec decode tok/s: 49.47
AR decode tok/s:   28.91
 first token :NO

Draft step 0: in_token=tensor([[8996]], device='cuda:4'), in_token_decoded=NO, end_index: 1386
predicted_token: 3596, predict_score: 0.9999836683273315, token :  RE

Draft step 1: in_token=tensor([[3596]], device='cuda:4'), in_token_decoded= RE, end_index: 1387
predicted_token: 24834, predict_score: 0.9999912977218628, token : PLY

Draft step 2: in_token=tensor([[24834]], device='cuda:4'), in_token_decoded=PLY, end_index: 1388
predicted_token: 151645, predict_score: 0.6171858906745911, token : <|im_end|>
Verifying token 0: verify_id=3596 ( RE), draft_id=3596 ( RE), is_last=False, is_eos=False
Verifying token 1: verify_id=24834 (PLY), draft_id=24834 (PLY), is_last=False, is_eos=False
Verifying token 2: verify_id=151645 (<|im_end|>), draft_id=151645 (<|im_end|>), is_last=False, is_eos=True
Token 2 verification failed, accepting up to this token. is_last: False, is_eos: True, is_mismatch: False
New tokens: ['NO REPLY<|im_end|>']
Total new tokens generated: 4
[Spec] avg_accept=3.00 | tokens=4 | context_len=1385
[Adapter] acc=3/3 (100.0%) | avg_confidence=0.872 | drafted_avg_confidence=0.872 | context_len=1385
\n===== Lossless Check =====
Speculative output: NO REPLY
AR manual output:   NO REPLY
Exact match: True
OK: Outputs match. Speculative decoding is lossless.
Speedup: 1.38x
Speedup_decode: 1.74x
Spec decode tok/s: 51.27
AR decode tok/s:   29.43
 first token :NO

Draft step 0: in_token=tensor([[8996]], device='cuda:4'), in_token_decoded=NO, end_index: 1451
predicted_token: 3596, predict_score: 0.9999854564666748, token :  RE

Draft step 1: in_token=tensor([[3596]], device='cuda:4'), in_token_decoded= RE, end_index: 1452
predicted_token: 24834, predict_score: 0.9999912977218628, token : PLY

Draft step 2: in_token=tensor([[24834]], device='cuda:4'), in_token_decoded=PLY, end_index: 1453
predicted_token: 151645, predict_score: 0.6165552139282227, token : <|im_end|>
Verifying token 0: verify_id=3596 ( RE), draft_id=3596 ( RE), is_last=False, is_eos=False
Verifying token 1: verify_id=24834 (PLY), draft_id=24834 (PLY), is_last=False, is_eos=False
Verifying token 2: verify_id=151645 (<|im_end|>), draft_id=151645 (<|im_end|>), is_last=False, is_eos=True
Token 2 verification failed, accepting up to this token. is_last: False, is_eos: True, is_mismatch: False
New tokens: ['NO REPLY<|im_end|>']
Total new tokens generated: 4
[Spec] avg_accept=3.00 | tokens=4 | context_len=1450
[Adapter] acc=3/3 (100.0%) | avg_confidence=0.872 | drafted_avg_confidence=0.872 | context_len=1450
\n===== Lossless Check =====
Speculative output: NO REPLY
AR manual output:   NO REPLY
Exact match: True
OK: Outputs match. Speculative decoding is lossless.
Speedup: 1.44x
Speedup_decode: 1.76x
Spec decode tok/s: 50.38
AR decode tok/s:   28.58
 first token :NO

Draft step 0: in_token=tensor([[8996]], device='cuda:4'), in_token_decoded=NO, end_index: 1516
predicted_token: 3596, predict_score: 0.9999836683273315, token :  RE

Draft step 1: in_token=tensor([[3596]], device='cuda:4'), in_token_decoded= RE, end_index: 1517
predicted_token: 24834, predict_score: 0.9999912977218628, token : PLY

Draft step 2: in_token=tensor([[24834]], device='cuda:4'), in_token_decoded=PLY, end_index: 1518
predicted_token: 151645, predict_score: 0.6174285411834717, token : <|im_end|>
Verifying token 0: verify_id=3596 ( RE), draft_id=3596 ( RE), is_last=False, is_eos=False
Verifying token 1: verify_id=24834 (PLY), draft_id=24834 (PLY), is_last=False, is_eos=False
Verifying token 2: verify_id=151645 (<|im_end|>), draft_id=151645 (<|im_end|>), is_last=False, is_eos=True
Token 2 verification failed, accepting up to this token. is_last: False, is_eos: True, is_mismatch: False
New tokens: ['NO REPLY<|im_end|>']
Total new tokens generated: 4
[Spec] avg_accept=3.00 | tokens=4 | context_len=1515
[Adapter] acc=3/3 (100.0%) | avg_confidence=0.872 | drafted_avg_confidence=0.872 | context_len=1515
\n===== Lossless Check =====
Speculative output: NO REPLY
AR manual output:   NO REPLY
Exact match: True
OK: Outputs match. Speculative decoding is lossless.
Speedup: 1.45x
Speedup_decode: 1.75x
Spec decode tok/s: 50.77
AR decode tok/s:   28.94
 first token :NO

Draft step 0: in_token=tensor([[8996]], device='cuda:4'), in_token_decoded=NO, end_index: 1581
predicted_token: 3596, predict_score: 0.9999837875366211, token :  RE

Draft step 1: in_token=tensor([[3596]], device='cuda:4'), in_token_decoded= RE, end_index: 1582
predicted_token: 24834, predict_score: 0.9999912977218628, token : PLY

Draft step 2: in_token=tensor([[24834]], device='cuda:4'), in_token_decoded=PLY, end_index: 1583
predicted_token: 151645, predict_score: 0.6175261735916138, token : <|im_end|>
Verifying token 0: verify_id=3596 ( RE), draft_id=3596 ( RE), is_last=False, is_eos=False
Verifying token 1: verify_id=24834 (PLY), draft_id=24834 (PLY), is_last=False, is_eos=False
Verifying token 2: verify_id=151645 (<|im_end|>), draft_id=151645 (<|im_end|>), is_last=False, is_eos=True
Token 2 verification failed, accepting up to this token. is_last: False, is_eos: True, is_mismatch: False
New tokens: ['NO REPLY<|im_end|>']
Total new tokens generated: 4
[Spec] avg_accept=3.00 | tokens=4 | context_len=1580
[Adapter] acc=3/3 (100.0%) | avg_confidence=0.873 | drafted_avg_confidence=0.873 | context_len=1580
\n===== Lossless Check =====
Speculative output: NO REPLY
AR manual output:   NO REPLY
Exact match: True
OK: Outputs match. Speculative decoding is lossless.
Speedup: 1.34x
Speedup_decode: 1.52x
Spec decode tok/s: 43.21
AR decode tok/s:   28.34
 first token :NO

Draft step 0: in_token=tensor([[8996]], device='cuda:4'), in_token_decoded=NO, end_index: 1646
predicted_token: 3596, predict_score: 0.9999841451644897, token :  RE

Draft step 1: in_token=tensor([[3596]], device='cuda:4'), in_token_decoded= RE, end_index: 1647
predicted_token: 24834, predict_score: 0.999990701675415, token : PLY

Draft step 2: in_token=tensor([[24834]], device='cuda:4'), in_token_decoded=PLY, end_index: 1648
predicted_token: 151645, predict_score: 0.6207390427589417, token : <|im_end|>
Verifying token 0: verify_id=3596 ( RE), draft_id=3596 ( RE), is_last=False, is_eos=False
Verifying token 1: verify_id=24834 (PLY), draft_id=24834 (PLY), is_last=False, is_eos=False
Verifying token 2: verify_id=151645 (<|im_end|>), draft_id=151645 (<|im_end|>), is_last=False, is_eos=True
Token 2 verification failed, accepting up to this token. is_last: False, is_eos: True, is_mismatch: False
New tokens: ['NO REPLY<|im_end|>']
Total new tokens generated: 4
[Spec] avg_accept=3.00 | tokens=4 | context_len=1645
[Adapter] acc=3/3 (100.0%) | avg_confidence=0.874 | drafted_avg_confidence=0.874 | context_len=1645
\n===== Lossless Check =====
Speculative output: NO REPLY
AR manual output:   NO REPLY
Exact match: True
OK: Outputs match. Speculative decoding is lossless.
Speedup: 1.34x
Speedup_decode: 1.63x
Spec decode tok/s: 47.18
AR decode tok/s:   28.98
 first token :NO

Draft step 0: in_token=tensor([[8996]], device='cuda:4'), in_token_decoded=NO, end_index: 1711
predicted_token: 3596, predict_score: 0.9999834299087524, token :  RE

Draft step 1: in_token=tensor([[3596]], device='cuda:4'), in_token_decoded= RE, end_index: 1712
predicted_token: 24834, predict_score: 0.9999912977218628, token : PLY

Draft step 2: in_token=tensor([[24834]], device='cuda:4'), in_token_decoded=PLY, end_index: 1713
predicted_token: 151645, predict_score: 0.6165298819541931, token : <|im_end|>
Verifying token 0: verify_id=3596 ( RE), draft_id=3596 ( RE), is_last=False, is_eos=False
Verifying token 1: verify_id=24834 (PLY), draft_id=24834 (PLY), is_last=False, is_eos=False
Verifying token 2: verify_id=151645 (<|im_end|>), draft_id=151645 (<|im_end|>), is_last=False, is_eos=True
Token 2 verification failed, accepting up to this token. is_last: False, is_eos: True, is_mismatch: False
New tokens: ['NO REPLY<|im_end|>']
Total new tokens generated: 4
[Spec] avg_accept=3.00 | tokens=4 | context_len=1710
[Adapter] acc=3/3 (100.0%) | avg_confidence=0.872 | drafted_avg_confidence=0.872 | context_len=1710
\n===== Lossless Check =====
Speculative output: NO REPLY
AR manual output:   NO REPLY
Exact match: True
OK: Outputs match. Speculative decoding is lossless.
Speedup: 1.45x
Speedup_decode: 1.69x
Spec decode tok/s: 46.41
AR decode tok/s:   27.41
 first token :NO

Draft step 0: in_token=tensor([[8996]], device='cuda:4'), in_token_decoded=NO, end_index: 1776
predicted_token: 3596, predict_score: 0.9999853372573853, token :  RE

Draft step 1: in_token=tensor([[3596]], device='cuda:4'), in_token_decoded= RE, end_index: 1777
predicted_token: 24834, predict_score: 0.9999912977218628, token : PLY

Draft step 2: in_token=tensor([[24834]], device='cuda:4'), in_token_decoded=PLY, end_index: 1778
predicted_token: 151645, predict_score: 0.6153753399848938, token : <|im_end|>
Verifying token 0: verify_id=3596 ( RE), draft_id=3596 ( RE), is_last=False, is_eos=False
Verifying token 1: verify_id=24834 (PLY), draft_id=24834 (PLY), is_last=False, is_eos=False
Verifying token 2: verify_id=151645 (<|im_end|>), draft_id=151645 (<|im_end|>), is_last=False, is_eos=True
Token 2 verification failed, accepting up to this token. is_last: False, is_eos: True, is_mismatch: False
New tokens: ['NO REPLY<|im_end|>']
Total new tokens generated: 4
[Spec] avg_accept=3.00 | tokens=4 | context_len=1775
[Adapter] acc=3/3 (100.0%) | avg_confidence=0.872 | drafted_avg_confidence=0.872 | context_len=1775
\n===== Lossless Check =====
Speculative output: NO REPLY
AR manual output:   NO REPLY
Exact match: True
OK: Outputs match. Speculative decoding is lossless.
Speedup: 1.35x
Speedup_decode: 1.64x
Spec decode tok/s: 47.23
AR decode tok/s:   28.85
 first token :NO

Draft step 0: in_token=tensor([[8996]], device='cuda:4'), in_token_decoded=NO, end_index: 1841
predicted_token: 3596, predict_score: 0.9999833106994629, token :  RE

Draft step 1: in_token=tensor([[3596]], device='cuda:4'), in_token_decoded= RE, end_index: 1842
predicted_token: 24834, predict_score: 0.9999914169311523, token : PLY

Draft step 2: in_token=tensor([[24834]], device='cuda:4'), in_token_decoded=PLY, end_index: 1843
predicted_token: 151645, predict_score: 0.6139079928398132, token : <|im_end|>
Verifying token 0: verify_id=3596 ( RE), draft_id=3596 ( RE), is_last=False, is_eos=False
Verifying token 1: verify_id=24834 (PLY), draft_id=24834 (PLY), is_last=False, is_eos=False
Verifying token 2: verify_id=151645 (<|im_end|>), draft_id=151645 (<|im_end|>), is_last=False, is_eos=True
Token 2 verification failed, accepting up to this token. is_last: False, is_eos: True, is_mismatch: False
New tokens: ['NO REPLY<|im_end|>']
Total new tokens generated: 4
[Spec] avg_accept=3.00 | tokens=4 | context_len=1840
[Adapter] acc=3/3 (100.0%) | avg_confidence=0.871 | drafted_avg_confidence=0.871 | context_len=1840
\n===== Lossless Check =====
Speculative output: NO REPLY
AR manual output:   NO REPLY
Exact match: True
OK: Outputs match. Speculative decoding is lossless.
Speedup: 1.41x
Speedup_decode: 1.72x
Spec decode tok/s: 49.72
AR decode tok/s:   28.84
 first token :NO

Draft step 0: in_token=tensor([[8996]], device='cuda:4'), in_token_decoded=NO, end_index: 1906
predicted_token: 3596, predict_score: 0.9999833106994629, token :  RE

Draft step 1: in_token=tensor([[3596]], device='cuda:4'), in_token_decoded= RE, end_index: 1907
predicted_token: 24834, predict_score: 0.9999914169311523, token : PLY

Draft step 2: in_token=tensor([[24834]], device='cuda:4'), in_token_decoded=PLY, end_index: 1908
predicted_token: 151645, predict_score: 0.6165035963058472, token : <|im_end|>
Verifying token 0: verify_id=3596 ( RE), draft_id=3596 ( RE), is_last=False, is_eos=False
Verifying token 1: verify_id=24834 (PLY), draft_id=24834 (PLY), is_last=False, is_eos=False
Verifying token 2: verify_id=151645 (<|im_end|>), draft_id=151645 (<|im_end|>), is_last=False, is_eos=True
Token 2 verification failed, accepting up to this token. is_last: False, is_eos: True, is_mismatch: False
New tokens: ['NO REPLY<|im_end|>']
Total new tokens generated: 4
[Spec] avg_accept=3.00 | tokens=4 | context_len=1905
[Adapter] acc=3/3 (100.0%) | avg_confidence=0.872 | drafted_avg_confidence=0.872 | context_len=1905
\n===== Lossless Check =====
Speculative output: NO REPLY
AR manual output:   NO REPLY
Exact match: True
OK: Outputs match. Speculative decoding is lossless.
Speedup: 1.42x
Speedup_decode: 1.70x
Spec decode tok/s: 48.83
AR decode tok/s:   28.69
 first token :NO

Draft step 0: in_token=tensor([[8996]], device='cuda:4'), in_token_decoded=NO, end_index: 1971
predicted_token: 3596, predict_score: 0.9999853372573853, token :  RE

Draft step 1: in_token=tensor([[3596]], device='cuda:4'), in_token_decoded= RE, end_index: 1972
predicted_token: 24834, predict_score: 0.9999914169311523, token : PLY

Draft step 2: in_token=tensor([[24834]], device='cuda:4'), in_token_decoded=PLY, end_index: 1973
predicted_token: 151645, predict_score: 0.6145753264427185, token : <|im_end|>
Verifying token 0: verify_id=3596 ( RE), draft_id=3596 ( RE), is_last=False, is_eos=False
Verifying token 1: verify_id=24834 (PLY), draft_id=24834 (PLY), is_last=False, is_eos=False
Verifying token 2: verify_id=151645 (<|im_end|>), draft_id=151645 (<|im_end|>), is_last=False, is_eos=True
Token 2 verification failed, accepting up to this token. is_last: False, is_eos: True, is_mismatch: False
New tokens: ['NO REPLY<|im_end|>']
Total new tokens generated: 4
[Spec] avg_accept=3.00 | tokens=4 | context_len=1970
[Adapter] acc=3/3 (100.0%) | avg_confidence=0.872 | drafted_avg_confidence=0.872 | context_len=1970
\n===== Lossless Check =====
Speculative output: NO REPLY
AR manual output:   NO REPLY
Exact match: True
OK: Outputs match. Speculative decoding is lossless.
Speedup: 1.39x
Speedup_decode: 1.63x
Spec decode tok/s: 47.14
AR decode tok/s:   28.91
 first token :NO

Draft step 0: in_token=tensor([[8996]], device='cuda:4'), in_token_decoded=NO, end_index: 2036
predicted_token: 3596, predict_score: 0.9999850988388062, token :  RE

Draft step 1: in_token=tensor([[3596]], device='cuda:4'), in_token_decoded= RE, end_index: 2037
predicted_token: 24834, predict_score: 0.9999914169311523, token : PLY

Draft step 2: in_token=tensor([[24834]], device='cuda:4'), in_token_decoded=PLY, end_index: 2038
predicted_token: 151645, predict_score: 0.6160581111907959, token : <|im_end|>
Verifying token 0: verify_id=3596 ( RE), draft_id=3596 ( RE), is_last=False, is_eos=False
Verifying token 1: verify_id=24834 (PLY), draft_id=24834 (PLY), is_last=False, is_eos=False
Verifying token 2: verify_id=151645 (<|im_end|>), draft_id=151645 (<|im_end|>), is_last=False, is_eos=True
Token 2 verification failed, accepting up to this token. is_last: False, is_eos: True, is_mismatch: False
New tokens: ['NO REPLY<|im_end|>']
Total new tokens generated: 4
[Spec] avg_accept=3.00 | tokens=4 | context_len=2035
[Adapter] acc=3/3 (100.0%) | avg_confidence=0.872 | drafted_avg_confidence=0.872 | context_len=2035
\n===== Lossless Check =====
Speculative output: NO REPLY
AR manual output:   NO REPLY
Exact match: True
OK: Outputs match. Speculative decoding is lossless.
Speedup: 1.24x
Speedup_decode: 1.47x
Spec decode tok/s: 42.66
AR decode tok/s:   29.07
 first token :NO

Draft step 0: in_token=tensor([[8996]], device='cuda:4'), in_token_decoded=NO, end_index: 2101
predicted_token: 3596, predict_score: 0.9999853372573853, token :  RE

Draft step 1: in_token=tensor([[3596]], device='cuda:4'), in_token_decoded= RE, end_index: 2102
predicted_token: 24834, predict_score: 0.9999912977218628, token : PLY

Draft step 2: in_token=tensor([[24834]], device='cuda:4'), in_token_decoded=PLY, end_index: 2103
predicted_token: 151645, predict_score: 0.6164237856864929, token : <|im_end|>
Verifying token 0: verify_id=3596 ( RE), draft_id=3596 ( RE), is_last=False, is_eos=False
Verifying token 1: verify_id=24834 (PLY), draft_id=24834 (PLY), is_last=False, is_eos=False
Verifying token 2: verify_id=151645 (<|im_end|>), draft_id=151645 (<|im_end|>), is_last=False, is_eos=True
Token 2 verification failed, accepting up to this token. is_last: False, is_eos: True, is_mismatch: False
New tokens: ['NO REPLY<|im_end|>']
Total new tokens generated: 4
[Spec] avg_accept=3.00 | tokens=4 | context_len=2100
[Adapter] acc=3/3 (100.0%) | avg_confidence=0.872 | drafted_avg_confidence=0.872 | context_len=2100
\n===== Lossless Check =====
Speculative output: NO REPLY
AR manual output:   NO REPLY
Exact match: True
OK: Outputs match. Speculative decoding is lossless.
Speedup: 1.33x
Speedup_decode: 1.59x
Spec decode tok/s: 47.75
AR decode tok/s:   30.11
 first token :NO

Draft step 0: in_token=tensor([[8996]], device='cuda:4'), in_token_decoded=NO, end_index: 2166
predicted_token: 3596, predict_score: 0.9999853372573853, token :  RE

Draft step 1: in_token=tensor([[3596]], device='cuda:4'), in_token_decoded= RE, end_index: 2167
predicted_token: 24834, predict_score: 0.9999916553497314, token : PLY

Draft step 2: in_token=tensor([[24834]], device='cuda:4'), in_token_decoded=PLY, end_index: 2168
predicted_token: 151645, predict_score: 0.6195647120475769, token : <|im_end|>
Verifying token 0: verify_id=3596 ( RE), draft_id=3596 ( RE), is_last=False, is_eos=False
Verifying token 1: verify_id=24834 (PLY), draft_id=24834 (PLY), is_last=False, is_eos=False
Verifying token 2: verify_id=151645 (<|im_end|>), draft_id=151645 (<|im_end|>), is_last=False, is_eos=True
Token 2 verification failed, accepting up to this token. is_last: False, is_eos: True, is_mismatch: False
New tokens: ['NO REPLY<|im_end|>']
Total new tokens generated: 4
[Spec] avg_accept=3.00 | tokens=4 | context_len=2165
[Adapter] acc=3/3 (100.0%) | avg_confidence=0.873 | drafted_avg_confidence=0.873 | context_len=2165
\n===== Lossless Check =====
Speculative output: NO REPLY
AR manual output:   NO REPLY
Exact match: True
OK: Outputs match. Speculative decoding is lossless.
Speedup: 1.30x
Speedup_decode: 1.50x
Spec decode tok/s: 45.47
AR decode tok/s:   30.40
 first token :NO

Draft step 0: in_token=tensor([[8996]], device='cuda:4'), in_token_decoded=NO, end_index: 2231
predicted_token: 3596, predict_score: 0.9999849796295166, token :  RE

Draft step 1: in_token=tensor([[3596]], device='cuda:4'), in_token_decoded= RE, end_index: 2232
predicted_token: 24834, predict_score: 0.9999914169311523, token : PLY

Draft step 2: in_token=tensor([[24834]], device='cuda:4'), in_token_decoded=PLY, end_index: 2233
predicted_token: 151645, predict_score: 0.6192938089370728, token : <|im_end|>
Verifying token 0: verify_id=3596 ( RE), draft_id=3596 ( RE), is_last=False, is_eos=False
Verifying token 1: verify_id=24834 (PLY), draft_id=24834 (PLY), is_last=False, is_eos=False
Verifying token 2: verify_id=151645 (<|im_end|>), draft_id=151645 (<|im_end|>), is_last=False, is_eos=True
Token 2 verification failed, accepting up to this token. is_last: False, is_eos: True, is_mismatch: False
New tokens: ['NO REPLY<|im_end|>']
Total new tokens generated: 4
[Spec] avg_accept=3.00 | tokens=4 | context_len=2230
[Adapter] acc=3/3 (100.0%) | avg_confidence=0.873 | drafted_avg_confidence=0.873 | context_len=2230
\n===== Lossless Check =====
Speculative output: NO REPLY
AR manual output:   NO REPLY
Exact match: True
OK: Outputs match. Speculative decoding is lossless.
Speedup: 1.35x
Speedup_decode: 1.55x
Spec decode tok/s: 47.17
AR decode tok/s:   30.42
 first token :NO

Draft step 0: in_token=tensor([[8996]], device='cuda:4'), in_token_decoded=NO, end_index: 2296
predicted_token: 3596, predict_score: 0.9999850988388062, token :  RE

Draft step 1: in_token=tensor([[3596]], device='cuda:4'), in_token_decoded= RE, end_index: 2297
predicted_token: 24834, predict_score: 0.999991774559021, token : PLY

Draft step 2: in_token=tensor([[24834]], device='cuda:4'), in_token_decoded=PLY, end_index: 2298
predicted_token: 151645, predict_score: 0.6195783615112305, token : <|im_end|>
Verifying token 0: verify_id=3596 ( RE), draft_id=3596 ( RE), is_last=False, is_eos=False
Verifying token 1: verify_id=24834 (PLY), draft_id=24834 (PLY), is_last=False, is_eos=False
Verifying token 2: verify_id=151645 (<|im_end|>), draft_id=151645 (<|im_end|>), is_last=False, is_eos=True
Token 2 verification failed, accepting up to this token. is_last: False, is_eos: True, is_mismatch: False
New tokens: ['NO REPLY<|im_end|>']
Total new tokens generated: 4
[Spec] avg_accept=3.00 | tokens=4 | context_len=2295
[Adapter] acc=3/3 (100.0%) | avg_confidence=0.873 | drafted_avg_confidence=0.873 | context_len=2295
\n===== Lossless Check =====
Speculative output: NO REPLY
AR manual output:   NO REPLY
Exact match: True
OK: Outputs match. Speculative decoding is lossless.
Speedup: 1.35x
Speedup_decode: 1.50x
Spec decode tok/s: 45.09
AR decode tok/s:   30.07
 first token :NO

Draft step 0: in_token=tensor([[8996]], device='cuda:4'), in_token_decoded=NO, end_index: 2361
predicted_token: 3596, predict_score: 0.9999850988388062, token :  RE

Draft step 1: in_token=tensor([[3596]], device='cuda:4'), in_token_decoded= RE, end_index: 2362
predicted_token: 24834, predict_score: 0.9999914169311523, token : PLY

Draft step 2: in_token=tensor([[24834]], device='cuda:4'), in_token_decoded=PLY, end_index: 2363
predicted_token: 151645, predict_score: 0.6211869120597839, token : <|im_end|>
Verifying token 0: verify_id=3596 ( RE), draft_id=3596 ( RE), is_last=False, is_eos=False
Verifying token 1: verify_id=24834 (PLY), draft_id=24834 (PLY), is_last=False, is_eos=False
Verifying token 2: verify_id=151645 (<|im_end|>), draft_id=151645 (<|im_end|>), is_last=False, is_eos=True
Token 2 verification failed, accepting up to this token. is_last: False, is_eos: True, is_mismatch: False
New tokens: ['NO REPLY<|im_end|>']
Total new tokens generated: 4
[Spec] avg_accept=3.00 | tokens=4 | context_len=2360
[Adapter] acc=3/3 (100.0%) | avg_confidence=0.874 | drafted_avg_confidence=0.874 | context_len=2360
\n===== Lossless Check =====
Speculative output: NO REPLY
AR manual output:   NO REPLY
Exact match: True
OK: Outputs match. Speculative decoding is lossless.
Speedup: 1.36x
Speedup_decode: 1.58x
Spec decode tok/s: 47.21
AR decode tok/s:   29.92
 first token :NO

Draft step 0: in_token=tensor([[8996]], device='cuda:4'), in_token_decoded=NO, end_index: 2426
predicted_token: 3596, predict_score: 0.9999833106994629, token :  RE

Draft step 1: in_token=tensor([[3596]], device='cuda:4'), in_token_decoded= RE, end_index: 2427
predicted_token: 24834, predict_score: 0.9999923706054688, token : PLY

Draft step 2: in_token=tensor([[24834]], device='cuda:4'), in_token_decoded=PLY, end_index: 2428
predicted_token: 151645, predict_score: 0.620358407497406, token : <|im_end|>
Verifying token 0: verify_id=3596 ( RE), draft_id=3596 ( RE), is_last=False, is_eos=False
Verifying token 1: verify_id=24834 (PLY), draft_id=24834 (PLY), is_last=False, is_eos=False
Verifying token 2: verify_id=151645 (<|im_end|>), draft_id=151645 (<|im_end|>), is_last=False, is_eos=True
Token 2 verification failed, accepting up to this token. is_last: False, is_eos: True, is_mismatch: False
New tokens: ['NO REPLY<|im_end|>']
Total new tokens generated: 4
[Spec] avg_accept=3.00 | tokens=4 | context_len=2425
[Adapter] acc=3/3 (100.0%) | avg_confidence=0.873 | drafted_avg_confidence=0.873 | context_len=2425
\n===== Lossless Check =====
Speculative output: NO REPLY
AR manual output:   NO REPLY
Exact match: True
OK: Outputs match. Speculative decoding is lossless.
Speedup: 1.38x
Speedup_decode: 1.56x
Spec decode tok/s: 46.25
AR decode tok/s:   29.65
 first token :NO

Draft step 0: in_token=tensor([[8996]], device='cuda:4'), in_token_decoded=NO, end_index: 2491
predicted_token: 3596, predict_score: 0.9999833106994629, token :  RE

Draft step 1: in_token=tensor([[3596]], device='cuda:4'), in_token_decoded= RE, end_index: 2492
predicted_token: 24834, predict_score: 0.999991774559021, token : PLY

Draft step 2: in_token=tensor([[24834]], device='cuda:4'), in_token_decoded=PLY, end_index: 2493
predicted_token: 151645, predict_score: 0.6229327321052551, token : <|im_end|>
Verifying token 0: verify_id=3596 ( RE), draft_id=3596 ( RE), is_last=False, is_eos=False
Verifying token 1: verify_id=24834 (PLY), draft_id=24834 (PLY), is_last=False, is_eos=False
Verifying token 2: verify_id=151645 (<|im_end|>), draft_id=151645 (<|im_end|>), is_last=False, is_eos=True
Token 2 verification failed, accepting up to this token. is_last: False, is_eos: True, is_mismatch: False
New tokens: ['NO REPLY<|im_end|>']
Total new tokens generated: 4
[Spec] avg_accept=3.00 | tokens=4 | context_len=2490
[Adapter] acc=3/3 (100.0%) | avg_confidence=0.874 | drafted_avg_confidence=0.874 | context_len=2490
\n===== Lossless Check =====
Speculative output: NO REPLY
AR manual output:   NO REPLY
Exact match: True
OK: Outputs match. Speculative decoding is lossless.
Speedup: 1.42x
Speedup_decode: 1.62x
Spec decode tok/s: 46.67
AR decode tok/s:   28.84
 first token :NO

Draft step 0: in_token=tensor([[8996]], device='cuda:4'), in_token_decoded=NO, end_index: 2556
predicted_token: 3596, predict_score: 0.9999833106994629, token :  RE

Draft step 1: in_token=tensor([[3596]], device='cuda:4'), in_token_decoded= RE, end_index: 2557
predicted_token: 24834, predict_score: 0.999991774559021, token : PLY

Draft step 2: in_token=tensor([[24834]], device='cuda:4'), in_token_decoded=PLY, end_index: 2558
predicted_token: 151645, predict_score: 0.6211560368537903, token : <|im_end|>
Verifying token 0: verify_id=3596 ( RE), draft_id=3596 ( RE), is_last=False, is_eos=False
Verifying token 1: verify_id=24834 (PLY), draft_id=24834 (PLY), is_last=False, is_eos=False
Verifying token 2: verify_id=151645 (<|im_end|>), draft_id=151645 (<|im_end|>), is_last=False, is_eos=True
Token 2 verification failed, accepting up to this token. is_last: False, is_eos: True, is_mismatch: False
New tokens: ['NO REPLY<|im_end|>']
Total new tokens generated: 4
[Spec] avg_accept=3.00 | tokens=4 | context_len=2555
[Adapter] acc=3/3 (100.0%) | avg_confidence=0.874 | drafted_avg_confidence=0.874 | context_len=2555
\n===== Lossless Check =====
Speculative output: NO REPLY
AR manual output:   NO REPLY
Exact match: True
OK: Outputs match. Speculative decoding is lossless.
Speedup: 1.35x
Speedup_decode: 1.46x
Spec decode tok/s: 45.84
AR decode tok/s:   31.32
 first token :NO

Draft step 0: in_token=tensor([[8996]], device='cuda:4'), in_token_decoded=NO, end_index: 2621
predicted_token: 3596, predict_score: 0.9999833106994629, token :  RE

Draft step 1: in_token=tensor([[3596]], device='cuda:4'), in_token_decoded= RE, end_index: 2622
predicted_token: 24834, predict_score: 0.9999916553497314, token : PLY

Draft step 2: in_token=tensor([[24834]], device='cuda:4'), in_token_decoded=PLY, end_index: 2623
predicted_token: 151645, predict_score: 0.6206566691398621, token : <|im_end|>
Verifying token 0: verify_id=3596 ( RE), draft_id=3596 ( RE), is_last=False, is_eos=False
Verifying token 1: verify_id=24834 (PLY), draft_id=24834 (PLY), is_last=False, is_eos=False
Verifying token 2: verify_id=151645 (<|im_end|>), draft_id=151645 (<|im_end|>), is_last=False, is_eos=True
Token 2 verification failed, accepting up to this token. is_last: False, is_eos: True, is_mismatch: False
New tokens: ['NO REPLY<|im_end|>']
Total new tokens generated: 4
[Spec] avg_accept=3.00 | tokens=4 | context_len=2620
[Adapter] acc=3/3 (100.0%) | avg_confidence=0.874 | drafted_avg_confidence=0.874 | context_len=2620
\n===== Lossless Check =====
Speculative output: NO REPLY
AR manual output:   NO REPLY
Exact match: True
OK: Outputs match. Speculative decoding is lossless.
Speedup: 1.31x
Speedup_decode: 1.49x
Spec decode tok/s: 44.72
AR decode tok/s:   30.08
 first token :NO

Draft step 0: in_token=tensor([[8996]], device='cuda:4'), in_token_decoded=NO, end_index: 2686
predicted_token: 3596, predict_score: 0.9999833106994629, token :  RE

Draft step 1: in_token=tensor([[3596]], device='cuda:4'), in_token_decoded= RE, end_index: 2687
predicted_token: 24834, predict_score: 0.9999916553497314, token : PLY

Draft step 2: in_token=tensor([[24834]], device='cuda:4'), in_token_decoded=PLY, end_index: 2688
predicted_token: 151645, predict_score: 0.6221806406974792, token : <|im_end|>
Verifying token 0: verify_id=3596 ( RE), draft_id=3596 ( RE), is_last=False, is_eos=False
Verifying token 1: verify_id=24834 (PLY), draft_id=24834 (PLY), is_last=False, is_eos=False
Verifying token 2: verify_id=151645 (<|im_end|>), draft_id=151645 (<|im_end|>), is_last=False, is_eos=True
Token 2 verification failed, accepting up to this token. is_last: False, is_eos: True, is_mismatch: False
New tokens: ['NO REPLY<|im_end|>']
Total new tokens generated: 4
[Spec] avg_accept=3.00 | tokens=4 | context_len=2685
[Adapter] acc=3/3 (100.0%) | avg_confidence=0.874 | drafted_avg_confidence=0.874 | context_len=2685
\n===== Lossless Check =====
Speculative output: NO REPLY
AR manual output:   NO REPLY
Exact match: True
OK: Outputs match. Speculative decoding is lossless.
Speedup: 1.32x
Speedup_decode: 1.40x
Spec decode tok/s: 42.92
AR decode tok/s:   30.69
 first token :NO

Draft step 0: in_token=tensor([[8996]], device='cuda:4'), in_token_decoded=NO, end_index: 2751
predicted_token: 3596, predict_score: 0.9999833106994629, token :  RE

Draft step 1: in_token=tensor([[3596]], device='cuda:4'), in_token_decoded= RE, end_index: 2752
predicted_token: 24834, predict_score: 0.9999916553497314, token : PLY

Draft step 2: in_token=tensor([[24834]], device='cuda:4'), in_token_decoded=PLY, end_index: 2753
predicted_token: 151645, predict_score: 0.6231473684310913, token : <|im_end|>
Verifying token 0: verify_id=3596 ( RE), draft_id=3596 ( RE), is_last=False, is_eos=False
Verifying token 1: verify_id=24834 (PLY), draft_id=24834 (PLY), is_last=False, is_eos=False
Verifying token 2: verify_id=151645 (<|im_end|>), draft_id=151645 (<|im_end|>), is_last=False, is_eos=True
Token 2 verification failed, accepting up to this token. is_last: False, is_eos: True, is_mismatch: False
New tokens: ['NO REPLY<|im_end|>']
Total new tokens generated: 4
[Spec] avg_accept=3.00 | tokens=4 | context_len=2750
[Adapter] acc=3/3 (100.0%) | avg_confidence=0.874 | drafted_avg_confidence=0.874 | context_len=2750
\n===== Lossless Check =====
Speculative output: NO REPLY
AR manual output:   NO REPLY
Exact match: True
OK: Outputs match. Speculative decoding is lossless.
Speedup: 1.43x
Speedup_decode: 1.60x
Spec decode tok/s: 47.08
AR decode tok/s:   29.39
 first token :NO

Draft step 0: in_token=tensor([[8996]], device='cuda:4'), in_token_decoded=NO, end_index: 2816
predicted_token: 3596, predict_score: 0.9999833106994629, token :  RE

Draft step 1: in_token=tensor([[3596]], device='cuda:4'), in_token_decoded= RE, end_index: 2817
predicted_token: 24834, predict_score: 0.9999916553497314, token : PLY

Draft step 2: in_token=tensor([[24834]], device='cuda:4'), in_token_decoded=PLY, end_index: 2818
predicted_token: 151645, predict_score: 0.6223865747451782, token : <|im_end|>
Verifying token 0: verify_id=3596 ( RE), draft_id=3596 ( RE), is_last=False, is_eos=False
Verifying token 1: verify_id=24834 (PLY), draft_id=24834 (PLY), is_last=False, is_eos=False
Verifying token 2: verify_id=151645 (<|im_end|>), draft_id=151645 (<|im_end|>), is_last=False, is_eos=True
Token 2 verification failed, accepting up to this token. is_last: False, is_eos: True, is_mismatch: False
New tokens: ['NO REPLY<|im_end|>']
Total new tokens generated: 4
[Spec] avg_accept=3.00 | tokens=4 | context_len=2815
[Adapter] acc=3/3 (100.0%) | avg_confidence=0.874 | drafted_avg_confidence=0.874 | context_len=2815
\n===== Lossless Check =====
Speculative output: NO REPLY
AR manual output:   NO REPLY
Exact match: True
OK: Outputs match. Speculative decoding is lossless.
Speedup: 1.33x
Speedup_decode: 1.45x
Spec decode tok/s: 43.33
AR decode tok/s:   29.88
 first token :NO

Draft step 0: in_token=tensor([[8996]], device='cuda:4'), in_token_decoded=NO, end_index: 2881
predicted_token: 3596, predict_score: 0.9999833106994629, token :  RE

Draft step 1: in_token=tensor([[3596]], device='cuda:4'), in_token_decoded= RE, end_index: 2882
predicted_token: 24834, predict_score: 0.9999924898147583, token : PLY

Draft step 2: in_token=tensor([[24834]], device='cuda:4'), in_token_decoded=PLY, end_index: 2883
predicted_token: 151645, predict_score: 0.6202738285064697, token : <|im_end|>
Verifying token 0: verify_id=3596 ( RE), draft_id=3596 ( RE), is_last=False, is_eos=False
Verifying token 1: verify_id=24834 (PLY), draft_id=24834 (PLY), is_last=False, is_eos=False
Verifying token 2: verify_id=151645 (<|im_end|>), draft_id=151645 (<|im_end|>), is_last=False, is_eos=True
Token 2 verification failed, accepting up to this token. is_last: False, is_eos: True, is_mismatch: False
New tokens: ['NO REPLY<|im_end|>']
Total new tokens generated: 4
[Spec] avg_accept=3.00 | tokens=4 | context_len=2880
[Adapter] acc=3/3 (100.0%) | avg_confidence=0.873 | drafted_avg_confidence=0.873 | context_len=2880
\n===== Lossless Check =====
Speculative output: NO REPLY
AR manual output:   NO REPLY
Exact match: True
OK: Outputs match. Speculative decoding is lossless.
Speedup: 1.33x
Speedup_decode: 1.50x
Spec decode tok/s: 45.48
AR decode tok/s:   30.27
 first token :NO

Draft step 0: in_token=tensor([[8996]], device='cuda:4'), in_token_decoded=NO, end_index: 2946
predicted_token: 3596, predict_score: 0.9999834299087524, token :  RE

Draft step 1: in_token=tensor([[3596]], device='cuda:4'), in_token_decoded= RE, end_index: 2947
predicted_token: 24834, predict_score: 0.9999918937683105, token : PLY

Draft step 2: in_token=tensor([[24834]], device='cuda:4'), in_token_decoded=PLY, end_index: 2948
predicted_token: 151645, predict_score: 0.6230407357215881, token : <|im_end|>
Verifying token 0: verify_id=3596 ( RE), draft_id=3596 ( RE), is_last=False, is_eos=False
Verifying token 1: verify_id=24834 (PLY), draft_id=24834 (PLY), is_last=False, is_eos=False
Verifying token 2: verify_id=151645 (<|im_end|>), draft_id=151645 (<|im_end|>), is_last=False, is_eos=True
Token 2 verification failed, accepting up to this token. is_last: False, is_eos: True, is_mismatch: False
New tokens: ['NO REPLY<|im_end|>']
Total new tokens generated: 4
[Spec] avg_accept=3.00 | tokens=4 | context_len=2945
[Adapter] acc=3/3 (100.0%) | avg_confidence=0.874 | drafted_avg_confidence=0.874 | context_len=2945
\n===== Lossless Check =====
Speculative output: NO REPLY
AR manual output:   NO REPLY
Exact match: True
OK: Outputs match. Speculative decoding is lossless.
Speedup: 1.32x
Speedup_decode: 1.41x
Spec decode tok/s: 43.63
AR decode tok/s:   30.92
 first token :NO

Draft step 0: in_token=tensor([[8996]], device='cuda:4'), in_token_decoded=NO, end_index: 3011
predicted_token: 3596, predict_score: 0.9999833106994629, token :  RE

Draft step 1: in_token=tensor([[3596]], device='cuda:4'), in_token_decoded= RE, end_index: 3012
predicted_token: 24834, predict_score: 0.9999916553497314, token : PLY

Draft step 2: in_token=tensor([[24834]], device='cuda:4'), in_token_decoded=PLY, end_index: 3013
predicted_token: 151645, predict_score: 0.6228794455528259, token : <|im_end|>
Verifying token 0: verify_id=3596 ( RE), draft_id=3596 ( RE), is_last=False, is_eos=False
Verifying token 1: verify_id=24834 (PLY), draft_id=24834 (PLY), is_last=False, is_eos=False
Verifying token 2: verify_id=151645 (<|im_end|>), draft_id=151645 (<|im_end|>), is_last=False, is_eos=True
Token 2 verification failed, accepting up to this token. is_last: False, is_eos: True, is_mismatch: False
New tokens: ['NO REPLY<|im_end|>']
Total new tokens generated: 4
[Spec] avg_accept=3.00 | tokens=4 | context_len=3010
[Adapter] acc=3/3 (100.0%) | avg_confidence=0.874 | drafted_avg_confidence=0.874 | context_len=3010
\n===== Lossless Check =====
Speculative output: NO REPLY
AR manual output:   NO REPLY
Exact match: True
OK: Outputs match. Speculative decoding is lossless.
Speedup: 1.37x
Speedup_decode: 1.48x
Spec decode tok/s: 45.07
AR decode tok/s:   30.55
 first token :NO

Draft step 0: in_token=tensor([[8996]], device='cuda:4'), in_token_decoded=NO, end_index: 3076
predicted_token: 3596, predict_score: 0.9999833106994629, token :  RE

Draft step 1: in_token=tensor([[3596]], device='cuda:4'), in_token_decoded= RE, end_index: 3077
predicted_token: 24834, predict_score: 0.9999918937683105, token : PLY

Draft step 2: in_token=tensor([[24834]], device='cuda:4'), in_token_decoded=PLY, end_index: 3078
predicted_token: 151645, predict_score: 0.6208974719047546, token : <|im_end|>
Verifying token 0: verify_id=3596 ( RE), draft_id=3596 ( RE), is_last=False, is_eos=False
Verifying token 1: verify_id=24834 (PLY), draft_id=24834 (PLY), is_last=False, is_eos=False
Verifying token 2: verify_id=151645 (<|im_end|>), draft_id=151645 (<|im_end|>), is_last=False, is_eos=True
Token 2 verification failed, accepting up to this token. is_last: False, is_eos: True, is_mismatch: False
New tokens: ['NO REPLY<|im_end|>']
Total new tokens generated: 4
[Spec] avg_accept=3.00 | tokens=4 | context_len=3075
[Adapter] acc=3/3 (100.0%) | avg_confidence=0.874 | drafted_avg_confidence=0.874 | context_len=3075
\n===== Lossless Check =====
Speculative output: NO REPLY
AR manual output:   NO REPLY
Exact match: True
OK: Outputs match. Speculative decoding is lossless.
Speedup: 1.44x
Speedup_decode: 1.44x
Spec decode tok/s: 40.71
AR decode tok/s:   28.35
 first token :NO

Draft step 0: in_token=tensor([[8996]], device='cuda:4'), in_token_decoded=NO, end_index: 3141
predicted_token: 3596, predict_score: 0.9999833106994629, token :  RE

Draft step 1: in_token=tensor([[3596]], device='cuda:4'), in_token_decoded= RE, end_index: 3142
predicted_token: 24834, predict_score: 0.9999918937683105, token : PLY

Draft step 2: in_token=tensor([[24834]], device='cuda:4'), in_token_decoded=PLY, end_index: 3143
predicted_token: 151645, predict_score: 0.62077397108078, token : <|im_end|>
Verifying token 0: verify_id=3596 ( RE), draft_id=3596 ( RE), is_last=False, is_eos=False
Verifying token 1: verify_id=24834 (PLY), draft_id=24834 (PLY), is_last=False, is_eos=False
Verifying token 2: verify_id=151645 (<|im_end|>), draft_id=151645 (<|im_end|>), is_last=False, is_eos=True
Token 2 verification failed, accepting up to this token. is_last: False, is_eos: True, is_mismatch: False
New tokens: ['NO REPLY<|im_end|>']
Total new tokens generated: 4
[Spec] avg_accept=3.00 | tokens=4 | context_len=3140
[Adapter] acc=3/3 (100.0%) | avg_confidence=0.874 | drafted_avg_confidence=0.874 | context_len=3140
\n===== Lossless Check =====
Speculative output: NO REPLY
AR manual output:   NO REPLY
Exact match: True
OK: Outputs match. Speculative decoding is lossless.
Speedup: 1.37x
Speedup_decode: 1.45x
Spec decode tok/s: 41.47
AR decode tok/s:   28.56
 first token :NO

Draft step 0: in_token=tensor([[8996]], device='cuda:4'), in_token_decoded=NO, end_index: 3206
predicted_token: 3596, predict_score: 0.9999833106994629, token :  RE

Draft step 1: in_token=tensor([[3596]], device='cuda:4'), in_token_decoded= RE, end_index: 3207
predicted_token: 24834, predict_score: 0.9999918937683105, token : PLY

Draft step 2: in_token=tensor([[24834]], device='cuda:4'), in_token_decoded=PLY, end_index: 3208
predicted_token: 151645, predict_score: 0.6177960634231567, token : <|im_end|>
Verifying token 0: verify_id=3596 ( RE), draft_id=3596 ( RE), is_last=False, is_eos=False
Verifying token 1: verify_id=24834 (PLY), draft_id=24834 (PLY), is_last=False, is_eos=False
Verifying token 2: verify_id=151645 (<|im_end|>), draft_id=151645 (<|im_end|>), is_last=False, is_eos=True
Token 2 verification failed, accepting up to this token. is_last: False, is_eos: True, is_mismatch: False
New tokens: ['NO REPLY<|im_end|>']
Total new tokens generated: 4
[Spec] avg_accept=3.00 | tokens=4 | context_len=3205
[Adapter] acc=3/3 (100.0%) | avg_confidence=0.873 | drafted_avg_confidence=0.873 | context_len=3205
\n===== Lossless Check =====
Speculative output: NO REPLY
AR manual output:   NO REPLY
Exact match: True
OK: Outputs match. Speculative decoding is lossless.
Speedup: 1.34x
Speedup_decode: 1.22x
Spec decode tok/s: 37.74
AR decode tok/s:   30.89
 first token :NO

Draft step 0: in_token=tensor([[8996]], device='cuda:4'), in_token_decoded=NO, end_index: 3271
predicted_token: 3596, predict_score: 0.9999849796295166, token :  RE

Draft step 1: in_token=tensor([[3596]], device='cuda:4'), in_token_decoded= RE, end_index: 3272
predicted_token: 24834, predict_score: 0.9999918937683105, token : PLY

Draft step 2: in_token=tensor([[24834]], device='cuda:4'), in_token_decoded=PLY, end_index: 3273
predicted_token: 151645, predict_score: 0.6197202205657959, token : <|im_end|>
Verifying token 0: verify_id=3596 ( RE), draft_id=3596 ( RE), is_last=False, is_eos=False
Verifying token 1: verify_id=24834 (PLY), draft_id=24834 (PLY), is_last=False, is_eos=False
Verifying token 2: verify_id=151645 (<|im_end|>), draft_id=151645 (<|im_end|>), is_last=False, is_eos=True
Token 2 verification failed, accepting up to this token. is_last: False, is_eos: True, is_mismatch: False
New tokens: ['NO REPLY<|im_end|>']
Total new tokens generated: 4
[Spec] avg_accept=3.00 | tokens=4 | context_len=3270
[Adapter] acc=3/3 (100.0%) | avg_confidence=0.873 | drafted_avg_confidence=0.873 | context_len=3270
\n===== Lossless Check =====
Speculative output: NO REPLY
AR manual output:   NO REPLY
Exact match: True
OK: Outputs match. Speculative decoding is lossless.
Speedup: 1.40x
Speedup_decode: 1.48x
Spec decode tok/s: 44.08
AR decode tok/s:   29.75
 first token :NO

Draft step 0: in_token=tensor([[8996]], device='cuda:4'), in_token_decoded=NO, end_index: 3336
predicted_token: 3596, predict_score: 0.9999850988388062, token :  RE

Draft step 1: in_token=tensor([[3596]], device='cuda:4'), in_token_decoded= RE, end_index: 3337
predicted_token: 24834, predict_score: 0.9999918937683105, token : PLY

Draft step 2: in_token=tensor([[24834]], device='cuda:4'), in_token_decoded=PLY, end_index: 3338
predicted_token: 151645, predict_score: 0.6261933445930481, token : <|im_end|>
Verifying token 0: verify_id=3596 ( RE), draft_id=3596 ( RE), is_last=False, is_eos=False
Verifying token 1: verify_id=24834 (PLY), draft_id=24834 (PLY), is_last=False, is_eos=False
Verifying token 2: verify_id=151645 (<|im_end|>), draft_id=151645 (<|im_end|>), is_last=False, is_eos=True
Token 2 verification failed, accepting up to this token. is_last: False, is_eos: True, is_mismatch: False
New tokens: ['NO REPLY<|im_end|>']
Total new tokens generated: 4
[Spec] avg_accept=3.00 | tokens=4 | context_len=3335
[Adapter] acc=3/3 (100.0%) | avg_confidence=0.875 | drafted_avg_confidence=0.875 | context_len=3335
\n===== Lossless Check =====
Speculative output: NO REPLY
AR manual output:   NO REPLY
Exact match: True
OK: Outputs match. Speculative decoding is lossless.
Speedup: 1.55x
Speedup_decode: 0.92x
Spec decode tok/s: 27.94
AR decode tok/s:   30.24
 first token :NO

Draft step 0: in_token=tensor([[8996]], device='cuda:4'), in_token_decoded=NO, end_index: 3401
predicted_token: 3596, predict_score: 0.9999833106994629, token :  RE

Draft step 1: in_token=tensor([[3596]], device='cuda:4'), in_token_decoded= RE, end_index: 3402
predicted_token: 24834, predict_score: 0.9999918937683105, token : PLY

Draft step 2: in_token=tensor([[24834]], device='cuda:4'), in_token_decoded=PLY, end_index: 3403
predicted_token: 151645, predict_score: 0.6232011914253235, token : <|im_end|>
Verifying token 0: verify_id=3596 ( RE), draft_id=3596 ( RE), is_last=False, is_eos=False
Verifying token 1: verify_id=24834 (PLY), draft_id=24834 (PLY), is_last=False, is_eos=False
Verifying token 2: verify_id=151645 (<|im_end|>), draft_id=151645 (<|im_end|>), is_last=False, is_eos=True
Token 2 verification failed, accepting up to this token. is_last: False, is_eos: True, is_mismatch: False
New tokens: ['NO REPLY<|im_end|>']
Total new tokens generated: 4
[Spec] avg_accept=3.00 | tokens=4 | context_len=3400
[Adapter] acc=3/3 (100.0%) | avg_confidence=0.874 | drafted_avg_confidence=0.874 | context_len=3400
\n===== Lossless Check =====
Speculative output: NO REPLY
AR manual output:   NO REPLY
Exact match: True
OK: Outputs match. Speculative decoding is lossless.
Speedup: 1.39x
Speedup_decode: 1.48x
Spec decode tok/s: 44.34
AR decode tok/s:   30.03
 first token :NO

Draft step 0: in_token=tensor([[8996]], device='cuda:4'), in_token_decoded=NO, end_index: 3466
predicted_token: 3596, predict_score: 0.9999853372573853, token :  RE

Draft step 1: in_token=tensor([[3596]], device='cuda:4'), in_token_decoded= RE, end_index: 3467
predicted_token: 24834, predict_score: 0.9999918937683105, token : PLY

Draft step 2: in_token=tensor([[24834]], device='cuda:4'), in_token_decoded=PLY, end_index: 3468
predicted_token: 151645, predict_score: 0.6237273812294006, token : <|im_end|>
Verifying token 0: verify_id=3596 ( RE), draft_id=3596 ( RE), is_last=False, is_eos=False
Verifying token 1: verify_id=24834 (PLY), draft_id=24834 (PLY), is_last=False, is_eos=False
Verifying token 2: verify_id=151645 (<|im_end|>), draft_id=151645 (<|im_end|>), is_last=False, is_eos=True
Token 2 verification failed, accepting up to this token. is_last: False, is_eos: True, is_mismatch: False
New tokens: ['NO REPLY<|im_end|>']
Total new tokens generated: 4
[Spec] avg_accept=3.00 | tokens=4 | context_len=3465
[Adapter] acc=3/3 (100.0%) | avg_confidence=0.875 | drafted_avg_confidence=0.875 | context_len=3465
\n===== Lossless Check =====
Speculative output: NO REPLY
AR manual output:   NO REPLY
Exact match: True
OK: Outputs match. Speculative decoding is lossless.
Speedup: 1.32x
Speedup_decode: 1.30x
Spec decode tok/s: 39.17
AR decode tok/s:   30.08
 first token :NO

Draft step 0: in_token=tensor([[8996]], device='cuda:4'), in_token_decoded=NO, end_index: 3531
predicted_token: 3596, predict_score: 0.9999833106994629, token :  RE

Draft step 1: in_token=tensor([[3596]], device='cuda:4'), in_token_decoded= RE, end_index: 3532
predicted_token: 24834, predict_score: 0.9999921321868896, token : PLY

Draft step 2: in_token=tensor([[24834]], device='cuda:4'), in_token_decoded=PLY, end_index: 3533
predicted_token: 151645, predict_score: 0.6246500015258789, token : <|im_end|>
Verifying token 0: verify_id=3596 ( RE), draft_id=3596 ( RE), is_last=False, is_eos=False
Verifying token 1: verify_id=24834 (PLY), draft_id=24834 (PLY), is_last=False, is_eos=False
Verifying token 2: verify_id=151645 (<|im_end|>), draft_id=151645 (<|im_end|>), is_last=False, is_eos=True
Token 2 verification failed, accepting up to this token. is_last: False, is_eos: True, is_mismatch: False
New tokens: ['NO REPLY<|im_end|>']
Total new tokens generated: 4
[Spec] avg_accept=3.00 | tokens=4 | context_len=3530
[Adapter] acc=3/3 (100.0%) | avg_confidence=0.875 | drafted_avg_confidence=0.875 | context_len=3530
\n===== Lossless Check =====
Speculative output: NO REPLY
AR manual output:   NO REPLY
Exact match: True
OK: Outputs match. Speculative decoding is lossless.
Speedup: 1.26x
Speedup_decode: 1.31x
Spec decode tok/s: 40.51
AR decode tok/s:   30.95
 first token :NO

Draft step 0: in_token=tensor([[8996]], device='cuda:4'), in_token_decoded=NO, end_index: 3596
predicted_token: 3596, predict_score: 0.9999828338623047, token :  RE

Draft step 1: in_token=tensor([[3596]], device='cuda:4'), in_token_decoded= RE, end_index: 3597
predicted_token: 24834, predict_score: 0.9999918937683105, token : PLY

Draft step 2: in_token=tensor([[24834]], device='cuda:4'), in_token_decoded=PLY, end_index: 3598
predicted_token: 151645, predict_score: 0.6228620409965515, token : <|im_end|>
Verifying token 0: verify_id=3596 ( RE), draft_id=3596 ( RE), is_last=False, is_eos=False
Verifying token 1: verify_id=24834 (PLY), draft_id=24834 (PLY), is_last=False, is_eos=False
Verifying token 2: verify_id=151645 (<|im_end|>), draft_id=151645 (<|im_end|>), is_last=False, is_eos=True
Token 2 verification failed, accepting up to this token. is_last: False, is_eos: True, is_mismatch: False
New tokens: ['NO REPLY<|im_end|>']
Total new tokens generated: 4
[Spec] avg_accept=3.00 | tokens=4 | context_len=3595
[Adapter] acc=3/3 (100.0%) | avg_confidence=0.874 | drafted_avg_confidence=0.874 | context_len=3595
\n===== Lossless Check =====
Speculative output: NO REPLY
AR manual output:   NO REPLY
Exact match: True
OK: Outputs match. Speculative decoding is lossless.
Speedup: 1.34x
Speedup_decode: 1.31x
Spec decode tok/s: 39.58
AR decode tok/s:   30.16
 first token :NO

Draft step 0: in_token=tensor([[8996]], device='cuda:4'), in_token_decoded=NO, end_index: 3661
predicted_token: 3596, predict_score: 0.9999831914901733, token :  RE

Draft step 1: in_token=tensor([[3596]], device='cuda:4'), in_token_decoded= RE, end_index: 3662
predicted_token: 24834, predict_score: 0.9999921321868896, token : PLY

Draft step 2: in_token=tensor([[24834]], device='cuda:4'), in_token_decoded=PLY, end_index: 3663
predicted_token: 151645, predict_score: 0.6258931756019592, token : <|im_end|>
Verifying token 0: verify_id=3596 ( RE), draft_id=3596 ( RE), is_last=False, is_eos=False
Verifying token 1: verify_id=24834 (PLY), draft_id=24834 (PLY), is_last=False, is_eos=False
Verifying token 2: verify_id=151645 (<|im_end|>), draft_id=151645 (<|im_end|>), is_last=False, is_eos=True
Token 2 verification failed, accepting up to this token. is_last: False, is_eos: True, is_mismatch: False
New tokens: ['NO REPLY<|im_end|>']
Total new tokens generated: 4
[Spec] avg_accept=3.00 | tokens=4 | context_len=3660
[Adapter] acc=3/3 (100.0%) | avg_confidence=0.875 | drafted_avg_confidence=0.875 | context_len=3660
\n===== Lossless Check =====
Speculative output: NO REPLY
AR manual output:   NO REPLY
Exact match: True
OK: Outputs match. Speculative decoding is lossless.
Speedup: 1.38x
Speedup_decode: 1.40x
Spec decode tok/s: 42.38
AR decode tok/s:   30.28
 first token :NO

Draft step 0: in_token=tensor([[8996]], device='cuda:4'), in_token_decoded=NO, end_index: 3726
predicted_token: 3596, predict_score: 0.9999828338623047, token :  RE

Draft step 1: in_token=tensor([[3596]], device='cuda:4'), in_token_decoded= RE, end_index: 3727
predicted_token: 24834, predict_score: 0.9999918937683105, token : PLY

Draft step 2: in_token=tensor([[24834]], device='cuda:4'), in_token_decoded=PLY, end_index: 3728
predicted_token: 151645, predict_score: 0.626688539981842, token : <|im_end|>
Verifying token 0: verify_id=3596 ( RE), draft_id=3596 ( RE), is_last=False, is_eos=False
Verifying token 1: verify_id=24834 (PLY), draft_id=24834 (PLY), is_last=False, is_eos=False
Verifying token 2: verify_id=151645 (<|im_end|>), draft_id=151645 (<|im_end|>), is_last=False, is_eos=True
Token 2 verification failed, accepting up to this token. is_last: False, is_eos: True, is_mismatch: False
New tokens: ['NO REPLY<|im_end|>']
Total new tokens generated: 4
[Spec] avg_accept=3.00 | tokens=4 | context_len=3725
[Adapter] acc=3/3 (100.0%) | avg_confidence=0.876 | drafted_avg_confidence=0.876 | context_len=3725
\n===== Lossless Check =====
Speculative output: NO REPLY
AR manual output:   NO REPLY
Exact match: True
OK: Outputs match. Speculative decoding is lossless.
Speedup: 1.35x
Speedup_decode: 1.31x
Spec decode tok/s: 38.81
AR decode tok/s:   29.56
 first token :NO

Draft step 0: in_token=tensor([[8996]], device='cuda:4'), in_token_decoded=NO, end_index: 3791
predicted_token: 3596, predict_score: 0.9999833106994629, token :  RE

Draft step 1: in_token=tensor([[3596]], device='cuda:4'), in_token_decoded= RE, end_index: 3792
predicted_token: 24834, predict_score: 0.9999918937683105, token : PLY

Draft step 2: in_token=tensor([[24834]], device='cuda:4'), in_token_decoded=PLY, end_index: 3793
predicted_token: 151645, predict_score: 0.6123687624931335, token : <|im_end|>
Verifying token 0: verify_id=3596 ( RE), draft_id=3596 ( RE), is_last=False, is_eos=False
Verifying token 1: verify_id=24834 (PLY), draft_id=24834 (PLY), is_last=False, is_eos=False
Verifying token 2: verify_id=151645 (<|im_end|>), draft_id=151645 (<|im_end|>), is_last=False, is_eos=True
Token 2 verification failed, accepting up to this token. is_last: False, is_eos: True, is_mismatch: False
New tokens: ['NO REPLY<|im_end|>']
Total new tokens generated: 4
[Spec] avg_accept=3.00 | tokens=4 | context_len=3790
[Adapter] acc=3/3 (100.0%) | avg_confidence=0.871 | drafted_avg_confidence=0.871 | context_len=3790
\n===== Lossless Check =====
Speculative output: NO REPLY
AR manual output:   NO REPLY
Exact match: True
OK: Outputs match. Speculative decoding is lossless.
Speedup: 1.33x
Speedup_decode: 1.31x
Spec decode tok/s: 39.34
AR decode tok/s:   30.02
 first token :NO

Draft step 0: in_token=tensor([[8996]], device='cuda:4'), in_token_decoded=NO, end_index: 3856
predicted_token: 3596, predict_score: 0.9999829530715942, token :  RE

Draft step 1: in_token=tensor([[3596]], device='cuda:4'), in_token_decoded= RE, end_index: 3857
predicted_token: 24834, predict_score: 0.9999921321868896, token : PLY

Draft step 2: in_token=tensor([[24834]], device='cuda:4'), in_token_decoded=PLY, end_index: 3858
predicted_token: 151645, predict_score: 0.6262803673744202, token : <|im_end|>
Verifying token 0: verify_id=3596 ( RE), draft_id=3596 ( RE), is_last=False, is_eos=False
Verifying token 1: verify_id=24834 (PLY), draft_id=24834 (PLY), is_last=False, is_eos=False
Verifying token 2: verify_id=151645 (<|im_end|>), draft_id=151645 (<|im_end|>), is_last=False, is_eos=True
Token 2 verification failed, accepting up to this token. is_last: False, is_eos: True, is_mismatch: False
New tokens: ['NO REPLY<|im_end|>']
Total new tokens generated: 4
[Spec] avg_accept=3.00 | tokens=4 | context_len=3855
[Adapter] acc=3/3 (100.0%) | avg_confidence=0.875 | drafted_avg_confidence=0.875 | context_len=3855
\n===== Lossless Check =====
Speculative output: NO REPLY
AR manual output:   NO REPLY
Exact match: True
OK: Outputs match. Speculative decoding is lossless.
Speedup: 1.30x
Speedup_decode: 1.20x
Spec decode tok/s: 35.46
AR decode tok/s:   29.66
 first token :NO

Draft step 0: in_token=tensor([[8996]], device='cuda:4'), in_token_decoded=NO, end_index: 3921
predicted_token: 3596, predict_score: 0.9999833106994629, token :  RE

Draft step 1: in_token=tensor([[3596]], device='cuda:4'), in_token_decoded= RE, end_index: 3922
predicted_token: 24834, predict_score: 0.9999921321868896, token : PLY

Draft step 2: in_token=tensor([[24834]], device='cuda:4'), in_token_decoded=PLY, end_index: 3923
predicted_token: 151645, predict_score: 0.6267012357711792, token : <|im_end|>
Verifying token 0: verify_id=3596 ( RE), draft_id=3596 ( RE), is_last=False, is_eos=False
Verifying token 1: verify_id=24834 (PLY), draft_id=24834 (PLY), is_last=False, is_eos=False
Verifying token 2: verify_id=151645 (<|im_end|>), draft_id=151645 (<|im_end|>), is_last=False, is_eos=True
Token 2 verification failed, accepting up to this token. is_last: False, is_eos: True, is_mismatch: False
New tokens: ['NO REPLY<|im_end|>']
Total new tokens generated: 4
[Spec] avg_accept=3.00 | tokens=4 | context_len=3920
[Adapter] acc=3/3 (100.0%) | avg_confidence=0.876 | drafted_avg_confidence=0.876 | context_len=3920
\n===== Lossless Check =====
Speculative output: NO REPLY
AR manual output:   NO REPLY
Exact match: True
OK: Outputs match. Speculative decoding is lossless.
Speedup: 1.29x
Speedup_decode: 1.28x
Spec decode tok/s: 38.43
AR decode tok/s:   29.91
 first token :NO

Draft step 0: in_token=tensor([[8996]], device='cuda:4'), in_token_decoded=NO, end_index: 3986
predicted_token: 3596, predict_score: 0.9999849796295166, token :  RE

Draft step 1: in_token=tensor([[3596]], device='cuda:4'), in_token_decoded= RE, end_index: 3987
predicted_token: 24834, predict_score: 0.9999921321868896, token : PLY

Draft step 2: in_token=tensor([[24834]], device='cuda:4'), in_token_decoded=PLY, end_index: 3988
predicted_token: 151645, predict_score: 0.6128174066543579, token : <|im_end|>
Verifying token 0: verify_id=3596 ( RE), draft_id=3596 ( RE), is_last=False, is_eos=False
Verifying token 1: verify_id=24834 (PLY), draft_id=24834 (PLY), is_last=False, is_eos=False
Verifying token 2: verify_id=151645 (<|im_end|>), draft_id=151645 (<|im_end|>), is_last=False, is_eos=True
Token 2 verification failed, accepting up to this token. is_last: False, is_eos: True, is_mismatch: False
New tokens: ['NO REPLY<|im_end|>']
Total new tokens generated: 4
[Spec] avg_accept=3.00 | tokens=4 | context_len=3985
[Adapter] acc=3/3 (100.0%) | avg_confidence=0.871 | drafted_avg_confidence=0.871 | context_len=3985
\n===== Lossless Check =====
Speculative output: NO REPLY
AR manual output:   NO REPLY
Exact match: True
OK: Outputs match. Speculative decoding is lossless.
Speedup: 1.32x
Speedup_decode: 1.25x
Spec decode tok/s: 36.73
AR decode tok/s:   29.45
 first token :NO

Draft step 0: in_token=tensor([[8996]], device='cuda:4'), in_token_decoded=NO, end_index: 4051
predicted_token: 3596, predict_score: 0.9999849796295166, token :  RE

Draft step 1: in_token=tensor([[3596]], device='cuda:4'), in_token_decoded= RE, end_index: 4052
predicted_token: 24834, predict_score: 0.9999921321868896, token : PLY

Draft step 2: in_token=tensor([[24834]], device='cuda:4'), in_token_decoded=PLY, end_index: 4053
predicted_token: 151645, predict_score: 0.6242359280586243, token : <|im_end|>
Verifying token 0: verify_id=3596 ( RE), draft_id=3596 ( RE), is_last=False, is_eos=False
Verifying token 1: verify_id=24834 (PLY), draft_id=24834 (PLY), is_last=False, is_eos=False
Verifying token 2: verify_id=151645 (<|im_end|>), draft_id=151645 (<|im_end|>), is_last=False, is_eos=True
Token 2 verification failed, accepting up to this token. is_last: False, is_eos: True, is_mismatch: False
New tokens: ['NO REPLY<|im_end|>']
Total new tokens generated: 4
[Spec] avg_accept=3.00 | tokens=4 | context_len=4050
[Adapter] acc=3/3 (100.0%) | avg_confidence=0.875 | drafted_avg_confidence=0.875 | context_len=4050
\n===== Lossless Check =====
Speculative output: NO REPLY
AR manual output:   NO REPLY
Exact match: True
OK: Outputs match. Speculative decoding is lossless.
Speedup: 1.34x
Speedup_decode: 1.30x
Spec decode tok/s: 39.68
AR decode tok/s:   30.51
 first token :NO

Draft step 0: in_token=tensor([[8996]], device='cuda:4'), in_token_decoded=NO, end_index: 4116
predicted_token: 3596, predict_score: 0.9999852180480957, token :  RE

Draft step 1: in_token=tensor([[3596]], device='cuda:4'), in_token_decoded= RE, end_index: 4117
predicted_token: 24834, predict_score: 0.9999921321868896, token : PLY

Draft step 2: in_token=tensor([[24834]], device='cuda:4'), in_token_decoded=PLY, end_index: 4118
predicted_token: 151645, predict_score: 0.6126342415809631, token : <|im_end|>
Verifying token 0: verify_id=3596 ( RE), draft_id=3596 ( RE), is_last=False, is_eos=False
Verifying token 1: verify_id=24834 (PLY), draft_id=24834 (PLY), is_last=False, is_eos=False
Verifying token 2: verify_id=151645 (<|im_end|>), draft_id=151645 (<|im_end|>), is_last=False, is_eos=True
Token 2 verification failed, accepting up to this token. is_last: False, is_eos: True, is_mismatch: False
New tokens: ['NO REPLY<|im_end|>']
Total new tokens generated: 4
[Spec] avg_accept=3.00 | tokens=4 | context_len=4115
[Adapter] acc=3/3 (100.0%) | avg_confidence=0.871 | drafted_avg_confidence=0.871 | context_len=4115
\n===== Lossless Check =====
Speculative output: NO REPLY
AR manual output:   NO REPLY
Exact match: True
OK: Outputs match. Speculative decoding is lossless.
Speedup: 1.29x
Speedup_decode: 1.18x
Spec decode tok/s: 35.69
AR decode tok/s:   30.18
 first token :NO

Draft step 0: in_token=tensor([[8996]], device='cuda:4'), in_token_decoded=NO, end_index: 4181
predicted_token: 3596, predict_score: 0.9999849796295166, token :  RE

Draft step 1: in_token=tensor([[3596]], device='cuda:4'), in_token_decoded= RE, end_index: 4182
predicted_token: 24834, predict_score: 0.9999918937683105, token : PLY

Draft step 2: in_token=tensor([[24834]], device='cuda:4'), in_token_decoded=PLY, end_index: 4183
predicted_token: 151645, predict_score: 0.6245074272155762, token : <|im_end|>
Verifying token 0: verify_id=3596 ( RE), draft_id=3596 ( RE), is_last=False, is_eos=False
Verifying token 1: verify_id=24834 (PLY), draft_id=24834 (PLY), is_last=False, is_eos=False
Verifying token 2: verify_id=151645 (<|im_end|>), draft_id=151645 (<|im_end|>), is_last=False, is_eos=True
Token 2 verification failed, accepting up to this token. is_last: False, is_eos: True, is_mismatch: False
New tokens: ['NO REPLY<|im_end|>']
Total new tokens generated: 4
[Spec] avg_accept=3.00 | tokens=4 | context_len=4180
[Adapter] acc=3/3 (100.0%) | avg_confidence=0.875 | drafted_avg_confidence=0.875 | context_len=4180
\n===== Lossless Check =====
Speculative output: NO REPLY
AR manual output:   NO REPLY
Exact match: True
OK: Outputs match. Speculative decoding is lossless.
Speedup: 1.46x
Speedup_decode: 1.40x
Spec decode tok/s: 41.96
AR decode tok/s:   29.92
 first token :NO

Draft step 0: in_token=tensor([[8996]], device='cuda:4'), in_token_decoded=NO, end_index: 4246
predicted_token: 3596, predict_score: 0.9999833106994629, token :  RE

Draft step 1: in_token=tensor([[3596]], device='cuda:4'), in_token_decoded= RE, end_index: 4247
predicted_token: 24834, predict_score: 0.9999921321868896, token : PLY

Draft step 2: in_token=tensor([[24834]], device='cuda:4'), in_token_decoded=PLY, end_index: 4248
predicted_token: 151645, predict_score: 0.6244212985038757, token : <|im_end|>
Verifying token 0: verify_id=3596 ( RE), draft_id=3596 ( RE), is_last=False, is_eos=False
Verifying token 1: verify_id=24834 (PLY), draft_id=24834 (PLY), is_last=False, is_eos=False
Verifying token 2: verify_id=151645 (<|im_end|>), draft_id=151645 (<|im_end|>), is_last=False, is_eos=True
Token 2 verification failed, accepting up to this token. is_last: False, is_eos: True, is_mismatch: False
New tokens: ['NO REPLY<|im_end|>']
Total new tokens generated: 4
[Spec] avg_accept=3.00 | tokens=4 | context_len=4245
[Adapter] acc=3/3 (100.0%) | avg_confidence=0.875 | drafted_avg_confidence=0.875 | context_len=4245
\n===== Lossless Check =====
Speculative output: NO REPLY
AR manual output:   NO REPLY
Exact match: True
OK: Outputs match. Speculative decoding is lossless.
Speedup: 1.33x
Speedup_decode: 1.20x
Spec decode tok/s: 35.69
AR decode tok/s:   29.80
 first token :NO

Draft step 0: in_token=tensor([[8996]], device='cuda:4'), in_token_decoded=NO, end_index: 4311
predicted_token: 3596, predict_score: 0.9999833106994629, token :  RE

Draft step 1: in_token=tensor([[3596]], device='cuda:4'), in_token_decoded= RE, end_index: 4312
predicted_token: 24834, predict_score: 0.9999921321868896, token : PLY

Draft step 2: in_token=tensor([[24834]], device='cuda:4'), in_token_decoded=PLY, end_index: 4313
predicted_token: 151645, predict_score: 0.612455427646637, token : <|im_end|>
Verifying token 0: verify_id=3596 ( RE), draft_id=3596 ( RE), is_last=False, is_eos=False
Verifying token 1: verify_id=24834 (PLY), draft_id=24834 (PLY), is_last=False, is_eos=False
Verifying token 2: verify_id=151645 (<|im_end|>), draft_id=151645 (<|im_end|>), is_last=False, is_eos=True
Token 2 verification failed, accepting up to this token. is_last: False, is_eos: True, is_mismatch: False
New tokens: ['NO REPLY<|im_end|>']
Total new tokens generated: 4
[Spec] avg_accept=3.00 | tokens=4 | context_len=4310
[Adapter] acc=3/3 (100.0%) | avg_confidence=0.871 | drafted_avg_confidence=0.871 | context_len=4310
\n===== Lossless Check =====
Speculative output: NO REPLY
AR manual output:   NO REPLY
Exact match: True
OK: Outputs match. Speculative decoding is lossless.
Speedup: 1.36x
Speedup_decode: 1.29x
Spec decode tok/s: 36.99
AR decode tok/s:   28.78
 first token :NO

Draft step 0: in_token=tensor([[8996]], device='cuda:4'), in_token_decoded=NO, end_index: 4376
predicted_token: 3596, predict_score: 0.9999831914901733, token :  RE

Draft step 1: in_token=tensor([[3596]], device='cuda:4'), in_token_decoded= RE, end_index: 4377
predicted_token: 24834, predict_score: 0.9999921321868896, token : PLY

Draft step 2: in_token=tensor([[24834]], device='cuda:4'), in_token_decoded=PLY, end_index: 4378
predicted_token: 151645, predict_score: 0.6246625185012817, token : <|im_end|>
Verifying token 0: verify_id=3596 ( RE), draft_id=3596 ( RE), is_last=False, is_eos=False
Verifying token 1: verify_id=24834 (PLY), draft_id=24834 (PLY), is_last=False, is_eos=False
Verifying token 2: verify_id=151645 (<|im_end|>), draft_id=151645 (<|im_end|>), is_last=False, is_eos=True
Token 2 verification failed, accepting up to this token. is_last: False, is_eos: True, is_mismatch: False
New tokens: ['NO REPLY<|im_end|>']
Total new tokens generated: 4
[Spec] avg_accept=3.00 | tokens=4 | context_len=4375
[Adapter] acc=3/3 (100.0%) | avg_confidence=0.875 | drafted_avg_confidence=0.875 | context_len=4375
\n===== Lossless Check =====
Speculative output: NO REPLY
AR manual output:   NO REPLY
Exact match: True
OK: Outputs match. Speculative decoding is lossless.
Speedup: 1.29x
Speedup_decode: 1.21x
Spec decode tok/s: 36.51
AR decode tok/s:   30.16
 first token :NO

Draft step 0: in_token=tensor([[8996]], device='cuda:4'), in_token_decoded=NO, end_index: 4441
predicted_token: 3596, predict_score: 0.9999828338623047, token :  RE

Draft step 1: in_token=tensor([[3596]], device='cuda:4'), in_token_decoded= RE, end_index: 4442
predicted_token: 24834, predict_score: 0.9999923706054688, token : PLY

Draft step 2: in_token=tensor([[24834]], device='cuda:4'), in_token_decoded=PLY, end_index: 4443
predicted_token: 151645, predict_score: 0.6147373914718628, token : <|im_end|>
Verifying token 0: verify_id=3596 ( RE), draft_id=3596 ( RE), is_last=False, is_eos=False
Verifying token 1: verify_id=24834 (PLY), draft_id=24834 (PLY), is_last=False, is_eos=False
Verifying token 2: verify_id=151645 (<|im_end|>), draft_id=151645 (<|im_end|>), is_last=False, is_eos=True
Token 2 verification failed, accepting up to this token. is_last: False, is_eos: True, is_mismatch: False
New tokens: ['NO REPLY<|im_end|>']
Total new tokens generated: 4
[Spec] avg_accept=3.00 | tokens=4 | context_len=4440
[Adapter] acc=3/3 (100.0%) | avg_confidence=0.872 | drafted_avg_confidence=0.872 | context_len=4440
\n===== Lossless Check =====
Speculative output: NO REPLY
AR manual output:   NO REPLY
Exact match: True
OK: Outputs match. Speculative decoding is lossless.
Speedup: 1.51x
Speedup_decode: 1.43x
Spec decode tok/s: 37.60
AR decode tok/s:   26.21
 first token :NO

Draft step 0: in_token=tensor([[8996]], device='cuda:4'), in_token_decoded=NO, end_index: 4506
predicted_token: 3596, predict_score: 0.9999834299087524, token :  RE

Draft step 1: in_token=tensor([[3596]], device='cuda:4'), in_token_decoded= RE, end_index: 4507
predicted_token: 24834, predict_score: 0.9999923706054688, token : PLY

Draft step 2: in_token=tensor([[24834]], device='cuda:4'), in_token_decoded=PLY, end_index: 4508
predicted_token: 151645, predict_score: 0.6148086190223694, token : <|im_end|>
Verifying token 0: verify_id=3596 ( RE), draft_id=3596 ( RE), is_last=False, is_eos=False
Verifying token 1: verify_id=24834 (PLY), draft_id=24834 (PLY), is_last=False, is_eos=False
Verifying token 2: verify_id=151645 (<|im_end|>), draft_id=151645 (<|im_end|>), is_last=False, is_eos=True
Token 2 verification failed, accepting up to this token. is_last: False, is_eos: True, is_mismatch: False
New tokens: ['NO REPLY<|im_end|>']
Total new tokens generated: 4
[Spec] avg_accept=3.00 | tokens=4 | context_len=4505
[Adapter] acc=3/3 (100.0%) | avg_confidence=0.872 | drafted_avg_confidence=0.872 | context_len=4505
\n===== Lossless Check =====
Speculative output: NO REPLY
AR manual output:   NO REPLY
Exact match: True
OK: Outputs match. Speculative decoding is lossless.
Speedup: 1.30x
Speedup_decode: 1.14x
Spec decode tok/s: 33.94
AR decode tok/s:   29.72
 first token :NO

Draft step 0: in_token=tensor([[8996]], device='cuda:4'), in_token_decoded=NO, end_index: 4571
predicted_token: 3596, predict_score: 0.9999833106994629, token :  RE

Draft step 1: in_token=tensor([[3596]], device='cuda:4'), in_token_decoded= RE, end_index: 4572
predicted_token: 24834, predict_score: 0.9999924898147583, token : PLY

Draft step 2: in_token=tensor([[24834]], device='cuda:4'), in_token_decoded=PLY, end_index: 4573
predicted_token: 151645, predict_score: 0.6131725907325745, token : <|im_end|>
Verifying token 0: verify_id=3596 ( RE), draft_id=3596 ( RE), is_last=False, is_eos=False
Verifying token 1: verify_id=24834 (PLY), draft_id=24834 (PLY), is_last=False, is_eos=False
Verifying token 2: verify_id=151645 (<|im_end|>), draft_id=151645 (<|im_end|>), is_last=False, is_eos=True
Token 2 verification failed, accepting up to this token. is_last: False, is_eos: True, is_mismatch: False
New tokens: ['NO REPLY<|im_end|>']
Total new tokens generated: 4
[Spec] avg_accept=3.00 | tokens=4 | context_len=4570
[Adapter] acc=3/3 (100.0%) | avg_confidence=0.871 | drafted_avg_confidence=0.871 | context_len=4570
\n===== Lossless Check =====
Speculative output: NO REPLY
AR manual output:   NO REPLY
Exact match: True
OK: Outputs match. Speculative decoding is lossless.
Speedup: 1.46x
Speedup_decode: 1.33x
Spec decode tok/s: 36.87
AR decode tok/s:   27.62
 first token :NO

Draft step 0: in_token=tensor([[8996]], device='cuda:4'), in_token_decoded=NO, end_index: 4636
predicted_token: 3596, predict_score: 0.9999828338623047, token :  RE

Draft step 1: in_token=tensor([[3596]], device='cuda:4'), in_token_decoded= RE, end_index: 4637
predicted_token: 24834, predict_score: 0.9999921321868896, token : PLY

Draft step 2: in_token=tensor([[24834]], device='cuda:4'), in_token_decoded=PLY, end_index: 4638
predicted_token: 151645, predict_score: 0.6127645969390869, token : <|im_end|>
Verifying token 0: verify_id=3596 ( RE), draft_id=3596 ( RE), is_last=False, is_eos=False
Verifying token 1: verify_id=24834 (PLY), draft_id=24834 (PLY), is_last=False, is_eos=False
Verifying token 2: verify_id=151645 (<|im_end|>), draft_id=151645 (<|im_end|>), is_last=False, is_eos=True
Token 2 verification failed, accepting up to this token. is_last: False, is_eos: True, is_mismatch: False
New tokens: ['NO REPLY<|im_end|>']
Total new tokens generated: 4
[Spec] avg_accept=3.00 | tokens=4 | context_len=4635
[Adapter] acc=3/3 (100.0%) | avg_confidence=0.871 | drafted_avg_confidence=0.871 | context_len=4635
\n===== Lossless Check =====
Speculative output: NO REPLY
AR manual output:   NO REPLY
Exact match: True
OK: Outputs match. Speculative decoding is lossless.
Speedup: 1.34x
Speedup_decode: 1.16x
Spec decode tok/s: 34.20
AR decode tok/s:   29.43
 first token :NO

Draft step 0: in_token=tensor([[8996]], device='cuda:4'), in_token_decoded=NO, end_index: 4701
predicted_token: 3596, predict_score: 0.9999829530715942, token :  RE

Draft step 1: in_token=tensor([[3596]], device='cuda:4'), in_token_decoded= RE, end_index: 4702
predicted_token: 24834, predict_score: 0.9999922513961792, token : PLY

Draft step 2: in_token=tensor([[24834]], device='cuda:4'), in_token_decoded=PLY, end_index: 4703
predicted_token: 151645, predict_score: 0.6128146052360535, token : <|im_end|>
Verifying token 0: verify_id=3596 ( RE), draft_id=3596 ( RE), is_last=False, is_eos=False
Verifying token 1: verify_id=24834 (PLY), draft_id=24834 (PLY), is_last=False, is_eos=False
Verifying token 2: verify_id=151645 (<|im_end|>), draft_id=151645 (<|im_end|>), is_last=False, is_eos=True
Token 2 verification failed, accepting up to this token. is_last: False, is_eos: True, is_mismatch: False
New tokens: ['NO REPLY<|im_end|>']
Total new tokens generated: 4
[Spec] avg_accept=3.00 | tokens=4 | context_len=4700
[Adapter] acc=3/3 (100.0%) | avg_confidence=0.871 | drafted_avg_confidence=0.871 | context_len=4700
\n===== Lossless Check =====
Speculative output: NO REPLY
AR manual output:   NO REPLY
Exact match: True
OK: Outputs match. Speculative decoding is lossless.
Speedup: 1.32x
Speedup_decode: 1.21x
Spec decode tok/s: 36.00
AR decode tok/s:   29.63
 first token :NO

Draft step 0: in_token=tensor([[8996]], device='cuda:4'), in_token_decoded=NO, end_index: 4766
predicted_token: 3596, predict_score: 0.9999830722808838, token :  RE

Draft step 1: in_token=tensor([[3596]], device='cuda:4'), in_token_decoded= RE, end_index: 4767
predicted_token: 24834, predict_score: 0.9999923706054688, token : PLY

Draft step 2: in_token=tensor([[24834]], device='cuda:4'), in_token_decoded=PLY, end_index: 4768
predicted_token: 151645, predict_score: 0.612818717956543, token : <|im_end|>
Verifying token 0: verify_id=3596 ( RE), draft_id=3596 ( RE), is_last=False, is_eos=False
Verifying token 1: verify_id=24834 (PLY), draft_id=24834 (PLY), is_last=False, is_eos=False
Verifying token 2: verify_id=151645 (<|im_end|>), draft_id=151645 (<|im_end|>), is_last=False, is_eos=True
Token 2 verification failed, accepting up to this token. is_last: False, is_eos: True, is_mismatch: False
New tokens: ['NO REPLY<|im_end|>']
Total new tokens generated: 4
[Spec] avg_accept=3.00 | tokens=4 | context_len=4765
[Adapter] acc=3/3 (100.0%) | avg_confidence=0.871 | drafted_avg_confidence=0.871 | context_len=4765
\n===== Lossless Check =====
Speculative output: NO REPLY
AR manual output:   NO REPLY
Exact match: True
OK: Outputs match. Speculative decoding is lossless.
Speedup: 1.32x
Speedup_decode: 1.15x
Spec decode tok/s: 33.96
AR decode tok/s:   29.48
 first token :NO

Draft step 0: in_token=tensor([[8996]], device='cuda:4'), in_token_decoded=NO, end_index: 4831
predicted_token: 3596, predict_score: 0.9999834299087524, token :  RE

Draft step 1: in_token=tensor([[3596]], device='cuda:4'), in_token_decoded= RE, end_index: 4832
predicted_token: 24834, predict_score: 0.9999926090240479, token : PLY

Draft step 2: in_token=tensor([[24834]], device='cuda:4'), in_token_decoded=PLY, end_index: 4833
predicted_token: 151645, predict_score: 0.6134325265884399, token : <|im_end|>
Verifying token 0: verify_id=3596 ( RE), draft_id=3596 ( RE), is_last=False, is_eos=False
Verifying token 1: verify_id=24834 (PLY), draft_id=24834 (PLY), is_last=False, is_eos=False
Verifying token 2: verify_id=151645 (<|im_end|>), draft_id=151645 (<|im_end|>), is_last=False, is_eos=True
Token 2 verification failed, accepting up to this token. is_last: False, is_eos: True, is_mismatch: False
New tokens: ['NO REPLY<|im_end|>']
Total new tokens generated: 4
[Spec] avg_accept=3.00 | tokens=4 | context_len=4830
[Adapter] acc=3/3 (100.0%) | avg_confidence=0.871 | drafted_avg_confidence=0.871 | context_len=4830
\n===== Lossless Check =====
Speculative output: NO REPLY
AR manual output:   NO REPLY
Exact match: True
OK: Outputs match. Speculative decoding is lossless.
Speedup: 1.03x
Speedup_decode: 1.16x
Spec decode tok/s: 34.42
AR decode tok/s:   29.58
 first token :NO

Draft step 0: in_token=tensor([[8996]], device='cuda:4'), in_token_decoded=NO, end_index: 4896
predicted_token: 3596, predict_score: 0.9999829530715942, token :  RE

Draft step 1: in_token=tensor([[3596]], device='cuda:4'), in_token_decoded= RE, end_index: 4897
predicted_token: 24834, predict_score: 0.9999924898147583, token : PLY

Draft step 2: in_token=tensor([[24834]], device='cuda:4'), in_token_decoded=PLY, end_index: 4898
predicted_token: 151645, predict_score: 0.6135583519935608, token : <|im_end|>
Verifying token 0: verify_id=3596 ( RE), draft_id=3596 ( RE), is_last=False, is_eos=False
Verifying token 1: verify_id=24834 (PLY), draft_id=24834 (PLY), is_last=False, is_eos=False
Verifying token 2: verify_id=151645 (<|im_end|>), draft_id=151645 (<|im_end|>), is_last=False, is_eos=True
Token 2 verification failed, accepting up to this token. is_last: False, is_eos: True, is_mismatch: False
New tokens: ['NO REPLY<|im_end|>']
Total new tokens generated: 4
[Spec] avg_accept=3.00 | tokens=4 | context_len=4895
[Adapter] acc=3/3 (100.0%) | avg_confidence=0.871 | drafted_avg_confidence=0.871 | context_len=4895
\n===== Lossless Check =====
Speculative output: NO REPLY
AR manual output:   NO REPLY
Exact match: True
OK: Outputs match. Speculative decoding is lossless.
Speedup: 1.45x
Speedup_decode: 1.35x
Spec decode tok/s: 36.96
AR decode tok/s:   27.28
 first token :NO

Draft step 0: in_token=tensor([[8996]], device='cuda:4'), in_token_decoded=NO, end_index: 4961
predicted_token: 3596, predict_score: 0.9999829530715942, token :  RE

Draft step 1: in_token=tensor([[3596]], device='cuda:4'), in_token_decoded= RE, end_index: 4962
predicted_token: 24834, predict_score: 0.9999923706054688, token : PLY

Draft step 2: in_token=tensor([[24834]], device='cuda:4'), in_token_decoded=PLY, end_index: 4963
predicted_token: 151645, predict_score: 0.6130372285842896, token : <|im_end|>
Verifying token 0: verify_id=3596 ( RE), draft_id=3596 ( RE), is_last=False, is_eos=False
Verifying token 1: verify_id=24834 (PLY), draft_id=24834 (PLY), is_last=False, is_eos=False
Verifying token 2: verify_id=151645 (<|im_end|>), draft_id=151645 (<|im_end|>), is_last=False, is_eos=True
Token 2 verification failed, accepting up to this token. is_last: False, is_eos: True, is_mismatch: False
New tokens: ['NO REPLY<|im_end|>']
Total new tokens generated: 4
[Spec] avg_accept=3.00 | tokens=4 | context_len=4960
[Adapter] acc=3/3 (100.0%) | avg_confidence=0.871 | drafted_avg_confidence=0.871 | context_len=4960
\n===== Lossless Check =====
Speculative output: NO REPLY
AR manual output:   NO REPLY
Exact match: True
OK: Outputs match. Speculative decoding is lossless.
Speedup: 1.33x
Speedup_decode: 1.24x
Spec decode tok/s: 35.56
AR decode tok/s:   28.79
 first token :NO

Draft step 0: in_token=tensor([[8996]], device='cuda:4'), in_token_decoded=NO, end_index: 5026
predicted_token: 3596, predict_score: 0.9999834299087524, token :  RE

Draft step 1: in_token=tensor([[3596]], device='cuda:4'), in_token_decoded= RE, end_index: 5027
predicted_token: 24834, predict_score: 0.9999923706054688, token : PLY

Draft step 2: in_token=tensor([[24834]], device='cuda:4'), in_token_decoded=PLY, end_index: 5028
predicted_token: 151645, predict_score: 0.6126078963279724, token : <|im_end|>
Verifying token 0: verify_id=3596 ( RE), draft_id=3596 ( RE), is_last=False, is_eos=False
Verifying token 1: verify_id=24834 (PLY), draft_id=24834 (PLY), is_last=False, is_eos=False
Verifying token 2: verify_id=151645 (<|im_end|>), draft_id=151645 (<|im_end|>), is_last=False, is_eos=True
Token 2 verification failed, accepting up to this token. is_last: False, is_eos: True, is_mismatch: False
New tokens: ['NO REPLY<|im_end|>']
Total new tokens generated: 4
[Spec] avg_accept=3.00 | tokens=4 | context_len=5025
[Adapter] acc=3/3 (100.0%) | avg_confidence=0.871 | drafted_avg_confidence=0.871 | context_len=5025
\n===== Lossless Check =====
Speculative output: NO REPLY
AR manual output:   NO REPLY
Exact match: True
OK: Outputs match. Speculative decoding is lossless.
Speedup: 1.34x
Speedup_decode: 1.09x
Spec decode tok/s: 31.58
AR decode tok/s:   29.00
 first token :NO

Draft step 0: in_token=tensor([[8996]], device='cuda:4'), in_token_decoded=NO, end_index: 5091
predicted_token: 3596, predict_score: 0.9999833106994629, token :  RE

Draft step 1: in_token=tensor([[3596]], device='cuda:4'), in_token_decoded= RE, end_index: 5092
predicted_token: 24834, predict_score: 0.9999926090240479, token : PLY

Draft step 2: in_token=tensor([[24834]], device='cuda:4'), in_token_decoded=PLY, end_index: 5093
predicted_token: 151645, predict_score: 0.6124995946884155, token : <|im_end|>
Verifying token 0: verify_id=3596 ( RE), draft_id=3596 ( RE), is_last=False, is_eos=False
Verifying token 1: verify_id=24834 (PLY), draft_id=24834 (PLY), is_last=False, is_eos=False
Verifying token 2: verify_id=151645 (<|im_end|>), draft_id=151645 (<|im_end|>), is_last=False, is_eos=True
Token 2 verification failed, accepting up to this token. is_last: False, is_eos: True, is_mismatch: False
New tokens: ['NO REPLY<|im_end|>']
Total new tokens generated: 4
[Spec] avg_accept=3.00 | tokens=4 | context_len=5090
[Adapter] acc=3/3 (100.0%) | avg_confidence=0.871 | drafted_avg_confidence=0.871 | context_len=5090
\n===== Lossless Check =====
Speculative output: NO REPLY
AR manual output:   NO REPLY
Exact match: True
OK: Outputs match. Speculative decoding is lossless.
Speedup: 1.38x
Speedup_decode: 1.19x
Spec decode tok/s: 34.93
AR decode tok/s:   29.25
 first token :NO

Draft step 0: in_token=tensor([[8996]], device='cuda:4'), in_token_decoded=NO, end_index: 5156
predicted_token: 3596, predict_score: 0.9999833106994629, token :  RE

Draft step 1: in_token=tensor([[3596]], device='cuda:4'), in_token_decoded= RE, end_index: 5157
predicted_token: 24834, predict_score: 0.9999926090240479, token : PLY

Draft step 2: in_token=tensor([[24834]], device='cuda:4'), in_token_decoded=PLY, end_index: 5158
predicted_token: 151645, predict_score: 0.6250450015068054, token : <|im_end|>
Verifying token 0: verify_id=3596 ( RE), draft_id=3596 ( RE), is_last=False, is_eos=False
Verifying token 1: verify_id=24834 (PLY), draft_id=24834 (PLY), is_last=False, is_eos=False
Verifying token 2: verify_id=151645 (<|im_end|>), draft_id=151645 (<|im_end|>), is_last=False, is_eos=True
Token 2 verification failed, accepting up to this token. is_last: False, is_eos: True, is_mismatch: False
New tokens: ['NO REPLY<|im_end|>']
Total new tokens generated: 4
[Spec] avg_accept=3.00 | tokens=4 | context_len=5155
[Adapter] acc=3/3 (100.0%) | avg_confidence=0.875 | drafted_avg_confidence=0.875 | context_len=5155
\n===== Lossless Check =====
Speculative output: NO REPLY
AR manual output:   NO REPLY
Exact match: True
OK: Outputs match. Speculative decoding is lossless.
Speedup: 1.43x
Speedup_decode: 1.16x
Spec decode tok/s: 32.99
AR decode tok/s:   28.39
 first token :The

Draft step 0: in_token=tensor([[785]], device='cuda:4'), in_token_decoded=The, end_index: 5221
predicted_token: 1697, predict_score: 0.19943606853485107, token :  person
Draft step 0, token  person, predict_score 0.19943606853485107 < threshold 0.6, stopping further draft
Verifying token 0: verify_id=30352 ( dough), draft_id=1697 ( person), is_last=False, is_eos=False
Token 0 verification failed, accepting up to this token. is_last: False, is_eos: False, is_mismatch: True

Draft step 0: in_token=tensor([[30352]], device='cuda:4'), in_token_decoded= dough, end_index: 5222
predicted_token: 374, predict_score: 0.7480309009552002, token :  is

Draft step 1: in_token=tensor([[374]], device='cuda:4'), in_token_decoded= is, end_index: 5223
predicted_token: 12771, predict_score: 0.29012900590896606, token :  picked
Draft step 1, token  picked, predict_score 0.29012900590896606 < threshold 0.6, stopping further draft
Verifying token 0: verify_id=374 ( is), draft_id=374 ( is), is_last=False, is_eos=False
Verifying token 1: verify_id=13853 ( kne), draft_id=12771 ( picked), is_last=False, is_eos=False
Token 1 verification failed, accepting up to this token. is_last: False, is_eos: False, is_mismatch: True

Draft step 0: in_token=tensor([[13853]], device='cuda:4'), in_token_decoded= kne, end_index: 5224
predicted_token: 311, predict_score: 0.04137702286243439, token :  to
Draft step 0, token  to, predict_score 0.04137702286243439 < threshold 0.6, stopping further draft
Verifying token 0: verify_id=14255 (aded), draft_id=311 ( to), is_last=False, is_eos=False
Token 0 verification failed, accepting up to this token. is_last: False, is_eos: False, is_mismatch: True

Draft step 0: in_token=tensor([[14255]], device='cuda:4'), in_token_decoded=aded, end_index: 5225
predicted_token: 448, predict_score: 0.20453913509845734, token :  with
Draft step 0, token  with, predict_score 0.20453913509845734 < threshold 0.6, stopping further draft
Verifying token 0: verify_id=553 ( by), draft_id=448 ( with), is_last=False, is_eos=False
Token 0 verification failed, accepting up to this token. is_last: False, is_eos: False, is_mismatch: True

Draft step 0: in_token=tensor([[553]], device='cuda:4'), in_token_decoded= by, end_index: 5226
predicted_token: 13054, predict_score: 0.26072806119918823, token :  turning
Draft step 0, token  turning, predict_score 0.26072806119918823 < threshold 0.6, stopping further draft
Verifying token 0: verify_id=25352 ( pressing), draft_id=13054 ( turning), is_last=False, is_eos=False
Token 0 verification failed, accepting up to this token. is_last: False, is_eos: False, is_mismatch: True

Draft step 0: in_token=tensor([[25352]], device='cuda:4'), in_token_decoded= pressing, end_index: 5227
predicted_token: 1495, predict_score: 0.6496430039405823, token :  down

Draft step 1: in_token=tensor([[1495]], device='cuda:4'), in_token_decoded= down, end_index: 5228
predicted_token: 389, predict_score: 0.8430737257003784, token :  on

Draft step 2: in_token=tensor([[389]], device='cuda:4'), in_token_decoded= on, end_index: 5229
predicted_token: 279, predict_score: 0.9703792333602905, token :  the

Draft step 3: in_token=tensor([[279]], device='cuda:4'), in_token_decoded= the, end_index: 5230
predicted_token: 1965, predict_score: 0.3247394263744354, token :  table
Draft step 3, token  table, predict_score 0.3247394263744354 < threshold 0.6, stopping further draft
Verifying token 0: verify_id=323 ( and), draft_id=1495 ( down), is_last=False, is_eos=False
Token 0 verification failed, accepting up to this token. is_last: False, is_eos: False, is_mismatch: True

Draft step 0: in_token=tensor([[323]], device='cuda:4'), in_token_decoded= and, end_index: 5228
predicted_token: 9099, predict_score: 0.10685881227254868, token :  placed
Draft step 0, token  placed, predict_score 0.10685881227254868 < threshold 0.6, stopping further draft
Verifying token 0: verify_id=44742 ( folding), draft_id=9099 ( placed), is_last=False, is_eos=False
Token 0 verification failed, accepting up to this token. is_last: False, is_eos: False, is_mismatch: True

Draft step 0: in_token=tensor([[44742]], device='cuda:4'), in_token_decoded= folding, end_index: 5229
predicted_token: 432, predict_score: 0.566319465637207, token :  it
Draft step 0, token  it, predict_score 0.566319465637207 < threshold 0.6, stopping further draft
Verifying token 0: verify_id=432 ( it), draft_id=432 ( it), is_last=False, is_eos=False

Draft step 0: in_token=tensor([[432]], device='cuda:4'), in_token_decoded= it, end_index: 5230
predicted_token: 1119, predict_score: 0.34946349263191223, token :  into
Draft step 0, token  into, predict_score 0.34946349263191223 < threshold 0.6, stopping further draft
Verifying token 0: verify_id=11 (,), draft_id=1119 ( into), is_last=False, is_eos=False
Token 0 verification failed, accepting up to this token. is_last: False, is_eos: False, is_mismatch: True

Draft step 0: in_token=tensor([[11]], device='cuda:4'), in_token_decoded=,, end_index: 5231
predicted_token: 1221, predict_score: 0.33307284116744995, token :  then
Draft step 0, token  then, predict_score 0.33307284116744995 < threshold 0.6, stopping further draft
Verifying token 0: verify_id=448 ( with), draft_id=1221 ( then), is_last=False, is_eos=False
Token 0 verification failed, accepting up to this token. is_last: False, is_eos: False, is_mismatch: True

Draft step 0: in_token=tensor([[448]], device='cuda:4'), in_token_decoded= with, end_index: 5232
predicted_token: 264, predict_score: 0.34816113114356995, token :  a
Draft step 0, token  a, predict_score 0.34816113114356995 < threshold 0.6, stopping further draft
Verifying token 0: verify_id=279 ( the), draft_id=264 ( a), is_last=False, is_eos=False
Token 0 verification failed, accepting up to this token. is_last: False, is_eos: False, is_mismatch: True

Draft step 0: in_token=tensor([[279]], device='cuda:4'), in_token_decoded= the, end_index: 5233
predicted_token: 21430, predict_score: 0.11573623865842819, token :  knife
Draft step 0, token  knife, predict_score 0.11573623865842819 < threshold 0.6, stopping further draft
Verifying token 0: verify_id=1697 ( person), draft_id=21430 ( knife), is_last=False, is_eos=False
Token 0 verification failed, accepting up to this token. is_last: False, is_eos: False, is_mismatch: True

Draft step 0: in_token=tensor([[1697]], device='cuda:4'), in_token_decoded= person, end_index: 5234
predicted_token: 374, predict_score: 0.27471232414245605, token :  is
Draft step 0, token  is, predict_score 0.27471232414245605 < threshold 0.6, stopping further draft
Verifying token 0: verify_id=594 ('s), draft_id=374 ( is), is_last=False, is_eos=False
Token 0 verification failed, accepting up to this token. is_last: False, is_eos: False, is_mismatch: True

Draft step 0: in_token=tensor([[594]], device='cuda:4'), in_token_decoded='s, end_index: 5235
predicted_token: 15138, predict_score: 0.183622807264328, token :  chest
Draft step 0, token  chest, predict_score 0.183622807264328 < threshold 0.6, stopping further draft
Verifying token 0: verify_id=6078 ( hands), draft_id=15138 ( chest), is_last=False, is_eos=False
Token 0 verification failed, accepting up to this token. is_last: False, is_eos: False, is_mismatch: True

Draft step 0: in_token=tensor([[6078]], device='cuda:4'), in_token_decoded= hands, end_index: 5236
predicted_token: 525, predict_score: 0.44153180718421936, token :  are
Draft step 0, token  are, predict_score 0.44153180718421936 < threshold 0.6, stopping further draft
Verifying token 0: verify_id=7218 ( moving), draft_id=525 ( are), is_last=False, is_eos=False
Token 0 verification failed, accepting up to this token. is_last: False, is_eos: False, is_mismatch: True

Draft step 0: in_token=tensor([[7218]], device='cuda:4'), in_token_decoded= moving, end_index: 5237
predicted_token: 432, predict_score: 0.8439592719078064, token :  it

Draft step 1: in_token=tensor([[432]], device='cuda:4'), in_token_decoded= it, end_index: 5238
predicted_token: 1119, predict_score: 0.15072982013225555, token :  into
Draft step 1, token  into, predict_score 0.15072982013225555 < threshold 0.6, stopping further draft
Verifying token 0: verify_id=432 ( it), draft_id=432 ( it), is_last=False, is_eos=False
Verifying token 1: verify_id=1182 ( back), draft_id=1119 ( into), is_last=False, is_eos=False
Token 1 verification failed, accepting up to this token. is_last: False, is_eos: False, is_mismatch: True

Draft step 0: in_token=tensor([[1182]], device='cuda:4'), in_token_decoded= back, end_index: 5239
predicted_token: 389, predict_score: 0.5143890380859375, token :  on
Draft step 0, token  on, predict_score 0.5143890380859375 < threshold 0.6, stopping further draft
Verifying token 0: verify_id=323 ( and), draft_id=389 ( on), is_last=False, is_eos=False
Token 0 verification failed, accepting up to this token. is_last: False, is_eos: False, is_mismatch: True

Draft step 0: in_token=tensor([[323]], device='cuda:4'), in_token_decoded= and, end_index: 5240
predicted_token: 1221, predict_score: 0.2434569150209427, token :  then
Draft step 0, token  then, predict_score 0.2434569150209427 < threshold 0.6, stopping further draft
Verifying token 0: verify_id=13241 ( forth), draft_id=1221 ( then), is_last=False, is_eos=False
Token 0 verification failed, accepting up to this token. is_last: False, is_eos: False, is_mismatch: True

Draft step 0: in_token=tensor([[13241]], device='cuda:4'), in_token_decoded= forth, end_index: 5241
predicted_token: 13, predict_score: 0.18943212926387787, token : .
Draft step 0, token ., predict_score 0.18943212926387787 < threshold 0.6, stopping further draft
Verifying token 0: verify_id=311 ( to), draft_id=13 (.), is_last=False, is_eos=False
Token 0 verification failed, accepting up to this token. is_last: False, is_eos: False, is_mismatch: True

Draft step 0: in_token=tensor([[311]], device='cuda:4'), in_token_decoded= to, end_index: 5242
predicted_token: 1779, predict_score: 0.14227432012557983, token :  check
Draft step 0, token  check, predict_score 0.14227432012557983 < threshold 0.6, stopping further draft
Verifying token 0: verify_id=975 ( work), draft_id=1779 ( check), is_last=False, is_eos=False
Token 0 verification failed, accepting up to this token. is_last: False, is_eos: False, is_mismatch: True

Draft step 0: in_token=tensor([[975]], device='cuda:4'), in_token_decoded= work, end_index: 5243
predicted_token: 389, predict_score: 0.8519303202629089, token :  on

Draft step 1: in_token=tensor([[389]], device='cuda:4'), in_token_decoded= on, end_index: 5244
predicted_token: 279, predict_score: 0.7306913137435913, token :  the

Draft step 2: in_token=tensor([[279]], device='cuda:4'), in_token_decoded= the, end_index: 5245
predicted_token: 1965, predict_score: 0.4008903503417969, token :  table
Draft step 2, token  table, predict_score 0.4008903503417969 < threshold 0.6, stopping further draft
Verifying token 0: verify_id=432 ( it), draft_id=389 ( on), is_last=False, is_eos=False
Token 0 verification failed, accepting up to this token. is_last: False, is_eos: False, is_mismatch: True

Draft step 0: in_token=tensor([[432]], device='cuda:4'), in_token_decoded= it, end_index: 5244
predicted_token: 1119, predict_score: 0.19225142896175385, token :  into
Draft step 0, token  into, predict_score 0.19225142896175385 < threshold 0.6, stopping further draft
Verifying token 0: verify_id=1119 ( into), draft_id=1119 ( into), is_last=False, is_eos=False

Draft step 0: in_token=tensor([[1119]], device='cuda:4'), in_token_decoded= into, end_index: 5245
predicted_token: 279, predict_score: 0.5074766874313354, token :  the
Draft step 0, token  the, predict_score 0.5074766874313354 < threshold 0.6, stopping further draft
Verifying token 0: verify_id=264 ( a), draft_id=279 ( the), is_last=False, is_eos=False
Token 0 verification failed, accepting up to this token. is_last: False, is_eos: False, is_mismatch: True

Draft step 0: in_token=tensor([[264]], device='cuda:4'), in_token_decoded= a, end_index: 5246
predicted_token: 19212, predict_score: 0.7215710878372192, token :  bowl

Draft step 1: in_token=tensor([[19212]], device='cuda:4'), in_token_decoded= bowl, end_index: 5247
predicted_token: 11, predict_score: 0.518863320350647, token : ,
Draft step 1, token ,, predict_score 0.518863320350647 < threshold 0.6, stopping further draft
Verifying token 0: verify_id=803 ( more), draft_id=19212 ( bowl), is_last=False, is_eos=False
Token 0 verification failed, accepting up to this token. is_last: False, is_eos: False, is_mismatch: True

Draft step 0: in_token=tensor([[803]], device='cuda:4'), in_token_decoded= more, end_index: 5247
predicted_token: 1091, predict_score: 0.008861999027431011, token :  than
Draft step 0, token  than, predict_score 0.008861999027431011 < threshold 0.6, stopping further draft
Verifying token 0: verify_id=13794 ( uniform), draft_id=1091 ( than), is_last=False, is_eos=False
Token 0 verification failed, accepting up to this token. is_last: False, is_eos: False, is_mismatch: True

Draft step 0: in_token=tensor([[13794]], device='cuda:4'), in_token_decoded= uniform, end_index: 5248
predicted_token: 13, predict_score: 0.4500657320022583, token : .
Draft step 0, token ., predict_score 0.4500657320022583 < threshold 0.6, stopping further draft
Verifying token 0: verify_id=6083 ( shape), draft_id=13 (.), is_last=False, is_eos=False
Token 0 verification failed, accepting up to this token. is_last: False, is_eos: False, is_mismatch: True

Draft step 0: in_token=tensor([[6083]], device='cuda:4'), in_token_decoded= shape, end_index: 5249
predicted_token: 11, predict_score: 0.37265124917030334, token : ,
Draft step 0, token ,, predict_score 0.37265124917030334 < threshold 0.6, stopping further draft
Verifying token 0: verify_id=13 (.), draft_id=11 (,), is_last=False, is_eos=False
Token 0 verification failed, accepting up to this token. is_last: False, is_eos: False, is_mismatch: True

Draft step 0: in_token=tensor([[13]], device='cuda:4'), in_token_decoded=., end_index: 5250
predicted_token: 151645, predict_score: 0.5965217351913452, token : <|im_end|>
Verifying token 0: verify_id=151645 (<|im_end|>), draft_id=151645 (<|im_end|>), is_last=False, is_eos=True
Token 0 verification failed, accepting up to this token. is_last: False, is_eos: True, is_mismatch: False
New tokens: ["The dough is kneaded by pressing and folding it, with the person's hands moving it back and forth to work it into a more uniform shape.<|im_end|>"]
Total new tokens generated: 31
[Spec] avg_accept=1.07 | tokens=31 | context_len=5220
[Adapter] acc=5/30 (16.7%) | avg_confidence=0.408 | drafted_avg_confidence=0.408 | context_len=5220
\n===== Lossless Check =====
Speculative output: The dough is kneaded by pressing and folding it, with the person's hands moving it back and forth to work it into a more uniform shape.
AR manual output:   The dough is kneaded by pressing and folding it, with the person's hands moving it back and forth to work it into a more uniform shape.
Exact match: True
OK: Outputs match. Speculative decoding is lossless.
Speedup: 0.87x
Speedup_decode: 0.87x
Spec decode tok/s: 19.51
AR decode tok/s:   22.49
 first token :NO

Draft step 0: in_token=tensor([[8996]], device='cuda:4'), in_token_decoded=NO, end_index: 5313
predicted_token: 3596, predict_score: 0.999984860420227, token :  RE

Draft step 1: in_token=tensor([[3596]], device='cuda:4'), in_token_decoded= RE, end_index: 5314
predicted_token: 24834, predict_score: 0.9999914169311523, token : PLY

Draft step 2: in_token=tensor([[24834]], device='cuda:4'), in_token_decoded=PLY, end_index: 5315
predicted_token: 151645, predict_score: 0.6133589744567871, token : <|im_end|>
Verifying token 0: verify_id=3596 ( RE), draft_id=3596 ( RE), is_last=False, is_eos=False
Verifying token 1: verify_id=24834 (PLY), draft_id=24834 (PLY), is_last=False, is_eos=False
Verifying token 2: verify_id=151645 (<|im_end|>), draft_id=151645 (<|im_end|>), is_last=False, is_eos=True
Token 2 verification failed, accepting up to this token. is_last: False, is_eos: True, is_mismatch: False
New tokens: ['NO REPLY<|im_end|>']
Total new tokens generated: 4
[Spec] avg_accept=3.00 | tokens=4 | context_len=5312
[Adapter] acc=3/3 (100.0%) | avg_confidence=0.871 | drafted_avg_confidence=0.871 | context_len=5312
\n===== Lossless Check =====
Speculative output: NO REPLY
AR manual output:   NO REPLY
Exact match: True
OK: Outputs match. Speculative decoding is lossless.
Speedup: 1.41x
Speedup_decode: 1.25x
Spec decode tok/s: 35.33
AR decode tok/s:   28.19
 first token :NO

Draft step 0: in_token=tensor([[8996]], device='cuda:4'), in_token_decoded=NO, end_index: 5378
predicted_token: 3596, predict_score: 0.9999831914901733, token :  RE

Draft step 1: in_token=tensor([[3596]], device='cuda:4'), in_token_decoded= RE, end_index: 5379
predicted_token: 24834, predict_score: 0.9999914169311523, token : PLY

Draft step 2: in_token=tensor([[24834]], device='cuda:4'), in_token_decoded=PLY, end_index: 5380
predicted_token: 151645, predict_score: 0.6183092594146729, token : <|im_end|>
Verifying token 0: verify_id=3596 ( RE), draft_id=3596 ( RE), is_last=False, is_eos=False
Verifying token 1: verify_id=24834 (PLY), draft_id=24834 (PLY), is_last=False, is_eos=False
Verifying token 2: verify_id=151645 (<|im_end|>), draft_id=151645 (<|im_end|>), is_last=False, is_eos=True
Token 2 verification failed, accepting up to this token. is_last: False, is_eos: True, is_mismatch: False
New tokens: ['NO REPLY<|im_end|>']
Total new tokens generated: 4
[Spec] avg_accept=3.00 | tokens=4 | context_len=5377
[Adapter] acc=3/3 (100.0%) | avg_confidence=0.873 | drafted_avg_confidence=0.873 | context_len=5377
\n===== Lossless Check =====
Speculative output: NO REPLY
AR manual output:   NO REPLY
Exact match: True
OK: Outputs match. Speculative decoding is lossless.
Speedup: 1.38x
Speedup_decode: 1.08x
Spec decode tok/s: 31.86
AR decode tok/s:   29.47
 first token :NO

Draft step 0: in_token=tensor([[8996]], device='cuda:4'), in_token_decoded=NO, end_index: 5443
predicted_token: 3596, predict_score: 0.9999850988388062, token :  RE

Draft step 1: in_token=tensor([[3596]], device='cuda:4'), in_token_decoded= RE, end_index: 5444
predicted_token: 24834, predict_score: 0.9999914169311523, token : PLY

Draft step 2: in_token=tensor([[24834]], device='cuda:4'), in_token_decoded=PLY, end_index: 5445
predicted_token: 151645, predict_score: 0.6155248284339905, token : <|im_end|>
Verifying token 0: verify_id=3596 ( RE), draft_id=3596 ( RE), is_last=False, is_eos=False
Verifying token 1: verify_id=24834 (PLY), draft_id=24834 (PLY), is_last=False, is_eos=False
Verifying token 2: verify_id=151645 (<|im_end|>), draft_id=151645 (<|im_end|>), is_last=False, is_eos=True
Token 2 verification failed, accepting up to this token. is_last: False, is_eos: True, is_mismatch: False
New tokens: ['NO REPLY<|im_end|>']
Total new tokens generated: 4
[Spec] avg_accept=3.00 | tokens=4 | context_len=5442
[Adapter] acc=3/3 (100.0%) | avg_confidence=0.872 | drafted_avg_confidence=0.872 | context_len=5442
\n===== Lossless Check =====
Speculative output: NO REPLY
AR manual output:   NO REPLY
Exact match: True
OK: Outputs match. Speculative decoding is lossless.
Speedup: 1.31x
Speedup_decode: 1.07x
Spec decode tok/s: 30.98
AR decode tok/s:   29.02
 first token :The

Draft step 0: in_token=tensor([[785]], device='cuda:4'), in_token_decoded=The, end_index: 5508
predicted_token: 1697, predict_score: 0.2279418408870697, token :  person
Draft step 0, token  person, predict_score 0.2279418408870697 < threshold 0.6, stopping further draft
Verifying token 0: verify_id=30352 ( dough), draft_id=1697 ( person), is_last=False, is_eos=False
Token 0 verification failed, accepting up to this token. is_last: False, is_eos: False, is_mismatch: True

Draft step 0: in_token=tensor([[30352]], device='cuda:4'), in_token_decoded= dough, end_index: 5509
predicted_token: 374, predict_score: 0.7550894021987915, token :  is

Draft step 1: in_token=tensor([[374]], device='cuda:4'), in_token_decoded= is, end_index: 5510
predicted_token: 5644, predict_score: 0.26951661705970764, token :  held
Draft step 1, token  held, predict_score 0.26951661705970764 < threshold 0.6, stopping further draft
Verifying token 0: verify_id=374 ( is), draft_id=374 ( is), is_last=False, is_eos=False
Verifying token 1: verify_id=13853 ( kne), draft_id=5644 ( held), is_last=False, is_eos=False
Token 1 verification failed, accepting up to this token. is_last: False, is_eos: False, is_mismatch: True

Draft step 0: in_token=tensor([[13853]], device='cuda:4'), in_token_decoded= kne, end_index: 5511
predicted_token: 311, predict_score: 0.04018891230225563, token :  to
Draft step 0, token  to, predict_score 0.04018891230225563 < threshold 0.6, stopping further draft
Verifying token 0: verify_id=14255 (aded), draft_id=311 ( to), is_last=False, is_eos=False
Token 0 verification failed, accepting up to this token. is_last: False, is_eos: False, is_mismatch: True

Draft step 0: in_token=tensor([[14255]], device='cuda:4'), in_token_decoded=aded, end_index: 5512
predicted_token: 448, predict_score: 0.21643568575382233, token :  with
Draft step 0, token  with, predict_score 0.21643568575382233 < threshold 0.6, stopping further draft
Verifying token 0: verify_id=553 ( by), draft_id=448 ( with), is_last=False, is_eos=False
Token 0 verification failed, accepting up to this token. is_last: False, is_eos: False, is_mismatch: True

Draft step 0: in_token=tensor([[553]], device='cuda:4'), in_token_decoded= by, end_index: 5513
predicted_token: 13054, predict_score: 0.2668418884277344, token :  turning
Draft step 0, token  turning, predict_score 0.2668418884277344 < threshold 0.6, stopping further draft
Verifying token 0: verify_id=25352 ( pressing), draft_id=13054 ( turning), is_last=False, is_eos=False
Token 0 verification failed, accepting up to this token. is_last: False, is_eos: False, is_mismatch: True

Draft step 0: in_token=tensor([[25352]], device='cuda:4'), in_token_decoded= pressing, end_index: 5514
predicted_token: 1495, predict_score: 0.6394965648651123, token :  down

Draft step 1: in_token=tensor([[1495]], device='cuda:4'), in_token_decoded= down, end_index: 5515
predicted_token: 389, predict_score: 0.8476581573486328, token :  on

Draft step 2: in_token=tensor([[389]], device='cuda:4'), in_token_decoded= on, end_index: 5516
predicted_token: 279, predict_score: 0.9698455333709717, token :  the

Draft step 3: in_token=tensor([[279]], device='cuda:4'), in_token_decoded= the, end_index: 5517
predicted_token: 14376, predict_score: 0.33309513330459595, token :  cutting
Draft step 3, token  cutting, predict_score 0.33309513330459595 < threshold 0.6, stopping further draft
Verifying token 0: verify_id=323 ( and), draft_id=1495 ( down), is_last=False, is_eos=False
Token 0 verification failed, accepting up to this token. is_last: False, is_eos: False, is_mismatch: True

Draft step 0: in_token=tensor([[323]], device='cuda:4'), in_token_decoded= and, end_index: 5515
predicted_token: 9099, predict_score: 0.10457276552915573, token :  placed
Draft step 0, token  placed, predict_score 0.10457276552915573 < threshold 0.6, stopping further draft
Verifying token 0: verify_id=44742 ( folding), draft_id=9099 ( placed), is_last=False, is_eos=False
Token 0 verification failed, accepting up to this token. is_last: False, is_eos: False, is_mismatch: True

Draft step 0: in_token=tensor([[44742]], device='cuda:4'), in_token_decoded= folding, end_index: 5516
predicted_token: 432, predict_score: 0.5729832649230957, token :  it
Draft step 0, token  it, predict_score 0.5729832649230957 < threshold 0.6, stopping further draft
Verifying token 0: verify_id=432 ( it), draft_id=432 ( it), is_last=False, is_eos=False

Draft step 0: in_token=tensor([[432]], device='cuda:4'), in_token_decoded= it, end_index: 5517
predicted_token: 1119, predict_score: 0.3367265462875366, token :  into
Draft step 0, token  into, predict_score 0.3367265462875366 < threshold 0.6, stopping further draft
Verifying token 0: verify_id=11 (,), draft_id=1119 ( into), is_last=False, is_eos=False
Token 0 verification failed, accepting up to this token. is_last: False, is_eos: False, is_mismatch: True

Draft step 0: in_token=tensor([[11]], device='cuda:4'), in_token_decoded=,, end_index: 5518
predicted_token: 1221, predict_score: 0.35495004057884216, token :  then
Draft step 0, token  then, predict_score 0.35495004057884216 < threshold 0.6, stopping further draft
Verifying token 0: verify_id=448 ( with), draft_id=1221 ( then), is_last=False, is_eos=False
Token 0 verification failed, accepting up to this token. is_last: False, is_eos: False, is_mismatch: True

Draft step 0: in_token=tensor([[448]], device='cuda:4'), in_token_decoded= with, end_index: 5519
predicted_token: 264, predict_score: 0.35265567898750305, token :  a
Draft step 0, token  a, predict_score 0.35265567898750305 < threshold 0.6, stopping further draft
Verifying token 0: verify_id=279 ( the), draft_id=264 ( a), is_last=False, is_eos=False
Token 0 verification failed, accepting up to this token. is_last: False, is_eos: False, is_mismatch: True

Draft step 0: in_token=tensor([[279]], device='cuda:4'), in_token_decoded= the, end_index: 5520
predicted_token: 21430, predict_score: 0.11267329752445221, token :  knife
Draft step 0, token  knife, predict_score 0.11267329752445221 < threshold 0.6, stopping further draft
Verifying token 0: verify_id=1697 ( person), draft_id=21430 ( knife), is_last=False, is_eos=False
Token 0 verification failed, accepting up to this token. is_last: False, is_eos: False, is_mismatch: True

Draft step 0: in_token=tensor([[1697]], device='cuda:4'), in_token_decoded= person, end_index: 5521
predicted_token: 374, predict_score: 0.27572283148765564, token :  is
Draft step 0, token  is, predict_score 0.27572283148765564 < threshold 0.6, stopping further draft
Verifying token 0: verify_id=594 ('s), draft_id=374 ( is), is_last=False, is_eos=False
Token 0 verification failed, accepting up to this token. is_last: False, is_eos: False, is_mismatch: True

Draft step 0: in_token=tensor([[594]], device='cuda:4'), in_token_decoded='s, end_index: 5522
predicted_token: 15138, predict_score: 0.19208970665931702, token :  chest
Draft step 0, token  chest, predict_score 0.19208970665931702 < threshold 0.6, stopping further draft
Verifying token 0: verify_id=6078 ( hands), draft_id=15138 ( chest), is_last=False, is_eos=False
Token 0 verification failed, accepting up to this token. is_last: False, is_eos: False, is_mismatch: True

Draft step 0: in_token=tensor([[6078]], device='cuda:4'), in_token_decoded= hands, end_index: 5523
predicted_token: 525, predict_score: 0.46554920077323914, token :  are
Draft step 0, token  are, predict_score 0.46554920077323914 < threshold 0.6, stopping further draft
Verifying token 0: verify_id=7218 ( moving), draft_id=525 ( are), is_last=False, is_eos=False
Token 0 verification failed, accepting up to this token. is_last: False, is_eos: False, is_mismatch: True

Draft step 0: in_token=tensor([[7218]], device='cuda:4'), in_token_decoded= moving, end_index: 5524
predicted_token: 432, predict_score: 0.8367564678192139, token :  it

Draft step 1: in_token=tensor([[432]], device='cuda:4'), in_token_decoded= it, end_index: 5525
predicted_token: 1119, predict_score: 0.15772145986557007, token :  into
Draft step 1, token  into, predict_score 0.15772145986557007 < threshold 0.6, stopping further draft
Verifying token 0: verify_id=432 ( it), draft_id=432 ( it), is_last=False, is_eos=False
Verifying token 1: verify_id=1182 ( back), draft_id=1119 ( into), is_last=False, is_eos=False
Token 1 verification failed, accepting up to this token. is_last: False, is_eos: False, is_mismatch: True

Draft step 0: in_token=tensor([[1182]], device='cuda:4'), in_token_decoded= back, end_index: 5526
predicted_token: 389, predict_score: 0.5152314901351929, token :  on
Draft step 0, token  on, predict_score 0.5152314901351929 < threshold 0.6, stopping further draft
Verifying token 0: verify_id=323 ( and), draft_id=389 ( on), is_last=False, is_eos=False
Token 0 verification failed, accepting up to this token. is_last: False, is_eos: False, is_mismatch: True

Draft step 0: in_token=tensor([[323]], device='cuda:4'), in_token_decoded= and, end_index: 5527
predicted_token: 1221, predict_score: 0.2431265264749527, token :  then
Draft step 0, token  then, predict_score 0.2431265264749527 < threshold 0.6, stopping further draft
Verifying token 0: verify_id=13241 ( forth), draft_id=1221 ( then), is_last=False, is_eos=False
Token 0 verification failed, accepting up to this token. is_last: False, is_eos: False, is_mismatch: True

Draft step 0: in_token=tensor([[13241]], device='cuda:4'), in_token_decoded= forth, end_index: 5528
predicted_token: 13, predict_score: 0.18576392531394958, token : .
Draft step 0, token ., predict_score 0.18576392531394958 < threshold 0.6, stopping further draft
Verifying token 0: verify_id=311 ( to), draft_id=13 (.), is_last=False, is_eos=False
Token 0 verification failed, accepting up to this token. is_last: False, is_eos: False, is_mismatch: True

Draft step 0: in_token=tensor([[311]], device='cuda:4'), in_token_decoded= to, end_index: 5529
predicted_token: 1779, predict_score: 0.14218181371688843, token :  check
Draft step 0, token  check, predict_score 0.14218181371688843 < threshold 0.6, stopping further draft
Verifying token 0: verify_id=975 ( work), draft_id=1779 ( check), is_last=False, is_eos=False
Token 0 verification failed, accepting up to this token. is_last: False, is_eos: False, is_mismatch: True

Draft step 0: in_token=tensor([[975]], device='cuda:4'), in_token_decoded= work, end_index: 5530
predicted_token: 389, predict_score: 0.8529958128929138, token :  on

Draft step 1: in_token=tensor([[389]], device='cuda:4'), in_token_decoded= on, end_index: 5531
predicted_token: 279, predict_score: 0.7153529524803162, token :  the

Draft step 2: in_token=tensor([[279]], device='cuda:4'), in_token_decoded= the, end_index: 5532
predicted_token: 1965, predict_score: 0.35424891114234924, token :  table
Draft step 2, token  table, predict_score 0.35424891114234924 < threshold 0.6, stopping further draft
Verifying token 0: verify_id=432 ( it), draft_id=389 ( on), is_last=False, is_eos=False
Token 0 verification failed, accepting up to this token. is_last: False, is_eos: False, is_mismatch: True

Draft step 0: in_token=tensor([[432]], device='cuda:4'), in_token_decoded= it, end_index: 5531
predicted_token: 1119, predict_score: 0.18588316440582275, token :  into
Draft step 0, token  into, predict_score 0.18588316440582275 < threshold 0.6, stopping further draft
Verifying token 0: verify_id=1119 ( into), draft_id=1119 ( into), is_last=False, is_eos=False

Draft step 0: in_token=tensor([[1119]], device='cuda:4'), in_token_decoded= into, end_index: 5532
predicted_token: 279, predict_score: 0.49841412901878357, token :  the
Draft step 0, token  the, predict_score 0.49841412901878357 < threshold 0.6, stopping further draft
Verifying token 0: verify_id=264 ( a), draft_id=279 ( the), is_last=False, is_eos=False
Token 0 verification failed, accepting up to this token. is_last: False, is_eos: False, is_mismatch: True

Draft step 0: in_token=tensor([[264]], device='cuda:4'), in_token_decoded= a, end_index: 5533
predicted_token: 19212, predict_score: 0.7219368815422058, token :  bowl

Draft step 1: in_token=tensor([[19212]], device='cuda:4'), in_token_decoded= bowl, end_index: 5534
predicted_token: 11, predict_score: 0.49651387333869934, token : ,
Draft step 1, token ,, predict_score 0.49651387333869934 < threshold 0.6, stopping further draft
Verifying token 0: verify_id=803 ( more), draft_id=19212 ( bowl), is_last=False, is_eos=False
Token 0 verification failed, accepting up to this token. is_last: False, is_eos: False, is_mismatch: True

Draft step 0: in_token=tensor([[803]], device='cuda:4'), in_token_decoded= more, end_index: 5534
predicted_token: 1091, predict_score: 0.008613532409071922, token :  than
Draft step 0, token  than, predict_score 0.008613532409071922 < threshold 0.6, stopping further draft
Verifying token 0: verify_id=13794 ( uniform), draft_id=1091 ( than), is_last=False, is_eos=False
Token 0 verification failed, accepting up to this token. is_last: False, is_eos: False, is_mismatch: True

Draft step 0: in_token=tensor([[13794]], device='cuda:4'), in_token_decoded= uniform, end_index: 5535
predicted_token: 13, predict_score: 0.4533716142177582, token : .
Draft step 0, token ., predict_score 0.4533716142177582 < threshold 0.6, stopping further draft
Verifying token 0: verify_id=6083 ( shape), draft_id=13 (.), is_last=False, is_eos=False
Token 0 verification failed, accepting up to this token. is_last: False, is_eos: False, is_mismatch: True

Draft step 0: in_token=tensor([[6083]], device='cuda:4'), in_token_decoded= shape, end_index: 5536
predicted_token: 11, predict_score: 0.3539975881576538, token : ,
Draft step 0, token ,, predict_score 0.3539975881576538 < threshold 0.6, stopping further draft
Verifying token 0: verify_id=11 (,), draft_id=11 (,), is_last=False, is_eos=False

Draft step 0: in_token=tensor([[11]], device='cuda:4'), in_token_decoded=,, end_index: 5537
predicted_token: 1221, predict_score: 0.428528368473053, token :  then
Draft step 0, token  then, predict_score 0.428528368473053 < threshold 0.6, stopping further draft
Verifying token 0: verify_id=323 ( and), draft_id=1221 ( then), is_last=False, is_eos=False
Token 0 verification failed, accepting up to this token. is_last: False, is_eos: False, is_mismatch: True

Draft step 0: in_token=tensor([[323]], device='cuda:4'), in_token_decoded= and, end_index: 5538
predicted_token: 279, predict_score: 0.38041138648986816, token :  the
Draft step 0, token  the, predict_score 0.38041138648986816 < threshold 0.6, stopping further draft
Verifying token 0: verify_id=1221 ( then), draft_id=279 ( the), is_last=False, is_eos=False
Token 0 verification failed, accepting up to this token. is_last: False, is_eos: False, is_mismatch: True

Draft step 0: in_token=tensor([[1221]], device='cuda:4'), in_token_decoded= then, end_index: 5539
predicted_token: 9099, predict_score: 0.45824432373046875, token :  placed
Draft step 0, token  placed, predict_score 0.45824432373046875 < threshold 0.6, stopping further draft
Verifying token 0: verify_id=9099 ( placed), draft_id=9099 ( placed), is_last=False, is_eos=False

Draft step 0: in_token=tensor([[9099]], device='cuda:4'), in_token_decoded= placed, end_index: 5540
predicted_token: 389, predict_score: 0.461565762758255, token :  on
Draft step 0, token  on, predict_score 0.461565762758255 < threshold 0.6, stopping further draft
Verifying token 0: verify_id=1119 ( into), draft_id=389 ( on), is_last=False, is_eos=False
Token 0 verification failed, accepting up to this token. is_last: False, is_eos: False, is_mismatch: True

Draft step 0: in_token=tensor([[1119]], device='cuda:4'), in_token_decoded= into, end_index: 5541
predicted_token: 279, predict_score: 0.7263565063476562, token :  the

Draft step 1: in_token=tensor([[279]], device='cuda:4'), in_token_decoded= the, end_index: 5542
predicted_token: 19309, predict_score: 0.19654229283332825, token :  sink
Draft step 1, token  sink, predict_score 0.19654229283332825 < threshold 0.6, stopping further draft
Verifying token 0: verify_id=264 ( a), draft_id=279 ( the), is_last=False, is_eos=False
Token 0 verification failed, accepting up to this token. is_last: False, is_eos: False, is_mismatch: True

Draft step 0: in_token=tensor([[264]], device='cuda:4'), in_token_decoded= a, end_index: 5542
predicted_token: 19212, predict_score: 0.6775876879692078, token :  bowl

Draft step 1: in_token=tensor([[19212]], device='cuda:4'), in_token_decoded= bowl, end_index: 5543
predicted_token: 11, predict_score: 0.45235881209373474, token : ,
Draft step 1, token ,, predict_score 0.45235881209373474 < threshold 0.6, stopping further draft
Verifying token 0: verify_id=30352 ( dough), draft_id=19212 ( bowl), is_last=False, is_eos=False
Token 0 verification failed, accepting up to this token. is_last: False, is_eos: False, is_mismatch: True

Draft step 0: in_token=tensor([[30352]], device='cuda:4'), in_token_decoded= dough, end_index: 5543
predicted_token: 389, predict_score: 0.43994688987731934, token :  on
Draft step 0, token  on, predict_score 0.43994688987731934 < threshold 0.6, stopping further draft
Verifying token 0: verify_id=37778 ( mixer), draft_id=389 ( on), is_last=False, is_eos=False
Token 0 verification failed, accepting up to this token. is_last: False, is_eos: False, is_mismatch: True

Draft step 0: in_token=tensor([[37778]], device='cuda:4'), in_token_decoded= mixer, end_index: 5544
predicted_token: 13, predict_score: 0.45843440294265747, token : .
Draft step 0, token ., predict_score 0.45843440294265747 < threshold 0.6, stopping further draft
Verifying token 0: verify_id=13 (.), draft_id=13 (.), is_last=False, is_eos=False

Draft step 0: in_token=tensor([[13]], device='cuda:4'), in_token_decoded=., end_index: 5545
predicted_token: 151645, predict_score: 0.6013951301574707, token : <|im_end|>
Verifying token 0: verify_id=151645 (<|im_end|>), draft_id=151645 (<|im_end|>), is_last=False, is_eos=True
Token 0 verification failed, accepting up to this token. is_last: False, is_eos: True, is_mismatch: False
New tokens: ["The dough is kneaded by pressing and folding it, with the person's hands moving it back and forth to work it into a more uniform shape, and then placed into a dough mixer.<|im_end|>"]
Total new tokens generated: 39
[Spec] avg_accept=1.06 | tokens=39 | context_len=5507
[Adapter] acc=8/38 (21.1%) | avg_confidence=0.420 | drafted_avg_confidence=0.420 | context_len=5507
\n===== Lossless Check =====
Speculative output: The dough is kneaded by pressing and folding it, with the person's hands moving it back and forth to work it into a more uniform shape, and then placed into a dough mixer.
AR manual output:   The dough is kneaded by pressing and folding it, with the person's hands moving it back and forth to work it into a more uniform shape, and then placed into a dough mixer.
Exact match: True
OK: Outputs match. Speculative decoding is lossless.
Speedup: 0.85x
Speedup_decode: 0.85x
Spec decode tok/s: 19.15
AR decode tok/s:   22.65
 first token :NO

Draft step 0: in_token=tensor([[8996]], device='cuda:4'), in_token_decoded=NO, end_index: 5608
predicted_token: 3596, predict_score: 0.999983549118042, token :  RE

Draft step 1: in_token=tensor([[3596]], device='cuda:4'), in_token_decoded= RE, end_index: 5609
predicted_token: 24834, predict_score: 0.9999915361404419, token : PLY

Draft step 2: in_token=tensor([[24834]], device='cuda:4'), in_token_decoded=PLY, end_index: 5610
predicted_token: 151645, predict_score: 0.6150307655334473, token : <|im_end|>
Verifying token 0: verify_id=3596 ( RE), draft_id=3596 ( RE), is_last=False, is_eos=False
Verifying token 1: verify_id=24834 (PLY), draft_id=24834 (PLY), is_last=False, is_eos=False
Verifying token 2: verify_id=151645 (<|im_end|>), draft_id=151645 (<|im_end|>), is_last=False, is_eos=True
Token 2 verification failed, accepting up to this token. is_last: False, is_eos: True, is_mismatch: False
New tokens: ['NO REPLY<|im_end|>']
Total new tokens generated: 4
[Spec] avg_accept=3.00 | tokens=4 | context_len=5607
[Adapter] acc=3/3 (100.0%) | avg_confidence=0.872 | drafted_avg_confidence=0.872 | context_len=5607
\n===== Lossless Check =====
Speculative output: NO REPLY
AR manual output:   NO REPLY
Exact match: True
OK: Outputs match. Speculative decoding is lossless.
Speedup: 1.40x
Speedup_decode: 1.07x
Spec decode tok/s: 30.68
AR decode tok/s:   28.80
 first token :NO

Draft step 0: in_token=tensor([[8996]], device='cuda:4'), in_token_decoded=NO, end_index: 5673
predicted_token: 3596, predict_score: 0.9999830722808838, token :  RE

Draft step 1: in_token=tensor([[3596]], device='cuda:4'), in_token_decoded= RE, end_index: 5674
predicted_token: 24834, predict_score: 0.9999915361404419, token : PLY

Draft step 2: in_token=tensor([[24834]], device='cuda:4'), in_token_decoded=PLY, end_index: 5675
predicted_token: 151645, predict_score: 0.615215539932251, token : <|im_end|>
Verifying token 0: verify_id=3596 ( RE), draft_id=3596 ( RE), is_last=False, is_eos=False
Verifying token 1: verify_id=24834 (PLY), draft_id=24834 (PLY), is_last=False, is_eos=False
Verifying token 2: verify_id=151645 (<|im_end|>), draft_id=151645 (<|im_end|>), is_last=False, is_eos=True
Token 2 verification failed, accepting up to this token. is_last: False, is_eos: True, is_mismatch: False
New tokens: ['NO REPLY<|im_end|>']
Total new tokens generated: 4
[Spec] avg_accept=3.00 | tokens=4 | context_len=5672
[Adapter] acc=3/3 (100.0%) | avg_confidence=0.872 | drafted_avg_confidence=0.872 | context_len=5672
\n===== Lossless Check =====
Speculative output: NO REPLY
AR manual output:   NO REPLY
Exact match: True
OK: Outputs match. Speculative decoding is lossless.
Speedup: 1.41x
Speedup_decode: 1.20x
Spec decode tok/s: 34.08
AR decode tok/s:   28.44
 first token :NO

Draft step 0: in_token=tensor([[8996]], device='cuda:4'), in_token_decoded=NO, end_index: 5738
predicted_token: 3596, predict_score: 0.9999833106994629, token :  RE

Draft step 1: in_token=tensor([[3596]], device='cuda:4'), in_token_decoded= RE, end_index: 5739
predicted_token: 24834, predict_score: 0.9999916553497314, token : PLY

Draft step 2: in_token=tensor([[24834]], device='cuda:4'), in_token_decoded=PLY, end_index: 5740
predicted_token: 151645, predict_score: 0.6161112189292908, token : <|im_end|>
Verifying token 0: verify_id=3596 ( RE), draft_id=3596 ( RE), is_last=False, is_eos=False
Verifying token 1: verify_id=24834 (PLY), draft_id=24834 (PLY), is_last=False, is_eos=False
Verifying token 2: verify_id=151645 (<|im_end|>), draft_id=151645 (<|im_end|>), is_last=False, is_eos=True
Token 2 verification failed, accepting up to this token. is_last: False, is_eos: True, is_mismatch: False
New tokens: ['NO REPLY<|im_end|>']
Total new tokens generated: 4
[Spec] avg_accept=3.00 | tokens=4 | context_len=5737
[Adapter] acc=3/3 (100.0%) | avg_confidence=0.872 | drafted_avg_confidence=0.872 | context_len=5737
\n===== Lossless Check =====
Speculative output: NO REPLY
AR manual output:   NO REPLY
Exact match: True
OK: Outputs match. Speculative decoding is lossless.
Speedup: 1.26x
Speedup_decode: 0.98x
Spec decode tok/s: 28.39
AR decode tok/s:   28.87
 first token :The

Draft step 0: in_token=tensor([[785]], device='cuda:4'), in_token_decoded=The, end_index: 5803
predicted_token: 1697, predict_score: 0.21481604874134064, token :  person
Draft step 0, token  person, predict_score 0.21481604874134064 < threshold 0.6, stopping further draft
Verifying token 0: verify_id=30352 ( dough), draft_id=1697 ( person), is_last=False, is_eos=False
Token 0 verification failed, accepting up to this token. is_last: False, is_eos: False, is_mismatch: True

Draft step 0: in_token=tensor([[30352]], device='cuda:4'), in_token_decoded= dough, end_index: 5804
predicted_token: 374, predict_score: 0.7384932041168213, token :  is

Draft step 1: in_token=tensor([[374]], device='cuda:4'), in_token_decoded= is, end_index: 5805
predicted_token: 5644, predict_score: 0.2912573218345642, token :  held
Draft step 1, token  held, predict_score 0.2912573218345642 < threshold 0.6, stopping further draft
Verifying token 0: verify_id=374 ( is), draft_id=374 ( is), is_last=False, is_eos=False
Verifying token 1: verify_id=13853 ( kne), draft_id=5644 ( held), is_last=False, is_eos=False
Token 1 verification failed, accepting up to this token. is_last: False, is_eos: False, is_mismatch: True

Draft step 0: in_token=tensor([[13853]], device='cuda:4'), in_token_decoded= kne, end_index: 5806
predicted_token: 311, predict_score: 0.04062560200691223, token :  to
Draft step 0, token  to, predict_score 0.04062560200691223 < threshold 0.6, stopping further draft
Verifying token 0: verify_id=14255 (aded), draft_id=311 ( to), is_last=False, is_eos=False
Token 0 verification failed, accepting up to this token. is_last: False, is_eos: False, is_mismatch: True

Draft step 0: in_token=tensor([[14255]], device='cuda:4'), in_token_decoded=aded, end_index: 5807
predicted_token: 448, predict_score: 0.22092922031879425, token :  with
Draft step 0, token  with, predict_score 0.22092922031879425 < threshold 0.6, stopping further draft
Verifying token 0: verify_id=553 ( by), draft_id=448 ( with), is_last=False, is_eos=False
Token 0 verification failed, accepting up to this token. is_last: False, is_eos: False, is_mismatch: True

Draft step 0: in_token=tensor([[553]], device='cuda:4'), in_token_decoded= by, end_index: 5808
predicted_token: 13054, predict_score: 0.2782193124294281, token :  turning
Draft step 0, token  turning, predict_score 0.2782193124294281 < threshold 0.6, stopping further draft
Verifying token 0: verify_id=25352 ( pressing), draft_id=13054 ( turning), is_last=False, is_eos=False
Token 0 verification failed, accepting up to this token. is_last: False, is_eos: False, is_mismatch: True

Draft step 0: in_token=tensor([[25352]], device='cuda:4'), in_token_decoded= pressing, end_index: 5809
predicted_token: 1495, predict_score: 0.6349461674690247, token :  down

Draft step 1: in_token=tensor([[1495]], device='cuda:4'), in_token_decoded= down, end_index: 5810
predicted_token: 389, predict_score: 0.8525481224060059, token :  on

Draft step 2: in_token=tensor([[389]], device='cuda:4'), in_token_decoded= on, end_index: 5811
predicted_token: 279, predict_score: 0.9693000912666321, token :  the

Draft step 3: in_token=tensor([[279]], device='cuda:4'), in_token_decoded= the, end_index: 5812
predicted_token: 14376, predict_score: 0.3364754319190979, token :  cutting
Draft step 3, token  cutting, predict_score 0.3364754319190979 < threshold 0.6, stopping further draft
Verifying token 0: verify_id=323 ( and), draft_id=1495 ( down), is_last=False, is_eos=False
Token 0 verification failed, accepting up to this token. is_last: False, is_eos: False, is_mismatch: True

Draft step 0: in_token=tensor([[323]], device='cuda:4'), in_token_decoded= and, end_index: 5810
predicted_token: 9099, predict_score: 0.10557228326797485, token :  placed
Draft step 0, token  placed, predict_score 0.10557228326797485 < threshold 0.6, stopping further draft
Verifying token 0: verify_id=44742 ( folding), draft_id=9099 ( placed), is_last=False, is_eos=False
Token 0 verification failed, accepting up to this token. is_last: False, is_eos: False, is_mismatch: True

Draft step 0: in_token=tensor([[44742]], device='cuda:4'), in_token_decoded= folding, end_index: 5811
predicted_token: 432, predict_score: 0.5584331750869751, token :  it
Draft step 0, token  it, predict_score 0.5584331750869751 < threshold 0.6, stopping further draft
Verifying token 0: verify_id=432 ( it), draft_id=432 ( it), is_last=False, is_eos=False

Draft step 0: in_token=tensor([[432]], device='cuda:4'), in_token_decoded= it, end_index: 5812
predicted_token: 1119, predict_score: 0.33646824955940247, token :  into
Draft step 0, token  into, predict_score 0.33646824955940247 < threshold 0.6, stopping further draft
Verifying token 0: verify_id=11 (,), draft_id=1119 ( into), is_last=False, is_eos=False
Token 0 verification failed, accepting up to this token. is_last: False, is_eos: False, is_mismatch: True

Draft step 0: in_token=tensor([[11]], device='cuda:4'), in_token_decoded=,, end_index: 5813
predicted_token: 1221, predict_score: 0.33104631304740906, token :  then
Draft step 0, token  then, predict_score 0.33104631304740906 < threshold 0.6, stopping further draft
Verifying token 0: verify_id=448 ( with), draft_id=1221 ( then), is_last=False, is_eos=False
Token 0 verification failed, accepting up to this token. is_last: False, is_eos: False, is_mismatch: True

Draft step 0: in_token=tensor([[448]], device='cuda:4'), in_token_decoded= with, end_index: 5814
predicted_token: 264, predict_score: 0.3521847426891327, token :  a
Draft step 0, token  a, predict_score 0.3521847426891327 < threshold 0.6, stopping further draft
Verifying token 0: verify_id=279 ( the), draft_id=264 ( a), is_last=False, is_eos=False
Token 0 verification failed, accepting up to this token. is_last: False, is_eos: False, is_mismatch: True

Draft step 0: in_token=tensor([[279]], device='cuda:4'), in_token_decoded= the, end_index: 5815
predicted_token: 21430, predict_score: 0.10506048053503036, token :  knife
Draft step 0, token  knife, predict_score 0.10506048053503036 < threshold 0.6, stopping further draft
Verifying token 0: verify_id=1697 ( person), draft_id=21430 ( knife), is_last=False, is_eos=False
Token 0 verification failed, accepting up to this token. is_last: False, is_eos: False, is_mismatch: True

Draft step 0: in_token=tensor([[1697]], device='cuda:4'), in_token_decoded= person, end_index: 5816
predicted_token: 374, predict_score: 0.2803821861743927, token :  is
Draft step 0, token  is, predict_score 0.2803821861743927 < threshold 0.6, stopping further draft
Verifying token 0: verify_id=594 ('s), draft_id=374 ( is), is_last=False, is_eos=False
Token 0 verification failed, accepting up to this token. is_last: False, is_eos: False, is_mismatch: True

Draft step 0: in_token=tensor([[594]], device='cuda:4'), in_token_decoded='s, end_index: 5817
predicted_token: 15138, predict_score: 0.1812964379787445, token :  chest
Draft step 0, token  chest, predict_score 0.1812964379787445 < threshold 0.6, stopping further draft
Verifying token 0: verify_id=6078 ( hands), draft_id=15138 ( chest), is_last=False, is_eos=False
Token 0 verification failed, accepting up to this token. is_last: False, is_eos: False, is_mismatch: True

Draft step 0: in_token=tensor([[6078]], device='cuda:4'), in_token_decoded= hands, end_index: 5818
predicted_token: 525, predict_score: 0.45279109477996826, token :  are
Draft step 0, token  are, predict_score 0.45279109477996826 < threshold 0.6, stopping further draft
Verifying token 0: verify_id=7218 ( moving), draft_id=525 ( are), is_last=False, is_eos=False
Token 0 verification failed, accepting up to this token. is_last: False, is_eos: False, is_mismatch: True

Draft step 0: in_token=tensor([[7218]], device='cuda:4'), in_token_decoded= moving, end_index: 5819
predicted_token: 432, predict_score: 0.8439810872077942, token :  it

Draft step 1: in_token=tensor([[432]], device='cuda:4'), in_token_decoded= it, end_index: 5820
predicted_token: 1119, predict_score: 0.14505527913570404, token :  into
Draft step 1, token  into, predict_score 0.14505527913570404 < threshold 0.6, stopping further draft
Verifying token 0: verify_id=432 ( it), draft_id=432 ( it), is_last=False, is_eos=False
Verifying token 1: verify_id=1182 ( back), draft_id=1119 ( into), is_last=False, is_eos=False
Token 1 verification failed, accepting up to this token. is_last: False, is_eos: False, is_mismatch: True

Draft step 0: in_token=tensor([[1182]], device='cuda:4'), in_token_decoded= back, end_index: 5821
predicted_token: 389, predict_score: 0.5296292304992676, token :  on
Draft step 0, token  on, predict_score 0.5296292304992676 < threshold 0.6, stopping further draft
Verifying token 0: verify_id=323 ( and), draft_id=389 ( on), is_last=False, is_eos=False
Token 0 verification failed, accepting up to this token. is_last: False, is_eos: False, is_mismatch: True

Draft step 0: in_token=tensor([[323]], device='cuda:4'), in_token_decoded= and, end_index: 5822
predicted_token: 1221, predict_score: 0.23251011967658997, token :  then
Draft step 0, token  then, predict_score 0.23251011967658997 < threshold 0.6, stopping further draft
Verifying token 0: verify_id=13241 ( forth), draft_id=1221 ( then), is_last=False, is_eos=False
Token 0 verification failed, accepting up to this token. is_last: False, is_eos: False, is_mismatch: True

Draft step 0: in_token=tensor([[13241]], device='cuda:4'), in_token_decoded= forth, end_index: 5823
predicted_token: 13, predict_score: 0.17765840888023376, token : .
Draft step 0, token ., predict_score 0.17765840888023376 < threshold 0.6, stopping further draft
Verifying token 0: verify_id=311 ( to), draft_id=13 (.), is_last=False, is_eos=False
Token 0 verification failed, accepting up to this token. is_last: False, is_eos: False, is_mismatch: True

Draft step 0: in_token=tensor([[311]], device='cuda:4'), in_token_decoded= to, end_index: 5824
predicted_token: 1779, predict_score: 0.14180734753608704, token :  check
Draft step 0, token  check, predict_score 0.14180734753608704 < threshold 0.6, stopping further draft
Verifying token 0: verify_id=975 ( work), draft_id=1779 ( check), is_last=False, is_eos=False
Token 0 verification failed, accepting up to this token. is_last: False, is_eos: False, is_mismatch: True

Draft step 0: in_token=tensor([[975]], device='cuda:4'), in_token_decoded= work, end_index: 5825
predicted_token: 389, predict_score: 0.8656691908836365, token :  on

Draft step 1: in_token=tensor([[389]], device='cuda:4'), in_token_decoded= on, end_index: 5826
predicted_token: 279, predict_score: 0.7278690934181213, token :  the

Draft step 2: in_token=tensor([[279]], device='cuda:4'), in_token_decoded= the, end_index: 5827
predicted_token: 1965, predict_score: 0.33766213059425354, token :  table
Draft step 2, token  table, predict_score 0.33766213059425354 < threshold 0.6, stopping further draft
Verifying token 0: verify_id=432 ( it), draft_id=389 ( on), is_last=False, is_eos=False
Token 0 verification failed, accepting up to this token. is_last: False, is_eos: False, is_mismatch: True

Draft step 0: in_token=tensor([[432]], device='cuda:4'), in_token_decoded= it, end_index: 5826
predicted_token: 1119, predict_score: 0.17544524371623993, token :  into
Draft step 0, token  into, predict_score 0.17544524371623993 < threshold 0.6, stopping further draft
Verifying token 0: verify_id=1119 ( into), draft_id=1119 ( into), is_last=False, is_eos=False

Draft step 0: in_token=tensor([[1119]], device='cuda:4'), in_token_decoded= into, end_index: 5827
predicted_token: 279, predict_score: 0.5186378359794617, token :  the
Draft step 0, token  the, predict_score 0.5186378359794617 < threshold 0.6, stopping further draft
Verifying token 0: verify_id=264 ( a), draft_id=279 ( the), is_last=False, is_eos=False
Token 0 verification failed, accepting up to this token. is_last: False, is_eos: False, is_mismatch: True

Draft step 0: in_token=tensor([[264]], device='cuda:4'), in_token_decoded= a, end_index: 5828
predicted_token: 19212, predict_score: 0.7343171238899231, token :  bowl

Draft step 1: in_token=tensor([[19212]], device='cuda:4'), in_token_decoded= bowl, end_index: 5829
predicted_token: 11, predict_score: 0.5053752660751343, token : ,
Draft step 1, token ,, predict_score 0.5053752660751343 < threshold 0.6, stopping further draft
Verifying token 0: verify_id=803 ( more), draft_id=19212 ( bowl), is_last=False, is_eos=False
Token 0 verification failed, accepting up to this token. is_last: False, is_eos: False, is_mismatch: True

Draft step 0: in_token=tensor([[803]], device='cuda:4'), in_token_decoded= more, end_index: 5829
predicted_token: 1091, predict_score: 0.008923915214836597, token :  than
Draft step 0, token  than, predict_score 0.008923915214836597 < threshold 0.6, stopping further draft
Verifying token 0: verify_id=13794 ( uniform), draft_id=1091 ( than), is_last=False, is_eos=False
Token 0 verification failed, accepting up to this token. is_last: False, is_eos: False, is_mismatch: True

Draft step 0: in_token=tensor([[13794]], device='cuda:4'), in_token_decoded= uniform, end_index: 5830
predicted_token: 13, predict_score: 0.45253536105155945, token : .
Draft step 0, token ., predict_score 0.45253536105155945 < threshold 0.6, stopping further draft
Verifying token 0: verify_id=6083 ( shape), draft_id=13 (.), is_last=False, is_eos=False
Token 0 verification failed, accepting up to this token. is_last: False, is_eos: False, is_mismatch: True

Draft step 0: in_token=tensor([[6083]], device='cuda:4'), in_token_decoded= shape, end_index: 5831
predicted_token: 11, predict_score: 0.35084015130996704, token : ,
Draft step 0, token ,, predict_score 0.35084015130996704 < threshold 0.6, stopping further draft
Verifying token 0: verify_id=11 (,), draft_id=11 (,), is_last=False, is_eos=False

Draft step 0: in_token=tensor([[11]], device='cuda:4'), in_token_decoded=,, end_index: 5832
predicted_token: 1221, predict_score: 0.4140355587005615, token :  then
Draft step 0, token  then, predict_score 0.4140355587005615 < threshold 0.6, stopping further draft
Verifying token 0: verify_id=323 ( and), draft_id=1221 ( then), is_last=False, is_eos=False
Token 0 verification failed, accepting up to this token. is_last: False, is_eos: False, is_mismatch: True

Draft step 0: in_token=tensor([[323]], device='cuda:4'), in_token_decoded= and, end_index: 5833
predicted_token: 279, predict_score: 0.40756353735923767, token :  the
Draft step 0, token  the, predict_score 0.40756353735923767 < threshold 0.6, stopping further draft
Verifying token 0: verify_id=1221 ( then), draft_id=279 ( the), is_last=False, is_eos=False
Token 0 verification failed, accepting up to this token. is_last: False, is_eos: False, is_mismatch: True

Draft step 0: in_token=tensor([[1221]], device='cuda:4'), in_token_decoded= then, end_index: 5834
predicted_token: 9099, predict_score: 0.46114853024482727, token :  placed
Draft step 0, token  placed, predict_score 0.46114853024482727 < threshold 0.6, stopping further draft
Verifying token 0: verify_id=9099 ( placed), draft_id=9099 ( placed), is_last=False, is_eos=False

Draft step 0: in_token=tensor([[9099]], device='cuda:4'), in_token_decoded= placed, end_index: 5835
predicted_token: 389, predict_score: 0.47192466259002686, token :  on
Draft step 0, token  on, predict_score 0.47192466259002686 < threshold 0.6, stopping further draft
Verifying token 0: verify_id=1119 ( into), draft_id=389 ( on), is_last=False, is_eos=False
Token 0 verification failed, accepting up to this token. is_last: False, is_eos: False, is_mismatch: True

Draft step 0: in_token=tensor([[1119]], device='cuda:4'), in_token_decoded= into, end_index: 5836
predicted_token: 279, predict_score: 0.7231479287147522, token :  the

Draft step 1: in_token=tensor([[279]], device='cuda:4'), in_token_decoded= the, end_index: 5837
predicted_token: 19309, predict_score: 0.20412057638168335, token :  sink
Draft step 1, token  sink, predict_score 0.20412057638168335 < threshold 0.6, stopping further draft
Verifying token 0: verify_id=264 ( a), draft_id=279 ( the), is_last=False, is_eos=False
Token 0 verification failed, accepting up to this token. is_last: False, is_eos: False, is_mismatch: True

Draft step 0: in_token=tensor([[264]], device='cuda:4'), in_token_decoded= a, end_index: 5837
predicted_token: 19212, predict_score: 0.6629460453987122, token :  bowl

Draft step 1: in_token=tensor([[19212]], device='cuda:4'), in_token_decoded= bowl, end_index: 5838
predicted_token: 11, predict_score: 0.44304561614990234, token : ,
Draft step 1, token ,, predict_score 0.44304561614990234 < threshold 0.6, stopping further draft
Verifying token 0: verify_id=30352 ( dough), draft_id=19212 ( bowl), is_last=False, is_eos=False
Token 0 verification failed, accepting up to this token. is_last: False, is_eos: False, is_mismatch: True

Draft step 0: in_token=tensor([[30352]], device='cuda:4'), in_token_decoded= dough, end_index: 5838
predicted_token: 389, predict_score: 0.4355691373348236, token :  on
Draft step 0, token  on, predict_score 0.4355691373348236 < threshold 0.6, stopping further draft
Verifying token 0: verify_id=37778 ( mixer), draft_id=389 ( on), is_last=False, is_eos=False
Token 0 verification failed, accepting up to this token. is_last: False, is_eos: False, is_mismatch: True

Draft step 0: in_token=tensor([[37778]], device='cuda:4'), in_token_decoded= mixer, end_index: 5839
predicted_token: 13, predict_score: 0.4695036709308624, token : .
Draft step 0, token ., predict_score 0.4695036709308624 < threshold 0.6, stopping further draft
Verifying token 0: verify_id=311 ( to), draft_id=13 (.), is_last=False, is_eos=False
Token 0 verification failed, accepting up to this token. is_last: False, is_eos: False, is_mismatch: True

Draft step 0: in_token=tensor([[311]], device='cuda:4'), in_token_decoded= to, end_index: 5840
predicted_token: 3931, predict_score: 0.08168082684278488, token :  cut
Draft step 0, token  cut, predict_score 0.08168082684278488 < threshold 0.6, stopping further draft
Verifying token 0: verify_id=387 ( be), draft_id=3931 ( cut), is_last=False, is_eos=False
Token 0 verification failed, accepting up to this token. is_last: False, is_eos: False, is_mismatch: True

Draft step 0: in_token=tensor([[387]], device='cuda:4'), in_token_decoded= be, end_index: 5841
predicted_token: 9099, predict_score: 0.053685177117586136, token :  placed
Draft step 0, token  placed, predict_score 0.053685177117586136 < threshold 0.6, stopping further draft
Verifying token 0: verify_id=13853 ( kne), draft_id=9099 ( placed), is_last=False, is_eos=False
Token 0 verification failed, accepting up to this token. is_last: False, is_eos: False, is_mismatch: True

Draft step 0: in_token=tensor([[13853]], device='cuda:4'), in_token_decoded= kne, end_index: 5842
predicted_token: 13, predict_score: 0.19680358469486237, token : .
Draft step 0, token ., predict_score 0.19680358469486237 < threshold 0.6, stopping further draft
Verifying token 0: verify_id=14255 (aded), draft_id=13 (.), is_last=False, is_eos=False
Token 0 verification failed, accepting up to this token. is_last: False, is_eos: False, is_mismatch: True

Draft step 0: in_token=tensor([[14255]], device='cuda:4'), in_token_decoded=aded, end_index: 5843
predicted_token: 13, predict_score: 0.2600770890712738, token : .
Draft step 0, token ., predict_score 0.2600770890712738 < threshold 0.6, stopping further draft
Verifying token 0: verify_id=4623 ( further), draft_id=13 (.), is_last=False, is_eos=False
Token 0 verification failed, accepting up to this token. is_last: False, is_eos: False, is_mismatch: True

Draft step 0: in_token=tensor([[4623]], device='cuda:4'), in_token_decoded= further, end_index: 5844
predicted_token: 13, predict_score: 0.08689098060131073, token : .
Draft step 0, token ., predict_score 0.08689098060131073 < threshold 0.6, stopping further draft
Verifying token 0: verify_id=13 (.), draft_id=13 (.), is_last=False, is_eos=False

Draft step 0: in_token=tensor([[13]], device='cuda:4'), in_token_decoded=., end_index: 5845
predicted_token: 151645, predict_score: 0.5900832414627075, token : <|im_end|>
Verifying token 0: verify_id=151645 (<|im_end|>), draft_id=151645 (<|im_end|>), is_last=False, is_eos=True
Token 0 verification failed, accepting up to this token. is_last: False, is_eos: True, is_mismatch: False
New tokens: ["The dough is kneaded by pressing and folding it, with the person's hands moving it back and forth to work it into a more uniform shape, and then placed into a dough mixer to be kneaded further.<|im_end|>"]
Total new tokens generated: 44
[Spec] avg_accept=1.05 | tokens=44 | context_len=5802
[Adapter] acc=8/43 (18.6%) | avg_confidence=0.392 | drafted_avg_confidence=0.392 | context_len=5802
\n===== Lossless Check =====
Speculative output: The dough is kneaded by pressing and folding it, with the person's hands moving it back and forth to work it into a more uniform shape, and then placed into a dough mixer to be kneaded further.
AR manual output:   The dough is kneaded by pressing and folding it, with the person's hands moving it back and forth to work it into a more uniform shape, and then placed into a dough mixer to be kneaded further.
Exact match: True
OK: Outputs match. Speculative decoding is lossless.
Speedup: 0.87x
Speedup_decode: 0.87x
Spec decode tok/s: 19.61
AR decode tok/s:   22.57
 first token :NO

Draft step 0: in_token=tensor([[8996]], device='cuda:4'), in_token_decoded=NO, end_index: 5908
predicted_token: 3596, predict_score: 0.9999839067459106, token :  RE

Draft step 1: in_token=tensor([[3596]], device='cuda:4'), in_token_decoded= RE, end_index: 5909
predicted_token: 24834, predict_score: 0.9999908208847046, token : PLY

Draft step 2: in_token=tensor([[24834]], device='cuda:4'), in_token_decoded=PLY, end_index: 5910
predicted_token: 151645, predict_score: 0.6173311471939087, token : <|im_end|>
Verifying token 0: verify_id=3596 ( RE), draft_id=3596 ( RE), is_last=False, is_eos=False
Verifying token 1: verify_id=24834 (PLY), draft_id=24834 (PLY), is_last=False, is_eos=False
Verifying token 2: verify_id=151645 (<|im_end|>), draft_id=151645 (<|im_end|>), is_last=False, is_eos=True
Token 2 verification failed, accepting up to this token. is_last: False, is_eos: True, is_mismatch: False
New tokens: ['NO REPLY<|im_end|>']
Total new tokens generated: 4
[Spec] avg_accept=3.00 | tokens=4 | context_len=5907
[Adapter] acc=3/3 (100.0%) | avg_confidence=0.872 | drafted_avg_confidence=0.872 | context_len=5907
\n===== Lossless Check =====
Speculative output: NO REPLY
AR manual output:   NO REPLY
Exact match: True
OK: Outputs match. Speculative decoding is lossless.
Speedup: 1.33x
Speedup_decode: 1.02x
Spec decode tok/s: 29.13
AR decode tok/s:   28.63
 first token :NO

Draft step 0: in_token=tensor([[8996]], device='cuda:4'), in_token_decoded=NO, end_index: 5973
predicted_token: 3596, predict_score: 0.9999836683273315, token :  RE

Draft step 1: in_token=tensor([[3596]], device='cuda:4'), in_token_decoded= RE, end_index: 5974
predicted_token: 24834, predict_score: 0.9999918937683105, token : PLY

Draft step 2: in_token=tensor([[24834]], device='cuda:4'), in_token_decoded=PLY, end_index: 5975
predicted_token: 151645, predict_score: 0.6180810332298279, token : <|im_end|>
Verifying token 0: verify_id=3596 ( RE), draft_id=3596 ( RE), is_last=False, is_eos=False
Verifying token 1: verify_id=24834 (PLY), draft_id=24834 (PLY), is_last=False, is_eos=False
Verifying token 2: verify_id=151645 (<|im_end|>), draft_id=151645 (<|im_end|>), is_last=False, is_eos=True
Token 2 verification failed, accepting up to this token. is_last: False, is_eos: True, is_mismatch: False
New tokens: ['NO REPLY<|im_end|>']
Total new tokens generated: 4
[Spec] avg_accept=3.00 | tokens=4 | context_len=5972
[Adapter] acc=3/3 (100.0%) | avg_confidence=0.873 | drafted_avg_confidence=0.873 | context_len=5972
\n===== Lossless Check =====
Speculative output: NO REPLY
AR manual output:   NO REPLY
Exact match: True
OK: Outputs match. Speculative decoding is lossless.
Speedup: 1.04x
Speedup_decode: 1.11x
Spec decode tok/s: 31.01
AR decode tok/s:   27.95
 first token :NO

Draft step 0: in_token=tensor([[8996]], device='cuda:4'), in_token_decoded=NO, end_index: 6038
predicted_token: 3596, predict_score: 0.9999836683273315, token :  RE

Draft step 1: in_token=tensor([[3596]], device='cuda:4'), in_token_decoded= RE, end_index: 6039
predicted_token: 24834, predict_score: 0.9999918937683105, token : PLY

Draft step 2: in_token=tensor([[24834]], device='cuda:4'), in_token_decoded=PLY, end_index: 6040
predicted_token: 151645, predict_score: 0.6176248788833618, token : <|im_end|>
Verifying token 0: verify_id=3596 ( RE), draft_id=3596 ( RE), is_last=False, is_eos=False
Verifying token 1: verify_id=24834 (PLY), draft_id=24834 (PLY), is_last=False, is_eos=False
Verifying token 2: verify_id=151645 (<|im_end|>), draft_id=151645 (<|im_end|>), is_last=False, is_eos=True
Token 2 verification failed, accepting up to this token. is_last: False, is_eos: True, is_mismatch: False
New tokens: ['NO REPLY<|im_end|>']
Total new tokens generated: 4
[Spec] avg_accept=3.00 | tokens=4 | context_len=6037
[Adapter] acc=3/3 (100.0%) | avg_confidence=0.873 | drafted_avg_confidence=0.873 | context_len=6037
\n===== Lossless Check =====
Speculative output: NO REPLY
AR manual output:   NO REPLY
Exact match: True
OK: Outputs match. Speculative decoding is lossless.
Speedup: 1.34x
Speedup_decode: 1.03x
Spec decode tok/s: 29.89
AR decode tok/s:   29.01
 first token :NO

Draft step 0: in_token=tensor([[8996]], device='cuda:4'), in_token_decoded=NO, end_index: 6103
predicted_token: 3596, predict_score: 0.9999836683273315, token :  RE

Draft step 1: in_token=tensor([[3596]], device='cuda:4'), in_token_decoded= RE, end_index: 6104
predicted_token: 24834, predict_score: 0.9999921321868896, token : PLY

Draft step 2: in_token=tensor([[24834]], device='cuda:4'), in_token_decoded=PLY, end_index: 6105
predicted_token: 151645, predict_score: 0.6200591325759888, token : <|im_end|>
Verifying token 0: verify_id=3596 ( RE), draft_id=3596 ( RE), is_last=False, is_eos=False
Verifying token 1: verify_id=24834 (PLY), draft_id=24834 (PLY), is_last=False, is_eos=False
Verifying token 2: verify_id=151645 (<|im_end|>), draft_id=151645 (<|im_end|>), is_last=False, is_eos=True
Token 2 verification failed, accepting up to this token. is_last: False, is_eos: True, is_mismatch: False
New tokens: ['NO REPLY<|im_end|>']
Total new tokens generated: 4
[Spec] avg_accept=3.00 | tokens=4 | context_len=6102
[Adapter] acc=3/3 (100.0%) | avg_confidence=0.873 | drafted_avg_confidence=0.873 | context_len=6102
\n===== Lossless Check =====
Speculative output: NO REPLY
AR manual output:   NO REPLY
Exact match: True
OK: Outputs match. Speculative decoding is lossless.
Speedup: 1.45x
Speedup_decode: 1.12x
Spec decode tok/s: 29.72
AR decode tok/s:   26.46
 first token :NO

Draft step 0: in_token=tensor([[8996]], device='cuda:4'), in_token_decoded=NO, end_index: 6168
predicted_token: 3596, predict_score: 0.9999834299087524, token :  RE

Draft step 1: in_token=tensor([[3596]], device='cuda:4'), in_token_decoded= RE, end_index: 6169
predicted_token: 24834, predict_score: 0.9999918937683105, token : PLY

Draft step 2: in_token=tensor([[24834]], device='cuda:4'), in_token_decoded=PLY, end_index: 6170
predicted_token: 151645, predict_score: 0.6198882460594177, token : <|im_end|>
Verifying token 0: verify_id=3596 ( RE), draft_id=3596 ( RE), is_last=False, is_eos=False
Verifying token 1: verify_id=24834 (PLY), draft_id=24834 (PLY), is_last=False, is_eos=False
Verifying token 2: verify_id=151645 (<|im_end|>), draft_id=151645 (<|im_end|>), is_last=False, is_eos=True
Token 2 verification failed, accepting up to this token. is_last: False, is_eos: True, is_mismatch: False
New tokens: ['NO REPLY<|im_end|>']
Total new tokens generated: 4
[Spec] avg_accept=3.00 | tokens=4 | context_len=6167
[Adapter] acc=3/3 (100.0%) | avg_confidence=0.873 | drafted_avg_confidence=0.873 | context_len=6167
\n===== Lossless Check =====
Speculative output: NO REPLY
AR manual output:   NO REPLY
Exact match: True
OK: Outputs match. Speculative decoding is lossless.
Speedup: 1.33x
Speedup_decode: 0.98x
Spec decode tok/s: 28.05
AR decode tok/s:   28.73
 first token :NO

Draft step 0: in_token=tensor([[8996]], device='cuda:4'), in_token_decoded=NO, end_index: 6233
predicted_token: 3596, predict_score: 0.9999834299087524, token :  RE

Draft step 1: in_token=tensor([[3596]], device='cuda:4'), in_token_decoded= RE, end_index: 6234
predicted_token: 24834, predict_score: 0.9999916553497314, token : PLY

Draft step 2: in_token=tensor([[24834]], device='cuda:4'), in_token_decoded=PLY, end_index: 6235
predicted_token: 151645, predict_score: 0.61788409948349, token : <|im_end|>
Verifying token 0: verify_id=3596 ( RE), draft_id=3596 ( RE), is_last=False, is_eos=False
Verifying token 1: verify_id=24834 (PLY), draft_id=24834 (PLY), is_last=False, is_eos=False
Verifying token 2: verify_id=151645 (<|im_end|>), draft_id=151645 (<|im_end|>), is_last=False, is_eos=True
Token 2 verification failed, accepting up to this token. is_last: False, is_eos: True, is_mismatch: False
New tokens: ['NO REPLY<|im_end|>']
Total new tokens generated: 4
[Spec] avg_accept=3.00 | tokens=4 | context_len=6232
[Adapter] acc=3/3 (100.0%) | avg_confidence=0.873 | drafted_avg_confidence=0.873 | context_len=6232
\n===== Lossless Check =====
Speculative output: NO REPLY
AR manual output:   NO REPLY
Exact match: True
OK: Outputs match. Speculative decoding is lossless.
Speedup: 1.29x
Speedup_decode: 1.08x
Spec decode tok/s: 30.34
AR decode tok/s:   28.11
 first token :NO

Draft step 0: in_token=tensor([[8996]], device='cuda:4'), in_token_decoded=NO, end_index: 6298
predicted_token: 3596, predict_score: 0.9999836683273315, token :  RE

Draft step 1: in_token=tensor([[3596]], device='cuda:4'), in_token_decoded= RE, end_index: 6299
predicted_token: 24834, predict_score: 0.999991774559021, token : PLY

Draft step 2: in_token=tensor([[24834]], device='cuda:4'), in_token_decoded=PLY, end_index: 6300
predicted_token: 151645, predict_score: 0.6186330318450928, token : <|im_end|>
Verifying token 0: verify_id=3596 ( RE), draft_id=3596 ( RE), is_last=False, is_eos=False
Verifying token 1: verify_id=24834 (PLY), draft_id=24834 (PLY), is_last=False, is_eos=False
Verifying token 2: verify_id=151645 (<|im_end|>), draft_id=151645 (<|im_end|>), is_last=False, is_eos=True
Token 2 verification failed, accepting up to this token. is_last: False, is_eos: True, is_mismatch: False
New tokens: ['NO REPLY<|im_end|>']
Total new tokens generated: 4
[Spec] avg_accept=3.00 | tokens=4 | context_len=6297
[Adapter] acc=3/3 (100.0%) | avg_confidence=0.873 | drafted_avg_confidence=0.873 | context_len=6297
\n===== Lossless Check =====
Speculative output: NO REPLY
AR manual output:   NO REPLY
Exact match: True
OK: Outputs match. Speculative decoding is lossless.
Speedup: 1.45x
Speedup_decode: 1.01x
Spec decode tok/s: 27.66
AR decode tok/s:   27.30
 first token :NO

Draft step 0: in_token=tensor([[8996]], device='cuda:4'), in_token_decoded=NO, end_index: 6363
predicted_token: 3596, predict_score: 0.9999834299087524, token :  RE

Draft step 1: in_token=tensor([[3596]], device='cuda:4'), in_token_decoded= RE, end_index: 6364
predicted_token: 24834, predict_score: 0.9999927282333374, token : PLY

Draft step 2: in_token=tensor([[24834]], device='cuda:4'), in_token_decoded=PLY, end_index: 6365
predicted_token: 151645, predict_score: 0.6189103126525879, token : <|im_end|>
Verifying token 0: verify_id=3596 ( RE), draft_id=3596 ( RE), is_last=False, is_eos=False
Verifying token 1: verify_id=24834 (PLY), draft_id=24834 (PLY), is_last=False, is_eos=False
Verifying token 2: verify_id=151645 (<|im_end|>), draft_id=151645 (<|im_end|>), is_last=False, is_eos=True
Token 2 verification failed, accepting up to this token. is_last: False, is_eos: True, is_mismatch: False
New tokens: ['NO REPLY<|im_end|>']
Total new tokens generated: 4
[Spec] avg_accept=3.00 | tokens=4 | context_len=6362
[Adapter] acc=3/3 (100.0%) | avg_confidence=0.873 | drafted_avg_confidence=0.873 | context_len=6362
\n===== Lossless Check =====
Speculative output: NO REPLY
AR manual output:   NO REPLY
Exact match: True
OK: Outputs match. Speculative decoding is lossless.
Speedup: 1.45x
Speedup_decode: 1.07x
Spec decode tok/s: 30.36
AR decode tok/s:   28.27
 first token :NO

Draft step 0: in_token=tensor([[8996]], device='cuda:4'), in_token_decoded=NO, end_index: 6428
predicted_token: 3596, predict_score: 0.9999836683273315, token :  RE

Draft step 1: in_token=tensor([[3596]], device='cuda:4'), in_token_decoded= RE, end_index: 6429
predicted_token: 24834, predict_score: 0.9999918937683105, token : PLY

Draft step 2: in_token=tensor([[24834]], device='cuda:4'), in_token_decoded=PLY, end_index: 6430
predicted_token: 151645, predict_score: 0.6191124320030212, token : <|im_end|>
Verifying token 0: verify_id=3596 ( RE), draft_id=3596 ( RE), is_last=False, is_eos=False
Verifying token 1: verify_id=24834 (PLY), draft_id=24834 (PLY), is_last=False, is_eos=False
Verifying token 2: verify_id=151645 (<|im_end|>), draft_id=151645 (<|im_end|>), is_last=False, is_eos=True
Token 2 verification failed, accepting up to this token. is_last: False, is_eos: True, is_mismatch: False
New tokens: ['NO REPLY<|im_end|>']
Total new tokens generated: 4
[Spec] avg_accept=3.00 | tokens=4 | context_len=6427
[Adapter] acc=3/3 (100.0%) | avg_confidence=0.873 | drafted_avg_confidence=0.873 | context_len=6427
\n===== Lossless Check =====
Speculative output: NO REPLY
AR manual output:   NO REPLY
Exact match: True
OK: Outputs match. Speculative decoding is lossless.
Speedup: 1.38x
Speedup_decode: 0.90x
Spec decode tok/s: 25.68
AR decode tok/s:   28.63
 first token :NO

Draft step 0: in_token=tensor([[8996]], device='cuda:4'), in_token_decoded=NO, end_index: 6493
predicted_token: 3596, predict_score: 0.9999834299087524, token :  RE

Draft step 1: in_token=tensor([[3596]], device='cuda:4'), in_token_decoded= RE, end_index: 6494
predicted_token: 24834, predict_score: 0.9999918937683105, token : PLY

Draft step 2: in_token=tensor([[24834]], device='cuda:4'), in_token_decoded=PLY, end_index: 6495
predicted_token: 151645, predict_score: 0.6188139915466309, token : <|im_end|>
Verifying token 0: verify_id=3596 ( RE), draft_id=3596 ( RE), is_last=False, is_eos=False
Verifying token 1: verify_id=24834 (PLY), draft_id=24834 (PLY), is_last=False, is_eos=False
Verifying token 2: verify_id=151645 (<|im_end|>), draft_id=151645 (<|im_end|>), is_last=False, is_eos=True
Token 2 verification failed, accepting up to this token. is_last: False, is_eos: True, is_mismatch: False
New tokens: ['NO REPLY<|im_end|>']
Total new tokens generated: 4
[Spec] avg_accept=3.00 | tokens=4 | context_len=6492
[Adapter] acc=3/3 (100.0%) | avg_confidence=0.873 | drafted_avg_confidence=0.873 | context_len=6492
\n===== Lossless Check =====
Speculative output: NO REPLY
AR manual output:   NO REPLY
Exact match: True
OK: Outputs match. Speculative decoding is lossless.
Speedup: 1.33x
Speedup_decode: 1.01x
Spec decode tok/s: 28.84
AR decode tok/s:   28.54
 first token :NO

Draft step 0: in_token=tensor([[8996]], device='cuda:4'), in_token_decoded=NO, end_index: 6558
predicted_token: 3596, predict_score: 0.9999834299087524, token :  RE

Draft step 1: in_token=tensor([[3596]], device='cuda:4'), in_token_decoded= RE, end_index: 6559
predicted_token: 24834, predict_score: 0.9999929666519165, token : PLY

Draft step 2: in_token=tensor([[24834]], device='cuda:4'), in_token_decoded=PLY, end_index: 6560
predicted_token: 151645, predict_score: 0.6173747777938843, token : <|im_end|>
Verifying token 0: verify_id=3596 ( RE), draft_id=3596 ( RE), is_last=False, is_eos=False
Verifying token 1: verify_id=24834 (PLY), draft_id=24834 (PLY), is_last=False, is_eos=False
Verifying token 2: verify_id=151645 (<|im_end|>), draft_id=151645 (<|im_end|>), is_last=False, is_eos=True
Token 2 verification failed, accepting up to this token. is_last: False, is_eos: True, is_mismatch: False
New tokens: ['NO REPLY<|im_end|>']
Total new tokens generated: 4
[Spec] avg_accept=3.00 | tokens=4 | context_len=6557
[Adapter] acc=3/3 (100.0%) | avg_confidence=0.872 | drafted_avg_confidence=0.872 | context_len=6557
\n===== Lossless Check =====
Speculative output: NO REPLY
AR manual output:   NO REPLY
Exact match: True
OK: Outputs match. Speculative decoding is lossless.
Speedup: 1.35x
Speedup_decode: 0.93x
Spec decode tok/s: 26.55
AR decode tok/s:   28.66
 first token :NO

Draft step 0: in_token=tensor([[8996]], device='cuda:4'), in_token_decoded=NO, end_index: 6623
predicted_token: 3596, predict_score: 0.9999834299087524, token :  RE

Draft step 1: in_token=tensor([[3596]], device='cuda:4'), in_token_decoded= RE, end_index: 6624
predicted_token: 24834, predict_score: 0.9999918937683105, token : PLY

Draft step 2: in_token=tensor([[24834]], device='cuda:4'), in_token_decoded=PLY, end_index: 6625
predicted_token: 151645, predict_score: 0.6170746684074402, token : <|im_end|>
Verifying token 0: verify_id=3596 ( RE), draft_id=3596 ( RE), is_last=False, is_eos=False
Verifying token 1: verify_id=24834 (PLY), draft_id=24834 (PLY), is_last=False, is_eos=False
Verifying token 2: verify_id=151645 (<|im_end|>), draft_id=151645 (<|im_end|>), is_last=False, is_eos=True
Token 2 verification failed, accepting up to this token. is_last: False, is_eos: True, is_mismatch: False
New tokens: ['NO REPLY<|im_end|>']
Total new tokens generated: 4
[Spec] avg_accept=3.00 | tokens=4 | context_len=6622
[Adapter] acc=3/3 (100.0%) | avg_confidence=0.872 | drafted_avg_confidence=0.872 | context_len=6622
\n===== Lossless Check =====
Speculative output: NO REPLY
AR manual output:   NO REPLY
Exact match: True
OK: Outputs match. Speculative decoding is lossless.
Speedup: 1.16x
Speedup_decode: 1.13x
Spec decode tok/s: 31.54
AR decode tok/s:   27.87
 first token :NO

Draft step 0: in_token=tensor([[8996]], device='cuda:4'), in_token_decoded=NO, end_index: 6688
predicted_token: 3596, predict_score: 0.9999834299087524, token :  RE

Draft step 1: in_token=tensor([[3596]], device='cuda:4'), in_token_decoded= RE, end_index: 6689
predicted_token: 24834, predict_score: 0.9999921321868896, token : PLY

Draft step 2: in_token=tensor([[24834]], device='cuda:4'), in_token_decoded=PLY, end_index: 6690
predicted_token: 151645, predict_score: 0.6167173385620117, token : <|im_end|>
Verifying token 0: verify_id=3596 ( RE), draft_id=3596 ( RE), is_last=False, is_eos=False
Verifying token 1: verify_id=24834 (PLY), draft_id=24834 (PLY), is_last=False, is_eos=False
Verifying token 2: verify_id=151645 (<|im_end|>), draft_id=151645 (<|im_end|>), is_last=False, is_eos=True
Token 2 verification failed, accepting up to this token. is_last: False, is_eos: True, is_mismatch: False
New tokens: ['NO REPLY<|im_end|>']
Total new tokens generated: 4
[Spec] avg_accept=3.00 | tokens=4 | context_len=6687
[Adapter] acc=3/3 (100.0%) | avg_confidence=0.872 | drafted_avg_confidence=0.872 | context_len=6687
\n===== Lossless Check =====
Speculative output: NO REPLY
AR manual output:   NO REPLY
Exact match: True
OK: Outputs match. Speculative decoding is lossless.
Speedup: 1.40x
Speedup_decode: 1.06x
Spec decode tok/s: 28.45
AR decode tok/s:   26.89
 first token :NO

Draft step 0: in_token=tensor([[8996]], device='cuda:4'), in_token_decoded=NO, end_index: 6753
predicted_token: 3596, predict_score: 0.9999834299087524, token :  RE

Draft step 1: in_token=tensor([[3596]], device='cuda:4'), in_token_decoded= RE, end_index: 6754
predicted_token: 24834, predict_score: 0.9999918937683105, token : PLY

Draft step 2: in_token=tensor([[24834]], device='cuda:4'), in_token_decoded=PLY, end_index: 6755
predicted_token: 151645, predict_score: 0.6141265034675598, token : <|im_end|>
Verifying token 0: verify_id=3596 ( RE), draft_id=3596 ( RE), is_last=False, is_eos=False
Verifying token 1: verify_id=24834 (PLY), draft_id=24834 (PLY), is_last=False, is_eos=False
Verifying token 2: verify_id=151645 (<|im_end|>), draft_id=151645 (<|im_end|>), is_last=False, is_eos=True
Token 2 verification failed, accepting up to this token. is_last: False, is_eos: True, is_mismatch: False
New tokens: ['NO REPLY<|im_end|>']
Total new tokens generated: 4
[Spec] avg_accept=3.00 | tokens=4 | context_len=6752
[Adapter] acc=3/3 (100.0%) | avg_confidence=0.871 | drafted_avg_confidence=0.871 | context_len=6752
\n===== Lossless Check =====
Speculative output: NO REPLY
AR manual output:   NO REPLY
Exact match: True
OK: Outputs match. Speculative decoding is lossless.
Speedup: 1.41x
Speedup_decode: 1.09x
Spec decode tok/s: 30.05
AR decode tok/s:   27.64
 first token :NO

Draft step 0: in_token=tensor([[8996]], device='cuda:4'), in_token_decoded=NO, end_index: 6818
predicted_token: 3596, predict_score: 0.9999834299087524, token :  RE

Draft step 1: in_token=tensor([[3596]], device='cuda:4'), in_token_decoded= RE, end_index: 6819
predicted_token: 24834, predict_score: 0.9999918937683105, token : PLY

Draft step 2: in_token=tensor([[24834]], device='cuda:4'), in_token_decoded=PLY, end_index: 6820
predicted_token: 151645, predict_score: 0.6175015568733215, token : <|im_end|>
Verifying token 0: verify_id=3596 ( RE), draft_id=3596 ( RE), is_last=False, is_eos=False
Verifying token 1: verify_id=24834 (PLY), draft_id=24834 (PLY), is_last=False, is_eos=False
Verifying token 2: verify_id=151645 (<|im_end|>), draft_id=151645 (<|im_end|>), is_last=False, is_eos=True
Token 2 verification failed, accepting up to this token. is_last: False, is_eos: True, is_mismatch: False
New tokens: ['NO REPLY<|im_end|>']
Total new tokens generated: 4
[Spec] avg_accept=3.00 | tokens=4 | context_len=6817
[Adapter] acc=3/3 (100.0%) | avg_confidence=0.872 | drafted_avg_confidence=0.872 | context_len=6817
\n===== Lossless Check =====
Speculative output: NO REPLY
AR manual output:   NO REPLY
Exact match: True
OK: Outputs match. Speculative decoding is lossless.
Speedup: 1.43x
Speedup_decode: 0.96x
Spec decode tok/s: 26.27
AR decode tok/s:   27.51
 first token :NO

Draft step 0: in_token=tensor([[8996]], device='cuda:4'), in_token_decoded=NO, end_index: 6883
predicted_token: 3596, predict_score: 0.9999836683273315, token :  RE

Draft step 1: in_token=tensor([[3596]], device='cuda:4'), in_token_decoded= RE, end_index: 6884
predicted_token: 24834, predict_score: 0.9999929666519165, token : PLY

Draft step 2: in_token=tensor([[24834]], device='cuda:4'), in_token_decoded=PLY, end_index: 6885
predicted_token: 151645, predict_score: 0.6168381571769714, token : <|im_end|>
Verifying token 0: verify_id=3596 ( RE), draft_id=3596 ( RE), is_last=False, is_eos=False
Verifying token 1: verify_id=24834 (PLY), draft_id=24834 (PLY), is_last=False, is_eos=False
Verifying token 2: verify_id=151645 (<|im_end|>), draft_id=151645 (<|im_end|>), is_last=False, is_eos=True
Token 2 verification failed, accepting up to this token. is_last: False, is_eos: True, is_mismatch: False
New tokens: ['NO REPLY<|im_end|>']
Total new tokens generated: 4
[Spec] avg_accept=3.00 | tokens=4 | context_len=6882
[Adapter] acc=3/3 (100.0%) | avg_confidence=0.872 | drafted_avg_confidence=0.872 | context_len=6882
\n===== Lossless Check =====
Speculative output: NO REPLY
AR manual output:   NO REPLY
Exact match: True
OK: Outputs match. Speculative decoding is lossless.
Speedup: 1.38x
Speedup_decode: 0.98x
Spec decode tok/s: 27.26
AR decode tok/s:   27.76
 first token :The

Draft step 0: in_token=tensor([[785]], device='cuda:4'), in_token_decoded=The, end_index: 6948
predicted_token: 1697, predict_score: 0.18132083117961884, token :  person
Draft step 0, token  person, predict_score 0.18132083117961884 < threshold 0.6, stopping further draft
Verifying token 0: verify_id=30352 ( dough), draft_id=1697 ( person), is_last=False, is_eos=False
Token 0 verification failed, accepting up to this token. is_last: False, is_eos: False, is_mismatch: True

Draft step 0: in_token=tensor([[30352]], device='cuda:4'), in_token_decoded= dough, end_index: 6949
predicted_token: 374, predict_score: 0.7393780946731567, token :  is

Draft step 1: in_token=tensor([[374]], device='cuda:4'), in_token_decoded= is, end_index: 6950
predicted_token: 5644, predict_score: 0.27480125427246094, token :  held
Draft step 1, token  held, predict_score 0.27480125427246094 < threshold 0.6, stopping further draft
Verifying token 0: verify_id=374 ( is), draft_id=374 ( is), is_last=False, is_eos=False
Verifying token 1: verify_id=13853 ( kne), draft_id=5644 ( held), is_last=False, is_eos=False
Token 1 verification failed, accepting up to this token. is_last: False, is_eos: False, is_mismatch: True

Draft step 0: in_token=tensor([[13853]], device='cuda:4'), in_token_decoded= kne, end_index: 6951
predicted_token: 311, predict_score: 0.04160128906369209, token :  to
Draft step 0, token  to, predict_score 0.04160128906369209 < threshold 0.6, stopping further draft
Verifying token 0: verify_id=14255 (aded), draft_id=311 ( to), is_last=False, is_eos=False
Token 0 verification failed, accepting up to this token. is_last: False, is_eos: False, is_mismatch: True

Draft step 0: in_token=tensor([[14255]], device='cuda:4'), in_token_decoded=aded, end_index: 6952
predicted_token: 448, predict_score: 0.21469008922576904, token :  with
Draft step 0, token  with, predict_score 0.21469008922576904 < threshold 0.6, stopping further draft
Verifying token 0: verify_id=553 ( by), draft_id=448 ( with), is_last=False, is_eos=False
Token 0 verification failed, accepting up to this token. is_last: False, is_eos: False, is_mismatch: True

Draft step 0: in_token=tensor([[553]], device='cuda:4'), in_token_decoded= by, end_index: 6953
predicted_token: 13054, predict_score: 0.26900607347488403, token :  turning
Draft step 0, token  turning, predict_score 0.26900607347488403 < threshold 0.6, stopping further draft
Verifying token 0: verify_id=25352 ( pressing), draft_id=13054 ( turning), is_last=False, is_eos=False
Token 0 verification failed, accepting up to this token. is_last: False, is_eos: False, is_mismatch: True

Draft step 0: in_token=tensor([[25352]], device='cuda:4'), in_token_decoded= pressing, end_index: 6954
predicted_token: 1495, predict_score: 0.6395372748374939, token :  down

Draft step 1: in_token=tensor([[1495]], device='cuda:4'), in_token_decoded= down, end_index: 6955
predicted_token: 389, predict_score: 0.8463793396949768, token :  on

Draft step 2: in_token=tensor([[389]], device='cuda:4'), in_token_decoded= on, end_index: 6956
predicted_token: 279, predict_score: 0.9728013277053833, token :  the

Draft step 3: in_token=tensor([[279]], device='cuda:4'), in_token_decoded= the, end_index: 6957
predicted_token: 14376, predict_score: 0.3397417366504669, token :  cutting
Draft step 3, token  cutting, predict_score 0.3397417366504669 < threshold 0.6, stopping further draft
Verifying token 0: verify_id=323 ( and), draft_id=1495 ( down), is_last=False, is_eos=False
Token 0 verification failed, accepting up to this token. is_last: False, is_eos: False, is_mismatch: True

Draft step 0: in_token=tensor([[323]], device='cuda:4'), in_token_decoded= and, end_index: 6955
predicted_token: 9099, predict_score: 0.10260820388793945, token :  placed
Draft step 0, token  placed, predict_score 0.10260820388793945 < threshold 0.6, stopping further draft
Verifying token 0: verify_id=44742 ( folding), draft_id=9099 ( placed), is_last=False, is_eos=False
Token 0 verification failed, accepting up to this token. is_last: False, is_eos: False, is_mismatch: True

Draft step 0: in_token=tensor([[44742]], device='cuda:4'), in_token_decoded= folding, end_index: 6956
predicted_token: 432, predict_score: 0.5436404347419739, token :  it
Draft step 0, token  it, predict_score 0.5436404347419739 < threshold 0.6, stopping further draft
Verifying token 0: verify_id=432 ( it), draft_id=432 ( it), is_last=False, is_eos=False

Draft step 0: in_token=tensor([[432]], device='cuda:4'), in_token_decoded= it, end_index: 6957
predicted_token: 1119, predict_score: 0.3299955427646637, token :  into
Draft step 0, token  into, predict_score 0.3299955427646637 < threshold 0.6, stopping further draft
Verifying token 0: verify_id=11 (,), draft_id=1119 ( into), is_last=False, is_eos=False
Token 0 verification failed, accepting up to this token. is_last: False, is_eos: False, is_mismatch: True

Draft step 0: in_token=tensor([[11]], device='cuda:4'), in_token_decoded=,, end_index: 6958
predicted_token: 1221, predict_score: 0.346036434173584, token :  then
Draft step 0, token  then, predict_score 0.346036434173584 < threshold 0.6, stopping further draft
Verifying token 0: verify_id=448 ( with), draft_id=1221 ( then), is_last=False, is_eos=False
Token 0 verification failed, accepting up to this token. is_last: False, is_eos: False, is_mismatch: True

Draft step 0: in_token=tensor([[448]], device='cuda:4'), in_token_decoded= with, end_index: 6959
predicted_token: 264, predict_score: 0.3658736050128937, token :  a
Draft step 0, token  a, predict_score 0.3658736050128937 < threshold 0.6, stopping further draft
Verifying token 0: verify_id=279 ( the), draft_id=264 ( a), is_last=False, is_eos=False
Token 0 verification failed, accepting up to this token. is_last: False, is_eos: False, is_mismatch: True

Draft step 0: in_token=tensor([[279]], device='cuda:4'), in_token_decoded= the, end_index: 6960
predicted_token: 21430, predict_score: 0.11277610808610916, token :  knife
Draft step 0, token  knife, predict_score 0.11277610808610916 < threshold 0.6, stopping further draft
Verifying token 0: verify_id=1697 ( person), draft_id=21430 ( knife), is_last=False, is_eos=False
Token 0 verification failed, accepting up to this token. is_last: False, is_eos: False, is_mismatch: True

Draft step 0: in_token=tensor([[1697]], device='cuda:4'), in_token_decoded= person, end_index: 6961
predicted_token: 374, predict_score: 0.280002623796463, token :  is
Draft step 0, token  is, predict_score 0.280002623796463 < threshold 0.6, stopping further draft
Verifying token 0: verify_id=594 ('s), draft_id=374 ( is), is_last=False, is_eos=False
Token 0 verification failed, accepting up to this token. is_last: False, is_eos: False, is_mismatch: True

Draft step 0: in_token=tensor([[594]], device='cuda:4'), in_token_decoded='s, end_index: 6962
predicted_token: 15138, predict_score: 0.18309006094932556, token :  chest
Draft step 0, token  chest, predict_score 0.18309006094932556 < threshold 0.6, stopping further draft
Verifying token 0: verify_id=6078 ( hands), draft_id=15138 ( chest), is_last=False, is_eos=False
Token 0 verification failed, accepting up to this token. is_last: False, is_eos: False, is_mismatch: True

Draft step 0: in_token=tensor([[6078]], device='cuda:4'), in_token_decoded= hands, end_index: 6963
predicted_token: 525, predict_score: 0.44507306814193726, token :  are
Draft step 0, token  are, predict_score 0.44507306814193726 < threshold 0.6, stopping further draft
Verifying token 0: verify_id=7218 ( moving), draft_id=525 ( are), is_last=False, is_eos=False
Token 0 verification failed, accepting up to this token. is_last: False, is_eos: False, is_mismatch: True

Draft step 0: in_token=tensor([[7218]], device='cuda:4'), in_token_decoded= moving, end_index: 6964
predicted_token: 432, predict_score: 0.8445844054222107, token :  it

Draft step 1: in_token=tensor([[432]], device='cuda:4'), in_token_decoded= it, end_index: 6965
predicted_token: 1119, predict_score: 0.15670375525951385, token :  into
Draft step 1, token  into, predict_score 0.15670375525951385 < threshold 0.6, stopping further draft
Verifying token 0: verify_id=432 ( it), draft_id=432 ( it), is_last=False, is_eos=False
Verifying token 1: verify_id=1182 ( back), draft_id=1119 ( into), is_last=False, is_eos=False
Token 1 verification failed, accepting up to this token. is_last: False, is_eos: False, is_mismatch: True

Draft step 0: in_token=tensor([[1182]], device='cuda:4'), in_token_decoded= back, end_index: 6966
predicted_token: 389, predict_score: 0.5370003581047058, token :  on
Draft step 0, token  on, predict_score 0.5370003581047058 < threshold 0.6, stopping further draft
Verifying token 0: verify_id=323 ( and), draft_id=389 ( on), is_last=False, is_eos=False
Token 0 verification failed, accepting up to this token. is_last: False, is_eos: False, is_mismatch: True

Draft step 0: in_token=tensor([[323]], device='cuda:4'), in_token_decoded= and, end_index: 6967
predicted_token: 1221, predict_score: 0.23387619853019714, token :  then
Draft step 0, token  then, predict_score 0.23387619853019714 < threshold 0.6, stopping further draft
Verifying token 0: verify_id=13241 ( forth), draft_id=1221 ( then), is_last=False, is_eos=False
Token 0 verification failed, accepting up to this token. is_last: False, is_eos: False, is_mismatch: True

Draft step 0: in_token=tensor([[13241]], device='cuda:4'), in_token_decoded= forth, end_index: 6968
predicted_token: 13, predict_score: 0.19060282409191132, token : .
Draft step 0, token ., predict_score 0.19060282409191132 < threshold 0.6, stopping further draft
Verifying token 0: verify_id=311 ( to), draft_id=13 (.), is_last=False, is_eos=False
Token 0 verification failed, accepting up to this token. is_last: False, is_eos: False, is_mismatch: True

Draft step 0: in_token=tensor([[311]], device='cuda:4'), in_token_decoded= to, end_index: 6969
predicted_token: 1779, predict_score: 0.14262841641902924, token :  check
Draft step 0, token  check, predict_score 0.14262841641902924 < threshold 0.6, stopping further draft
Verifying token 0: verify_id=975 ( work), draft_id=1779 ( check), is_last=False, is_eos=False
Token 0 verification failed, accepting up to this token. is_last: False, is_eos: False, is_mismatch: True

Draft step 0: in_token=tensor([[975]], device='cuda:4'), in_token_decoded= work, end_index: 6970
predicted_token: 389, predict_score: 0.866133451461792, token :  on

Draft step 1: in_token=tensor([[389]], device='cuda:4'), in_token_decoded= on, end_index: 6971
predicted_token: 279, predict_score: 0.7366542816162109, token :  the

Draft step 2: in_token=tensor([[279]], device='cuda:4'), in_token_decoded= the, end_index: 6972
predicted_token: 14376, predict_score: 0.32566457986831665, token :  cutting
Draft step 2, token  cutting, predict_score 0.32566457986831665 < threshold 0.6, stopping further draft
Verifying token 0: verify_id=432 ( it), draft_id=389 ( on), is_last=False, is_eos=False
Token 0 verification failed, accepting up to this token. is_last: False, is_eos: False, is_mismatch: True

Draft step 0: in_token=tensor([[432]], device='cuda:4'), in_token_decoded= it, end_index: 6971
predicted_token: 1119, predict_score: 0.1804419755935669, token :  into
Draft step 0, token  into, predict_score 0.1804419755935669 < threshold 0.6, stopping further draft
Verifying token 0: verify_id=1119 ( into), draft_id=1119 ( into), is_last=False, is_eos=False

Draft step 0: in_token=tensor([[1119]], device='cuda:4'), in_token_decoded= into, end_index: 6972
predicted_token: 279, predict_score: 0.5141761898994446, token :  the
Draft step 0, token  the, predict_score 0.5141761898994446 < threshold 0.6, stopping further draft
Verifying token 0: verify_id=264 ( a), draft_id=279 ( the), is_last=False, is_eos=False
Token 0 verification failed, accepting up to this token. is_last: False, is_eos: False, is_mismatch: True

Draft step 0: in_token=tensor([[264]], device='cuda:4'), in_token_decoded= a, end_index: 6973
predicted_token: 19212, predict_score: 0.7217074632644653, token :  bowl

Draft step 1: in_token=tensor([[19212]], device='cuda:4'), in_token_decoded= bowl, end_index: 6974
predicted_token: 11, predict_score: 0.49499738216400146, token : ,
Draft step 1, token ,, predict_score 0.49499738216400146 < threshold 0.6, stopping further draft
Verifying token 0: verify_id=803 ( more), draft_id=19212 ( bowl), is_last=False, is_eos=False
Token 0 verification failed, accepting up to this token. is_last: False, is_eos: False, is_mismatch: True

Draft step 0: in_token=tensor([[803]], device='cuda:4'), in_token_decoded= more, end_index: 6974
predicted_token: 1091, predict_score: 0.008993411436676979, token :  than
Draft step 0, token  than, predict_score 0.008993411436676979 < threshold 0.6, stopping further draft
Verifying token 0: verify_id=13794 ( uniform), draft_id=1091 ( than), is_last=False, is_eos=False
Token 0 verification failed, accepting up to this token. is_last: False, is_eos: False, is_mismatch: True

Draft step 0: in_token=tensor([[13794]], device='cuda:4'), in_token_decoded= uniform, end_index: 6975
predicted_token: 13, predict_score: 0.45352864265441895, token : .
Draft step 0, token ., predict_score 0.45352864265441895 < threshold 0.6, stopping further draft
Verifying token 0: verify_id=6083 ( shape), draft_id=13 (.), is_last=False, is_eos=False
Token 0 verification failed, accepting up to this token. is_last: False, is_eos: False, is_mismatch: True

Draft step 0: in_token=tensor([[6083]], device='cuda:4'), in_token_decoded= shape, end_index: 6976
predicted_token: 11, predict_score: 0.35202348232269287, token : ,
Draft step 0, token ,, predict_score 0.35202348232269287 < threshold 0.6, stopping further draft
Verifying token 0: verify_id=11 (,), draft_id=11 (,), is_last=False, is_eos=False

Draft step 0: in_token=tensor([[11]], device='cuda:4'), in_token_decoded=,, end_index: 6977
predicted_token: 1221, predict_score: 0.4322851896286011, token :  then
Draft step 0, token  then, predict_score 0.4322851896286011 < threshold 0.6, stopping further draft
Verifying token 0: verify_id=323 ( and), draft_id=1221 ( then), is_last=False, is_eos=False
Token 0 verification failed, accepting up to this token. is_last: False, is_eos: False, is_mismatch: True

Draft step 0: in_token=tensor([[323]], device='cuda:4'), in_token_decoded= and, end_index: 6978
predicted_token: 279, predict_score: 0.39330148696899414, token :  the
Draft step 0, token  the, predict_score 0.39330148696899414 < threshold 0.6, stopping further draft
Verifying token 0: verify_id=1221 ( then), draft_id=279 ( the), is_last=False, is_eos=False
Token 0 verification failed, accepting up to this token. is_last: False, is_eos: False, is_mismatch: True

Draft step 0: in_token=tensor([[1221]], device='cuda:4'), in_token_decoded= then, end_index: 6979
predicted_token: 9099, predict_score: 0.4436904489994049, token :  placed
Draft step 0, token  placed, predict_score 0.4436904489994049 < threshold 0.6, stopping further draft
Verifying token 0: verify_id=9099 ( placed), draft_id=9099 ( placed), is_last=False, is_eos=False

Draft step 0: in_token=tensor([[9099]], device='cuda:4'), in_token_decoded= placed, end_index: 6980
predicted_token: 389, predict_score: 0.4854285418987274, token :  on
Draft step 0, token  on, predict_score 0.4854285418987274 < threshold 0.6, stopping further draft
Verifying token 0: verify_id=389 ( on), draft_id=389 ( on), is_last=False, is_eos=False

Draft step 0: in_token=tensor([[389]], device='cuda:4'), in_token_decoded= on, end_index: 6981
predicted_token: 279, predict_score: 0.963196337223053, token :  the

Draft step 1: in_token=tensor([[279]], device='cuda:4'), in_token_decoded= the, end_index: 6982
predicted_token: 14376, predict_score: 0.5985465049743652, token :  cutting
Draft step 1, token  cutting, predict_score 0.5985465049743652 < threshold 0.6, stopping further draft
Verifying token 0: verify_id=264 ( a), draft_id=279 ( the), is_last=False, is_eos=False
Token 0 verification failed, accepting up to this token. is_last: False, is_eos: False, is_mismatch: True

Draft step 0: in_token=tensor([[264]], device='cuda:4'), in_token_decoded= a, end_index: 6982
predicted_token: 22360, predict_score: 0.3755144476890564, token :  wooden
Draft step 0, token  wooden, predict_score 0.3755144476890564 < threshold 0.6, stopping further draft
Verifying token 0: verify_id=9317 ( metal), draft_id=22360 ( wooden), is_last=False, is_eos=False
Token 0 verification failed, accepting up to this token. is_last: False, is_eos: False, is_mismatch: True

Draft step 0: in_token=tensor([[9317]], device='cuda:4'), in_token_decoded= metal, end_index: 6983
predicted_token: 57209, predict_score: 0.6599502563476562, token :  basin

Draft step 1: in_token=tensor([[57209]], device='cuda:4'), in_token_decoded= basin, end_index: 6984
predicted_token: 13, predict_score: 0.2788989543914795, token : .
Draft step 1, token ., predict_score 0.2788989543914795 < threshold 0.6, stopping further draft
Verifying token 0: verify_id=7329 ( surface), draft_id=57209 ( basin), is_last=False, is_eos=False
Token 0 verification failed, accepting up to this token. is_last: False, is_eos: False, is_mismatch: True

Draft step 0: in_token=tensor([[7329]], device='cuda:4'), in_token_decoded= surface, end_index: 6984
predicted_token: 11, predict_score: 0.5849665999412537, token : ,
Draft step 0, token ,, predict_score 0.5849665999412537 < threshold 0.6, stopping further draft
Verifying token 0: verify_id=13 (.), draft_id=11 (,), is_last=False, is_eos=False
Token 0 verification failed, accepting up to this token. is_last: False, is_eos: False, is_mismatch: True

Draft step 0: in_token=tensor([[13]], device='cuda:4'), in_token_decoded=., end_index: 6985
predicted_token: 151645, predict_score: 0.6033900380134583, token : <|im_end|>
Verifying token 0: verify_id=151645 (<|im_end|>), draft_id=151645 (<|im_end|>), is_last=False, is_eos=True
Token 0 verification failed, accepting up to this token. is_last: False, is_eos: True, is_mismatch: False
New tokens: ["The dough is kneaded by pressing and folding it, with the person's hands moving it back and forth to work it into a more uniform shape, and then placed on a metal surface.<|im_end|>"]
Total new tokens generated: 39
[Spec] avg_accept=1.06 | tokens=39 | context_len=6947
[Adapter] acc=8/38 (21.1%) | avg_confidence=0.431 | drafted_avg_confidence=0.431 | context_len=6947
\n===== Lossless Check =====
Speculative output: The dough is kneaded by pressing and folding it, with the person's hands moving it back and forth to work it into a more uniform shape, and then placed on a metal surface.
AR manual output:   The dough is kneaded by pressing and folding it, with the person's hands moving it back and forth to work it into a more uniform shape, and then placed on a metal surface.
Exact match: True
OK: Outputs match. Speculative decoding is lossless.
Speedup: 0.86x
Speedup_decode: 0.84x
Spec decode tok/s: 18.36
AR decode tok/s:   21.87
 first token :NO

Draft step 0: in_token=tensor([[8996]], device='cuda:4'), in_token_decoded=NO, end_index: 7048
predicted_token: 3596, predict_score: 0.999983549118042, token :  RE

Draft step 1: in_token=tensor([[3596]], device='cuda:4'), in_token_decoded= RE, end_index: 7049
predicted_token: 24834, predict_score: 0.999991774559021, token : PLY

Draft step 2: in_token=tensor([[24834]], device='cuda:4'), in_token_decoded=PLY, end_index: 7050
predicted_token: 151645, predict_score: 0.6196329593658447, token : <|im_end|>
Verifying token 0: verify_id=3596 ( RE), draft_id=3596 ( RE), is_last=False, is_eos=False
Verifying token 1: verify_id=24834 (PLY), draft_id=24834 (PLY), is_last=False, is_eos=False
Verifying token 2: verify_id=151645 (<|im_end|>), draft_id=151645 (<|im_end|>), is_last=False, is_eos=True
Token 2 verification failed, accepting up to this token. is_last: False, is_eos: True, is_mismatch: False
New tokens: ['NO REPLY<|im_end|>']
Total new tokens generated: 4
[Spec] avg_accept=3.00 | tokens=4 | context_len=7047
[Adapter] acc=3/3 (100.0%) | avg_confidence=0.873 | drafted_avg_confidence=0.873 | context_len=7047
\n===== Lossless Check =====
Speculative output: NO REPLY
AR manual output:   NO REPLY
Exact match: True
OK: Outputs match. Speculative decoding is lossless.
Speedup: 1.34x
Speedup_decode: 0.86x
Spec decode tok/s: 24.32
AR decode tok/s:   28.41
 first token :NO

Draft step 0: in_token=tensor([[8996]], device='cuda:4'), in_token_decoded=NO, end_index: 7113
predicted_token: 3596, predict_score: 0.9999833106994629, token :  RE

Draft step 1: in_token=tensor([[3596]], device='cuda:4'), in_token_decoded= RE, end_index: 7114
predicted_token: 24834, predict_score: 0.9999927282333374, token : PLY

Draft step 2: in_token=tensor([[24834]], device='cuda:4'), in_token_decoded=PLY, end_index: 7115
predicted_token: 151645, predict_score: 0.6226354837417603, token : <|im_end|>
Verifying token 0: verify_id=3596 ( RE), draft_id=3596 ( RE), is_last=False, is_eos=False
Verifying token 1: verify_id=24834 (PLY), draft_id=24834 (PLY), is_last=False, is_eos=False
Verifying token 2: verify_id=151645 (<|im_end|>), draft_id=151645 (<|im_end|>), is_last=False, is_eos=True
Token 2 verification failed, accepting up to this token. is_last: False, is_eos: True, is_mismatch: False
New tokens: ['NO REPLY<|im_end|>']
Total new tokens generated: 4
[Spec] avg_accept=3.00 | tokens=4 | context_len=7112
[Adapter] acc=3/3 (100.0%) | avg_confidence=0.874 | drafted_avg_confidence=0.874 | context_len=7112
\n===== Lossless Check =====
Speculative output: NO REPLY
AR manual output:   NO REPLY
Exact match: True
OK: Outputs match. Speculative decoding is lossless.
Speedup: 1.39x
Speedup_decode: 1.02x
Spec decode tok/s: 28.76
AR decode tok/s:   28.24
 first token :NO

Draft step 0: in_token=tensor([[8996]], device='cuda:4'), in_token_decoded=NO, end_index: 7178
predicted_token: 3596, predict_score: 0.9999833106994629, token :  RE

Draft step 1: in_token=tensor([[3596]], device='cuda:4'), in_token_decoded= RE, end_index: 7179
predicted_token: 24834, predict_score: 0.9999927282333374, token : PLY

Draft step 2: in_token=tensor([[24834]], device='cuda:4'), in_token_decoded=PLY, end_index: 7180
predicted_token: 151645, predict_score: 0.6176721453666687, token : <|im_end|>
Verifying token 0: verify_id=3596 ( RE), draft_id=3596 ( RE), is_last=False, is_eos=False
Verifying token 1: verify_id=24834 (PLY), draft_id=24834 (PLY), is_last=False, is_eos=False
Verifying token 2: verify_id=151645 (<|im_end|>), draft_id=151645 (<|im_end|>), is_last=False, is_eos=True
Token 2 verification failed, accepting up to this token. is_last: False, is_eos: True, is_mismatch: False
New tokens: ['NO REPLY<|im_end|>']
Total new tokens generated: 4
[Spec] avg_accept=3.00 | tokens=4 | context_len=7177
[Adapter] acc=3/3 (100.0%) | avg_confidence=0.873 | drafted_avg_confidence=0.873 | context_len=7177
\n===== Lossless Check =====
Speculative output: NO REPLY
AR manual output:   NO REPLY
Exact match: True
OK: Outputs match. Speculative decoding is lossless.
Speedup: 1.40x
Speedup_decode: 0.92x
Spec decode tok/s: 24.60
AR decode tok/s:   26.63
 first token :The

Draft step 0: in_token=tensor([[785]], device='cuda:4'), in_token_decoded=The, end_index: 7243
predicted_token: 1697, predict_score: 0.21352232992649078, token :  person
Draft step 0, token  person, predict_score 0.21352232992649078 < threshold 0.6, stopping further draft
Verifying token 0: verify_id=30352 ( dough), draft_id=1697 ( person), is_last=False, is_eos=False
Token 0 verification failed, accepting up to this token. is_last: False, is_eos: False, is_mismatch: True

Draft step 0: in_token=tensor([[30352]], device='cuda:4'), in_token_decoded= dough, end_index: 7244
predicted_token: 374, predict_score: 0.7347877621650696, token :  is

Draft step 1: in_token=tensor([[374]], device='cuda:4'), in_token_decoded= is, end_index: 7245
predicted_token: 5644, predict_score: 0.29246583580970764, token :  held
Draft step 1, token  held, predict_score 0.29246583580970764 < threshold 0.6, stopping further draft
Verifying token 0: verify_id=374 ( is), draft_id=374 ( is), is_last=False, is_eos=False
Verifying token 1: verify_id=13853 ( kne), draft_id=5644 ( held), is_last=False, is_eos=False
Token 1 verification failed, accepting up to this token. is_last: False, is_eos: False, is_mismatch: True

Draft step 0: in_token=tensor([[13853]], device='cuda:4'), in_token_decoded= kne, end_index: 7246
predicted_token: 311, predict_score: 0.04065512865781784, token :  to
Draft step 0, token  to, predict_score 0.04065512865781784 < threshold 0.6, stopping further draft
Verifying token 0: verify_id=14255 (aded), draft_id=311 ( to), is_last=False, is_eos=False
Token 0 verification failed, accepting up to this token. is_last: False, is_eos: False, is_mismatch: True

Draft step 0: in_token=tensor([[14255]], device='cuda:4'), in_token_decoded=aded, end_index: 7247
predicted_token: 448, predict_score: 0.21677975356578827, token :  with
Draft step 0, token  with, predict_score 0.21677975356578827 < threshold 0.6, stopping further draft
Verifying token 0: verify_id=553 ( by), draft_id=448 ( with), is_last=False, is_eos=False
Token 0 verification failed, accepting up to this token. is_last: False, is_eos: False, is_mismatch: True

Draft step 0: in_token=tensor([[553]], device='cuda:4'), in_token_decoded= by, end_index: 7248
predicted_token: 13054, predict_score: 0.27773743867874146, token :  turning
Draft step 0, token  turning, predict_score 0.27773743867874146 < threshold 0.6, stopping further draft
Verifying token 0: verify_id=25352 ( pressing), draft_id=13054 ( turning), is_last=False, is_eos=False
Token 0 verification failed, accepting up to this token. is_last: False, is_eos: False, is_mismatch: True

Draft step 0: in_token=tensor([[25352]], device='cuda:4'), in_token_decoded= pressing, end_index: 7249
predicted_token: 1495, predict_score: 0.6342001557350159, token :  down

Draft step 1: in_token=tensor([[1495]], device='cuda:4'), in_token_decoded= down, end_index: 7250
predicted_token: 389, predict_score: 0.8516123294830322, token :  on

Draft step 2: in_token=tensor([[389]], device='cuda:4'), in_token_decoded= on, end_index: 7251
predicted_token: 279, predict_score: 0.9728216528892517, token :  the

Draft step 3: in_token=tensor([[279]], device='cuda:4'), in_token_decoded= the, end_index: 7252
predicted_token: 14376, predict_score: 0.3433894217014313, token :  cutting
Draft step 3, token  cutting, predict_score 0.3433894217014313 < threshold 0.6, stopping further draft
Verifying token 0: verify_id=323 ( and), draft_id=1495 ( down), is_last=False, is_eos=False
Token 0 verification failed, accepting up to this token. is_last: False, is_eos: False, is_mismatch: True

Draft step 0: in_token=tensor([[323]], device='cuda:4'), in_token_decoded= and, end_index: 7250
predicted_token: 9099, predict_score: 0.10586986690759659, token :  placed
Draft step 0, token  placed, predict_score 0.10586986690759659 < threshold 0.6, stopping further draft
Verifying token 0: verify_id=44742 ( folding), draft_id=9099 ( placed), is_last=False, is_eos=False
Token 0 verification failed, accepting up to this token. is_last: False, is_eos: False, is_mismatch: True

Draft step 0: in_token=tensor([[44742]], device='cuda:4'), in_token_decoded= folding, end_index: 7251
predicted_token: 432, predict_score: 0.5422921776771545, token :  it
Draft step 0, token  it, predict_score 0.5422921776771545 < threshold 0.6, stopping further draft
Verifying token 0: verify_id=432 ( it), draft_id=432 ( it), is_last=False, is_eos=False

Draft step 0: in_token=tensor([[432]], device='cuda:4'), in_token_decoded= it, end_index: 7252
predicted_token: 1119, predict_score: 0.32365140318870544, token :  into
Draft step 0, token  into, predict_score 0.32365140318870544 < threshold 0.6, stopping further draft
Verifying token 0: verify_id=11 (,), draft_id=1119 ( into), is_last=False, is_eos=False
Token 0 verification failed, accepting up to this token. is_last: False, is_eos: False, is_mismatch: True

Draft step 0: in_token=tensor([[11]], device='cuda:4'), in_token_decoded=,, end_index: 7253
predicted_token: 1221, predict_score: 0.3661503791809082, token :  then
Draft step 0, token  then, predict_score 0.3661503791809082 < threshold 0.6, stopping further draft
Verifying token 0: verify_id=448 ( with), draft_id=1221 ( then), is_last=False, is_eos=False
Token 0 verification failed, accepting up to this token. is_last: False, is_eos: False, is_mismatch: True

Draft step 0: in_token=tensor([[448]], device='cuda:4'), in_token_decoded= with, end_index: 7254
predicted_token: 264, predict_score: 0.3661639094352722, token :  a
Draft step 0, token  a, predict_score 0.3661639094352722 < threshold 0.6, stopping further draft
Verifying token 0: verify_id=279 ( the), draft_id=264 ( a), is_last=False, is_eos=False
Token 0 verification failed, accepting up to this token. is_last: False, is_eos: False, is_mismatch: True

Draft step 0: in_token=tensor([[279]], device='cuda:4'), in_token_decoded= the, end_index: 7255
predicted_token: 21430, predict_score: 0.10955876857042313, token :  knife
Draft step 0, token  knife, predict_score 0.10955876857042313 < threshold 0.6, stopping further draft
Verifying token 0: verify_id=1697 ( person), draft_id=21430 ( knife), is_last=False, is_eos=False
Token 0 verification failed, accepting up to this token. is_last: False, is_eos: False, is_mismatch: True

Draft step 0: in_token=tensor([[1697]], device='cuda:4'), in_token_decoded= person, end_index: 7256
predicted_token: 374, predict_score: 0.26236867904663086, token :  is
Draft step 0, token  is, predict_score 0.26236867904663086 < threshold 0.6, stopping further draft
Verifying token 0: verify_id=594 ('s), draft_id=374 ( is), is_last=False, is_eos=False
Token 0 verification failed, accepting up to this token. is_last: False, is_eos: False, is_mismatch: True

Draft step 0: in_token=tensor([[594]], device='cuda:4'), in_token_decoded='s, end_index: 7257
predicted_token: 15138, predict_score: 0.19013261795043945, token :  chest
Draft step 0, token  chest, predict_score 0.19013261795043945 < threshold 0.6, stopping further draft
Verifying token 0: verify_id=6078 ( hands), draft_id=15138 ( chest), is_last=False, is_eos=False
Token 0 verification failed, accepting up to this token. is_last: False, is_eos: False, is_mismatch: True

Draft step 0: in_token=tensor([[6078]], device='cuda:4'), in_token_decoded= hands, end_index: 7258
predicted_token: 525, predict_score: 0.4510284960269928, token :  are
Draft step 0, token  are, predict_score 0.4510284960269928 < threshold 0.6, stopping further draft
Verifying token 0: verify_id=7218 ( moving), draft_id=525 ( are), is_last=False, is_eos=False
Token 0 verification failed, accepting up to this token. is_last: False, is_eos: False, is_mismatch: True

Draft step 0: in_token=tensor([[7218]], device='cuda:4'), in_token_decoded= moving, end_index: 7259
predicted_token: 432, predict_score: 0.8358327746391296, token :  it

Draft step 1: in_token=tensor([[432]], device='cuda:4'), in_token_decoded= it, end_index: 7260
predicted_token: 1119, predict_score: 0.14917971193790436, token :  into
Draft step 1, token  into, predict_score 0.14917971193790436 < threshold 0.6, stopping further draft
Verifying token 0: verify_id=432 ( it), draft_id=432 ( it), is_last=False, is_eos=False
Verifying token 1: verify_id=1182 ( back), draft_id=1119 ( into), is_last=False, is_eos=False
Token 1 verification failed, accepting up to this token. is_last: False, is_eos: False, is_mismatch: True

Draft step 0: in_token=tensor([[1182]], device='cuda:4'), in_token_decoded= back, end_index: 7261
predicted_token: 389, predict_score: 0.5407614707946777, token :  on
Draft step 0, token  on, predict_score 0.5407614707946777 < threshold 0.6, stopping further draft
Verifying token 0: verify_id=323 ( and), draft_id=389 ( on), is_last=False, is_eos=False
Token 0 verification failed, accepting up to this token. is_last: False, is_eos: False, is_mismatch: True

Draft step 0: in_token=tensor([[323]], device='cuda:4'), in_token_decoded= and, end_index: 7262
predicted_token: 1221, predict_score: 0.23356425762176514, token :  then
Draft step 0, token  then, predict_score 0.23356425762176514 < threshold 0.6, stopping further draft
Verifying token 0: verify_id=13241 ( forth), draft_id=1221 ( then), is_last=False, is_eos=False
Token 0 verification failed, accepting up to this token. is_last: False, is_eos: False, is_mismatch: True

Draft step 0: in_token=tensor([[13241]], device='cuda:4'), in_token_decoded= forth, end_index: 7263
predicted_token: 13, predict_score: 0.18440580368041992, token : .
Draft step 0, token ., predict_score 0.18440580368041992 < threshold 0.6, stopping further draft
Verifying token 0: verify_id=311 ( to), draft_id=13 (.), is_last=False, is_eos=False
Token 0 verification failed, accepting up to this token. is_last: False, is_eos: False, is_mismatch: True

Draft step 0: in_token=tensor([[311]], device='cuda:4'), in_token_decoded= to, end_index: 7264
predicted_token: 1779, predict_score: 0.1352546364068985, token :  check
Draft step 0, token  check, predict_score 0.1352546364068985 < threshold 0.6, stopping further draft
Verifying token 0: verify_id=975 ( work), draft_id=1779 ( check), is_last=False, is_eos=False
Token 0 verification failed, accepting up to this token. is_last: False, is_eos: False, is_mismatch: True

Draft step 0: in_token=tensor([[975]], device='cuda:4'), in_token_decoded= work, end_index: 7265
predicted_token: 389, predict_score: 0.8611311316490173, token :  on

Draft step 1: in_token=tensor([[389]], device='cuda:4'), in_token_decoded= on, end_index: 7266
predicted_token: 279, predict_score: 0.7279403209686279, token :  the

Draft step 2: in_token=tensor([[279]], device='cuda:4'), in_token_decoded= the, end_index: 7267
predicted_token: 14376, predict_score: 0.3164895474910736, token :  cutting
Draft step 2, token  cutting, predict_score 0.3164895474910736 < threshold 0.6, stopping further draft
Verifying token 0: verify_id=432 ( it), draft_id=389 ( on), is_last=False, is_eos=False
Token 0 verification failed, accepting up to this token. is_last: False, is_eos: False, is_mismatch: True

Draft step 0: in_token=tensor([[432]], device='cuda:4'), in_token_decoded= it, end_index: 7266
predicted_token: 1119, predict_score: 0.1793956756591797, token :  into
Draft step 0, token  into, predict_score 0.1793956756591797 < threshold 0.6, stopping further draft
Verifying token 0: verify_id=1119 ( into), draft_id=1119 ( into), is_last=False, is_eos=False

Draft step 0: in_token=tensor([[1119]], device='cuda:4'), in_token_decoded= into, end_index: 7267
predicted_token: 279, predict_score: 0.5047837495803833, token :  the
Draft step 0, token  the, predict_score 0.5047837495803833 < threshold 0.6, stopping further draft
Verifying token 0: verify_id=264 ( a), draft_id=279 ( the), is_last=False, is_eos=False
Token 0 verification failed, accepting up to this token. is_last: False, is_eos: False, is_mismatch: True

Draft step 0: in_token=tensor([[264]], device='cuda:4'), in_token_decoded= a, end_index: 7268
predicted_token: 19212, predict_score: 0.7080004811286926, token :  bowl

Draft step 1: in_token=tensor([[19212]], device='cuda:4'), in_token_decoded= bowl, end_index: 7269
predicted_token: 11, predict_score: 0.4979133903980255, token : ,
Draft step 1, token ,, predict_score 0.4979133903980255 < threshold 0.6, stopping further draft
Verifying token 0: verify_id=803 ( more), draft_id=19212 ( bowl), is_last=False, is_eos=False
Token 0 verification failed, accepting up to this token. is_last: False, is_eos: False, is_mismatch: True

Draft step 0: in_token=tensor([[803]], device='cuda:4'), in_token_decoded= more, end_index: 7269
predicted_token: 1091, predict_score: 0.00890990998595953, token :  than
Draft step 0, token  than, predict_score 0.00890990998595953 < threshold 0.6, stopping further draft
Verifying token 0: verify_id=13794 ( uniform), draft_id=1091 ( than), is_last=False, is_eos=False
Token 0 verification failed, accepting up to this token. is_last: False, is_eos: False, is_mismatch: True

Draft step 0: in_token=tensor([[13794]], device='cuda:4'), in_token_decoded= uniform, end_index: 7270
predicted_token: 13, predict_score: 0.44168421626091003, token : .
Draft step 0, token ., predict_score 0.44168421626091003 < threshold 0.6, stopping further draft
Verifying token 0: verify_id=6083 ( shape), draft_id=13 (.), is_last=False, is_eos=False
Token 0 verification failed, accepting up to this token. is_last: False, is_eos: False, is_mismatch: True

Draft step 0: in_token=tensor([[6083]], device='cuda:4'), in_token_decoded= shape, end_index: 7271
predicted_token: 11, predict_score: 0.33653706312179565, token : ,
Draft step 0, token ,, predict_score 0.33653706312179565 < threshold 0.6, stopping further draft
Verifying token 0: verify_id=11 (,), draft_id=11 (,), is_last=False, is_eos=False

Draft step 0: in_token=tensor([[11]], device='cuda:4'), in_token_decoded=,, end_index: 7272
predicted_token: 1221, predict_score: 0.42239880561828613, token :  then
Draft step 0, token  then, predict_score 0.42239880561828613 < threshold 0.6, stopping further draft
Verifying token 0: verify_id=323 ( and), draft_id=1221 ( then), is_last=False, is_eos=False
Token 0 verification failed, accepting up to this token. is_last: False, is_eos: False, is_mismatch: True

Draft step 0: in_token=tensor([[323]], device='cuda:4'), in_token_decoded= and, end_index: 7273
predicted_token: 279, predict_score: 0.39424440264701843, token :  the
Draft step 0, token  the, predict_score 0.39424440264701843 < threshold 0.6, stopping further draft
Verifying token 0: verify_id=1221 ( then), draft_id=279 ( the), is_last=False, is_eos=False
Token 0 verification failed, accepting up to this token. is_last: False, is_eos: False, is_mismatch: True

Draft step 0: in_token=tensor([[1221]], device='cuda:4'), in_token_decoded= then, end_index: 7274
predicted_token: 9099, predict_score: 0.4487873911857605, token :  placed
Draft step 0, token  placed, predict_score 0.4487873911857605 < threshold 0.6, stopping further draft
Verifying token 0: verify_id=9099 ( placed), draft_id=9099 ( placed), is_last=False, is_eos=False

Draft step 0: in_token=tensor([[9099]], device='cuda:4'), in_token_decoded= placed, end_index: 7275
predicted_token: 389, predict_score: 0.5017030239105225, token :  on
Draft step 0, token  on, predict_score 0.5017030239105225 < threshold 0.6, stopping further draft
Verifying token 0: verify_id=1119 ( into), draft_id=389 ( on), is_last=False, is_eos=False
Token 0 verification failed, accepting up to this token. is_last: False, is_eos: False, is_mismatch: True

Draft step 0: in_token=tensor([[1119]], device='cuda:4'), in_token_decoded= into, end_index: 7276
predicted_token: 279, predict_score: 0.7354531288146973, token :  the

Draft step 1: in_token=tensor([[279]], device='cuda:4'), in_token_decoded= the, end_index: 7277
predicted_token: 19309, predict_score: 0.21644307672977448, token :  sink
Draft step 1, token  sink, predict_score 0.21644307672977448 < threshold 0.6, stopping further draft
Verifying token 0: verify_id=264 ( a), draft_id=279 ( the), is_last=False, is_eos=False
Token 0 verification failed, accepting up to this token. is_last: False, is_eos: False, is_mismatch: True

Draft step 0: in_token=tensor([[264]], device='cuda:4'), in_token_decoded= a, end_index: 7277
predicted_token: 19212, predict_score: 0.6459396481513977, token :  bowl

Draft step 1: in_token=tensor([[19212]], device='cuda:4'), in_token_decoded= bowl, end_index: 7278
predicted_token: 11, predict_score: 0.45051804184913635, token : ,
Draft step 1, token ,, predict_score 0.45051804184913635 < threshold 0.6, stopping further draft
Verifying token 0: verify_id=30352 ( dough), draft_id=19212 ( bowl), is_last=False, is_eos=False
Token 0 verification failed, accepting up to this token. is_last: False, is_eos: False, is_mismatch: True

Draft step 0: in_token=tensor([[30352]], device='cuda:4'), in_token_decoded= dough, end_index: 7278
predicted_token: 389, predict_score: 0.4333239793777466, token :  on
Draft step 0, token  on, predict_score 0.4333239793777466 < threshold 0.6, stopping further draft
Verifying token 0: verify_id=37778 ( mixer), draft_id=389 ( on), is_last=False, is_eos=False
Token 0 verification failed, accepting up to this token. is_last: False, is_eos: False, is_mismatch: True

Draft step 0: in_token=tensor([[37778]], device='cuda:4'), in_token_decoded= mixer, end_index: 7279
predicted_token: 13, predict_score: 0.44236257672309875, token : .
Draft step 0, token ., predict_score 0.44236257672309875 < threshold 0.6, stopping further draft
Verifying token 0: verify_id=311 ( to), draft_id=13 (.), is_last=False, is_eos=False
Token 0 verification failed, accepting up to this token. is_last: False, is_eos: False, is_mismatch: True

Draft step 0: in_token=tensor([[311]], device='cuda:4'), in_token_decoded= to, end_index: 7280
predicted_token: 3931, predict_score: 0.08340384811162949, token :  cut
Draft step 0, token  cut, predict_score 0.08340384811162949 < threshold 0.6, stopping further draft
Verifying token 0: verify_id=387 ( be), draft_id=3931 ( cut), is_last=False, is_eos=False
Token 0 verification failed, accepting up to this token. is_last: False, is_eos: False, is_mismatch: True

Draft step 0: in_token=tensor([[387]], device='cuda:4'), in_token_decoded= be, end_index: 7281
predicted_token: 9099, predict_score: 0.05625096336007118, token :  placed
Draft step 0, token  placed, predict_score 0.05625096336007118 < threshold 0.6, stopping further draft
Verifying token 0: verify_id=13853 ( kne), draft_id=9099 ( placed), is_last=False, is_eos=False
Token 0 verification failed, accepting up to this token. is_last: False, is_eos: False, is_mismatch: True

Draft step 0: in_token=tensor([[13853]], device='cuda:4'), in_token_decoded= kne, end_index: 7282
predicted_token: 13, predict_score: 0.19783012568950653, token : .
Draft step 0, token ., predict_score 0.19783012568950653 < threshold 0.6, stopping further draft
Verifying token 0: verify_id=14255 (aded), draft_id=13 (.), is_last=False, is_eos=False
Token 0 verification failed, accepting up to this token. is_last: False, is_eos: False, is_mismatch: True

Draft step 0: in_token=tensor([[14255]], device='cuda:4'), in_token_decoded=aded, end_index: 7283
predicted_token: 13, predict_score: 0.25380122661590576, token : .
Draft step 0, token ., predict_score 0.25380122661590576 < threshold 0.6, stopping further draft
Verifying token 0: verify_id=4623 ( further), draft_id=13 (.), is_last=False, is_eos=False
Token 0 verification failed, accepting up to this token. is_last: False, is_eos: False, is_mismatch: True

Draft step 0: in_token=tensor([[4623]], device='cuda:4'), in_token_decoded= further, end_index: 7284
predicted_token: 13, predict_score: 0.08710724860429764, token : .
Draft step 0, token ., predict_score 0.08710724860429764 < threshold 0.6, stopping further draft
Verifying token 0: verify_id=13 (.), draft_id=13 (.), is_last=False, is_eos=False

Draft step 0: in_token=tensor([[13]], device='cuda:4'), in_token_decoded=., end_index: 7285
predicted_token: 151645, predict_score: 0.5889934301376343, token : <|im_end|>
Verifying token 0: verify_id=151645 (<|im_end|>), draft_id=151645 (<|im_end|>), is_last=False, is_eos=True
Token 0 verification failed, accepting up to this token. is_last: False, is_eos: True, is_mismatch: False
New tokens: ["The dough is kneaded by pressing and folding it, with the person's hands moving it back and forth to work it into a more uniform shape, and then placed into a dough mixer to be kneaded further.<|im_end|>"]
Total new tokens generated: 44
[Spec] avg_accept=1.05 | tokens=44 | context_len=7242
[Adapter] acc=8/43 (18.6%) | avg_confidence=0.391 | drafted_avg_confidence=0.391 | context_len=7242
\n===== Lossless Check =====
Speculative output: The dough is kneaded by pressing and folding it, with the person's hands moving it back and forth to work it into a more uniform shape, and then placed into a dough mixer to be kneaded further.
AR manual output:   The dough is kneaded by pressing and folding it, with the person's hands moving it back and forth to work it into a more uniform shape, and then placed into a dough mixer to be kneaded further.
Exact match: True
OK: Outputs match. Speculative decoding is lossless.
Speedup: 0.87x
Speedup_decode: 0.87x
Spec decode tok/s: 18.74
AR decode tok/s:   21.49
 first token :NO

Draft step 0: in_token=tensor([[8996]], device='cuda:4'), in_token_decoded=NO, end_index: 7348
predicted_token: 3596, predict_score: 0.9999837875366211, token :  RE

Draft step 1: in_token=tensor([[3596]], device='cuda:4'), in_token_decoded= RE, end_index: 7349
predicted_token: 24834, predict_score: 0.9999918937683105, token : PLY

Draft step 2: in_token=tensor([[24834]], device='cuda:4'), in_token_decoded=PLY, end_index: 7350
predicted_token: 151645, predict_score: 0.6201258897781372, token : <|im_end|>
Verifying token 0: verify_id=3596 ( RE), draft_id=3596 ( RE), is_last=False, is_eos=False
Verifying token 1: verify_id=24834 (PLY), draft_id=24834 (PLY), is_last=False, is_eos=False
Verifying token 2: verify_id=151645 (<|im_end|>), draft_id=151645 (<|im_end|>), is_last=False, is_eos=True
Token 2 verification failed, accepting up to this token. is_last: False, is_eos: True, is_mismatch: False
New tokens: ['NO REPLY<|im_end|>']
Total new tokens generated: 4
[Spec] avg_accept=3.00 | tokens=4 | context_len=7347
[Adapter] acc=3/3 (100.0%) | avg_confidence=0.873 | drafted_avg_confidence=0.873 | context_len=7347
\n===== Lossless Check =====
Speculative output: NO REPLY
AR manual output:   NO REPLY
Exact match: True
OK: Outputs match. Speculative decoding is lossless.
Speedup: 1.38x
Speedup_decode: 0.89x
Spec decode tok/s: 24.99
AR decode tok/s:   28.16
 first token :NO

Draft step 0: in_token=tensor([[8996]], device='cuda:4'), in_token_decoded=NO, end_index: 7413
predicted_token: 3596, predict_score: 0.9999831914901733, token :  RE

Draft step 1: in_token=tensor([[3596]], device='cuda:4'), in_token_decoded= RE, end_index: 7414
predicted_token: 24834, predict_score: 0.999991774559021, token : PLY

Draft step 2: in_token=tensor([[24834]], device='cuda:4'), in_token_decoded=PLY, end_index: 7415
predicted_token: 151645, predict_score: 0.6199337244033813, token : <|im_end|>
Verifying token 0: verify_id=3596 ( RE), draft_id=3596 ( RE), is_last=False, is_eos=False
Verifying token 1: verify_id=24834 (PLY), draft_id=24834 (PLY), is_last=False, is_eos=False
Verifying token 2: verify_id=151645 (<|im_end|>), draft_id=151645 (<|im_end|>), is_last=False, is_eos=True
Token 2 verification failed, accepting up to this token. is_last: False, is_eos: True, is_mismatch: False
New tokens: ['NO REPLY<|im_end|>']
Total new tokens generated: 4
[Spec] avg_accept=3.00 | tokens=4 | context_len=7412
[Adapter] acc=3/3 (100.0%) | avg_confidence=0.873 | drafted_avg_confidence=0.873 | context_len=7412
