set MAX_PIXELS: 25088
set VIDEO_MAX_PIXELS: 602112
set FPS: 2.0
set FPS_MAX_FRAMES: 768
set VIDEO_TOTAL_PIXELS: 90316800
Hello! You are loading qwen_vl_utils from: /data/wangzhichao/projects/SSD_full_history/qwen_vl_utils/__init__.py
Hello! You are loading Qwen2.5-VL model from: /data/wangzhichao/projects/SSD_full_history/model/__init__.py
Namespace(llm_pretrained='/data/wangzhichao/projects/MMDuet2/ckpt/MMDuet2_ckpt', attn_implementation='flash_attention_2', system_prompt='You are a helpful assistant. Your task is to answer questions based on continuously incoming video frames. Your responses should include information from the video since your last reply (if any). If the information in this segment of the video cannot answer the question, output "NO REPLY".', input_assistant_turns=False, test_fname='./data/annotations/2fps/ego_dataset.json', output_fname='./outputs/2fps/preds_auto_full_skip_no_reply.jsonl', start_idx=0, end_idx=1, max_turns=None, device='cuda:6', do_sample=False, temperature=1.0, top_k=40, use_speculative_decoding=True, compare_AR_SSD=True, adapter_path='/data/wangzhichao/projects/SSD_full_history/adapter_checkpoints/skip_no_reply/epochs/epoch059_acc0.9242_accept0.8928_loss1.1775', exit_layer=2, speculative_threshold=0.6, speculative_steps=6)
found 0 existing question ids in ./outputs/2fps/preds_auto_full_skip_no_reply.jsonl
You are attempting to use Flash Attention 2.0 with a model not initialized on GPU. Make sure to move the model to GPU after initializing it on CPU with `model.to('cuda')`.
model load debug: loaded all keep masks for Qwen2_5_VLModel
Loading checkpoint shards:   0%|          | 0/2 [00:00<?, ?it/s]Loading checkpoint shards:  50%|█████     | 1/2 [00:00<00:00,  3.72it/s]Loading checkpoint shards: 100%|██████████| 2/2 [00:00<00:00,  4.47it/s]Loading checkpoint shards: 100%|██████████| 2/2 [00:00<00:00,  4.34it/s]
/data/wangzhichao/projects/SSD_full_history/kangaroo_model.py:60: FutureWarning: You are using `torch.load` with `weights_only=False` (the current default value), which uses the default pickle module implicitly. It is possible to construct malicious pickle data which will execute arbitrary code during unpickling (See https://github.com/pytorch/pytorch/blob/main/SECURITY.md#untrusted-models for more details). In a future release, the default value for `weights_only` will be flipped to `True`. This limits the functions that could be executed during unpickling. Arbitrary objects will no longer be allowed to be loaded via this mode unless they are explicitly allowlisted by the user via `torch.serialization.add_safe_globals`. We recommend you start setting `weights_only=True` for any use case where you don't have full control of the loaded file. Please open an issue on GitHub for any issues related to this experimental feature.
  state_dict = torch.load(adapter_ckpt, map_location='cpu')
Loaded adapter weights from /data/wangzhichao/projects/SSD_full_history/adapter_checkpoints/skip_no_reply/epochs/epoch059_acc0.9242_accept0.8928_loss1.1775/adapter_model.bin (all 9 keys matched)
Using a slow image processor as `use_fast` is unset and a slow processor was saved with this model. `use_fast=True` will be the default behavior in v4.48, even if the model was saved with a slow processor. This will result in minor differences in outputs. You'll still be able to use a slow processor with `use_fast=False`.
setting frame_interval=1.0 for testing on args.test_fname='./data/annotations/2fps/ego_dataset.json'
  0%|          | 0/326 [00:00<?, ?it/s] first token :NO

Draft step 0: in_token=tensor([[8996]], device='cuda:6'), in_token_decoded=NO, end_index: 86
predicted_token: 30352, predict_score: 0.0070177484303712845, token :  dough

Draft step 1: in_token=tensor([[30352]], device='cuda:6'), in_token_decoded= dough, end_index: 87
Draft step 1, token  dough, predict_score 0.0070177484303712845 < threshold 0.6, stopping draft
Verifying token 0: verify_id=3596 ( RE), draft_id=30352 ( dough), is_last=False, is_eos=False
Token 0 verification failed, accepting up to this token. is_last: False, is_eos: False, is_mismatch: True

Draft step 0: in_token=tensor([[3596]], device='cuda:6'), in_token_decoded= RE, end_index: 87
predicted_token: 32, predict_score: 0.03728900104761124, token : A

Draft step 1: in_token=tensor([[32]], device='cuda:6'), in_token_decoded=A, end_index: 88
Draft step 1, token A, predict_score 0.03728900104761124 < threshold 0.6, stopping draft
Verifying token 0: verify_id=24834 (PLY), draft_id=32 (A), is_last=False, is_eos=False
Token 0 verification failed, accepting up to this token. is_last: False, is_eos: False, is_mismatch: True

Draft step 0: in_token=tensor([[24834]], device='cuda:6'), in_token_decoded=PLY, end_index: 88
predicted_token: 28410, predict_score: 0.009252019226551056, token : arding

Draft step 1: in_token=tensor([[28410]], device='cuda:6'), in_token_decoded=arding, end_index: 89
Draft step 1, token arding, predict_score 0.009252019226551056 < threshold 0.6, stopping draft
Verifying token 0: verify_id=151645 (<|im_end|>), draft_id=28410 (arding), is_last=False, is_eos=True
Token 0 verification failed, accepting up to this token. is_last: False, is_eos: True, is_mismatch: True
New tokens: ['NO REPLY<|im_end|>']
Total new tokens generated: 4
[Spec] avg_accept=1.00 | tokens=4 | context_len=85
[Adapter] acc=0/3 (0.0%) | avg_confidence=0.018 | context_len=85
\n===== Lossless Check =====
Speculative output: NO REPLY
AR manual output:   NO REPLY
Exact match: True
OK: Outputs match. Speculative decoding is lossless.
Speedup: 0.46x
Speedup_decode: 0.57x
Spec decode tok/s: 22.69
AR decode tok/s:   39.71
 first token :NO

Draft step 0: in_token=tensor([[8996]], device='cuda:6'), in_token_decoded=NO, end_index: 151
predicted_token: 8996, predict_score: 0.024608086794614792, token : NO

Draft step 1: in_token=tensor([[8996]], device='cuda:6'), in_token_decoded=NO, end_index: 152
Draft step 1, token NO, predict_score 0.024608086794614792 < threshold 0.6, stopping draft
Verifying token 0: verify_id=3596 ( RE), draft_id=8996 (NO), is_last=False, is_eos=False
Token 0 verification failed, accepting up to this token. is_last: False, is_eos: False, is_mismatch: True

Draft step 0: in_token=tensor([[3596]], device='cuda:6'), in_token_decoded= RE, end_index: 152
predicted_token: 64, predict_score: 0.04393362998962402, token : a

Draft step 1: in_token=tensor([[64]], device='cuda:6'), in_token_decoded=a, end_index: 153
Draft step 1, token a, predict_score 0.04393362998962402 < threshold 0.6, stopping draft
Verifying token 0: verify_id=24834 (PLY), draft_id=64 (a), is_last=False, is_eos=False
Token 0 verification failed, accepting up to this token. is_last: False, is_eos: False, is_mismatch: True

Draft step 0: in_token=tensor([[24834]], device='cuda:6'), in_token_decoded=PLY, end_index: 153
predicted_token: 287, predict_score: 0.10863478481769562, token : ing

Draft step 1: in_token=tensor([[287]], device='cuda:6'), in_token_decoded=ing, end_index: 154
Draft step 1, token ing, predict_score 0.10863478481769562 < threshold 0.6, stopping draft
Verifying token 0: verify_id=151645 (<|im_end|>), draft_id=287 (ing), is_last=False, is_eos=True
Token 0 verification failed, accepting up to this token. is_last: False, is_eos: True, is_mismatch: True
New tokens: ['NO REPLY<|im_end|>']
Total new tokens generated: 4
[Spec] avg_accept=1.00 | tokens=4 | context_len=150
[Adapter] acc=0/3 (0.0%) | avg_confidence=0.059 | context_len=150
\n===== Lossless Check =====
Speculative output: NO REPLY
AR manual output:   NO REPLY
Exact match: True
OK: Outputs match. Speculative decoding is lossless.
Speedup: 0.60x
Speedup_decode: 0.77x
Spec decode tok/s: 29.55
AR decode tok/s:   38.25
 first token :NO

Draft step 0: in_token=tensor([[8996]], device='cuda:6'), in_token_decoded=NO, end_index: 216
predicted_token: 8996, predict_score: 0.08956082910299301, token : NO

Draft step 1: in_token=tensor([[8996]], device='cuda:6'), in_token_decoded=NO, end_index: 217
Draft step 1, token NO, predict_score 0.08956082910299301 < threshold 0.6, stopping draft
Verifying token 0: verify_id=3596 ( RE), draft_id=8996 (NO), is_last=False, is_eos=False
Token 0 verification failed, accepting up to this token. is_last: False, is_eos: False, is_mismatch: True

Draft step 0: in_token=tensor([[3596]], device='cuda:6'), in_token_decoded= RE, end_index: 217
predicted_token: 64, predict_score: 0.019600797444581985, token : a

Draft step 1: in_token=tensor([[64]], device='cuda:6'), in_token_decoded=a, end_index: 218
Draft step 1, token a, predict_score 0.019600797444581985 < threshold 0.6, stopping draft
Verifying token 0: verify_id=24834 (PLY), draft_id=64 (a), is_last=False, is_eos=False
Token 0 verification failed, accepting up to this token. is_last: False, is_eos: False, is_mismatch: True

Draft step 0: in_token=tensor([[24834]], device='cuda:6'), in_token_decoded=PLY, end_index: 218
predicted_token: 287, predict_score: 0.29352065920829773, token : ing

Draft step 1: in_token=tensor([[287]], device='cuda:6'), in_token_decoded=ing, end_index: 219
Draft step 1, token ing, predict_score 0.29352065920829773 < threshold 0.6, stopping draft
Verifying token 0: verify_id=151645 (<|im_end|>), draft_id=287 (ing), is_last=False, is_eos=True
Token 0 verification failed, accepting up to this token. is_last: False, is_eos: True, is_mismatch: True
New tokens: ['NO REPLY<|im_end|>']
Total new tokens generated: 4
[Spec] avg_accept=1.00 | tokens=4 | context_len=215
[Adapter] acc=0/3 (0.0%) | avg_confidence=0.134 | context_len=215
\n===== Lossless Check =====
Speculative output: NO REPLY
AR manual output:   NO REPLY
Exact match: True
OK: Outputs match. Speculative decoding is lossless.
Speedup: 0.64x
Speedup_decode: 0.82x
Spec decode tok/s: 31.62
AR decode tok/s:   38.54
 first token :NO

Draft step 0: in_token=tensor([[8996]], device='cuda:6'), in_token_decoded=NO, end_index: 281
predicted_token: 8996, predict_score: 0.02612440660595894, token : NO

Draft step 1: in_token=tensor([[8996]], device='cuda:6'), in_token_decoded=NO, end_index: 282
Draft step 1, token NO, predict_score 0.02612440660595894 < threshold 0.6, stopping draft
Verifying token 0: verify_id=3596 ( RE), draft_id=8996 (NO), is_last=False, is_eos=False
Token 0 verification failed, accepting up to this token. is_last: False, is_eos: False, is_mismatch: True

Draft step 0: in_token=tensor([[3596]], device='cuda:6'), in_token_decoded= RE, end_index: 282
predicted_token: 8568, predict_score: 0.02471684291958809, token :  opening

Draft step 1: in_token=tensor([[8568]], device='cuda:6'), in_token_decoded= opening, end_index: 283
Draft step 1, token  opening, predict_score 0.02471684291958809 < threshold 0.6, stopping draft
Verifying token 0: verify_id=24834 (PLY), draft_id=8568 ( opening), is_last=False, is_eos=False
Token 0 verification failed, accepting up to this token. is_last: False, is_eos: False, is_mismatch: True

Draft step 0: in_token=tensor([[24834]], device='cuda:6'), in_token_decoded=PLY, end_index: 283
predicted_token: 287, predict_score: 0.10979305952787399, token : ing

Draft step 1: in_token=tensor([[287]], device='cuda:6'), in_token_decoded=ing, end_index: 284
Draft step 1, token ing, predict_score 0.10979305952787399 < threshold 0.6, stopping draft
Verifying token 0: verify_id=151645 (<|im_end|>), draft_id=287 (ing), is_last=False, is_eos=True
Token 0 verification failed, accepting up to this token. is_last: False, is_eos: True, is_mismatch: True
New tokens: ['NO REPLY<|im_end|>']
Total new tokens generated: 4
[Spec] avg_accept=1.00 | tokens=4 | context_len=280
[Adapter] acc=0/3 (0.0%) | avg_confidence=0.054 | context_len=280
\n===== Lossless Check =====
Speculative output: NO REPLY
AR manual output:   NO REPLY
Exact match: True
OK: Outputs match. Speculative decoding is lossless.
Speedup: 0.65x
Speedup_decode: 0.83x
Spec decode tok/s: 31.95
AR decode tok/s:   38.61
 first token :NO

Draft step 0: in_token=tensor([[8996]], device='cuda:6'), in_token_decoded=NO, end_index: 346
predicted_token: 79147, predict_score: 0.014476231299340725, token :  tofu

Draft step 1: in_token=tensor([[79147]], device='cuda:6'), in_token_decoded= tofu, end_index: 347
Draft step 1, token  tofu, predict_score 0.014476231299340725 < threshold 0.6, stopping draft
Verifying token 0: verify_id=3596 ( RE), draft_id=79147 ( tofu), is_last=False, is_eos=False
Token 0 verification failed, accepting up to this token. is_last: False, is_eos: False, is_mismatch: True

Draft step 0: in_token=tensor([[3596]], device='cuda:6'), in_token_decoded= RE, end_index: 347
predicted_token: 652, predict_score: 0.042428143322467804, token : ber

Draft step 1: in_token=tensor([[652]], device='cuda:6'), in_token_decoded=ber, end_index: 348
Draft step 1, token ber, predict_score 0.042428143322467804 < threshold 0.6, stopping draft
Verifying token 0: verify_id=24834 (PLY), draft_id=652 (ber), is_last=False, is_eos=False
Token 0 verification failed, accepting up to this token. is_last: False, is_eos: False, is_mismatch: True

Draft step 0: in_token=tensor([[24834]], device='cuda:6'), in_token_decoded=PLY, end_index: 348
predicted_token: 287, predict_score: 0.10363831371068954, token : ing

Draft step 1: in_token=tensor([[287]], device='cuda:6'), in_token_decoded=ing, end_index: 349
Draft step 1, token ing, predict_score 0.10363831371068954 < threshold 0.6, stopping draft
Verifying token 0: verify_id=151645 (<|im_end|>), draft_id=287 (ing), is_last=False, is_eos=True
Token 0 verification failed, accepting up to this token. is_last: False, is_eos: True, is_mismatch: True
New tokens: ['NO REPLY<|im_end|>']
Total new tokens generated: 4
[Spec] avg_accept=1.00 | tokens=4 | context_len=345
[Adapter] acc=0/3 (0.0%) | avg_confidence=0.054 | context_len=345
\n===== Lossless Check =====
Speculative output: NO REPLY
AR manual output:   NO REPLY
Exact match: True
OK: Outputs match. Speculative decoding is lossless.
Speedup: 0.66x
Speedup_decode: 0.84x
Spec decode tok/s: 31.45
AR decode tok/s:   37.33
 first token :NO

Draft step 0: in_token=tensor([[8996]], device='cuda:6'), in_token_decoded=NO, end_index: 411
predicted_token: 71453, predict_score: 0.01641089655458927, token :  faucet

Draft step 1: in_token=tensor([[71453]], device='cuda:6'), in_token_decoded= faucet, end_index: 412
Draft step 1, token  faucet, predict_score 0.01641089655458927 < threshold 0.6, stopping draft
Verifying token 0: verify_id=3596 ( RE), draft_id=71453 ( faucet), is_last=False, is_eos=False
Token 0 verification failed, accepting up to this token. is_last: False, is_eos: False, is_mismatch: True

Draft step 0: in_token=tensor([[3596]], device='cuda:6'), in_token_decoded= RE, end_index: 412
predicted_token: 652, predict_score: 0.024255385622382164, token : ber

Draft step 1: in_token=tensor([[652]], device='cuda:6'), in_token_decoded=ber, end_index: 413
Draft step 1, token ber, predict_score 0.024255385622382164 < threshold 0.6, stopping draft
Verifying token 0: verify_id=24834 (PLY), draft_id=652 (ber), is_last=False, is_eos=False
Token 0 verification failed, accepting up to this token. is_last: False, is_eos: False, is_mismatch: True

Draft step 0: in_token=tensor([[24834]], device='cuda:6'), in_token_decoded=PLY, end_index: 413
predicted_token: 279, predict_score: 0.09783557802438736, token :  the

Draft step 1: in_token=tensor([[279]], device='cuda:6'), in_token_decoded= the, end_index: 414
Draft step 1, token  the, predict_score 0.09783557802438736 < threshold 0.6, stopping draft
Verifying token 0: verify_id=151645 (<|im_end|>), draft_id=279 ( the), is_last=False, is_eos=True
Token 0 verification failed, accepting up to this token. is_last: False, is_eos: True, is_mismatch: True
New tokens: ['NO REPLY<|im_end|>']
Total new tokens generated: 4
[Spec] avg_accept=1.00 | tokens=4 | context_len=410
[Adapter] acc=0/3 (0.0%) | avg_confidence=0.046 | context_len=410
\n===== Lossless Check =====
Speculative output: NO REPLY
AR manual output:   NO REPLY
Exact match: True
OK: Outputs match. Speculative decoding is lossless.
Speedup: 0.66x
Speedup_decode: 0.84x
Spec decode tok/s: 30.71
AR decode tok/s:   36.41
 first token :NO

Draft step 0: in_token=tensor([[8996]], device='cuda:6'), in_token_decoded=NO, end_index: 476
predicted_token: 71453, predict_score: 0.01998862996697426, token :  faucet

Draft step 1: in_token=tensor([[71453]], device='cuda:6'), in_token_decoded= faucet, end_index: 477
Draft step 1, token  faucet, predict_score 0.01998862996697426 < threshold 0.6, stopping draft
Verifying token 0: verify_id=3596 ( RE), draft_id=71453 ( faucet), is_last=False, is_eos=False
Token 0 verification failed, accepting up to this token. is_last: False, is_eos: False, is_mismatch: True

Draft step 0: in_token=tensor([[3596]], device='cuda:6'), in_token_decoded= RE, end_index: 477
predicted_token: 652, predict_score: 0.054090388119220734, token : ber

Draft step 1: in_token=tensor([[652]], device='cuda:6'), in_token_decoded=ber, end_index: 478
Draft step 1, token ber, predict_score 0.054090388119220734 < threshold 0.6, stopping draft
Verifying token 0: verify_id=24834 (PLY), draft_id=652 (ber), is_last=False, is_eos=False
Token 0 verification failed, accepting up to this token. is_last: False, is_eos: False, is_mismatch: True

Draft step 0: in_token=tensor([[24834]], device='cuda:6'), in_token_decoded=PLY, end_index: 478
predicted_token: 287, predict_score: 0.08923511952161789, token : ing

Draft step 1: in_token=tensor([[287]], device='cuda:6'), in_token_decoded=ing, end_index: 479
Draft step 1, token ing, predict_score 0.08923511952161789 < threshold 0.6, stopping draft
Verifying token 0: verify_id=151645 (<|im_end|>), draft_id=287 (ing), is_last=False, is_eos=True
Token 0 verification failed, accepting up to this token. is_last: False, is_eos: True, is_mismatch: True
New tokens: ['NO REPLY<|im_end|>']
Total new tokens generated: 4
[Spec] avg_accept=1.00 | tokens=4 | context_len=475
[Adapter] acc=0/3 (0.0%) | avg_confidence=0.054 | context_len=475
\n===== Lossless Check =====
Speculative output: NO REPLY
AR manual output:   NO REPLY
Exact match: True
OK: Outputs match. Speculative decoding is lossless.
Speedup: 0.65x
Speedup_decode: 0.83x
Spec decode tok/s: 31.43
AR decode tok/s:   37.96
 first token :NO

Draft step 0: in_token=tensor([[8996]], device='cuda:6'), in_token_decoded=NO, end_index: 541
predicted_token: 79147, predict_score: 0.03356127068400383, token :  tofu

Draft step 1: in_token=tensor([[79147]], device='cuda:6'), in_token_decoded= tofu, end_index: 542
Draft step 1, token  tofu, predict_score 0.03356127068400383 < threshold 0.6, stopping draft
Verifying token 0: verify_id=3596 ( RE), draft_id=79147 ( tofu), is_last=False, is_eos=False
Token 0 verification failed, accepting up to this token. is_last: False, is_eos: False, is_mismatch: True

Draft step 0: in_token=tensor([[3596]], device='cuda:6'), in_token_decoded= RE, end_index: 542
predicted_token: 652, predict_score: 0.05451035499572754, token : ber

Draft step 1: in_token=tensor([[652]], device='cuda:6'), in_token_decoded=ber, end_index: 543
Draft step 1, token ber, predict_score 0.05451035499572754 < threshold 0.6, stopping draft
Verifying token 0: verify_id=24834 (PLY), draft_id=652 (ber), is_last=False, is_eos=False
Token 0 verification failed, accepting up to this token. is_last: False, is_eos: False, is_mismatch: True

Draft step 0: in_token=tensor([[24834]], device='cuda:6'), in_token_decoded=PLY, end_index: 543
predicted_token: 432, predict_score: 0.23768313229084015, token :  it

Draft step 1: in_token=tensor([[432]], device='cuda:6'), in_token_decoded= it, end_index: 544
Draft step 1, token  it, predict_score 0.23768313229084015 < threshold 0.6, stopping draft
Verifying token 0: verify_id=151645 (<|im_end|>), draft_id=432 ( it), is_last=False, is_eos=True
Token 0 verification failed, accepting up to this token. is_last: False, is_eos: True, is_mismatch: True
New tokens: ['NO REPLY<|im_end|>']
Total new tokens generated: 4
[Spec] avg_accept=1.00 | tokens=4 | context_len=540
[Adapter] acc=0/3 (0.0%) | avg_confidence=0.109 | context_len=540
\n===== Lossless Check =====
Speculative output: NO REPLY
AR manual output:   NO REPLY
Exact match: True
OK: Outputs match. Speculative decoding is lossless.
Speedup: 0.64x
Speedup_decode: 0.82x
Spec decode tok/s: 31.53
AR decode tok/s:   38.51
 first token :NO

Draft step 0: in_token=tensor([[8996]], device='cuda:6'), in_token_decoded=NO, end_index: 606
predicted_token: 79147, predict_score: 0.022030077874660492, token :  tofu

Draft step 1: in_token=tensor([[79147]], device='cuda:6'), in_token_decoded= tofu, end_index: 607
Draft step 1, token  tofu, predict_score 0.022030077874660492 < threshold 0.6, stopping draft
Verifying token 0: verify_id=3596 ( RE), draft_id=79147 ( tofu), is_last=False, is_eos=False
Token 0 verification failed, accepting up to this token. is_last: False, is_eos: False, is_mismatch: True

Draft step 0: in_token=tensor([[3596]], device='cuda:6'), in_token_decoded= RE, end_index: 607
predicted_token: 652, predict_score: 0.042717963457107544, token : ber

Draft step 1: in_token=tensor([[652]], device='cuda:6'), in_token_decoded=ber, end_index: 608
Draft step 1, token ber, predict_score 0.042717963457107544 < threshold 0.6, stopping draft
Verifying token 0: verify_id=24834 (PLY), draft_id=652 (ber), is_last=False, is_eos=False
Token 0 verification failed, accepting up to this token. is_last: False, is_eos: False, is_mismatch: True

Draft step 0: in_token=tensor([[24834]], device='cuda:6'), in_token_decoded=PLY, end_index: 608
predicted_token: 279, predict_score: 0.276520311832428, token :  the

Draft step 1: in_token=tensor([[279]], device='cuda:6'), in_token_decoded= the, end_index: 609
Draft step 1, token  the, predict_score 0.276520311832428 < threshold 0.6, stopping draft
Verifying token 0: verify_id=151645 (<|im_end|>), draft_id=279 ( the), is_last=False, is_eos=True
Token 0 verification failed, accepting up to this token. is_last: False, is_eos: True, is_mismatch: True
New tokens: ['NO REPLY<|im_end|>']
Total new tokens generated: 4
[Spec] avg_accept=1.00 | tokens=4 | context_len=605
[Adapter] acc=0/3 (0.0%) | avg_confidence=0.114 | context_len=605
\n===== Lossless Check =====
Speculative output: NO REPLY
AR manual output:   NO REPLY
Exact match: True
OK: Outputs match. Speculative decoding is lossless.
Speedup: 0.65x
Speedup_decode: 0.83x
Spec decode tok/s: 31.41
AR decode tok/s:   37.86
 first token :NO

Draft step 0: in_token=tensor([[8996]], device='cuda:6'), in_token_decoded=NO, end_index: 671
predicted_token: 71453, predict_score: 0.03091440722346306, token :  faucet

Draft step 1: in_token=tensor([[71453]], device='cuda:6'), in_token_decoded= faucet, end_index: 672
Draft step 1, token  faucet, predict_score 0.03091440722346306 < threshold 0.6, stopping draft
Verifying token 0: verify_id=3596 ( RE), draft_id=71453 ( faucet), is_last=False, is_eos=False
Token 0 verification failed, accepting up to this token. is_last: False, is_eos: False, is_mismatch: True

Draft step 0: in_token=tensor([[3596]], device='cuda:6'), in_token_decoded= RE, end_index: 672
predicted_token: 1221, predict_score: 0.05455807223916054, token :  then

Draft step 1: in_token=tensor([[1221]], device='cuda:6'), in_token_decoded= then, end_index: 673
Draft step 1, token  then, predict_score 0.05455807223916054 < threshold 0.6, stopping draft
Verifying token 0: verify_id=24834 (PLY), draft_id=1221 ( then), is_last=False, is_eos=False
Token 0 verification failed, accepting up to this token. is_last: False, is_eos: False, is_mismatch: True

Draft step 0: in_token=tensor([[24834]], device='cuda:6'), in_token_decoded=PLY, end_index: 673
predicted_token: 279, predict_score: 0.20570363104343414, token :  the

Draft step 1: in_token=tensor([[279]], device='cuda:6'), in_token_decoded= the, end_index: 674
Draft step 1, token  the, predict_score 0.20570363104343414 < threshold 0.6, stopping draft
Verifying token 0: verify_id=151645 (<|im_end|>), draft_id=279 ( the), is_last=False, is_eos=True
Token 0 verification failed, accepting up to this token. is_last: False, is_eos: True, is_mismatch: True
New tokens: ['NO REPLY<|im_end|>']
Total new tokens generated: 4
[Spec] avg_accept=1.00 | tokens=4 | context_len=670
[Adapter] acc=0/3 (0.0%) | avg_confidence=0.097 | context_len=670
\n===== Lossless Check =====
Speculative output: NO REPLY
AR manual output:   NO REPLY
Exact match: True
OK: Outputs match. Speculative decoding is lossless.
Speedup: 0.64x
Speedup_decode: 0.82x
Spec decode tok/s: 31.26
AR decode tok/s:   38.04
 first token :NO

Draft step 0: in_token=tensor([[8996]], device='cuda:6'), in_token_decoded=NO, end_index: 736
predicted_token: 71453, predict_score: 0.018908273428678513, token :  faucet

Draft step 1: in_token=tensor([[71453]], device='cuda:6'), in_token_decoded= faucet, end_index: 737
Draft step 1, token  faucet, predict_score 0.018908273428678513 < threshold 0.6, stopping draft
Verifying token 0: verify_id=3596 ( RE), draft_id=71453 ( faucet), is_last=False, is_eos=False
Token 0 verification failed, accepting up to this token. is_last: False, is_eos: False, is_mismatch: True

Draft step 0: in_token=tensor([[3596]], device='cuda:6'), in_token_decoded= RE, end_index: 737
predicted_token: 323, predict_score: 0.04427127540111542, token :  and

Draft step 1: in_token=tensor([[323]], device='cuda:6'), in_token_decoded= and, end_index: 738
Draft step 1, token  and, predict_score 0.04427127540111542 < threshold 0.6, stopping draft
Verifying token 0: verify_id=24834 (PLY), draft_id=323 ( and), is_last=False, is_eos=False
Token 0 verification failed, accepting up to this token. is_last: False, is_eos: False, is_mismatch: True

Draft step 0: in_token=tensor([[24834]], device='cuda:6'), in_token_decoded=PLY, end_index: 738
predicted_token: 279, predict_score: 0.09422583878040314, token :  the

Draft step 1: in_token=tensor([[279]], device='cuda:6'), in_token_decoded= the, end_index: 739
Draft step 1, token  the, predict_score 0.09422583878040314 < threshold 0.6, stopping draft
Verifying token 0: verify_id=151645 (<|im_end|>), draft_id=279 ( the), is_last=False, is_eos=True
Token 0 verification failed, accepting up to this token. is_last: False, is_eos: True, is_mismatch: True
New tokens: ['NO REPLY<|im_end|>']
Total new tokens generated: 4
[Spec] avg_accept=1.00 | tokens=4 | context_len=735
[Adapter] acc=0/3 (0.0%) | avg_confidence=0.052 | context_len=735
\n===== Lossless Check =====
Speculative output: NO REPLY
AR manual output:   NO REPLY
Exact match: True
OK: Outputs match. Speculative decoding is lossless.
Speedup: 0.65x
Speedup_decode: 0.83x
Spec decode tok/s: 31.85
AR decode tok/s:   38.51
 first token :NO

Draft step 0: in_token=tensor([[8996]], device='cuda:6'), in_token_decoded=NO, end_index: 801
predicted_token: 4303, predict_score: 0.011947991326451302, token :  running

Draft step 1: in_token=tensor([[4303]], device='cuda:6'), in_token_decoded= running, end_index: 802
Draft step 1, token  running, predict_score 0.011947991326451302 < threshold 0.6, stopping draft
Verifying token 0: verify_id=3596 ( RE), draft_id=4303 ( running), is_last=False, is_eos=False
Token 0 verification failed, accepting up to this token. is_last: False, is_eos: False, is_mismatch: True

Draft step 0: in_token=tensor([[3596]], device='cuda:6'), in_token_decoded= RE, end_index: 802
predicted_token: 1221, predict_score: 0.09563902765512466, token :  then

Draft step 1: in_token=tensor([[1221]], device='cuda:6'), in_token_decoded= then, end_index: 803
Draft step 1, token  then, predict_score 0.09563902765512466 < threshold 0.6, stopping draft
Verifying token 0: verify_id=24834 (PLY), draft_id=1221 ( then), is_last=False, is_eos=False
Token 0 verification failed, accepting up to this token. is_last: False, is_eos: False, is_mismatch: True

Draft step 0: in_token=tensor([[24834]], device='cuda:6'), in_token_decoded=PLY, end_index: 803
predicted_token: 279, predict_score: 0.25256940722465515, token :  the

Draft step 1: in_token=tensor([[279]], device='cuda:6'), in_token_decoded= the, end_index: 804
Draft step 1, token  the, predict_score 0.25256940722465515 < threshold 0.6, stopping draft
Verifying token 0: verify_id=151645 (<|im_end|>), draft_id=279 ( the), is_last=False, is_eos=True
Token 0 verification failed, accepting up to this token. is_last: False, is_eos: True, is_mismatch: True
New tokens: ['NO REPLY<|im_end|>']
Total new tokens generated: 4
[Spec] avg_accept=1.00 | tokens=4 | context_len=800
[Adapter] acc=0/3 (0.0%) | avg_confidence=0.120 | context_len=800
\n===== Lossless Check =====
Speculative output: NO REPLY
AR manual output:   NO REPLY
Exact match: True
OK: Outputs match. Speculative decoding is lossless.
Speedup: 0.68x
Speedup_decode: 0.86x
Spec decode tok/s: 31.55
AR decode tok/s:   36.61
 first token :NO

Draft step 0: in_token=tensor([[8996]], device='cuda:6'), in_token_decoded=NO, end_index: 866
predicted_token: 4303, predict_score: 0.01693148724734783, token :  running

Draft step 1: in_token=tensor([[4303]], device='cuda:6'), in_token_decoded= running, end_index: 867
Draft step 1, token  running, predict_score 0.01693148724734783 < threshold 0.6, stopping draft
Verifying token 0: verify_id=3596 ( RE), draft_id=4303 ( running), is_last=False, is_eos=False
Token 0 verification failed, accepting up to this token. is_last: False, is_eos: False, is_mismatch: True

Draft step 0: in_token=tensor([[3596]], device='cuda:6'), in_token_decoded= RE, end_index: 867
predicted_token: 652, predict_score: 0.03784468024969101, token : ber

Draft step 1: in_token=tensor([[652]], device='cuda:6'), in_token_decoded=ber, end_index: 868
Draft step 1, token ber, predict_score 0.03784468024969101 < threshold 0.6, stopping draft
Verifying token 0: verify_id=24834 (PLY), draft_id=652 (ber), is_last=False, is_eos=False
Token 0 verification failed, accepting up to this token. is_last: False, is_eos: False, is_mismatch: True

Draft step 0: in_token=tensor([[24834]], device='cuda:6'), in_token_decoded=PLY, end_index: 868
predicted_token: 264, predict_score: 0.06936021149158478, token :  a

Draft step 1: in_token=tensor([[264]], device='cuda:6'), in_token_decoded= a, end_index: 869
Draft step 1, token  a, predict_score 0.06936021149158478 < threshold 0.6, stopping draft
Verifying token 0: verify_id=151645 (<|im_end|>), draft_id=264 ( a), is_last=False, is_eos=True
Token 0 verification failed, accepting up to this token. is_last: False, is_eos: True, is_mismatch: True
New tokens: ['NO REPLY<|im_end|>']
Total new tokens generated: 4
[Spec] avg_accept=1.00 | tokens=4 | context_len=865
[Adapter] acc=0/3 (0.0%) | avg_confidence=0.041 | context_len=865
\n===== Lossless Check =====
Speculative output: NO REPLY
AR manual output:   NO REPLY
Exact match: True
OK: Outputs match. Speculative decoding is lossless.
Speedup: 0.65x
Speedup_decode: 0.83x
Spec decode tok/s: 31.87
AR decode tok/s:   38.40
 first token :NO

Draft step 0: in_token=tensor([[8996]], device='cuda:6'), in_token_decoded=NO, end_index: 931
predicted_token: 9780, predict_score: 0.021984973922371864, token :  kitchen

Draft step 1: in_token=tensor([[9780]], device='cuda:6'), in_token_decoded= kitchen, end_index: 932
Draft step 1, token  kitchen, predict_score 0.021984973922371864 < threshold 0.6, stopping draft
Verifying token 0: verify_id=3596 ( RE), draft_id=9780 ( kitchen), is_last=False, is_eos=False
Token 0 verification failed, accepting up to this token. is_last: False, is_eos: False, is_mismatch: True

Draft step 0: in_token=tensor([[3596]], device='cuda:6'), in_token_decoded= RE, end_index: 932
predicted_token: 1221, predict_score: 0.07205323874950409, token :  then

Draft step 1: in_token=tensor([[1221]], device='cuda:6'), in_token_decoded= then, end_index: 933
Draft step 1, token  then, predict_score 0.07205323874950409 < threshold 0.6, stopping draft
Verifying token 0: verify_id=24834 (PLY), draft_id=1221 ( then), is_last=False, is_eos=False
Token 0 verification failed, accepting up to this token. is_last: False, is_eos: False, is_mismatch: True

Draft step 0: in_token=tensor([[24834]], device='cuda:6'), in_token_decoded=PLY, end_index: 933
predicted_token: 432, predict_score: 0.25250115990638733, token :  it

Draft step 1: in_token=tensor([[432]], device='cuda:6'), in_token_decoded= it, end_index: 934
Draft step 1, token  it, predict_score 0.25250115990638733 < threshold 0.6, stopping draft
Verifying token 0: verify_id=151645 (<|im_end|>), draft_id=432 ( it), is_last=False, is_eos=True
Token 0 verification failed, accepting up to this token. is_last: False, is_eos: True, is_mismatch: True
New tokens: ['NO REPLY<|im_end|>']
Total new tokens generated: 4
[Spec] avg_accept=1.00 | tokens=4 | context_len=930
[Adapter] acc=0/3 (0.0%) | avg_confidence=0.116 | context_len=930
\n===== Lossless Check =====
Speculative output: NO REPLY
AR manual output:   NO REPLY
Exact match: True
OK: Outputs match. Speculative decoding is lossless.
Speedup: 0.65x
Speedup_decode: 0.83x
Spec decode tok/s: 31.64
AR decode tok/s:   38.25
 first token :NO

Draft step 0: in_token=tensor([[8996]], device='cuda:6'), in_token_decoded=NO, end_index: 996
predicted_token: 4303, predict_score: 0.030286533758044243, token :  running

Draft step 1: in_token=tensor([[4303]], device='cuda:6'), in_token_decoded= running, end_index: 997
Draft step 1, token  running, predict_score 0.030286533758044243 < threshold 0.6, stopping draft
Verifying token 0: verify_id=3596 ( RE), draft_id=4303 ( running), is_last=False, is_eos=False
Token 0 verification failed, accepting up to this token. is_last: False, is_eos: False, is_mismatch: True

Draft step 0: in_token=tensor([[3596]], device='cuda:6'), in_token_decoded= RE, end_index: 997
predicted_token: 1221, predict_score: 0.09975113719701767, token :  then

Draft step 1: in_token=tensor([[1221]], device='cuda:6'), in_token_decoded= then, end_index: 998
Draft step 1, token  then, predict_score 0.09975113719701767 < threshold 0.6, stopping draft
Verifying token 0: verify_id=24834 (PLY), draft_id=1221 ( then), is_last=False, is_eos=False
Token 0 verification failed, accepting up to this token. is_last: False, is_eos: False, is_mismatch: True

Draft step 0: in_token=tensor([[24834]], device='cuda:6'), in_token_decoded=PLY, end_index: 998
predicted_token: 279, predict_score: 0.23276731371879578, token :  the

Draft step 1: in_token=tensor([[279]], device='cuda:6'), in_token_decoded= the, end_index: 999
Draft step 1, token  the, predict_score 0.23276731371879578 < threshold 0.6, stopping draft
Verifying token 0: verify_id=151645 (<|im_end|>), draft_id=279 ( the), is_last=False, is_eos=True
Token 0 verification failed, accepting up to this token. is_last: False, is_eos: True, is_mismatch: True
New tokens: ['NO REPLY<|im_end|>']
Total new tokens generated: 4
[Spec] avg_accept=1.00 | tokens=4 | context_len=995
[Adapter] acc=0/3 (0.0%) | avg_confidence=0.121 | context_len=995
\n===== Lossless Check =====
Speculative output: NO REPLY
AR manual output:   NO REPLY
Exact match: True
OK: Outputs match. Speculative decoding is lossless.
Speedup: 0.65x
Speedup_decode: 0.83x
Spec decode tok/s: 31.83
AR decode tok/s:   38.21
 first token :NO

Draft step 0: in_token=tensor([[8996]], device='cuda:6'), in_token_decoded=NO, end_index: 1061
predicted_token: 4303, predict_score: 0.025267206132411957, token :  running

Draft step 1: in_token=tensor([[4303]], device='cuda:6'), in_token_decoded= running, end_index: 1062
Draft step 1, token  running, predict_score 0.025267206132411957 < threshold 0.6, stopping draft
Verifying token 0: verify_id=3596 ( RE), draft_id=4303 ( running), is_last=False, is_eos=False
Token 0 verification failed, accepting up to this token. is_last: False, is_eos: False, is_mismatch: True

Draft step 0: in_token=tensor([[3596]], device='cuda:6'), in_token_decoded= RE, end_index: 1062
predicted_token: 1221, predict_score: 0.06673315912485123, token :  then

Draft step 1: in_token=tensor([[1221]], device='cuda:6'), in_token_decoded= then, end_index: 1063
Draft step 1, token  then, predict_score 0.06673315912485123 < threshold 0.6, stopping draft
Verifying token 0: verify_id=24834 (PLY), draft_id=1221 ( then), is_last=False, is_eos=False
Token 0 verification failed, accepting up to this token. is_last: False, is_eos: False, is_mismatch: True

Draft step 0: in_token=tensor([[24834]], device='cuda:6'), in_token_decoded=PLY, end_index: 1063
predicted_token: 432, predict_score: 0.3963222801685333, token :  it

Draft step 1: in_token=tensor([[432]], device='cuda:6'), in_token_decoded= it, end_index: 1064
Draft step 1, token  it, predict_score 0.3963222801685333 < threshold 0.6, stopping draft
Verifying token 0: verify_id=151645 (<|im_end|>), draft_id=432 ( it), is_last=False, is_eos=True
Token 0 verification failed, accepting up to this token. is_last: False, is_eos: True, is_mismatch: True
New tokens: ['NO REPLY<|im_end|>']
Total new tokens generated: 4
[Spec] avg_accept=1.00 | tokens=4 | context_len=1060
[Adapter] acc=0/3 (0.0%) | avg_confidence=0.163 | context_len=1060
\n===== Lossless Check =====
Speculative output: NO REPLY
AR manual output:   NO REPLY
Exact match: True
OK: Outputs match. Speculative decoding is lossless.
Speedup: 0.65x
Speedup_decode: 0.83x
Spec decode tok/s: 31.65
AR decode tok/s:   38.30
 first token :NO

Draft step 0: in_token=tensor([[8996]], device='cuda:6'), in_token_decoded=NO, end_index: 1126
predicted_token: 4303, predict_score: 0.019442828372120857, token :  running

Draft step 1: in_token=tensor([[4303]], device='cuda:6'), in_token_decoded= running, end_index: 1127
Draft step 1, token  running, predict_score 0.019442828372120857 < threshold 0.6, stopping draft
Verifying token 0: verify_id=3596 ( RE), draft_id=4303 ( running), is_last=False, is_eos=False
Token 0 verification failed, accepting up to this token. is_last: False, is_eos: False, is_mismatch: True

Draft step 0: in_token=tensor([[3596]], device='cuda:6'), in_token_decoded= RE, end_index: 1127
predicted_token: 1221, predict_score: 0.1335766315460205, token :  then

Draft step 1: in_token=tensor([[1221]], device='cuda:6'), in_token_decoded= then, end_index: 1128
Draft step 1, token  then, predict_score 0.1335766315460205 < threshold 0.6, stopping draft
Verifying token 0: verify_id=24834 (PLY), draft_id=1221 ( then), is_last=False, is_eos=False
Token 0 verification failed, accepting up to this token. is_last: False, is_eos: False, is_mismatch: True

Draft step 0: in_token=tensor([[24834]], device='cuda:6'), in_token_decoded=PLY, end_index: 1128
predicted_token: 432, predict_score: 0.24250537157058716, token :  it

Draft step 1: in_token=tensor([[432]], device='cuda:6'), in_token_decoded= it, end_index: 1129
Draft step 1, token  it, predict_score 0.24250537157058716 < threshold 0.6, stopping draft
Verifying token 0: verify_id=151645 (<|im_end|>), draft_id=432 ( it), is_last=False, is_eos=True
Token 0 verification failed, accepting up to this token. is_last: False, is_eos: True, is_mismatch: True
New tokens: ['NO REPLY<|im_end|>']
Total new tokens generated: 4
[Spec] avg_accept=1.00 | tokens=4 | context_len=1125
[Adapter] acc=0/3 (0.0%) | avg_confidence=0.132 | context_len=1125
\n===== Lossless Check =====
Speculative output: NO REPLY
AR manual output:   NO REPLY
Exact match: True
OK: Outputs match. Speculative decoding is lossless.
Speedup: 0.65x
Speedup_decode: 0.82x
Spec decode tok/s: 31.55
AR decode tok/s:   38.26
 first token :NO

Draft step 0: in_token=tensor([[8996]], device='cuda:6'), in_token_decoded=NO, end_index: 1191
predicted_token: 4303, predict_score: 0.022638749331235886, token :  running

Draft step 1: in_token=tensor([[4303]], device='cuda:6'), in_token_decoded= running, end_index: 1192
Draft step 1, token  running, predict_score 0.022638749331235886 < threshold 0.6, stopping draft
Verifying token 0: verify_id=3596 ( RE), draft_id=4303 ( running), is_last=False, is_eos=False
Token 0 verification failed, accepting up to this token. is_last: False, is_eos: False, is_mismatch: True

Draft step 0: in_token=tensor([[3596]], device='cuda:6'), in_token_decoded= RE, end_index: 1192
predicted_token: 1221, predict_score: 0.2036464810371399, token :  then

Draft step 1: in_token=tensor([[1221]], device='cuda:6'), in_token_decoded= then, end_index: 1193
Draft step 1, token  then, predict_score 0.2036464810371399 < threshold 0.6, stopping draft
Verifying token 0: verify_id=24834 (PLY), draft_id=1221 ( then), is_last=False, is_eos=False
Token 0 verification failed, accepting up to this token. is_last: False, is_eos: False, is_mismatch: True

Draft step 0: in_token=tensor([[24834]], device='cuda:6'), in_token_decoded=PLY, end_index: 1193
predicted_token: 432, predict_score: 0.25184980034828186, token :  it

Draft step 1: in_token=tensor([[432]], device='cuda:6'), in_token_decoded= it, end_index: 1194
Draft step 1, token  it, predict_score 0.25184980034828186 < threshold 0.6, stopping draft
Verifying token 0: verify_id=151645 (<|im_end|>), draft_id=432 ( it), is_last=False, is_eos=True
Token 0 verification failed, accepting up to this token. is_last: False, is_eos: True, is_mismatch: True
New tokens: ['NO REPLY<|im_end|>']
Total new tokens generated: 4
[Spec] avg_accept=1.00 | tokens=4 | context_len=1190
[Adapter] acc=0/3 (0.0%) | avg_confidence=0.159 | context_len=1190
\n===== Lossless Check =====
Speculative output: NO REPLY
AR manual output:   NO REPLY
Exact match: True
OK: Outputs match. Speculative decoding is lossless.
Speedup: 0.66x
Speedup_decode: 0.84x
Spec decode tok/s: 31.59
AR decode tok/s:   37.77
 first token :NO

Draft step 0: in_token=tensor([[8996]], device='cuda:6'), in_token_decoded=NO, end_index: 1256
predicted_token: 79147, predict_score: 0.01849602535367012, token :  tofu

Draft step 1: in_token=tensor([[79147]], device='cuda:6'), in_token_decoded= tofu, end_index: 1257
Draft step 1, token  tofu, predict_score 0.01849602535367012 < threshold 0.6, stopping draft
Verifying token 0: verify_id=3596 ( RE), draft_id=79147 ( tofu), is_last=False, is_eos=False
Token 0 verification failed, accepting up to this token. is_last: False, is_eos: False, is_mismatch: True

Draft step 0: in_token=tensor([[3596]], device='cuda:6'), in_token_decoded= RE, end_index: 1257
predicted_token: 323, predict_score: 0.06600233167409897, token :  and

Draft step 1: in_token=tensor([[323]], device='cuda:6'), in_token_decoded= and, end_index: 1258
Draft step 1, token  and, predict_score 0.06600233167409897 < threshold 0.6, stopping draft
Verifying token 0: verify_id=24834 (PLY), draft_id=323 ( and), is_last=False, is_eos=False
Token 0 verification failed, accepting up to this token. is_last: False, is_eos: False, is_mismatch: True

Draft step 0: in_token=tensor([[24834]], device='cuda:6'), in_token_decoded=PLY, end_index: 1258
predicted_token: 432, predict_score: 0.29276329278945923, token :  it

Draft step 1: in_token=tensor([[432]], device='cuda:6'), in_token_decoded= it, end_index: 1259
Draft step 1, token  it, predict_score 0.29276329278945923 < threshold 0.6, stopping draft
Verifying token 0: verify_id=151645 (<|im_end|>), draft_id=432 ( it), is_last=False, is_eos=True
Token 0 verification failed, accepting up to this token. is_last: False, is_eos: True, is_mismatch: True
New tokens: ['NO REPLY<|im_end|>']
Total new tokens generated: 4
[Spec] avg_accept=1.00 | tokens=4 | context_len=1255
[Adapter] acc=0/3 (0.0%) | avg_confidence=0.126 | context_len=1255
\n===== Lossless Check =====
Speculative output: NO REPLY
AR manual output:   NO REPLY
Exact match: True
OK: Outputs match. Speculative decoding is lossless.
Speedup: 0.66x
Speedup_decode: 0.84x
Spec decode tok/s: 31.35
AR decode tok/s:   37.55
 first token :NO

Draft step 0: in_token=tensor([[8996]], device='cuda:6'), in_token_decoded=NO, end_index: 1321
predicted_token: 30352, predict_score: 0.02830306813120842, token :  dough

Draft step 1: in_token=tensor([[30352]], device='cuda:6'), in_token_decoded= dough, end_index: 1322
Draft step 1, token  dough, predict_score 0.02830306813120842 < threshold 0.6, stopping draft
Verifying token 0: verify_id=3596 ( RE), draft_id=30352 ( dough), is_last=False, is_eos=False
Token 0 verification failed, accepting up to this token. is_last: False, is_eos: False, is_mismatch: True

Draft step 0: in_token=tensor([[3596]], device='cuda:6'), in_token_decoded= RE, end_index: 1322
predicted_token: 1221, predict_score: 0.14625680446624756, token :  then

Draft step 1: in_token=tensor([[1221]], device='cuda:6'), in_token_decoded= then, end_index: 1323
Draft step 1, token  then, predict_score 0.14625680446624756 < threshold 0.6, stopping draft
Verifying token 0: verify_id=24834 (PLY), draft_id=1221 ( then), is_last=False, is_eos=False
Token 0 verification failed, accepting up to this token. is_last: False, is_eos: False, is_mismatch: True

Draft step 0: in_token=tensor([[24834]], device='cuda:6'), in_token_decoded=PLY, end_index: 1323
predicted_token: 432, predict_score: 0.20741000771522522, token :  it

Draft step 1: in_token=tensor([[432]], device='cuda:6'), in_token_decoded= it, end_index: 1324
Draft step 1, token  it, predict_score 0.20741000771522522 < threshold 0.6, stopping draft
Verifying token 0: verify_id=151645 (<|im_end|>), draft_id=432 ( it), is_last=False, is_eos=True
Token 0 verification failed, accepting up to this token. is_last: False, is_eos: True, is_mismatch: True
New tokens: ['NO REPLY<|im_end|>']
Total new tokens generated: 4
[Spec] avg_accept=1.00 | tokens=4 | context_len=1320
[Adapter] acc=0/3 (0.0%) | avg_confidence=0.127 | context_len=1320
\n===== Lossless Check =====
Speculative output: NO REPLY
AR manual output:   NO REPLY
Exact match: True
OK: Outputs match. Speculative decoding is lossless.
Speedup: 0.65x
Speedup_decode: 0.82x
Spec decode tok/s: 30.82
AR decode tok/s:   37.41
 first token :NO

Draft step 0: in_token=tensor([[8996]], device='cuda:6'), in_token_decoded=NO, end_index: 1386
predicted_token: 279, predict_score: 0.04558073729276657, token :  the

Draft step 1: in_token=tensor([[279]], device='cuda:6'), in_token_decoded= the, end_index: 1387
Draft step 1, token  the, predict_score 0.04558073729276657 < threshold 0.6, stopping draft
Verifying token 0: verify_id=3596 ( RE), draft_id=279 ( the), is_last=False, is_eos=False
Token 0 verification failed, accepting up to this token. is_last: False, is_eos: False, is_mismatch: True

Draft step 0: in_token=tensor([[3596]], device='cuda:6'), in_token_decoded= RE, end_index: 1387
predicted_token: 1221, predict_score: 0.15881186723709106, token :  then

Draft step 1: in_token=tensor([[1221]], device='cuda:6'), in_token_decoded= then, end_index: 1388
Draft step 1, token  then, predict_score 0.15881186723709106 < threshold 0.6, stopping draft
Verifying token 0: verify_id=24834 (PLY), draft_id=1221 ( then), is_last=False, is_eos=False
Token 0 verification failed, accepting up to this token. is_last: False, is_eos: False, is_mismatch: True

Draft step 0: in_token=tensor([[24834]], device='cuda:6'), in_token_decoded=PLY, end_index: 1388
predicted_token: 432, predict_score: 0.18828846514225006, token :  it

Draft step 1: in_token=tensor([[432]], device='cuda:6'), in_token_decoded= it, end_index: 1389
Draft step 1, token  it, predict_score 0.18828846514225006 < threshold 0.6, stopping draft
Verifying token 0: verify_id=151645 (<|im_end|>), draft_id=432 ( it), is_last=False, is_eos=True
Token 0 verification failed, accepting up to this token. is_last: False, is_eos: True, is_mismatch: True
New tokens: ['NO REPLY<|im_end|>']
Total new tokens generated: 4
[Spec] avg_accept=1.00 | tokens=4 | context_len=1385
[Adapter] acc=0/3 (0.0%) | avg_confidence=0.131 | context_len=1385
\n===== Lossless Check =====
Speculative output: NO REPLY
AR manual output:   NO REPLY
Exact match: True
OK: Outputs match. Speculative decoding is lossless.
Speedup: 0.67x
Speedup_decode: 0.84x
Spec decode tok/s: 31.48
AR decode tok/s:   37.42
 first token :NO

Draft step 0: in_token=tensor([[8996]], device='cuda:6'), in_token_decoded=NO, end_index: 1451
predicted_token: 30352, predict_score: 0.03033987060189247, token :  dough

Draft step 1: in_token=tensor([[30352]], device='cuda:6'), in_token_decoded= dough, end_index: 1452
Draft step 1, token  dough, predict_score 0.03033987060189247 < threshold 0.6, stopping draft
Verifying token 0: verify_id=3596 ( RE), draft_id=30352 ( dough), is_last=False, is_eos=False
Token 0 verification failed, accepting up to this token. is_last: False, is_eos: False, is_mismatch: True

Draft step 0: in_token=tensor([[3596]], device='cuda:6'), in_token_decoded= RE, end_index: 1452
predicted_token: 323, predict_score: 0.12779973447322845, token :  and

Draft step 1: in_token=tensor([[323]], device='cuda:6'), in_token_decoded= and, end_index: 1453
Draft step 1, token  and, predict_score 0.12779973447322845 < threshold 0.6, stopping draft
Verifying token 0: verify_id=24834 (PLY), draft_id=323 ( and), is_last=False, is_eos=False
Token 0 verification failed, accepting up to this token. is_last: False, is_eos: False, is_mismatch: True

Draft step 0: in_token=tensor([[24834]], device='cuda:6'), in_token_decoded=PLY, end_index: 1453
predicted_token: 432, predict_score: 0.5309812426567078, token :  it

Draft step 1: in_token=tensor([[432]], device='cuda:6'), in_token_decoded= it, end_index: 1454
Draft step 1, token  it, predict_score 0.5309812426567078 < threshold 0.6, stopping draft
Verifying token 0: verify_id=151645 (<|im_end|>), draft_id=432 ( it), is_last=False, is_eos=True
Token 0 verification failed, accepting up to this token. is_last: False, is_eos: True, is_mismatch: True
New tokens: ['NO REPLY<|im_end|>']
Total new tokens generated: 4
[Spec] avg_accept=1.00 | tokens=4 | context_len=1450
[Adapter] acc=0/3 (0.0%) | avg_confidence=0.230 | context_len=1450
\n===== Lossless Check =====
Speculative output: NO REPLY
AR manual output:   NO REPLY
Exact match: True
OK: Outputs match. Speculative decoding is lossless.
Speedup: 0.66x
Speedup_decode: 0.83x
Spec decode tok/s: 31.39
AR decode tok/s:   37.71
 first token :NO

Draft step 0: in_token=tensor([[8996]], device='cuda:6'), in_token_decoded=NO, end_index: 1516
predicted_token: 30352, predict_score: 0.03861653059720993, token :  dough

Draft step 1: in_token=tensor([[30352]], device='cuda:6'), in_token_decoded= dough, end_index: 1517
Draft step 1, token  dough, predict_score 0.03861653059720993 < threshold 0.6, stopping draft
Verifying token 0: verify_id=3596 ( RE), draft_id=30352 ( dough), is_last=False, is_eos=False
Token 0 verification failed, accepting up to this token. is_last: False, is_eos: False, is_mismatch: True

Draft step 0: in_token=tensor([[3596]], device='cuda:6'), in_token_decoded= RE, end_index: 1517
predicted_token: 1221, predict_score: 0.13370484113693237, token :  then

Draft step 1: in_token=tensor([[1221]], device='cuda:6'), in_token_decoded= then, end_index: 1518
Draft step 1, token  then, predict_score 0.13370484113693237 < threshold 0.6, stopping draft
Verifying token 0: verify_id=24834 (PLY), draft_id=1221 ( then), is_last=False, is_eos=False
Token 0 verification failed, accepting up to this token. is_last: False, is_eos: False, is_mismatch: True

Draft step 0: in_token=tensor([[24834]], device='cuda:6'), in_token_decoded=PLY, end_index: 1518
predicted_token: 432, predict_score: 0.19325700402259827, token :  it

Draft step 1: in_token=tensor([[432]], device='cuda:6'), in_token_decoded= it, end_index: 1519
Draft step 1, token  it, predict_score 0.19325700402259827 < threshold 0.6, stopping draft
Verifying token 0: verify_id=151645 (<|im_end|>), draft_id=432 ( it), is_last=False, is_eos=True
Token 0 verification failed, accepting up to this token. is_last: False, is_eos: True, is_mismatch: True
New tokens: ['NO REPLY<|im_end|>']
Total new tokens generated: 4
[Spec] avg_accept=1.00 | tokens=4 | context_len=1515
[Adapter] acc=0/3 (0.0%) | avg_confidence=0.122 | context_len=1515
\n===== Lossless Check =====
Speculative output: NO REPLY
AR manual output:   NO REPLY
Exact match: True
OK: Outputs match. Speculative decoding is lossless.
Speedup: 0.66x
Speedup_decode: 0.83x
Spec decode tok/s: 31.45
AR decode tok/s:   37.89
 first token :NO

Draft step 0: in_token=tensor([[8996]], device='cuda:6'), in_token_decoded=NO, end_index: 1581
predicted_token: 30352, predict_score: 0.029074111953377724, token :  dough

Draft step 1: in_token=tensor([[30352]], device='cuda:6'), in_token_decoded= dough, end_index: 1582
Draft step 1, token  dough, predict_score 0.029074111953377724 < threshold 0.6, stopping draft
Verifying token 0: verify_id=3596 ( RE), draft_id=30352 ( dough), is_last=False, is_eos=False
Token 0 verification failed, accepting up to this token. is_last: False, is_eos: False, is_mismatch: True

Draft step 0: in_token=tensor([[3596]], device='cuda:6'), in_token_decoded= RE, end_index: 1582
predicted_token: 323, predict_score: 0.12069083750247955, token :  and

Draft step 1: in_token=tensor([[323]], device='cuda:6'), in_token_decoded= and, end_index: 1583
Draft step 1, token  and, predict_score 0.12069083750247955 < threshold 0.6, stopping draft
Verifying token 0: verify_id=24834 (PLY), draft_id=323 ( and), is_last=False, is_eos=False
Token 0 verification failed, accepting up to this token. is_last: False, is_eos: False, is_mismatch: True

Draft step 0: in_token=tensor([[24834]], device='cuda:6'), in_token_decoded=PLY, end_index: 1583
predicted_token: 264, predict_score: 0.06087328866124153, token :  a

Draft step 1: in_token=tensor([[264]], device='cuda:6'), in_token_decoded= a, end_index: 1584
Draft step 1, token  a, predict_score 0.06087328866124153 < threshold 0.6, stopping draft
Verifying token 0: verify_id=151645 (<|im_end|>), draft_id=264 ( a), is_last=False, is_eos=True
Token 0 verification failed, accepting up to this token. is_last: False, is_eos: True, is_mismatch: True
New tokens: ['NO REPLY<|im_end|>']
Total new tokens generated: 4
[Spec] avg_accept=1.00 | tokens=4 | context_len=1580
[Adapter] acc=0/3 (0.0%) | avg_confidence=0.070 | context_len=1580
\n===== Lossless Check =====
Speculative output: NO REPLY
AR manual output:   NO REPLY
Exact match: True
OK: Outputs match. Speculative decoding is lossless.
Speedup: 0.64x
Speedup_decode: 0.81x
Spec decode tok/s: 31.12
AR decode tok/s:   38.27
 first token :NO

Draft step 0: in_token=tensor([[8996]], device='cuda:6'), in_token_decoded=NO, end_index: 1646
predicted_token: 30352, predict_score: 0.02483789622783661, token :  dough

Draft step 1: in_token=tensor([[30352]], device='cuda:6'), in_token_decoded= dough, end_index: 1647
Draft step 1, token  dough, predict_score 0.02483789622783661 < threshold 0.6, stopping draft
Verifying token 0: verify_id=3596 ( RE), draft_id=30352 ( dough), is_last=False, is_eos=False
Token 0 verification failed, accepting up to this token. is_last: False, is_eos: False, is_mismatch: True

Draft step 0: in_token=tensor([[3596]], device='cuda:6'), in_token_decoded= RE, end_index: 1647
predicted_token: 1221, predict_score: 0.1009986475110054, token :  then

Draft step 1: in_token=tensor([[1221]], device='cuda:6'), in_token_decoded= then, end_index: 1648
Draft step 1, token  then, predict_score 0.1009986475110054 < threshold 0.6, stopping draft
Verifying token 0: verify_id=24834 (PLY), draft_id=1221 ( then), is_last=False, is_eos=False
Token 0 verification failed, accepting up to this token. is_last: False, is_eos: False, is_mismatch: True

Draft step 0: in_token=tensor([[24834]], device='cuda:6'), in_token_decoded=PLY, end_index: 1648
predicted_token: 1378, predict_score: 0.08636584132909775, token :  two

Draft step 1: in_token=tensor([[1378]], device='cuda:6'), in_token_decoded= two, end_index: 1649
Draft step 1, token  two, predict_score 0.08636584132909775 < threshold 0.6, stopping draft
Verifying token 0: verify_id=151645 (<|im_end|>), draft_id=1378 ( two), is_last=False, is_eos=True
Token 0 verification failed, accepting up to this token. is_last: False, is_eos: True, is_mismatch: True
New tokens: ['NO REPLY<|im_end|>']
Total new tokens generated: 4
[Spec] avg_accept=1.00 | tokens=4 | context_len=1645
[Adapter] acc=0/3 (0.0%) | avg_confidence=0.071 | context_len=1645
\n===== Lossless Check =====
Speculative output: NO REPLY
AR manual output:   NO REPLY
Exact match: True
OK: Outputs match. Speculative decoding is lossless.
Speedup: 0.65x
Speedup_decode: 0.81x
Spec decode tok/s: 30.89
AR decode tok/s:   37.95
 first token :NO

Draft step 0: in_token=tensor([[8996]], device='cuda:6'), in_token_decoded=NO, end_index: 1711
predicted_token: 30352, predict_score: 0.023069648072123528, token :  dough

Draft step 1: in_token=tensor([[30352]], device='cuda:6'), in_token_decoded= dough, end_index: 1712
Draft step 1, token  dough, predict_score 0.023069648072123528 < threshold 0.6, stopping draft
Verifying token 0: verify_id=3596 ( RE), draft_id=30352 ( dough), is_last=False, is_eos=False
Token 0 verification failed, accepting up to this token. is_last: False, is_eos: False, is_mismatch: True

Draft step 0: in_token=tensor([[3596]], device='cuda:6'), in_token_decoded= RE, end_index: 1712
predicted_token: 323, predict_score: 0.13608185946941376, token :  and

Draft step 1: in_token=tensor([[323]], device='cuda:6'), in_token_decoded= and, end_index: 1713
Draft step 1, token  and, predict_score 0.13608185946941376 < threshold 0.6, stopping draft
Verifying token 0: verify_id=24834 (PLY), draft_id=323 ( and), is_last=False, is_eos=False
Token 0 verification failed, accepting up to this token. is_last: False, is_eos: False, is_mismatch: True

Draft step 0: in_token=tensor([[24834]], device='cuda:6'), in_token_decoded=PLY, end_index: 1713
predicted_token: 432, predict_score: 0.026141157373785973, token :  it

Draft step 1: in_token=tensor([[432]], device='cuda:6'), in_token_decoded= it, end_index: 1714
Draft step 1, token  it, predict_score 0.026141157373785973 < threshold 0.6, stopping draft
Verifying token 0: verify_id=151645 (<|im_end|>), draft_id=432 ( it), is_last=False, is_eos=True
Token 0 verification failed, accepting up to this token. is_last: False, is_eos: True, is_mismatch: True
New tokens: ['NO REPLY<|im_end|>']
Total new tokens generated: 4
[Spec] avg_accept=1.00 | tokens=4 | context_len=1710
[Adapter] acc=0/3 (0.0%) | avg_confidence=0.062 | context_len=1710
\n===== Lossless Check =====
Speculative output: NO REPLY
AR manual output:   NO REPLY
Exact match: True
OK: Outputs match. Speculative decoding is lossless.
Speedup: 0.65x
Speedup_decode: 0.82x
Spec decode tok/s: 31.30
AR decode tok/s:   38.26
 first token :NO

Draft step 0: in_token=tensor([[8996]], device='cuda:6'), in_token_decoded=NO, end_index: 1776
predicted_token: 30352, predict_score: 0.036535896360874176, token :  dough

Draft step 1: in_token=tensor([[30352]], device='cuda:6'), in_token_decoded= dough, end_index: 1777
Draft step 1, token  dough, predict_score 0.036535896360874176 < threshold 0.6, stopping draft
Verifying token 0: verify_id=3596 ( RE), draft_id=30352 ( dough), is_last=False, is_eos=False
Token 0 verification failed, accepting up to this token. is_last: False, is_eos: False, is_mismatch: True

Draft step 0: in_token=tensor([[3596]], device='cuda:6'), in_token_decoded= RE, end_index: 1777
predicted_token: 323, predict_score: 0.13112637400627136, token :  and

Draft step 1: in_token=tensor([[323]], device='cuda:6'), in_token_decoded= and, end_index: 1778
Draft step 1, token  and, predict_score 0.13112637400627136 < threshold 0.6, stopping draft
Verifying token 0: verify_id=24834 (PLY), draft_id=323 ( and), is_last=False, is_eos=False
Token 0 verification failed, accepting up to this token. is_last: False, is_eos: False, is_mismatch: True

Draft step 0: in_token=tensor([[24834]], device='cuda:6'), in_token_decoded=PLY, end_index: 1778
predicted_token: 8, predict_score: 0.02960534580051899, token : )

Draft step 1: in_token=tensor([[8]], device='cuda:6'), in_token_decoded=), end_index: 1779
Draft step 1, token ), predict_score 0.02960534580051899 < threshold 0.6, stopping draft
Verifying token 0: verify_id=151645 (<|im_end|>), draft_id=8 ()), is_last=False, is_eos=True
Token 0 verification failed, accepting up to this token. is_last: False, is_eos: True, is_mismatch: True
New tokens: ['NO REPLY<|im_end|>']
Total new tokens generated: 4
[Spec] avg_accept=1.00 | tokens=4 | context_len=1775
[Adapter] acc=0/3 (0.0%) | avg_confidence=0.066 | context_len=1775
\n===== Lossless Check =====
Speculative output: NO REPLY
AR manual output:   NO REPLY
Exact match: True
OK: Outputs match. Speculative decoding is lossless.
Speedup: 0.66x
Speedup_decode: 0.83x
Spec decode tok/s: 31.24
AR decode tok/s:   37.74
 first token :NO

Draft step 0: in_token=tensor([[8996]], device='cuda:6'), in_token_decoded=NO, end_index: 1841
predicted_token: 30352, predict_score: 0.04276217147707939, token :  dough

Draft step 1: in_token=tensor([[30352]], device='cuda:6'), in_token_decoded= dough, end_index: 1842
Draft step 1, token  dough, predict_score 0.04276217147707939 < threshold 0.6, stopping draft
Verifying token 0: verify_id=3596 ( RE), draft_id=30352 ( dough), is_last=False, is_eos=False
Token 0 verification failed, accepting up to this token. is_last: False, is_eos: False, is_mismatch: True

Draft step 0: in_token=tensor([[3596]], device='cuda:6'), in_token_decoded= RE, end_index: 1842
predicted_token: 323, predict_score: 0.05191922187805176, token :  and

Draft step 1: in_token=tensor([[323]], device='cuda:6'), in_token_decoded= and, end_index: 1843
Draft step 1, token  and, predict_score 0.05191922187805176 < threshold 0.6, stopping draft
Verifying token 0: verify_id=24834 (PLY), draft_id=323 ( and), is_last=False, is_eos=False
Token 0 verification failed, accepting up to this token. is_last: False, is_eos: False, is_mismatch: True

Draft step 0: in_token=tensor([[24834]], device='cuda:6'), in_token_decoded=PLY, end_index: 1843
predicted_token: 8, predict_score: 0.03459278121590614, token : )

Draft step 1: in_token=tensor([[8]], device='cuda:6'), in_token_decoded=), end_index: 1844
Draft step 1, token ), predict_score 0.03459278121590614 < threshold 0.6, stopping draft
Verifying token 0: verify_id=151645 (<|im_end|>), draft_id=8 ()), is_last=False, is_eos=True
Token 0 verification failed, accepting up to this token. is_last: False, is_eos: True, is_mismatch: True
New tokens: ['NO REPLY<|im_end|>']
Total new tokens generated: 4
[Spec] avg_accept=1.00 | tokens=4 | context_len=1840
[Adapter] acc=0/3 (0.0%) | avg_confidence=0.043 | context_len=1840
\n===== Lossless Check =====
Speculative output: NO REPLY
AR manual output:   NO REPLY
Exact match: True
OK: Outputs match. Speculative decoding is lossless.
Speedup: 0.65x
Speedup_decode: 0.81x
Spec decode tok/s: 31.20
AR decode tok/s:   38.33
 first token :NO

Draft step 0: in_token=tensor([[8996]], device='cuda:6'), in_token_decoded=NO, end_index: 1906
predicted_token: 8568, predict_score: 0.03768100216984749, token :  opening

Draft step 1: in_token=tensor([[8568]], device='cuda:6'), in_token_decoded= opening, end_index: 1907
Draft step 1, token  opening, predict_score 0.03768100216984749 < threshold 0.6, stopping draft
Verifying token 0: verify_id=3596 ( RE), draft_id=8568 ( opening), is_last=False, is_eos=False
Token 0 verification failed, accepting up to this token. is_last: False, is_eos: False, is_mismatch: True

Draft step 0: in_token=tensor([[3596]], device='cuda:6'), in_token_decoded= RE, end_index: 1907
predicted_token: 1221, predict_score: 0.12913119792938232, token :  then

Draft step 1: in_token=tensor([[1221]], device='cuda:6'), in_token_decoded= then, end_index: 1908
Draft step 1, token  then, predict_score 0.12913119792938232 < threshold 0.6, stopping draft
Verifying token 0: verify_id=24834 (PLY), draft_id=1221 ( then), is_last=False, is_eos=False
Token 0 verification failed, accepting up to this token. is_last: False, is_eos: False, is_mismatch: True

Draft step 0: in_token=tensor([[24834]], device='cuda:6'), in_token_decoded=PLY, end_index: 1908
predicted_token: 8, predict_score: 0.07749614864587784, token : )

Draft step 1: in_token=tensor([[8]], device='cuda:6'), in_token_decoded=), end_index: 1909
Draft step 1, token ), predict_score 0.07749614864587784 < threshold 0.6, stopping draft
Verifying token 0: verify_id=151645 (<|im_end|>), draft_id=8 ()), is_last=False, is_eos=True
Token 0 verification failed, accepting up to this token. is_last: False, is_eos: True, is_mismatch: True
New tokens: ['NO REPLY<|im_end|>']
Total new tokens generated: 4
[Spec] avg_accept=1.00 | tokens=4 | context_len=1905
[Adapter] acc=0/3 (0.0%) | avg_confidence=0.081 | context_len=1905
\n===== Lossless Check =====
Speculative output: NO REPLY
AR manual output:   NO REPLY
Exact match: True
OK: Outputs match. Speculative decoding is lossless.
Speedup: 0.52x
Speedup_decode: 0.66x
Spec decode tok/s: 24.68
AR decode tok/s:   37.62
 first token :NO

Draft step 0: in_token=tensor([[8996]], device='cuda:6'), in_token_decoded=NO, end_index: 1971
predicted_token: 8568, predict_score: 0.02567931078374386, token :  opening

Draft step 1: in_token=tensor([[8568]], device='cuda:6'), in_token_decoded= opening, end_index: 1972
Draft step 1, token  opening, predict_score 0.02567931078374386 < threshold 0.6, stopping draft
Verifying token 0: verify_id=3596 ( RE), draft_id=8568 ( opening), is_last=False, is_eos=False
Token 0 verification failed, accepting up to this token. is_last: False, is_eos: False, is_mismatch: True

Draft step 0: in_token=tensor([[3596]], device='cuda:6'), in_token_decoded= RE, end_index: 1972
predicted_token: 323, predict_score: 0.08474661409854889, token :  and

Draft step 1: in_token=tensor([[323]], device='cuda:6'), in_token_decoded= and, end_index: 1973
Draft step 1, token  and, predict_score 0.08474661409854889 < threshold 0.6, stopping draft
Verifying token 0: verify_id=24834 (PLY), draft_id=323 ( and), is_last=False, is_eos=False
Token 0 verification failed, accepting up to this token. is_last: False, is_eos: False, is_mismatch: True

Draft step 0: in_token=tensor([[24834]], device='cuda:6'), in_token_decoded=PLY, end_index: 1973
predicted_token: 8, predict_score: 0.06442802399396896, token : )

Draft step 1: in_token=tensor([[8]], device='cuda:6'), in_token_decoded=), end_index: 1974
Draft step 1, token ), predict_score 0.06442802399396896 < threshold 0.6, stopping draft
Verifying token 0: verify_id=151645 (<|im_end|>), draft_id=8 ()), is_last=False, is_eos=True
Token 0 verification failed, accepting up to this token. is_last: False, is_eos: True, is_mismatch: True
New tokens: ['NO REPLY<|im_end|>']
Total new tokens generated: 4
[Spec] avg_accept=1.00 | tokens=4 | context_len=1970
[Adapter] acc=0/3 (0.0%) | avg_confidence=0.058 | context_len=1970
\n===== Lossless Check =====
Speculative output: NO REPLY
AR manual output:   NO REPLY
Exact match: True
OK: Outputs match. Speculative decoding is lossless.
Speedup: 0.65x
Speedup_decode: 0.82x
Spec decode tok/s: 31.08
AR decode tok/s:   38.14
 first token :NO

Draft step 0: in_token=tensor([[8996]], device='cuda:6'), in_token_decoded=NO, end_index: 2036
predicted_token: 30352, predict_score: 0.022512242197990417, token :  dough

Draft step 1: in_token=tensor([[30352]], device='cuda:6'), in_token_decoded= dough, end_index: 2037
Draft step 1, token  dough, predict_score 0.022512242197990417 < threshold 0.6, stopping draft
Verifying token 0: verify_id=3596 ( RE), draft_id=30352 ( dough), is_last=False, is_eos=False
Token 0 verification failed, accepting up to this token. is_last: False, is_eos: False, is_mismatch: True

Draft step 0: in_token=tensor([[3596]], device='cuda:6'), in_token_decoded= RE, end_index: 2037
predicted_token: 1221, predict_score: 0.13627800345420837, token :  then

Draft step 1: in_token=tensor([[1221]], device='cuda:6'), in_token_decoded= then, end_index: 2038
Draft step 1, token  then, predict_score 0.13627800345420837 < threshold 0.6, stopping draft
Verifying token 0: verify_id=24834 (PLY), draft_id=1221 ( then), is_last=False, is_eos=False
Token 0 verification failed, accepting up to this token. is_last: False, is_eos: False, is_mismatch: True

Draft step 0: in_token=tensor([[24834]], device='cuda:6'), in_token_decoded=PLY, end_index: 2038
predicted_token: 8, predict_score: 0.09273666143417358, token : )

Draft step 1: in_token=tensor([[8]], device='cuda:6'), in_token_decoded=), end_index: 2039
Draft step 1, token ), predict_score 0.09273666143417358 < threshold 0.6, stopping draft
Verifying token 0: verify_id=151645 (<|im_end|>), draft_id=8 ()), is_last=False, is_eos=True
Token 0 verification failed, accepting up to this token. is_last: False, is_eos: True, is_mismatch: True
New tokens: ['NO REPLY<|im_end|>']
Total new tokens generated: 4
[Spec] avg_accept=1.00 | tokens=4 | context_len=2035
[Adapter] acc=0/3 (0.0%) | avg_confidence=0.084 | context_len=2035
\n===== Lossless Check =====
Speculative output: NO REPLY
AR manual output:   NO REPLY
Exact match: True
OK: Outputs match. Speculative decoding is lossless.
Speedup: 0.66x
Speedup_decode: 0.82x
Spec decode tok/s: 31.13
AR decode tok/s:   37.84
 first token :NO

Draft step 0: in_token=tensor([[8996]], device='cuda:6'), in_token_decoded=NO, end_index: 2101
predicted_token: 79147, predict_score: 0.02041139267385006, token :  tofu

Draft step 1: in_token=tensor([[79147]], device='cuda:6'), in_token_decoded= tofu, end_index: 2102
Draft step 1, token  tofu, predict_score 0.02041139267385006 < threshold 0.6, stopping draft
Verifying token 0: verify_id=3596 ( RE), draft_id=79147 ( tofu), is_last=False, is_eos=False
Token 0 verification failed, accepting up to this token. is_last: False, is_eos: False, is_mismatch: True

Draft step 0: in_token=tensor([[3596]], device='cuda:6'), in_token_decoded= RE, end_index: 2102
predicted_token: 323, predict_score: 0.14957012236118317, token :  and

Draft step 1: in_token=tensor([[323]], device='cuda:6'), in_token_decoded= and, end_index: 2103
Draft step 1, token  and, predict_score 0.14957012236118317 < threshold 0.6, stopping draft
Verifying token 0: verify_id=24834 (PLY), draft_id=323 ( and), is_last=False, is_eos=False
Token 0 verification failed, accepting up to this token. is_last: False, is_eos: False, is_mismatch: True

Draft step 0: in_token=tensor([[24834]], device='cuda:6'), in_token_decoded=PLY, end_index: 2103
predicted_token: 6787, predict_score: 0.04713902622461319, token :  skin

Draft step 1: in_token=tensor([[6787]], device='cuda:6'), in_token_decoded= skin, end_index: 2104
Draft step 1, token  skin, predict_score 0.04713902622461319 < threshold 0.6, stopping draft
Verifying token 0: verify_id=151645 (<|im_end|>), draft_id=6787 ( skin), is_last=False, is_eos=True
Token 0 verification failed, accepting up to this token. is_last: False, is_eos: True, is_mismatch: True
New tokens: ['NO REPLY<|im_end|>']
Total new tokens generated: 4
[Spec] avg_accept=1.00 | tokens=4 | context_len=2100
[Adapter] acc=0/3 (0.0%) | avg_confidence=0.072 | context_len=2100
\n===== Lossless Check =====
Speculative output: NO REPLY
AR manual output:   NO REPLY
Exact match: True
OK: Outputs match. Speculative decoding is lossless.
Speedup: 0.66x
Speedup_decode: 0.82x
Spec decode tok/s: 31.29
AR decode tok/s:   38.06
 first token :NO

Draft step 0: in_token=tensor([[8996]], device='cuda:6'), in_token_decoded=NO, end_index: 2166
predicted_token: 79147, predict_score: 0.0538414865732193, token :  tofu

Draft step 1: in_token=tensor([[79147]], device='cuda:6'), in_token_decoded= tofu, end_index: 2167
Draft step 1, token  tofu, predict_score 0.0538414865732193 < threshold 0.6, stopping draft
Verifying token 0: verify_id=3596 ( RE), draft_id=79147 ( tofu), is_last=False, is_eos=False
Token 0 verification failed, accepting up to this token. is_last: False, is_eos: False, is_mismatch: True

Draft step 0: in_token=tensor([[3596]], device='cuda:6'), in_token_decoded= RE, end_index: 2167
predicted_token: 1221, predict_score: 0.15268947184085846, token :  then

Draft step 1: in_token=tensor([[1221]], device='cuda:6'), in_token_decoded= then, end_index: 2168
Draft step 1, token  then, predict_score 0.15268947184085846 < threshold 0.6, stopping draft
Verifying token 0: verify_id=24834 (PLY), draft_id=1221 ( then), is_last=False, is_eos=False
Token 0 verification failed, accepting up to this token. is_last: False, is_eos: False, is_mismatch: True

Draft step 0: in_token=tensor([[24834]], device='cuda:6'), in_token_decoded=PLY, end_index: 2168
predicted_token: 8, predict_score: 0.08492223918437958, token : )

Draft step 1: in_token=tensor([[8]], device='cuda:6'), in_token_decoded=), end_index: 2169
Draft step 1, token ), predict_score 0.08492223918437958 < threshold 0.6, stopping draft
Verifying token 0: verify_id=151645 (<|im_end|>), draft_id=8 ()), is_last=False, is_eos=True
Token 0 verification failed, accepting up to this token. is_last: False, is_eos: True, is_mismatch: True
New tokens: ['NO REPLY<|im_end|>']
Total new tokens generated: 4
[Spec] avg_accept=1.00 | tokens=4 | context_len=2165
[Adapter] acc=0/3 (0.0%) | avg_confidence=0.097 | context_len=2165
\n===== Lossless Check =====
Speculative output: NO REPLY
AR manual output:   NO REPLY
Exact match: True
OK: Outputs match. Speculative decoding is lossless.
Speedup: 0.66x
Speedup_decode: 0.82x
Spec decode tok/s: 30.97
AR decode tok/s:   37.56
 first token :NO

Draft step 0: in_token=tensor([[8996]], device='cuda:6'), in_token_decoded=NO, end_index: 2231
predicted_token: 79147, predict_score: 0.02791159227490425, token :  tofu

Draft step 1: in_token=tensor([[79147]], device='cuda:6'), in_token_decoded= tofu, end_index: 2232
Draft step 1, token  tofu, predict_score 0.02791159227490425 < threshold 0.6, stopping draft
Verifying token 0: verify_id=3596 ( RE), draft_id=79147 ( tofu), is_last=False, is_eos=False
Token 0 verification failed, accepting up to this token. is_last: False, is_eos: False, is_mismatch: True

Draft step 0: in_token=tensor([[3596]], device='cuda:6'), in_token_decoded= RE, end_index: 2232
predicted_token: 323, predict_score: 0.13196182250976562, token :  and

Draft step 1: in_token=tensor([[323]], device='cuda:6'), in_token_decoded= and, end_index: 2233
Draft step 1, token  and, predict_score 0.13196182250976562 < threshold 0.6, stopping draft
Verifying token 0: verify_id=24834 (PLY), draft_id=323 ( and), is_last=False, is_eos=False
Token 0 verification failed, accepting up to this token. is_last: False, is_eos: False, is_mismatch: True

Draft step 0: in_token=tensor([[24834]], device='cuda:6'), in_token_decoded=PLY, end_index: 2233
predicted_token: 8, predict_score: 0.08622350543737411, token : )

Draft step 1: in_token=tensor([[8]], device='cuda:6'), in_token_decoded=), end_index: 2234
Draft step 1, token ), predict_score 0.08622350543737411 < threshold 0.6, stopping draft
Verifying token 0: verify_id=151645 (<|im_end|>), draft_id=8 ()), is_last=False, is_eos=True
Token 0 verification failed, accepting up to this token. is_last: False, is_eos: True, is_mismatch: True
New tokens: ['NO REPLY<|im_end|>']
Total new tokens generated: 4
[Spec] avg_accept=1.00 | tokens=4 | context_len=2230
[Adapter] acc=0/3 (0.0%) | avg_confidence=0.082 | context_len=2230
\n===== Lossless Check =====
Speculative output: NO REPLY
AR manual output:   NO REPLY
Exact match: True
OK: Outputs match. Speculative decoding is lossless.
Speedup: 0.66x
Speedup_decode: 0.82x
Spec decode tok/s: 31.00
AR decode tok/s:   37.88
 first token :NO

Draft step 0: in_token=tensor([[8996]], device='cuda:6'), in_token_decoded=NO, end_index: 2296
predicted_token: 79147, predict_score: 0.02403801493346691, token :  tofu

Draft step 1: in_token=tensor([[79147]], device='cuda:6'), in_token_decoded= tofu, end_index: 2297
Draft step 1, token  tofu, predict_score 0.02403801493346691 < threshold 0.6, stopping draft
Verifying token 0: verify_id=3596 ( RE), draft_id=79147 ( tofu), is_last=False, is_eos=False
Token 0 verification failed, accepting up to this token. is_last: False, is_eos: False, is_mismatch: True

Draft step 0: in_token=tensor([[3596]], device='cuda:6'), in_token_decoded= RE, end_index: 2297
predicted_token: 323, predict_score: 0.1165817454457283, token :  and

Draft step 1: in_token=tensor([[323]], device='cuda:6'), in_token_decoded= and, end_index: 2298
Draft step 1, token  and, predict_score 0.1165817454457283 < threshold 0.6, stopping draft
Verifying token 0: verify_id=24834 (PLY), draft_id=323 ( and), is_last=False, is_eos=False
Token 0 verification failed, accepting up to this token. is_last: False, is_eos: False, is_mismatch: True

Draft step 0: in_token=tensor([[24834]], device='cuda:6'), in_token_decoded=PLY, end_index: 2298
predicted_token: 8, predict_score: 0.058201439678668976, token : )

Draft step 1: in_token=tensor([[8]], device='cuda:6'), in_token_decoded=), end_index: 2299
Draft step 1, token ), predict_score 0.058201439678668976 < threshold 0.6, stopping draft
Verifying token 0: verify_id=151645 (<|im_end|>), draft_id=8 ()), is_last=False, is_eos=True
Token 0 verification failed, accepting up to this token. is_last: False, is_eos: True, is_mismatch: True
New tokens: ['NO REPLY<|im_end|>']
Total new tokens generated: 4
[Spec] avg_accept=1.00 | tokens=4 | context_len=2295
[Adapter] acc=0/3 (0.0%) | avg_confidence=0.066 | context_len=2295
\n===== Lossless Check =====
Speculative output: NO REPLY
AR manual output:   NO REPLY
Exact match: True
OK: Outputs match. Speculative decoding is lossless.
Speedup: 0.65x
Speedup_decode: 0.80x
Spec decode tok/s: 30.40
AR decode tok/s:   37.92
 first token :NO

Draft step 0: in_token=tensor([[8996]], device='cuda:6'), in_token_decoded=NO, end_index: 2361
predicted_token: 8568, predict_score: 0.031577542424201965, token :  opening

Draft step 1: in_token=tensor([[8568]], device='cuda:6'), in_token_decoded= opening, end_index: 2362
Draft step 1, token  opening, predict_score 0.031577542424201965 < threshold 0.6, stopping draft
Verifying token 0: verify_id=3596 ( RE), draft_id=8568 ( opening), is_last=False, is_eos=False
Token 0 verification failed, accepting up to this token. is_last: False, is_eos: False, is_mismatch: True

Draft step 0: in_token=tensor([[3596]], device='cuda:6'), in_token_decoded= RE, end_index: 2362
predicted_token: 323, predict_score: 0.10792261362075806, token :  and

Draft step 1: in_token=tensor([[323]], device='cuda:6'), in_token_decoded= and, end_index: 2363
Draft step 1, token  and, predict_score 0.10792261362075806 < threshold 0.6, stopping draft
Verifying token 0: verify_id=24834 (PLY), draft_id=323 ( and), is_last=False, is_eos=False
Token 0 verification failed, accepting up to this token. is_last: False, is_eos: False, is_mismatch: True

Draft step 0: in_token=tensor([[24834]], device='cuda:6'), in_token_decoded=PLY, end_index: 2363
predicted_token: 8, predict_score: 0.06872063130140305, token : )

Draft step 1: in_token=tensor([[8]], device='cuda:6'), in_token_decoded=), end_index: 2364
Draft step 1, token ), predict_score 0.06872063130140305 < threshold 0.6, stopping draft
Verifying token 0: verify_id=151645 (<|im_end|>), draft_id=8 ()), is_last=False, is_eos=True
Token 0 verification failed, accepting up to this token. is_last: False, is_eos: True, is_mismatch: True
New tokens: ['NO REPLY<|im_end|>']
Total new tokens generated: 4
[Spec] avg_accept=1.00 | tokens=4 | context_len=2360
[Adapter] acc=0/3 (0.0%) | avg_confidence=0.069 | context_len=2360
\n===== Lossless Check =====
Speculative output: NO REPLY
AR manual output:   NO REPLY
Exact match: True
OK: Outputs match. Speculative decoding is lossless.
Speedup: 0.65x
Speedup_decode: 0.81x
Spec decode tok/s: 31.26
AR decode tok/s:   38.53
 first token :NO

Draft step 0: in_token=tensor([[8996]], device='cuda:6'), in_token_decoded=NO, end_index: 2426
predicted_token: 79147, predict_score: 0.02498442493379116, token :  tofu

Draft step 1: in_token=tensor([[79147]], device='cuda:6'), in_token_decoded= tofu, end_index: 2427
Draft step 1, token  tofu, predict_score 0.02498442493379116 < threshold 0.6, stopping draft
Verifying token 0: verify_id=3596 ( RE), draft_id=79147 ( tofu), is_last=False, is_eos=False
Token 0 verification failed, accepting up to this token. is_last: False, is_eos: False, is_mismatch: True

Draft step 0: in_token=tensor([[3596]], device='cuda:6'), in_token_decoded= RE, end_index: 2427
predicted_token: 323, predict_score: 0.10549097508192062, token :  and

Draft step 1: in_token=tensor([[323]], device='cuda:6'), in_token_decoded= and, end_index: 2428
Draft step 1, token  and, predict_score 0.10549097508192062 < threshold 0.6, stopping draft
Verifying token 0: verify_id=24834 (PLY), draft_id=323 ( and), is_last=False, is_eos=False
Token 0 verification failed, accepting up to this token. is_last: False, is_eos: False, is_mismatch: True

Draft step 0: in_token=tensor([[24834]], device='cuda:6'), in_token_decoded=PLY, end_index: 2428
predicted_token: 8, predict_score: 0.07237043976783752, token : )

Draft step 1: in_token=tensor([[8]], device='cuda:6'), in_token_decoded=), end_index: 2429
Draft step 1, token ), predict_score 0.07237043976783752 < threshold 0.6, stopping draft
Verifying token 0: verify_id=151645 (<|im_end|>), draft_id=8 ()), is_last=False, is_eos=True
Token 0 verification failed, accepting up to this token. is_last: False, is_eos: True, is_mismatch: True
New tokens: ['NO REPLY<|im_end|>']
Total new tokens generated: 4
[Spec] avg_accept=1.00 | tokens=4 | context_len=2425
[Adapter] acc=0/3 (0.0%) | avg_confidence=0.068 | context_len=2425
\n===== Lossless Check =====
Speculative output: NO REPLY
AR manual output:   NO REPLY
Exact match: True
OK: Outputs match. Speculative decoding is lossless.
Speedup: 0.65x
Speedup_decode: 0.80x
Spec decode tok/s: 30.47
AR decode tok/s:   38.17
 first token :NO

Draft step 0: in_token=tensor([[8996]], device='cuda:6'), in_token_decoded=NO, end_index: 2491
predicted_token: 79147, predict_score: 0.025802383199334145, token :  tofu

Draft step 1: in_token=tensor([[79147]], device='cuda:6'), in_token_decoded= tofu, end_index: 2492
Draft step 1, token  tofu, predict_score 0.025802383199334145 < threshold 0.6, stopping draft
Verifying token 0: verify_id=3596 ( RE), draft_id=79147 ( tofu), is_last=False, is_eos=False
Token 0 verification failed, accepting up to this token. is_last: False, is_eos: False, is_mismatch: True

Draft step 0: in_token=tensor([[3596]], device='cuda:6'), in_token_decoded= RE, end_index: 2492
predicted_token: 323, predict_score: 0.17724168300628662, token :  and

Draft step 1: in_token=tensor([[323]], device='cuda:6'), in_token_decoded= and, end_index: 2493
Draft step 1, token  and, predict_score 0.17724168300628662 < threshold 0.6, stopping draft
Verifying token 0: verify_id=24834 (PLY), draft_id=323 ( and), is_last=False, is_eos=False
Token 0 verification failed, accepting up to this token. is_last: False, is_eos: False, is_mismatch: True

Draft step 0: in_token=tensor([[24834]], device='cuda:6'), in_token_decoded=PLY, end_index: 2493
predicted_token: 8, predict_score: 0.05664880946278572, token : )

Draft step 1: in_token=tensor([[8]], device='cuda:6'), in_token_decoded=), end_index: 2494
Draft step 1, token ), predict_score 0.05664880946278572 < threshold 0.6, stopping draft
Verifying token 0: verify_id=151645 (<|im_end|>), draft_id=8 ()), is_last=False, is_eos=True
Token 0 verification failed, accepting up to this token. is_last: False, is_eos: True, is_mismatch: True
New tokens: ['NO REPLY<|im_end|>']
Total new tokens generated: 4
[Spec] avg_accept=1.00 | tokens=4 | context_len=2490
[Adapter] acc=0/3 (0.0%) | avg_confidence=0.087 | context_len=2490
\n===== Lossless Check =====
Speculative output: NO REPLY
AR manual output:   NO REPLY
Exact match: True
OK: Outputs match. Speculative decoding is lossless.
Speedup: 0.66x
Speedup_decode: 0.81x
Spec decode tok/s: 30.65
AR decode tok/s:   37.62
 first token :NO

Draft step 0: in_token=tensor([[8996]], device='cuda:6'), in_token_decoded=NO, end_index: 2556
predicted_token: 6787, predict_score: 0.020577482879161835, token :  skin

Draft step 1: in_token=tensor([[6787]], device='cuda:6'), in_token_decoded= skin, end_index: 2557
Draft step 1, token  skin, predict_score 0.020577482879161835 < threshold 0.6, stopping draft
Verifying token 0: verify_id=3596 ( RE), draft_id=6787 ( skin), is_last=False, is_eos=False
Token 0 verification failed, accepting up to this token. is_last: False, is_eos: False, is_mismatch: True

Draft step 0: in_token=tensor([[3596]], device='cuda:6'), in_token_decoded= RE, end_index: 2557
predicted_token: 323, predict_score: 0.09633510559797287, token :  and

Draft step 1: in_token=tensor([[323]], device='cuda:6'), in_token_decoded= and, end_index: 2558
Draft step 1, token  and, predict_score 0.09633510559797287 < threshold 0.6, stopping draft
Verifying token 0: verify_id=24834 (PLY), draft_id=323 ( and), is_last=False, is_eos=False
Token 0 verification failed, accepting up to this token. is_last: False, is_eos: False, is_mismatch: True

Draft step 0: in_token=tensor([[24834]], device='cuda:6'), in_token_decoded=PLY, end_index: 2558
predicted_token: 8, predict_score: 0.06779083609580994, token : )

Draft step 1: in_token=tensor([[8]], device='cuda:6'), in_token_decoded=), end_index: 2559
Draft step 1, token ), predict_score 0.06779083609580994 < threshold 0.6, stopping draft
Verifying token 0: verify_id=151645 (<|im_end|>), draft_id=8 ()), is_last=False, is_eos=True
Token 0 verification failed, accepting up to this token. is_last: False, is_eos: True, is_mismatch: True
New tokens: ['NO REPLY<|im_end|>']
Total new tokens generated: 4
[Spec] avg_accept=1.00 | tokens=4 | context_len=2555
[Adapter] acc=0/3 (0.0%) | avg_confidence=0.062 | context_len=2555
\n===== Lossless Check =====
Speculative output: NO REPLY
AR manual output:   NO REPLY
Exact match: True
OK: Outputs match. Speculative decoding is lossless.
Speedup: 0.65x
Speedup_decode: 0.80x
Spec decode tok/s: 30.41
AR decode tok/s:   38.18
 first token :NO

Draft step 0: in_token=tensor([[8996]], device='cuda:6'), in_token_decoded=NO, end_index: 2621
predicted_token: 79147, predict_score: 0.01716204732656479, token :  tofu

Draft step 1: in_token=tensor([[79147]], device='cuda:6'), in_token_decoded= tofu, end_index: 2622
Draft step 1, token  tofu, predict_score 0.01716204732656479 < threshold 0.6, stopping draft
Verifying token 0: verify_id=3596 ( RE), draft_id=79147 ( tofu), is_last=False, is_eos=False
Token 0 verification failed, accepting up to this token. is_last: False, is_eos: False, is_mismatch: True

Draft step 0: in_token=tensor([[3596]], device='cuda:6'), in_token_decoded= RE, end_index: 2622
predicted_token: 323, predict_score: 0.1536787897348404, token :  and

Draft step 1: in_token=tensor([[323]], device='cuda:6'), in_token_decoded= and, end_index: 2623
Draft step 1, token  and, predict_score 0.1536787897348404 < threshold 0.6, stopping draft
Verifying token 0: verify_id=24834 (PLY), draft_id=323 ( and), is_last=False, is_eos=False
Token 0 verification failed, accepting up to this token. is_last: False, is_eos: False, is_mismatch: True

Draft step 0: in_token=tensor([[24834]], device='cuda:6'), in_token_decoded=PLY, end_index: 2623
predicted_token: 825, predict_score: 0.05493488535284996, token :  one

Draft step 1: in_token=tensor([[825]], device='cuda:6'), in_token_decoded= one, end_index: 2624
Draft step 1, token  one, predict_score 0.05493488535284996 < threshold 0.6, stopping draft
Verifying token 0: verify_id=151645 (<|im_end|>), draft_id=825 ( one), is_last=False, is_eos=True
Token 0 verification failed, accepting up to this token. is_last: False, is_eos: True, is_mismatch: True
New tokens: ['NO REPLY<|im_end|>']
Total new tokens generated: 4
[Spec] avg_accept=1.00 | tokens=4 | context_len=2620
[Adapter] acc=0/3 (0.0%) | avg_confidence=0.075 | context_len=2620
\n===== Lossless Check =====
Speculative output: NO REPLY
AR manual output:   NO REPLY
Exact match: True
OK: Outputs match. Speculative decoding is lossless.
Speedup: 0.65x
Speedup_decode: 0.80x
Spec decode tok/s: 30.69
AR decode tok/s:   38.15
 first token :NO

Draft step 0: in_token=tensor([[8996]], device='cuda:6'), in_token_decoded=NO, end_index: 2686
predicted_token: 71453, predict_score: 0.028939198702573776, token :  faucet

Draft step 1: in_token=tensor([[71453]], device='cuda:6'), in_token_decoded= faucet, end_index: 2687
Draft step 1, token  faucet, predict_score 0.028939198702573776 < threshold 0.6, stopping draft
Verifying token 0: verify_id=3596 ( RE), draft_id=71453 ( faucet), is_last=False, is_eos=False
Token 0 verification failed, accepting up to this token. is_last: False, is_eos: False, is_mismatch: True

Draft step 0: in_token=tensor([[3596]], device='cuda:6'), in_token_decoded= RE, end_index: 2687
predicted_token: 323, predict_score: 0.07699311524629593, token :  and

Draft step 1: in_token=tensor([[323]], device='cuda:6'), in_token_decoded= and, end_index: 2688
Draft step 1, token  and, predict_score 0.07699311524629593 < threshold 0.6, stopping draft
Verifying token 0: verify_id=24834 (PLY), draft_id=323 ( and), is_last=False, is_eos=False
Token 0 verification failed, accepting up to this token. is_last: False, is_eos: False, is_mismatch: True

Draft step 0: in_token=tensor([[24834]], device='cuda:6'), in_token_decoded=PLY, end_index: 2688
predicted_token: 287, predict_score: 0.1003752052783966, token : ing

Draft step 1: in_token=tensor([[287]], device='cuda:6'), in_token_decoded=ing, end_index: 2689
Draft step 1, token ing, predict_score 0.1003752052783966 < threshold 0.6, stopping draft
Verifying token 0: verify_id=151645 (<|im_end|>), draft_id=287 (ing), is_last=False, is_eos=True
Token 0 verification failed, accepting up to this token. is_last: False, is_eos: True, is_mismatch: True
New tokens: ['NO REPLY<|im_end|>']
Total new tokens generated: 4
[Spec] avg_accept=1.00 | tokens=4 | context_len=2685
[Adapter] acc=0/3 (0.0%) | avg_confidence=0.069 | context_len=2685
\n===== Lossless Check =====
Speculative output: NO REPLY
AR manual output:   NO REPLY
Exact match: True
OK: Outputs match. Speculative decoding is lossless.
Speedup: 0.49x
Speedup_decode: 0.62x
Spec decode tok/s: 23.64
AR decode tok/s:   38.33
 first token :NO

Draft step 0: in_token=tensor([[8996]], device='cuda:6'), in_token_decoded=NO, end_index: 2751
predicted_token: 30352, predict_score: 0.01959959790110588, token :  dough

Draft step 1: in_token=tensor([[30352]], device='cuda:6'), in_token_decoded= dough, end_index: 2752
Draft step 1, token  dough, predict_score 0.01959959790110588 < threshold 0.6, stopping draft
Verifying token 0: verify_id=3596 ( RE), draft_id=30352 ( dough), is_last=False, is_eos=False
Token 0 verification failed, accepting up to this token. is_last: False, is_eos: False, is_mismatch: True

Draft step 0: in_token=tensor([[3596]], device='cuda:6'), in_token_decoded= RE, end_index: 2752
predicted_token: 1221, predict_score: 0.1411377638578415, token :  then

Draft step 1: in_token=tensor([[1221]], device='cuda:6'), in_token_decoded= then, end_index: 2753
Draft step 1, token  then, predict_score 0.1411377638578415 < threshold 0.6, stopping draft
Verifying token 0: verify_id=24834 (PLY), draft_id=1221 ( then), is_last=False, is_eos=False
Token 0 verification failed, accepting up to this token. is_last: False, is_eos: False, is_mismatch: True

Draft step 0: in_token=tensor([[24834]], device='cuda:6'), in_token_decoded=PLY, end_index: 2753
predicted_token: 438, predict_score: 0.06134838983416557, token :  as

Draft step 1: in_token=tensor([[438]], device='cuda:6'), in_token_decoded= as, end_index: 2754
Draft step 1, token  as, predict_score 0.06134838983416557 < threshold 0.6, stopping draft
Verifying token 0: verify_id=151645 (<|im_end|>), draft_id=438 ( as), is_last=False, is_eos=True
Token 0 verification failed, accepting up to this token. is_last: False, is_eos: True, is_mismatch: True
New tokens: ['NO REPLY<|im_end|>']
Total new tokens generated: 4
[Spec] avg_accept=1.00 | tokens=4 | context_len=2750
[Adapter] acc=0/3 (0.0%) | avg_confidence=0.074 | context_len=2750
\n===== Lossless Check =====
Speculative output: NO REPLY
AR manual output:   NO REPLY
Exact match: True
OK: Outputs match. Speculative decoding is lossless.
Speedup: 0.65x
Speedup_decode: 0.80x
Spec decode tok/s: 30.46
AR decode tok/s:   38.07
 first token :NO

Draft step 0: in_token=tensor([[8996]], device='cuda:6'), in_token_decoded=NO, end_index: 2816
predicted_token: 79147, predict_score: 0.024866651743650436, token :  tofu

Draft step 1: in_token=tensor([[79147]], device='cuda:6'), in_token_decoded= tofu, end_index: 2817
Draft step 1, token  tofu, predict_score 0.024866651743650436 < threshold 0.6, stopping draft
Verifying token 0: verify_id=3596 ( RE), draft_id=79147 ( tofu), is_last=False, is_eos=False
Token 0 verification failed, accepting up to this token. is_last: False, is_eos: False, is_mismatch: True

Draft step 0: in_token=tensor([[3596]], device='cuda:6'), in_token_decoded= RE, end_index: 2817
predicted_token: 1221, predict_score: 0.07257859408855438, token :  then

Draft step 1: in_token=tensor([[1221]], device='cuda:6'), in_token_decoded= then, end_index: 2818
Draft step 1, token  then, predict_score 0.07257859408855438 < threshold 0.6, stopping draft
Verifying token 0: verify_id=24834 (PLY), draft_id=1221 ( then), is_last=False, is_eos=False
Token 0 verification failed, accepting up to this token. is_last: False, is_eos: False, is_mismatch: True

Draft step 0: in_token=tensor([[24834]], device='cuda:6'), in_token_decoded=PLY, end_index: 2818
predicted_token: 438, predict_score: 0.057566773146390915, token :  as

Draft step 1: in_token=tensor([[438]], device='cuda:6'), in_token_decoded= as, end_index: 2819
Draft step 1, token  as, predict_score 0.057566773146390915 < threshold 0.6, stopping draft
Verifying token 0: verify_id=151645 (<|im_end|>), draft_id=438 ( as), is_last=False, is_eos=True
Token 0 verification failed, accepting up to this token. is_last: False, is_eos: True, is_mismatch: True
New tokens: ['NO REPLY<|im_end|>']
Total new tokens generated: 4
[Spec] avg_accept=1.00 | tokens=4 | context_len=2815
[Adapter] acc=0/3 (0.0%) | avg_confidence=0.052 | context_len=2815
\n===== Lossless Check =====
Speculative output: NO REPLY
AR manual output:   NO REPLY
Exact match: True
OK: Outputs match. Speculative decoding is lossless.
Speedup: 0.65x
Speedup_decode: 0.79x
Spec decode tok/s: 30.53
AR decode tok/s:   38.42
 first token :NO

Draft step 0: in_token=tensor([[8996]], device='cuda:6'), in_token_decoded=NO, end_index: 2881
predicted_token: 30352, predict_score: 0.06690526008605957, token :  dough

Draft step 1: in_token=tensor([[30352]], device='cuda:6'), in_token_decoded= dough, end_index: 2882
Draft step 1, token  dough, predict_score 0.06690526008605957 < threshold 0.6, stopping draft
Verifying token 0: verify_id=3596 ( RE), draft_id=30352 ( dough), is_last=False, is_eos=False
Token 0 verification failed, accepting up to this token. is_last: False, is_eos: False, is_mismatch: True

Draft step 0: in_token=tensor([[3596]], device='cuda:6'), in_token_decoded= RE, end_index: 2882
predicted_token: 323, predict_score: 0.05250033736228943, token :  and

Draft step 1: in_token=tensor([[323]], device='cuda:6'), in_token_decoded= and, end_index: 2883
Draft step 1, token  and, predict_score 0.05250033736228943 < threshold 0.6, stopping draft
Verifying token 0: verify_id=24834 (PLY), draft_id=323 ( and), is_last=False, is_eos=False
Token 0 verification failed, accepting up to this token. is_last: False, is_eos: False, is_mismatch: True

Draft step 0: in_token=tensor([[24834]], device='cuda:6'), in_token_decoded=PLY, end_index: 2883
predicted_token: 949, predict_score: 0.050842367112636566, token :  part

Draft step 1: in_token=tensor([[949]], device='cuda:6'), in_token_decoded= part, end_index: 2884
Draft step 1, token  part, predict_score 0.050842367112636566 < threshold 0.6, stopping draft
Verifying token 0: verify_id=151645 (<|im_end|>), draft_id=949 ( part), is_last=False, is_eos=True
Token 0 verification failed, accepting up to this token. is_last: False, is_eos: True, is_mismatch: True
New tokens: ['NO REPLY<|im_end|>']
Total new tokens generated: 4
[Spec] avg_accept=1.00 | tokens=4 | context_len=2880
[Adapter] acc=0/3 (0.0%) | avg_confidence=0.057 | context_len=2880
\n===== Lossless Check =====
Speculative output: NO REPLY
AR manual output:   NO REPLY
Exact match: True
OK: Outputs match. Speculative decoding is lossless.
Speedup: 0.65x
Speedup_decode: 0.80x
Spec decode tok/s: 30.91
AR decode tok/s:   38.49
 first token :NO

Draft step 0: in_token=tensor([[8996]], device='cuda:6'), in_token_decoded=NO, end_index: 2946
predicted_token: 30352, predict_score: 0.07358662784099579, token :  dough

Draft step 1: in_token=tensor([[30352]], device='cuda:6'), in_token_decoded= dough, end_index: 2947
Draft step 1, token  dough, predict_score 0.07358662784099579 < threshold 0.6, stopping draft
Verifying token 0: verify_id=3596 ( RE), draft_id=30352 ( dough), is_last=False, is_eos=False
Token 0 verification failed, accepting up to this token. is_last: False, is_eos: False, is_mismatch: True

Draft step 0: in_token=tensor([[3596]], device='cuda:6'), in_token_decoded= RE, end_index: 2947
predicted_token: 323, predict_score: 0.07724343985319138, token :  and

Draft step 1: in_token=tensor([[323]], device='cuda:6'), in_token_decoded= and, end_index: 2948
Draft step 1, token  and, predict_score 0.07724343985319138 < threshold 0.6, stopping draft
Verifying token 0: verify_id=24834 (PLY), draft_id=323 ( and), is_last=False, is_eos=False
Token 0 verification failed, accepting up to this token. is_last: False, is_eos: False, is_mismatch: True

Draft step 0: in_token=tensor([[24834]], device='cuda:6'), in_token_decoded=PLY, end_index: 2948
predicted_token: 949, predict_score: 0.07308978587388992, token :  part

Draft step 1: in_token=tensor([[949]], device='cuda:6'), in_token_decoded= part, end_index: 2949
Draft step 1, token  part, predict_score 0.07308978587388992 < threshold 0.6, stopping draft
Verifying token 0: verify_id=151645 (<|im_end|>), draft_id=949 ( part), is_last=False, is_eos=True
Token 0 verification failed, accepting up to this token. is_last: False, is_eos: True, is_mismatch: True
New tokens: ['NO REPLY<|im_end|>']
Total new tokens generated: 4
[Spec] avg_accept=1.00 | tokens=4 | context_len=2945
[Adapter] acc=0/3 (0.0%) | avg_confidence=0.075 | context_len=2945
\n===== Lossless Check =====
Speculative output: NO REPLY
AR manual output:   NO REPLY
Exact match: True
OK: Outputs match. Speculative decoding is lossless.
Speedup: 0.66x
Speedup_decode: 0.80x
Spec decode tok/s: 30.47
AR decode tok/s:   38.05
 first token :NO

Draft step 0: in_token=tensor([[8996]], device='cuda:6'), in_token_decoded=NO, end_index: 3011
predicted_token: 30352, predict_score: 0.09663069248199463, token :  dough

Draft step 1: in_token=tensor([[30352]], device='cuda:6'), in_token_decoded= dough, end_index: 3012
Draft step 1, token  dough, predict_score 0.09663069248199463 < threshold 0.6, stopping draft
Verifying token 0: verify_id=3596 ( RE), draft_id=30352 ( dough), is_last=False, is_eos=False
Token 0 verification failed, accepting up to this token. is_last: False, is_eos: False, is_mismatch: True

Draft step 0: in_token=tensor([[3596]], device='cuda:6'), in_token_decoded= RE, end_index: 3012
predicted_token: 323, predict_score: 0.08058285713195801, token :  and

Draft step 1: in_token=tensor([[323]], device='cuda:6'), in_token_decoded= and, end_index: 3013
Draft step 1, token  and, predict_score 0.08058285713195801 < threshold 0.6, stopping draft
Verifying token 0: verify_id=24834 (PLY), draft_id=323 ( and), is_last=False, is_eos=False
Token 0 verification failed, accepting up to this token. is_last: False, is_eos: False, is_mismatch: True

Draft step 0: in_token=tensor([[24834]], device='cuda:6'), in_token_decoded=PLY, end_index: 3013
predicted_token: 25352, predict_score: 0.07394169270992279, token :  pressing

Draft step 1: in_token=tensor([[25352]], device='cuda:6'), in_token_decoded= pressing, end_index: 3014
Draft step 1, token  pressing, predict_score 0.07394169270992279 < threshold 0.6, stopping draft
Verifying token 0: verify_id=151645 (<|im_end|>), draft_id=25352 ( pressing), is_last=False, is_eos=True
Token 0 verification failed, accepting up to this token. is_last: False, is_eos: True, is_mismatch: True
New tokens: ['NO REPLY<|im_end|>']
Total new tokens generated: 4
[Spec] avg_accept=1.00 | tokens=4 | context_len=3010
[Adapter] acc=0/3 (0.0%) | avg_confidence=0.084 | context_len=3010
\n===== Lossless Check =====
Speculative output: NO REPLY
AR manual output:   NO REPLY
Exact match: True
OK: Outputs match. Speculative decoding is lossless.
Speedup: 0.64x
Speedup_decode: 0.79x
Spec decode tok/s: 30.11
AR decode tok/s:   38.12
 first token :NO

Draft step 0: in_token=tensor([[8996]], device='cuda:6'), in_token_decoded=NO, end_index: 3076
predicted_token: 8568, predict_score: 0.027429699897766113, token :  opening

Draft step 1: in_token=tensor([[8568]], device='cuda:6'), in_token_decoded= opening, end_index: 3077
Draft step 1, token  opening, predict_score 0.027429699897766113 < threshold 0.6, stopping draft
Verifying token 0: verify_id=3596 ( RE), draft_id=8568 ( opening), is_last=False, is_eos=False
Token 0 verification failed, accepting up to this token. is_last: False, is_eos: False, is_mismatch: True

Draft step 0: in_token=tensor([[3596]], device='cuda:6'), in_token_decoded= RE, end_index: 3077
predicted_token: 1221, predict_score: 0.0668756514787674, token :  then

Draft step 1: in_token=tensor([[1221]], device='cuda:6'), in_token_decoded= then, end_index: 3078
Draft step 1, token  then, predict_score 0.0668756514787674 < threshold 0.6, stopping draft
Verifying token 0: verify_id=24834 (PLY), draft_id=1221 ( then), is_last=False, is_eos=False
Token 0 verification failed, accepting up to this token. is_last: False, is_eos: False, is_mismatch: True

Draft step 0: in_token=tensor([[24834]], device='cuda:6'), in_token_decoded=PLY, end_index: 3078
predicted_token: 438, predict_score: 0.09629543125629425, token :  as

Draft step 1: in_token=tensor([[438]], device='cuda:6'), in_token_decoded= as, end_index: 3079
Draft step 1, token  as, predict_score 0.09629543125629425 < threshold 0.6, stopping draft
Verifying token 0: verify_id=151645 (<|im_end|>), draft_id=438 ( as), is_last=False, is_eos=True
Token 0 verification failed, accepting up to this token. is_last: False, is_eos: True, is_mismatch: True
New tokens: ['NO REPLY<|im_end|>']
Total new tokens generated: 4
[Spec] avg_accept=1.00 | tokens=4 | context_len=3075
[Adapter] acc=0/3 (0.0%) | avg_confidence=0.064 | context_len=3075
\n===== Lossless Check =====
Speculative output: NO REPLY
AR manual output:   NO REPLY
Exact match: True
OK: Outputs match. Speculative decoding is lossless.
Speedup: 0.64x
Speedup_decode: 0.77x
Spec decode tok/s: 29.74
AR decode tok/s:   38.53
 first token :NO

Draft step 0: in_token=tensor([[8996]], device='cuda:6'), in_token_decoded=NO, end_index: 3141
predicted_token: 79147, predict_score: 0.018611669540405273, token :  tofu

Draft step 1: in_token=tensor([[79147]], device='cuda:6'), in_token_decoded= tofu, end_index: 3142
Draft step 1, token  tofu, predict_score 0.018611669540405273 < threshold 0.6, stopping draft
Verifying token 0: verify_id=3596 ( RE), draft_id=79147 ( tofu), is_last=False, is_eos=False
Token 0 verification failed, accepting up to this token. is_last: False, is_eos: False, is_mismatch: True

Draft step 0: in_token=tensor([[3596]], device='cuda:6'), in_token_decoded= RE, end_index: 3142
predicted_token: 323, predict_score: 0.09831392019987106, token :  and

Draft step 1: in_token=tensor([[323]], device='cuda:6'), in_token_decoded= and, end_index: 3143
Draft step 1, token  and, predict_score 0.09831392019987106 < threshold 0.6, stopping draft
Verifying token 0: verify_id=24834 (PLY), draft_id=323 ( and), is_last=False, is_eos=False
Token 0 verification failed, accepting up to this token. is_last: False, is_eos: False, is_mismatch: True

Draft step 0: in_token=tensor([[24834]], device='cuda:6'), in_token_decoded=PLY, end_index: 3143
predicted_token: 438, predict_score: 0.06656583398580551, token :  as

Draft step 1: in_token=tensor([[438]], device='cuda:6'), in_token_decoded= as, end_index: 3144
Draft step 1, token  as, predict_score 0.06656583398580551 < threshold 0.6, stopping draft
Verifying token 0: verify_id=151645 (<|im_end|>), draft_id=438 ( as), is_last=False, is_eos=True
Token 0 verification failed, accepting up to this token. is_last: False, is_eos: True, is_mismatch: True
New tokens: ['NO REPLY<|im_end|>']
Total new tokens generated: 4
[Spec] avg_accept=1.00 | tokens=4 | context_len=3140
[Adapter] acc=0/3 (0.0%) | avg_confidence=0.061 | context_len=3140
\n===== Lossless Check =====
Speculative output: NO REPLY
AR manual output:   NO REPLY
Exact match: True
OK: Outputs match. Speculative decoding is lossless.
Speedup: 0.66x
Speedup_decode: 0.80x
Spec decode tok/s: 30.65
AR decode tok/s:   38.16
 first token :NO

Draft step 0: in_token=tensor([[8996]], device='cuda:6'), in_token_decoded=NO, end_index: 3206
predicted_token: 6787, predict_score: 0.027404271066188812, token :  skin

Draft step 1: in_token=tensor([[6787]], device='cuda:6'), in_token_decoded= skin, end_index: 3207
Draft step 1, token  skin, predict_score 0.027404271066188812 < threshold 0.6, stopping draft
Verifying token 0: verify_id=3596 ( RE), draft_id=6787 ( skin), is_last=False, is_eos=False
Token 0 verification failed, accepting up to this token. is_last: False, is_eos: False, is_mismatch: True

Draft step 0: in_token=tensor([[3596]], device='cuda:6'), in_token_decoded= RE, end_index: 3207
predicted_token: 389, predict_score: 0.05502134934067726, token :  on

Draft step 1: in_token=tensor([[389]], device='cuda:6'), in_token_decoded= on, end_index: 3208
Draft step 1, token  on, predict_score 0.05502134934067726 < threshold 0.6, stopping draft
Verifying token 0: verify_id=24834 (PLY), draft_id=389 ( on), is_last=False, is_eos=False
Token 0 verification failed, accepting up to this token. is_last: False, is_eos: False, is_mismatch: True

Draft step 0: in_token=tensor([[24834]], device='cuda:6'), in_token_decoded=PLY, end_index: 3208
predicted_token: 438, predict_score: 0.07765630632638931, token :  as

Draft step 1: in_token=tensor([[438]], device='cuda:6'), in_token_decoded= as, end_index: 3209
Draft step 1, token  as, predict_score 0.07765630632638931 < threshold 0.6, stopping draft
Verifying token 0: verify_id=151645 (<|im_end|>), draft_id=438 ( as), is_last=False, is_eos=True
Token 0 verification failed, accepting up to this token. is_last: False, is_eos: True, is_mismatch: True
New tokens: ['NO REPLY<|im_end|>']
Total new tokens generated: 4
[Spec] avg_accept=1.00 | tokens=4 | context_len=3205
[Adapter] acc=0/3 (0.0%) | avg_confidence=0.053 | context_len=3205
\n===== Lossless Check =====
Speculative output: NO REPLY
AR manual output:   NO REPLY
Exact match: True
OK: Outputs match. Speculative decoding is lossless.
Speedup: 0.65x
Speedup_decode: 0.79x
Spec decode tok/s: 30.14
AR decode tok/s:   38.35
 first token :NO

Draft step 0: in_token=tensor([[8996]], device='cuda:6'), in_token_decoded=NO, end_index: 3271
predicted_token: 79147, predict_score: 0.03269762545824051, token :  tofu

Draft step 1: in_token=tensor([[79147]], device='cuda:6'), in_token_decoded= tofu, end_index: 3272
Draft step 1, token  tofu, predict_score 0.03269762545824051 < threshold 0.6, stopping draft
Verifying token 0: verify_id=3596 ( RE), draft_id=79147 ( tofu), is_last=False, is_eos=False
Token 0 verification failed, accepting up to this token. is_last: False, is_eos: False, is_mismatch: True

Draft step 0: in_token=tensor([[3596]], device='cuda:6'), in_token_decoded= RE, end_index: 3272
predicted_token: 323, predict_score: 0.05503550171852112, token :  and

Draft step 1: in_token=tensor([[323]], device='cuda:6'), in_token_decoded= and, end_index: 3273
Draft step 1, token  and, predict_score 0.05503550171852112 < threshold 0.6, stopping draft
Verifying token 0: verify_id=24834 (PLY), draft_id=323 ( and), is_last=False, is_eos=False
Token 0 verification failed, accepting up to this token. is_last: False, is_eos: False, is_mismatch: True

Draft step 0: in_token=tensor([[24834]], device='cuda:6'), in_token_decoded=PLY, end_index: 3273
predicted_token: 438, predict_score: 0.0684177502989769, token :  as

Draft step 1: in_token=tensor([[438]], device='cuda:6'), in_token_decoded= as, end_index: 3274
Draft step 1, token  as, predict_score 0.0684177502989769 < threshold 0.6, stopping draft
Verifying token 0: verify_id=151645 (<|im_end|>), draft_id=438 ( as), is_last=False, is_eos=True
Token 0 verification failed, accepting up to this token. is_last: False, is_eos: True, is_mismatch: True
New tokens: ['NO REPLY<|im_end|>']
Total new tokens generated: 4
[Spec] avg_accept=1.00 | tokens=4 | context_len=3270
[Adapter] acc=0/3 (0.0%) | avg_confidence=0.052 | context_len=3270
\n===== Lossless Check =====
Speculative output: NO REPLY
AR manual output:   NO REPLY
Exact match: True
OK: Outputs match. Speculative decoding is lossless.
Speedup: 0.65x
Speedup_decode: 0.79x
Spec decode tok/s: 29.81
AR decode tok/s:   37.66
 first token :NO

Draft step 0: in_token=tensor([[8996]], device='cuda:6'), in_token_decoded=NO, end_index: 3336
predicted_token: 30352, predict_score: 0.03312092274427414, token :  dough

Draft step 1: in_token=tensor([[30352]], device='cuda:6'), in_token_decoded= dough, end_index: 3337
Draft step 1, token  dough, predict_score 0.03312092274427414 < threshold 0.6, stopping draft
Verifying token 0: verify_id=3596 ( RE), draft_id=30352 ( dough), is_last=False, is_eos=False
Token 0 verification failed, accepting up to this token. is_last: False, is_eos: False, is_mismatch: True

Draft step 0: in_token=tensor([[3596]], device='cuda:6'), in_token_decoded= RE, end_index: 3337
predicted_token: 389, predict_score: 0.1063251718878746, token :  on

Draft step 1: in_token=tensor([[389]], device='cuda:6'), in_token_decoded= on, end_index: 3338
Draft step 1, token  on, predict_score 0.1063251718878746 < threshold 0.6, stopping draft
Verifying token 0: verify_id=24834 (PLY), draft_id=389 ( on), is_last=False, is_eos=False
Token 0 verification failed, accepting up to this token. is_last: False, is_eos: False, is_mismatch: True

Draft step 0: in_token=tensor([[24834]], device='cuda:6'), in_token_decoded=PLY, end_index: 3338
predicted_token: 8, predict_score: 0.09014234691858292, token : )

Draft step 1: in_token=tensor([[8]], device='cuda:6'), in_token_decoded=), end_index: 3339
Draft step 1, token ), predict_score 0.09014234691858292 < threshold 0.6, stopping draft
Verifying token 0: verify_id=151645 (<|im_end|>), draft_id=8 ()), is_last=False, is_eos=True
Token 0 verification failed, accepting up to this token. is_last: False, is_eos: True, is_mismatch: True
New tokens: ['NO REPLY<|im_end|>']
Total new tokens generated: 4
[Spec] avg_accept=1.00 | tokens=4 | context_len=3335
[Adapter] acc=0/3 (0.0%) | avg_confidence=0.077 | context_len=3335
\n===== Lossless Check =====
Speculative output: NO REPLY
AR manual output:   NO REPLY
Exact match: True
OK: Outputs match. Speculative decoding is lossless.
Speedup: 0.64x
Speedup_decode: 0.77x
Spec decode tok/s: 29.54
AR decode tok/s:   38.40
 first token :NO

Draft step 0: in_token=tensor([[8996]], device='cuda:6'), in_token_decoded=NO, end_index: 3401
predicted_token: 30352, predict_score: 0.04763541743159294, token :  dough

Draft step 1: in_token=tensor([[30352]], device='cuda:6'), in_token_decoded= dough, end_index: 3402
Draft step 1, token  dough, predict_score 0.04763541743159294 < threshold 0.6, stopping draft
Verifying token 0: verify_id=3596 ( RE), draft_id=30352 ( dough), is_last=False, is_eos=False
Token 0 verification failed, accepting up to this token. is_last: False, is_eos: False, is_mismatch: True

Draft step 0: in_token=tensor([[3596]], device='cuda:6'), in_token_decoded= RE, end_index: 3402
predicted_token: 448, predict_score: 0.14936210215091705, token :  with

Draft step 1: in_token=tensor([[448]], device='cuda:6'), in_token_decoded= with, end_index: 3403
Draft step 1, token  with, predict_score 0.14936210215091705 < threshold 0.6, stopping draft
Verifying token 0: verify_id=24834 (PLY), draft_id=448 ( with), is_last=False, is_eos=False
Token 0 verification failed, accepting up to this token. is_last: False, is_eos: False, is_mismatch: True

Draft step 0: in_token=tensor([[24834]], device='cuda:6'), in_token_decoded=PLY, end_index: 3403
predicted_token: 438, predict_score: 0.07327990233898163, token :  as

Draft step 1: in_token=tensor([[438]], device='cuda:6'), in_token_decoded= as, end_index: 3404
Draft step 1, token  as, predict_score 0.07327990233898163 < threshold 0.6, stopping draft
Verifying token 0: verify_id=151645 (<|im_end|>), draft_id=438 ( as), is_last=False, is_eos=True
Token 0 verification failed, accepting up to this token. is_last: False, is_eos: True, is_mismatch: True
New tokens: ['NO REPLY<|im_end|>']
Total new tokens generated: 4
[Spec] avg_accept=1.00 | tokens=4 | context_len=3400
[Adapter] acc=0/3 (0.0%) | avg_confidence=0.090 | context_len=3400
\n===== Lossless Check =====
Speculative output: NO REPLY
AR manual output:   NO REPLY
Exact match: True
OK: Outputs match. Speculative decoding is lossless.
Speedup: 0.64x
Speedup_decode: 0.78x
Spec decode tok/s: 30.10
AR decode tok/s:   38.43
 first token :NO

Draft step 0: in_token=tensor([[8996]], device='cuda:6'), in_token_decoded=NO, end_index: 3466
predicted_token: 79147, predict_score: 0.02290300466120243, token :  tofu

Draft step 1: in_token=tensor([[79147]], device='cuda:6'), in_token_decoded= tofu, end_index: 3467
Draft step 1, token  tofu, predict_score 0.02290300466120243 < threshold 0.6, stopping draft
Verifying token 0: verify_id=3596 ( RE), draft_id=79147 ( tofu), is_last=False, is_eos=False
Token 0 verification failed, accepting up to this token. is_last: False, is_eos: False, is_mismatch: True

Draft step 0: in_token=tensor([[3596]], device='cuda:6'), in_token_decoded= RE, end_index: 3467
predicted_token: 323, predict_score: 0.13799013197422028, token :  and

Draft step 1: in_token=tensor([[323]], device='cuda:6'), in_token_decoded= and, end_index: 3468
Draft step 1, token  and, predict_score 0.13799013197422028 < threshold 0.6, stopping draft
Verifying token 0: verify_id=24834 (PLY), draft_id=323 ( and), is_last=False, is_eos=False
Token 0 verification failed, accepting up to this token. is_last: False, is_eos: False, is_mismatch: True

Draft step 0: in_token=tensor([[24834]], device='cuda:6'), in_token_decoded=PLY, end_index: 3468
predicted_token: 438, predict_score: 0.0879746675491333, token :  as

Draft step 1: in_token=tensor([[438]], device='cuda:6'), in_token_decoded= as, end_index: 3469
Draft step 1, token  as, predict_score 0.0879746675491333 < threshold 0.6, stopping draft
Verifying token 0: verify_id=151645 (<|im_end|>), draft_id=438 ( as), is_last=False, is_eos=True
Token 0 verification failed, accepting up to this token. is_last: False, is_eos: True, is_mismatch: True
New tokens: ['NO REPLY<|im_end|>']
Total new tokens generated: 4
[Spec] avg_accept=1.00 | tokens=4 | context_len=3465
[Adapter] acc=0/3 (0.0%) | avg_confidence=0.083 | context_len=3465
\n===== Lossless Check =====
Speculative output: NO REPLY
AR manual output:   NO REPLY
Exact match: True
OK: Outputs match. Speculative decoding is lossless.
Speedup: 0.66x
Speedup_decode: 0.79x
Spec decode tok/s: 29.72
AR decode tok/s:   37.63
 first token :NO

Draft step 0: in_token=tensor([[8996]], device='cuda:6'), in_token_decoded=NO, end_index: 3531
predicted_token: 79147, predict_score: 0.025556979700922966, token :  tofu

Draft step 1: in_token=tensor([[79147]], device='cuda:6'), in_token_decoded= tofu, end_index: 3532
Draft step 1, token  tofu, predict_score 0.025556979700922966 < threshold 0.6, stopping draft
Verifying token 0: verify_id=3596 ( RE), draft_id=79147 ( tofu), is_last=False, is_eos=False
Token 0 verification failed, accepting up to this token. is_last: False, is_eos: False, is_mismatch: True

Draft step 0: in_token=tensor([[3596]], device='cuda:6'), in_token_decoded= RE, end_index: 3532
predicted_token: 323, predict_score: 0.12671677768230438, token :  and

Draft step 1: in_token=tensor([[323]], device='cuda:6'), in_token_decoded= and, end_index: 3533
Draft step 1, token  and, predict_score 0.12671677768230438 < threshold 0.6, stopping draft
Verifying token 0: verify_id=24834 (PLY), draft_id=323 ( and), is_last=False, is_eos=False
Token 0 verification failed, accepting up to this token. is_last: False, is_eos: False, is_mismatch: True

Draft step 0: in_token=tensor([[24834]], device='cuda:6'), in_token_decoded=PLY, end_index: 3533
predicted_token: 438, predict_score: 0.07054290920495987, token :  as

Draft step 1: in_token=tensor([[438]], device='cuda:6'), in_token_decoded= as, end_index: 3534
Draft step 1, token  as, predict_score 0.07054290920495987 < threshold 0.6, stopping draft
Verifying token 0: verify_id=151645 (<|im_end|>), draft_id=438 ( as), is_last=False, is_eos=True
Token 0 verification failed, accepting up to this token. is_last: False, is_eos: True, is_mismatch: True
New tokens: ['NO REPLY<|im_end|>']
Total new tokens generated: 4
[Spec] avg_accept=1.00 | tokens=4 | context_len=3530
[Adapter] acc=0/3 (0.0%) | avg_confidence=0.074 | context_len=3530
\n===== Lossless Check =====
Speculative output: NO REPLY
AR manual output:   NO REPLY
Exact match: True
OK: Outputs match. Speculative decoding is lossless.
Speedup: 0.65x
Speedup_decode: 0.79x
Spec decode tok/s: 29.98
AR decode tok/s:   38.16
 first token :NO

Draft step 0: in_token=tensor([[8996]], device='cuda:6'), in_token_decoded=NO, end_index: 3596
predicted_token: 79147, predict_score: 0.02772335521876812, token :  tofu

Draft step 1: in_token=tensor([[79147]], device='cuda:6'), in_token_decoded= tofu, end_index: 3597
Draft step 1, token  tofu, predict_score 0.02772335521876812 < threshold 0.6, stopping draft
Verifying token 0: verify_id=3596 ( RE), draft_id=79147 ( tofu), is_last=False, is_eos=False
Token 0 verification failed, accepting up to this token. is_last: False, is_eos: False, is_mismatch: True

Draft step 0: in_token=tensor([[3596]], device='cuda:6'), in_token_decoded= RE, end_index: 3597
predicted_token: 323, predict_score: 0.08770138770341873, token :  and

Draft step 1: in_token=tensor([[323]], device='cuda:6'), in_token_decoded= and, end_index: 3598
Draft step 1, token  and, predict_score 0.08770138770341873 < threshold 0.6, stopping draft
Verifying token 0: verify_id=24834 (PLY), draft_id=323 ( and), is_last=False, is_eos=False
Token 0 verification failed, accepting up to this token. is_last: False, is_eos: False, is_mismatch: True

Draft step 0: in_token=tensor([[24834]], device='cuda:6'), in_token_decoded=PLY, end_index: 3598
predicted_token: 438, predict_score: 0.06490527838468552, token :  as

Draft step 1: in_token=tensor([[438]], device='cuda:6'), in_token_decoded= as, end_index: 3599
Draft step 1, token  as, predict_score 0.06490527838468552 < threshold 0.6, stopping draft
Verifying token 0: verify_id=151645 (<|im_end|>), draft_id=438 ( as), is_last=False, is_eos=True
Token 0 verification failed, accepting up to this token. is_last: False, is_eos: True, is_mismatch: True
New tokens: ['NO REPLY<|im_end|>']
Total new tokens generated: 4
[Spec] avg_accept=1.00 | tokens=4 | context_len=3595
[Adapter] acc=0/3 (0.0%) | avg_confidence=0.060 | context_len=3595
\n===== Lossless Check =====
Speculative output: NO REPLY
AR manual output:   NO REPLY
Exact match: True
OK: Outputs match. Speculative decoding is lossless.
Speedup: 0.66x
Speedup_decode: 0.78x
Spec decode tok/s: 29.64
AR decode tok/s:   38.11
 first token :NO

Draft step 0: in_token=tensor([[8996]], device='cuda:6'), in_token_decoded=NO, end_index: 3661
predicted_token: 8568, predict_score: 0.014949055388569832, token :  opening

Draft step 1: in_token=tensor([[8568]], device='cuda:6'), in_token_decoded= opening, end_index: 3662
Draft step 1, token  opening, predict_score 0.014949055388569832 < threshold 0.6, stopping draft
Verifying token 0: verify_id=3596 ( RE), draft_id=8568 ( opening), is_last=False, is_eos=False
Token 0 verification failed, accepting up to this token. is_last: False, is_eos: False, is_mismatch: True

Draft step 0: in_token=tensor([[3596]], device='cuda:6'), in_token_decoded= RE, end_index: 3662
predicted_token: 389, predict_score: 0.1218990683555603, token :  on

Draft step 1: in_token=tensor([[389]], device='cuda:6'), in_token_decoded= on, end_index: 3663
Draft step 1, token  on, predict_score 0.1218990683555603 < threshold 0.6, stopping draft
Verifying token 0: verify_id=24834 (PLY), draft_id=389 ( on), is_last=False, is_eos=False
Token 0 verification failed, accepting up to this token. is_last: False, is_eos: False, is_mismatch: True

Draft step 0: in_token=tensor([[24834]], device='cuda:6'), in_token_decoded=PLY, end_index: 3663
predicted_token: 438, predict_score: 0.05176754295825958, token :  as

Draft step 1: in_token=tensor([[438]], device='cuda:6'), in_token_decoded= as, end_index: 3664
Draft step 1, token  as, predict_score 0.05176754295825958 < threshold 0.6, stopping draft
Verifying token 0: verify_id=151645 (<|im_end|>), draft_id=438 ( as), is_last=False, is_eos=True
Token 0 verification failed, accepting up to this token. is_last: False, is_eos: True, is_mismatch: True
New tokens: ['NO REPLY<|im_end|>']
Total new tokens generated: 4
[Spec] avg_accept=1.00 | tokens=4 | context_len=3660
[Adapter] acc=0/3 (0.0%) | avg_confidence=0.063 | context_len=3660
\n===== Lossless Check =====
Speculative output: NO REPLY
AR manual output:   NO REPLY
Exact match: True
OK: Outputs match. Speculative decoding is lossless.
Speedup: 0.67x
Speedup_decode: 0.80x
Spec decode tok/s: 30.28
AR decode tok/s:   37.68
 first token :NO

Draft step 0: in_token=tensor([[8996]], device='cuda:6'), in_token_decoded=NO, end_index: 3726
predicted_token: 8996, predict_score: 0.08990106731653214, token : NO

Draft step 1: in_token=tensor([[8996]], device='cuda:6'), in_token_decoded=NO, end_index: 3727
Draft step 1, token NO, predict_score 0.08990106731653214 < threshold 0.6, stopping draft
Verifying token 0: verify_id=3596 ( RE), draft_id=8996 (NO), is_last=False, is_eos=False
Token 0 verification failed, accepting up to this token. is_last: False, is_eos: False, is_mismatch: True

Draft step 0: in_token=tensor([[3596]], device='cuda:6'), in_token_decoded= RE, end_index: 3727
predicted_token: 389, predict_score: 0.08772224932909012, token :  on

Draft step 1: in_token=tensor([[389]], device='cuda:6'), in_token_decoded= on, end_index: 3728
Draft step 1, token  on, predict_score 0.08772224932909012 < threshold 0.6, stopping draft
Verifying token 0: verify_id=24834 (PLY), draft_id=389 ( on), is_last=False, is_eos=False
Token 0 verification failed, accepting up to this token. is_last: False, is_eos: False, is_mismatch: True

Draft step 0: in_token=tensor([[24834]], device='cuda:6'), in_token_decoded=PLY, end_index: 3728
predicted_token: 438, predict_score: 0.1012842133641243, token :  as

Draft step 1: in_token=tensor([[438]], device='cuda:6'), in_token_decoded= as, end_index: 3729
Draft step 1, token  as, predict_score 0.1012842133641243 < threshold 0.6, stopping draft
Verifying token 0: verify_id=151645 (<|im_end|>), draft_id=438 ( as), is_last=False, is_eos=True
Token 0 verification failed, accepting up to this token. is_last: False, is_eos: True, is_mismatch: True
New tokens: ['NO REPLY<|im_end|>']
Total new tokens generated: 4
[Spec] avg_accept=1.00 | tokens=4 | context_len=3725
[Adapter] acc=0/3 (0.0%) | avg_confidence=0.093 | context_len=3725
\n===== Lossless Check =====
Speculative output: NO REPLY
AR manual output:   NO REPLY
Exact match: True
OK: Outputs match. Speculative decoding is lossless.
Speedup: 0.66x
Speedup_decode: 0.78x
Spec decode tok/s: 29.40
AR decode tok/s:   37.80
 first token :NO

Draft step 0: in_token=tensor([[8996]], device='cuda:6'), in_token_decoded=NO, end_index: 3791
predicted_token: 30352, predict_score: 0.04073382541537285, token :  dough

Draft step 1: in_token=tensor([[30352]], device='cuda:6'), in_token_decoded= dough, end_index: 3792
Draft step 1, token  dough, predict_score 0.04073382541537285 < threshold 0.6, stopping draft
Verifying token 0: verify_id=3596 ( RE), draft_id=30352 ( dough), is_last=False, is_eos=False
Token 0 verification failed, accepting up to this token. is_last: False, is_eos: False, is_mismatch: True

Draft step 0: in_token=tensor([[3596]], device='cuda:6'), in_token_decoded= RE, end_index: 3792
predicted_token: 389, predict_score: 0.12968240678310394, token :  on

Draft step 1: in_token=tensor([[389]], device='cuda:6'), in_token_decoded= on, end_index: 3793
Draft step 1, token  on, predict_score 0.12968240678310394 < threshold 0.6, stopping draft
Verifying token 0: verify_id=24834 (PLY), draft_id=389 ( on), is_last=False, is_eos=False
Token 0 verification failed, accepting up to this token. is_last: False, is_eos: False, is_mismatch: True

Draft step 0: in_token=tensor([[24834]], device='cuda:6'), in_token_decoded=PLY, end_index: 3793
predicted_token: 438, predict_score: 0.07743044942617416, token :  as

Draft step 1: in_token=tensor([[438]], device='cuda:6'), in_token_decoded= as, end_index: 3794
Draft step 1, token  as, predict_score 0.07743044942617416 < threshold 0.6, stopping draft
Verifying token 0: verify_id=151645 (<|im_end|>), draft_id=438 ( as), is_last=False, is_eos=True
Token 0 verification failed, accepting up to this token. is_last: False, is_eos: True, is_mismatch: True
New tokens: ['NO REPLY<|im_end|>']
Total new tokens generated: 4
[Spec] avg_accept=1.00 | tokens=4 | context_len=3790
[Adapter] acc=0/3 (0.0%) | avg_confidence=0.083 | context_len=3790
\n===== Lossless Check =====
Speculative output: NO REPLY
AR manual output:   NO REPLY
Exact match: True
OK: Outputs match. Speculative decoding is lossless.
Speedup: 0.68x
Speedup_decode: 0.81x
Spec decode tok/s: 29.82
AR decode tok/s:   36.89
 first token :NO

Draft step 0: in_token=tensor([[8996]], device='cuda:6'), in_token_decoded=NO, end_index: 3856
predicted_token: 13054, predict_score: 0.03799309954047203, token :  turning

Draft step 1: in_token=tensor([[13054]], device='cuda:6'), in_token_decoded= turning, end_index: 3857
Draft step 1, token  turning, predict_score 0.03799309954047203 < threshold 0.6, stopping draft
Verifying token 0: verify_id=3596 ( RE), draft_id=13054 ( turning), is_last=False, is_eos=False
Token 0 verification failed, accepting up to this token. is_last: False, is_eos: False, is_mismatch: True

Draft step 0: in_token=tensor([[3596]], device='cuda:6'), in_token_decoded= RE, end_index: 3857
predicted_token: 389, predict_score: 0.12102071195840836, token :  on

Draft step 1: in_token=tensor([[389]], device='cuda:6'), in_token_decoded= on, end_index: 3858
Draft step 1, token  on, predict_score 0.12102071195840836 < threshold 0.6, stopping draft
Verifying token 0: verify_id=24834 (PLY), draft_id=389 ( on), is_last=False, is_eos=False
Token 0 verification failed, accepting up to this token. is_last: False, is_eos: False, is_mismatch: True

Draft step 0: in_token=tensor([[24834]], device='cuda:6'), in_token_decoded=PLY, end_index: 3858
predicted_token: 438, predict_score: 0.08730063587427139, token :  as

Draft step 1: in_token=tensor([[438]], device='cuda:6'), in_token_decoded= as, end_index: 3859
Draft step 1, token  as, predict_score 0.08730063587427139 < threshold 0.6, stopping draft
Verifying token 0: verify_id=151645 (<|im_end|>), draft_id=438 ( as), is_last=False, is_eos=True
Token 0 verification failed, accepting up to this token. is_last: False, is_eos: True, is_mismatch: True
New tokens: ['NO REPLY<|im_end|>']
Total new tokens generated: 4
[Spec] avg_accept=1.00 | tokens=4 | context_len=3855
[Adapter] acc=0/3 (0.0%) | avg_confidence=0.082 | context_len=3855
\n===== Lossless Check =====
Speculative output: NO REPLY
AR manual output:   NO REPLY
Exact match: True
OK: Outputs match. Speculative decoding is lossless.
Speedup: 0.62x
Speedup_decode: 0.74x
Spec decode tok/s: 28.05
AR decode tok/s:   38.13
 first token :NO

Draft step 0: in_token=tensor([[8996]], device='cuda:6'), in_token_decoded=NO, end_index: 3921
predicted_token: 8996, predict_score: 0.045693907886743546, token : NO

Draft step 1: in_token=tensor([[8996]], device='cuda:6'), in_token_decoded=NO, end_index: 3922
Draft step 1, token NO, predict_score 0.045693907886743546 < threshold 0.6, stopping draft
Verifying token 0: verify_id=3596 ( RE), draft_id=8996 (NO), is_last=False, is_eos=False
Token 0 verification failed, accepting up to this token. is_last: False, is_eos: False, is_mismatch: True

Draft step 0: in_token=tensor([[3596]], device='cuda:6'), in_token_decoded= RE, end_index: 3922
predicted_token: 389, predict_score: 0.13567811250686646, token :  on

Draft step 1: in_token=tensor([[389]], device='cuda:6'), in_token_decoded= on, end_index: 3923
Draft step 1, token  on, predict_score 0.13567811250686646 < threshold 0.6, stopping draft
Verifying token 0: verify_id=24834 (PLY), draft_id=389 ( on), is_last=False, is_eos=False
Token 0 verification failed, accepting up to this token. is_last: False, is_eos: False, is_mismatch: True

Draft step 0: in_token=tensor([[24834]], device='cuda:6'), in_token_decoded=PLY, end_index: 3923
predicted_token: 8, predict_score: 0.05561946704983711, token : )

Draft step 1: in_token=tensor([[8]], device='cuda:6'), in_token_decoded=), end_index: 3924
Draft step 1, token ), predict_score 0.05561946704983711 < threshold 0.6, stopping draft
Verifying token 0: verify_id=151645 (<|im_end|>), draft_id=8 ()), is_last=False, is_eos=True
Token 0 verification failed, accepting up to this token. is_last: False, is_eos: True, is_mismatch: True
New tokens: ['NO REPLY<|im_end|>']
Total new tokens generated: 4
[Spec] avg_accept=1.00 | tokens=4 | context_len=3920
[Adapter] acc=0/3 (0.0%) | avg_confidence=0.079 | context_len=3920
\n===== Lossless Check =====
Speculative output: NO REPLY
AR manual output:   NO REPLY
Exact match: True
OK: Outputs match. Speculative decoding is lossless.
Speedup: 0.65x
Speedup_decode: 0.78x
Spec decode tok/s: 29.68
AR decode tok/s:   38.13
 first token :NO

Draft step 0: in_token=tensor([[8996]], device='cuda:6'), in_token_decoded=NO, end_index: 3986
predicted_token: 8568, predict_score: 0.016046633943915367, token :  opening

Draft step 1: in_token=tensor([[8568]], device='cuda:6'), in_token_decoded= opening, end_index: 3987
Draft step 1, token  opening, predict_score 0.016046633943915367 < threshold 0.6, stopping draft
Verifying token 0: verify_id=3596 ( RE), draft_id=8568 ( opening), is_last=False, is_eos=False
Token 0 verification failed, accepting up to this token. is_last: False, is_eos: False, is_mismatch: True

Draft step 0: in_token=tensor([[3596]], device='cuda:6'), in_token_decoded= RE, end_index: 3987
predicted_token: 323, predict_score: 0.12631209194660187, token :  and

Draft step 1: in_token=tensor([[323]], device='cuda:6'), in_token_decoded= and, end_index: 3988
Draft step 1, token  and, predict_score 0.12631209194660187 < threshold 0.6, stopping draft
Verifying token 0: verify_id=24834 (PLY), draft_id=323 ( and), is_last=False, is_eos=False
Token 0 verification failed, accepting up to this token. is_last: False, is_eos: False, is_mismatch: True

Draft step 0: in_token=tensor([[24834]], device='cuda:6'), in_token_decoded=PLY, end_index: 3988
predicted_token: 438, predict_score: 0.10990367084741592, token :  as

Draft step 1: in_token=tensor([[438]], device='cuda:6'), in_token_decoded= as, end_index: 3989
Draft step 1, token  as, predict_score 0.10990367084741592 < threshold 0.6, stopping draft
Verifying token 0: verify_id=151645 (<|im_end|>), draft_id=438 ( as), is_last=False, is_eos=True
Token 0 verification failed, accepting up to this token. is_last: False, is_eos: True, is_mismatch: True
New tokens: ['NO REPLY<|im_end|>']
Total new tokens generated: 4
[Spec] avg_accept=1.00 | tokens=4 | context_len=3985
[Adapter] acc=0/3 (0.0%) | avg_confidence=0.084 | context_len=3985
\n===== Lossless Check =====
Speculative output: NO REPLY
AR manual output:   NO REPLY
Exact match: True
OK: Outputs match. Speculative decoding is lossless.
Speedup: 0.64x
Speedup_decode: 0.75x
Spec decode tok/s: 28.97
AR decode tok/s:   38.50
 first token :NO

Draft step 0: in_token=tensor([[8996]], device='cuda:6'), in_token_decoded=NO, end_index: 4051
predicted_token: 30352, predict_score: 0.024837249889969826, token :  dough

Draft step 1: in_token=tensor([[30352]], device='cuda:6'), in_token_decoded= dough, end_index: 4052
Draft step 1, token  dough, predict_score 0.024837249889969826 < threshold 0.6, stopping draft
Verifying token 0: verify_id=3596 ( RE), draft_id=30352 ( dough), is_last=False, is_eos=False
Token 0 verification failed, accepting up to this token. is_last: False, is_eos: False, is_mismatch: True

Draft step 0: in_token=tensor([[3596]], device='cuda:6'), in_token_decoded= RE, end_index: 4052
predicted_token: 389, predict_score: 0.2131616175174713, token :  on

Draft step 1: in_token=tensor([[389]], device='cuda:6'), in_token_decoded= on, end_index: 4053
Draft step 1, token  on, predict_score 0.2131616175174713 < threshold 0.6, stopping draft
Verifying token 0: verify_id=24834 (PLY), draft_id=389 ( on), is_last=False, is_eos=False
Token 0 verification failed, accepting up to this token. is_last: False, is_eos: False, is_mismatch: True

Draft step 0: in_token=tensor([[24834]], device='cuda:6'), in_token_decoded=PLY, end_index: 4053
predicted_token: 438, predict_score: 0.07172267884016037, token :  as

Draft step 1: in_token=tensor([[438]], device='cuda:6'), in_token_decoded= as, end_index: 4054
Draft step 1, token  as, predict_score 0.07172267884016037 < threshold 0.6, stopping draft
Verifying token 0: verify_id=151645 (<|im_end|>), draft_id=438 ( as), is_last=False, is_eos=True
Token 0 verification failed, accepting up to this token. is_last: False, is_eos: True, is_mismatch: True
New tokens: ['NO REPLY<|im_end|>']
Total new tokens generated: 4
[Spec] avg_accept=1.00 | tokens=4 | context_len=4050
[Adapter] acc=0/3 (0.0%) | avg_confidence=0.103 | context_len=4050
\n===== Lossless Check =====
Speculative output: NO REPLY
AR manual output:   NO REPLY
Exact match: True
OK: Outputs match. Speculative decoding is lossless.
Speedup: 0.66x
Speedup_decode: 0.78x
Spec decode tok/s: 29.50
AR decode tok/s:   37.80
 first token :NO

Draft step 0: in_token=tensor([[8996]], device='cuda:6'), in_token_decoded=NO, end_index: 4116
predicted_token: 13054, predict_score: 0.03426208719611168, token :  turning

Draft step 1: in_token=tensor([[13054]], device='cuda:6'), in_token_decoded= turning, end_index: 4117
Draft step 1, token  turning, predict_score 0.03426208719611168 < threshold 0.6, stopping draft
Verifying token 0: verify_id=3596 ( RE), draft_id=13054 ( turning), is_last=False, is_eos=False
Token 0 verification failed, accepting up to this token. is_last: False, is_eos: False, is_mismatch: True

Draft step 0: in_token=tensor([[3596]], device='cuda:6'), in_token_decoded= RE, end_index: 4117
predicted_token: 389, predict_score: 0.16348956525325775, token :  on

Draft step 1: in_token=tensor([[389]], device='cuda:6'), in_token_decoded= on, end_index: 4118
Draft step 1, token  on, predict_score 0.16348956525325775 < threshold 0.6, stopping draft
Verifying token 0: verify_id=24834 (PLY), draft_id=389 ( on), is_last=False, is_eos=False
Token 0 verification failed, accepting up to this token. is_last: False, is_eos: False, is_mismatch: True

Draft step 0: in_token=tensor([[24834]], device='cuda:6'), in_token_decoded=PLY, end_index: 4118
predicted_token: 438, predict_score: 0.12213779985904694, token :  as

Draft step 1: in_token=tensor([[438]], device='cuda:6'), in_token_decoded= as, end_index: 4119
Draft step 1, token  as, predict_score 0.12213779985904694 < threshold 0.6, stopping draft
Verifying token 0: verify_id=151645 (<|im_end|>), draft_id=438 ( as), is_last=False, is_eos=True
Token 0 verification failed, accepting up to this token. is_last: False, is_eos: True, is_mismatch: True
New tokens: ['NO REPLY<|im_end|>']
Total new tokens generated: 4
[Spec] avg_accept=1.00 | tokens=4 | context_len=4115
[Adapter] acc=0/3 (0.0%) | avg_confidence=0.107 | context_len=4115
\n===== Lossless Check =====
Speculative output: NO REPLY
AR manual output:   NO REPLY
Exact match: True
OK: Outputs match. Speculative decoding is lossless.
Speedup: 0.65x
Speedup_decode: 0.76x
Spec decode tok/s: 28.94
AR decode tok/s:   38.22
 first token :NO

Draft step 0: in_token=tensor([[8996]], device='cuda:6'), in_token_decoded=NO, end_index: 4181
predicted_token: 13054, predict_score: 0.02633493021130562, token :  turning

Draft step 1: in_token=tensor([[13054]], device='cuda:6'), in_token_decoded= turning, end_index: 4182
Draft step 1, token  turning, predict_score 0.02633493021130562 < threshold 0.6, stopping draft
Verifying token 0: verify_id=3596 ( RE), draft_id=13054 ( turning), is_last=False, is_eos=False
Token 0 verification failed, accepting up to this token. is_last: False, is_eos: False, is_mismatch: True

Draft step 0: in_token=tensor([[3596]], device='cuda:6'), in_token_decoded= RE, end_index: 4182
predicted_token: 389, predict_score: 0.21635492146015167, token :  on

Draft step 1: in_token=tensor([[389]], device='cuda:6'), in_token_decoded= on, end_index: 4183
Draft step 1, token  on, predict_score 0.21635492146015167 < threshold 0.6, stopping draft
Verifying token 0: verify_id=24834 (PLY), draft_id=389 ( on), is_last=False, is_eos=False
Token 0 verification failed, accepting up to this token. is_last: False, is_eos: False, is_mismatch: True

Draft step 0: in_token=tensor([[24834]], device='cuda:6'), in_token_decoded=PLY, end_index: 4183
predicted_token: 438, predict_score: 0.0739588737487793, token :  as

Draft step 1: in_token=tensor([[438]], device='cuda:6'), in_token_decoded= as, end_index: 4184
Draft step 1, token  as, predict_score 0.0739588737487793 < threshold 0.6, stopping draft
Verifying token 0: verify_id=151645 (<|im_end|>), draft_id=438 ( as), is_last=False, is_eos=True
Token 0 verification failed, accepting up to this token. is_last: False, is_eos: True, is_mismatch: True
New tokens: ['NO REPLY<|im_end|>']
Total new tokens generated: 4
[Spec] avg_accept=1.00 | tokens=4 | context_len=4180
[Adapter] acc=0/3 (0.0%) | avg_confidence=0.106 | context_len=4180
\n===== Lossless Check =====
Speculative output: NO REPLY
AR manual output:   NO REPLY
Exact match: True
OK: Outputs match. Speculative decoding is lossless.
Speedup: 0.65x
Speedup_decode: 0.76x
Spec decode tok/s: 29.39
AR decode tok/s:   38.47
 first token :NO

Draft step 0: in_token=tensor([[8996]], device='cuda:6'), in_token_decoded=NO, end_index: 4246
predicted_token: 8568, predict_score: 0.024902410805225372, token :  opening

Draft step 1: in_token=tensor([[8568]], device='cuda:6'), in_token_decoded= opening, end_index: 4247
Draft step 1, token  opening, predict_score 0.024902410805225372 < threshold 0.6, stopping draft
Verifying token 0: verify_id=3596 ( RE), draft_id=8568 ( opening), is_last=False, is_eos=False
Token 0 verification failed, accepting up to this token. is_last: False, is_eos: False, is_mismatch: True

Draft step 0: in_token=tensor([[3596]], device='cuda:6'), in_token_decoded= RE, end_index: 4247
predicted_token: 389, predict_score: 0.168882355093956, token :  on

Draft step 1: in_token=tensor([[389]], device='cuda:6'), in_token_decoded= on, end_index: 4248
Draft step 1, token  on, predict_score 0.168882355093956 < threshold 0.6, stopping draft
Verifying token 0: verify_id=24834 (PLY), draft_id=389 ( on), is_last=False, is_eos=False
Token 0 verification failed, accepting up to this token. is_last: False, is_eos: False, is_mismatch: True

Draft step 0: in_token=tensor([[24834]], device='cuda:6'), in_token_decoded=PLY, end_index: 4248
predicted_token: 438, predict_score: 0.0863395556807518, token :  as

Draft step 1: in_token=tensor([[438]], device='cuda:6'), in_token_decoded= as, end_index: 4249
Draft step 1, token  as, predict_score 0.0863395556807518 < threshold 0.6, stopping draft
Verifying token 0: verify_id=151645 (<|im_end|>), draft_id=438 ( as), is_last=False, is_eos=True
Token 0 verification failed, accepting up to this token. is_last: False, is_eos: True, is_mismatch: True
New tokens: ['NO REPLY<|im_end|>']
Total new tokens generated: 4
[Spec] avg_accept=1.00 | tokens=4 | context_len=4245
[Adapter] acc=0/3 (0.0%) | avg_confidence=0.093 | context_len=4245
\n===== Lossless Check =====
Speculative output: NO REPLY
AR manual output:   NO REPLY
Exact match: True
OK: Outputs match. Speculative decoding is lossless.
Speedup: 0.65x
Speedup_decode: 0.75x
Spec decode tok/s: 28.45
AR decode tok/s:   38.14
 first token :NO

Draft step 0: in_token=tensor([[8996]], device='cuda:6'), in_token_decoded=NO, end_index: 4311
predicted_token: 8996, predict_score: 0.02492118440568447, token : NO

Draft step 1: in_token=tensor([[8996]], device='cuda:6'), in_token_decoded=NO, end_index: 4312
Draft step 1, token NO, predict_score 0.02492118440568447 < threshold 0.6, stopping draft
Verifying token 0: verify_id=3596 ( RE), draft_id=8996 (NO), is_last=False, is_eos=False
Token 0 verification failed, accepting up to this token. is_last: False, is_eos: False, is_mismatch: True

Draft step 0: in_token=tensor([[3596]], device='cuda:6'), in_token_decoded= RE, end_index: 4312
predicted_token: 389, predict_score: 0.15565042197704315, token :  on

Draft step 1: in_token=tensor([[389]], device='cuda:6'), in_token_decoded= on, end_index: 4313
Draft step 1, token  on, predict_score 0.15565042197704315 < threshold 0.6, stopping draft
Verifying token 0: verify_id=24834 (PLY), draft_id=389 ( on), is_last=False, is_eos=False
Token 0 verification failed, accepting up to this token. is_last: False, is_eos: False, is_mismatch: True

Draft step 0: in_token=tensor([[24834]], device='cuda:6'), in_token_decoded=PLY, end_index: 4313
predicted_token: 438, predict_score: 0.05382004752755165, token :  as

Draft step 1: in_token=tensor([[438]], device='cuda:6'), in_token_decoded= as, end_index: 4314
Draft step 1, token  as, predict_score 0.05382004752755165 < threshold 0.6, stopping draft
Verifying token 0: verify_id=151645 (<|im_end|>), draft_id=438 ( as), is_last=False, is_eos=True
Token 0 verification failed, accepting up to this token. is_last: False, is_eos: True, is_mismatch: True
New tokens: ['NO REPLY<|im_end|>']
Total new tokens generated: 4
[Spec] avg_accept=1.00 | tokens=4 | context_len=4310
[Adapter] acc=0/3 (0.0%) | avg_confidence=0.078 | context_len=4310
\n===== Lossless Check =====
Speculative output: NO REPLY
AR manual output:   NO REPLY
Exact match: True
OK: Outputs match. Speculative decoding is lossless.
Speedup: 0.65x
Speedup_decode: 0.76x
Spec decode tok/s: 29.05
AR decode tok/s:   38.18
 first token :NO

Draft step 0: in_token=tensor([[8996]], device='cuda:6'), in_token_decoded=NO, end_index: 4376
predicted_token: 8996, predict_score: 0.025371255353093147, token : NO

Draft step 1: in_token=tensor([[8996]], device='cuda:6'), in_token_decoded=NO, end_index: 4377
Draft step 1, token NO, predict_score 0.025371255353093147 < threshold 0.6, stopping draft
Verifying token 0: verify_id=3596 ( RE), draft_id=8996 (NO), is_last=False, is_eos=False
Token 0 verification failed, accepting up to this token. is_last: False, is_eos: False, is_mismatch: True

Draft step 0: in_token=tensor([[3596]], device='cuda:6'), in_token_decoded= RE, end_index: 4377
predicted_token: 323, predict_score: 0.18092425167560577, token :  and

Draft step 1: in_token=tensor([[323]], device='cuda:6'), in_token_decoded= and, end_index: 4378
Draft step 1, token  and, predict_score 0.18092425167560577 < threshold 0.6, stopping draft
Verifying token 0: verify_id=24834 (PLY), draft_id=323 ( and), is_last=False, is_eos=False
Token 0 verification failed, accepting up to this token. is_last: False, is_eos: False, is_mismatch: True

Draft step 0: in_token=tensor([[24834]], device='cuda:6'), in_token_decoded=PLY, end_index: 4378
predicted_token: 438, predict_score: 0.072407066822052, token :  as

Draft step 1: in_token=tensor([[438]], device='cuda:6'), in_token_decoded= as, end_index: 4379
Draft step 1, token  as, predict_score 0.072407066822052 < threshold 0.6, stopping draft
Verifying token 0: verify_id=151645 (<|im_end|>), draft_id=438 ( as), is_last=False, is_eos=True
Token 0 verification failed, accepting up to this token. is_last: False, is_eos: True, is_mismatch: True
New tokens: ['NO REPLY<|im_end|>']
Total new tokens generated: 4
[Spec] avg_accept=1.00 | tokens=4 | context_len=4375
[Adapter] acc=0/3 (0.0%) | avg_confidence=0.093 | context_len=4375
\n===== Lossless Check =====
Speculative output: NO REPLY
AR manual output:   NO REPLY
Exact match: True
OK: Outputs match. Speculative decoding is lossless.
Speedup: 0.66x
Speedup_decode: 0.75x
Spec decode tok/s: 28.36
AR decode tok/s:   37.65
 first token :NO

Draft step 0: in_token=tensor([[8996]], device='cuda:6'), in_token_decoded=NO, end_index: 4441
predicted_token: 8996, predict_score: 0.03813114017248154, token : NO

Draft step 1: in_token=tensor([[8996]], device='cuda:6'), in_token_decoded=NO, end_index: 4442
Draft step 1, token NO, predict_score 0.03813114017248154 < threshold 0.6, stopping draft
Verifying token 0: verify_id=3596 ( RE), draft_id=8996 (NO), is_last=False, is_eos=False
Token 0 verification failed, accepting up to this token. is_last: False, is_eos: False, is_mismatch: True

Draft step 0: in_token=tensor([[3596]], device='cuda:6'), in_token_decoded= RE, end_index: 4442
predicted_token: 323, predict_score: 0.15853852033615112, token :  and

Draft step 1: in_token=tensor([[323]], device='cuda:6'), in_token_decoded= and, end_index: 4443
Draft step 1, token  and, predict_score 0.15853852033615112 < threshold 0.6, stopping draft
Verifying token 0: verify_id=24834 (PLY), draft_id=323 ( and), is_last=False, is_eos=False
Token 0 verification failed, accepting up to this token. is_last: False, is_eos: False, is_mismatch: True

Draft step 0: in_token=tensor([[24834]], device='cuda:6'), in_token_decoded=PLY, end_index: 4443
predicted_token: 825, predict_score: 0.08387766778469086, token :  one

Draft step 1: in_token=tensor([[825]], device='cuda:6'), in_token_decoded= one, end_index: 4444
Draft step 1, token  one, predict_score 0.08387766778469086 < threshold 0.6, stopping draft
Verifying token 0: verify_id=151645 (<|im_end|>), draft_id=825 ( one), is_last=False, is_eos=True
Token 0 verification failed, accepting up to this token. is_last: False, is_eos: True, is_mismatch: True
New tokens: ['NO REPLY<|im_end|>']
Total new tokens generated: 4
[Spec] avg_accept=1.00 | tokens=4 | context_len=4440
[Adapter] acc=0/3 (0.0%) | avg_confidence=0.094 | context_len=4440
\n===== Lossless Check =====
Speculative output: NO REPLY
AR manual output:   NO REPLY
Exact match: True
OK: Outputs match. Speculative decoding is lossless.
Speedup: 0.65x
Speedup_decode: 0.77x
Spec decode tok/s: 29.39
AR decode tok/s:   38.17
 first token :NO

Draft step 0: in_token=tensor([[8996]], device='cuda:6'), in_token_decoded=NO, end_index: 4506
predicted_token: 1667, predict_score: 0.020712444558739662, token :  using

Draft step 1: in_token=tensor([[1667]], device='cuda:6'), in_token_decoded= using, end_index: 4507
Draft step 1, token  using, predict_score 0.020712444558739662 < threshold 0.6, stopping draft
Verifying token 0: verify_id=3596 ( RE), draft_id=1667 ( using), is_last=False, is_eos=False
Token 0 verification failed, accepting up to this token. is_last: False, is_eos: False, is_mismatch: True

Draft step 0: in_token=tensor([[3596]], device='cuda:6'), in_token_decoded= RE, end_index: 4507
predicted_token: 323, predict_score: 0.17833122611045837, token :  and

Draft step 1: in_token=tensor([[323]], device='cuda:6'), in_token_decoded= and, end_index: 4508
Draft step 1, token  and, predict_score 0.17833122611045837 < threshold 0.6, stopping draft
Verifying token 0: verify_id=24834 (PLY), draft_id=323 ( and), is_last=False, is_eos=False
Token 0 verification failed, accepting up to this token. is_last: False, is_eos: False, is_mismatch: True

Draft step 0: in_token=tensor([[24834]], device='cuda:6'), in_token_decoded=PLY, end_index: 4508
predicted_token: 825, predict_score: 0.07509046047925949, token :  one

Draft step 1: in_token=tensor([[825]], device='cuda:6'), in_token_decoded= one, end_index: 4509
Draft step 1, token  one, predict_score 0.07509046047925949 < threshold 0.6, stopping draft
Verifying token 0: verify_id=151645 (<|im_end|>), draft_id=825 ( one), is_last=False, is_eos=True
Token 0 verification failed, accepting up to this token. is_last: False, is_eos: True, is_mismatch: True
New tokens: ['NO REPLY<|im_end|>']
Total new tokens generated: 4
[Spec] avg_accept=1.00 | tokens=4 | context_len=4505
[Adapter] acc=0/3 (0.0%) | avg_confidence=0.091 | context_len=4505
\n===== Lossless Check =====
Speculative output: NO REPLY
AR manual output:   NO REPLY
Exact match: True
OK: Outputs match. Speculative decoding is lossless.
Speedup: 0.75x
Speedup_decode: 0.85x
Spec decode tok/s: 28.51
AR decode tok/s:   33.44
 first token :NO

Draft step 0: in_token=tensor([[8996]], device='cuda:6'), in_token_decoded=NO, end_index: 4571
predicted_token: 8996, predict_score: 0.02177814021706581, token : NO

Draft step 1: in_token=tensor([[8996]], device='cuda:6'), in_token_decoded=NO, end_index: 4572
Draft step 1, token NO, predict_score 0.02177814021706581 < threshold 0.6, stopping draft
Verifying token 0: verify_id=3596 ( RE), draft_id=8996 (NO), is_last=False, is_eos=False
Token 0 verification failed, accepting up to this token. is_last: False, is_eos: False, is_mismatch: True

Draft step 0: in_token=tensor([[3596]], device='cuda:6'), in_token_decoded= RE, end_index: 4572
predicted_token: 1119, predict_score: 0.20301632583141327, token :  into

Draft step 1: in_token=tensor([[1119]], device='cuda:6'), in_token_decoded= into, end_index: 4573
Draft step 1, token  into, predict_score 0.20301632583141327 < threshold 0.6, stopping draft
Verifying token 0: verify_id=24834 (PLY), draft_id=1119 ( into), is_last=False, is_eos=False
Token 0 verification failed, accepting up to this token. is_last: False, is_eos: False, is_mismatch: True

Draft step 0: in_token=tensor([[24834]], device='cuda:6'), in_token_decoded=PLY, end_index: 4573
predicted_token: 825, predict_score: 0.0751369446516037, token :  one

Draft step 1: in_token=tensor([[825]], device='cuda:6'), in_token_decoded= one, end_index: 4574
Draft step 1, token  one, predict_score 0.0751369446516037 < threshold 0.6, stopping draft
Verifying token 0: verify_id=151645 (<|im_end|>), draft_id=825 ( one), is_last=False, is_eos=True
Token 0 verification failed, accepting up to this token. is_last: False, is_eos: True, is_mismatch: True
New tokens: ['NO REPLY<|im_end|>']
Total new tokens generated: 4
[Spec] avg_accept=1.00 | tokens=4 | context_len=4570
[Adapter] acc=0/3 (0.0%) | avg_confidence=0.100 | context_len=4570
\n===== Lossless Check =====
Speculative output: NO REPLY
AR manual output:   NO REPLY
Exact match: True
OK: Outputs match. Speculative decoding is lossless.
Speedup: 0.66x
Speedup_decode: 0.77x
Spec decode tok/s: 29.09
AR decode tok/s:   38.00
 first token :NO

Draft step 0: in_token=tensor([[8996]], device='cuda:6'), in_token_decoded=NO, end_index: 4636
predicted_token: 13, predict_score: 0.024864180013537407, token : .

Draft step 1: in_token=tensor([[13]], device='cuda:6'), in_token_decoded=., end_index: 4637
Draft step 1, token ., predict_score 0.024864180013537407 < threshold 0.6, stopping draft
Verifying token 0: verify_id=3596 ( RE), draft_id=13 (.), is_last=False, is_eos=False
Token 0 verification failed, accepting up to this token. is_last: False, is_eos: False, is_mismatch: True

Draft step 0: in_token=tensor([[3596]], device='cuda:6'), in_token_decoded= RE, end_index: 4637
predicted_token: 389, predict_score: 0.25017571449279785, token :  on

Draft step 1: in_token=tensor([[389]], device='cuda:6'), in_token_decoded= on, end_index: 4638
Draft step 1, token  on, predict_score 0.25017571449279785 < threshold 0.6, stopping draft
Verifying token 0: verify_id=24834 (PLY), draft_id=389 ( on), is_last=False, is_eos=False
Token 0 verification failed, accepting up to this token. is_last: False, is_eos: False, is_mismatch: True

Draft step 0: in_token=tensor([[24834]], device='cuda:6'), in_token_decoded=PLY, end_index: 4638
predicted_token: 438, predict_score: 0.08177755028009415, token :  as

Draft step 1: in_token=tensor([[438]], device='cuda:6'), in_token_decoded= as, end_index: 4639
Draft step 1, token  as, predict_score 0.08177755028009415 < threshold 0.6, stopping draft
Verifying token 0: verify_id=151645 (<|im_end|>), draft_id=438 ( as), is_last=False, is_eos=True
Token 0 verification failed, accepting up to this token. is_last: False, is_eos: True, is_mismatch: True
New tokens: ['NO REPLY<|im_end|>']
Total new tokens generated: 4
[Spec] avg_accept=1.00 | tokens=4 | context_len=4635
[Adapter] acc=0/3 (0.0%) | avg_confidence=0.119 | context_len=4635
\n===== Lossless Check =====
Speculative output: NO REPLY
AR manual output:   NO REPLY
Exact match: True
OK: Outputs match. Speculative decoding is lossless.
Speedup: 0.66x
Speedup_decode: 0.75x
Spec decode tok/s: 28.16
AR decode tok/s:   37.74
 first token :NO

Draft step 0: in_token=tensor([[8996]], device='cuda:6'), in_token_decoded=NO, end_index: 4701
predicted_token: 13, predict_score: 0.020217057317495346, token : .

Draft step 1: in_token=tensor([[13]], device='cuda:6'), in_token_decoded=., end_index: 4702
Draft step 1, token ., predict_score 0.020217057317495346 < threshold 0.6, stopping draft
Verifying token 0: verify_id=3596 ( RE), draft_id=13 (.), is_last=False, is_eos=False
Token 0 verification failed, accepting up to this token. is_last: False, is_eos: False, is_mismatch: True

Draft step 0: in_token=tensor([[3596]], device='cuda:6'), in_token_decoded= RE, end_index: 4702
predicted_token: 323, predict_score: 0.15258435904979706, token :  and

Draft step 1: in_token=tensor([[323]], device='cuda:6'), in_token_decoded= and, end_index: 4703
Draft step 1, token  and, predict_score 0.15258435904979706 < threshold 0.6, stopping draft
Verifying token 0: verify_id=24834 (PLY), draft_id=323 ( and), is_last=False, is_eos=False
Token 0 verification failed, accepting up to this token. is_last: False, is_eos: False, is_mismatch: True

Draft step 0: in_token=tensor([[24834]], device='cuda:6'), in_token_decoded=PLY, end_index: 4703
predicted_token: 438, predict_score: 0.07515979558229446, token :  as

Draft step 1: in_token=tensor([[438]], device='cuda:6'), in_token_decoded= as, end_index: 4704
Draft step 1, token  as, predict_score 0.07515979558229446 < threshold 0.6, stopping draft
Verifying token 0: verify_id=151645 (<|im_end|>), draft_id=438 ( as), is_last=False, is_eos=True
Token 0 verification failed, accepting up to this token. is_last: False, is_eos: True, is_mismatch: True
New tokens: ['NO REPLY<|im_end|>']
Total new tokens generated: 4
[Spec] avg_accept=1.00 | tokens=4 | context_len=4700
[Adapter] acc=0/3 (0.0%) | avg_confidence=0.083 | context_len=4700
\n===== Lossless Check =====
Speculative output: NO REPLY
AR manual output:   NO REPLY
Exact match: True
OK: Outputs match. Speculative decoding is lossless.
Speedup: 0.65x
Speedup_decode: 0.78x
Spec decode tok/s: 29.46
AR decode tok/s:   37.91
 first token :NO

Draft step 0: in_token=tensor([[8996]], device='cuda:6'), in_token_decoded=NO, end_index: 4766
predicted_token: 30352, predict_score: 0.06720524281263351, token :  dough

Draft step 1: in_token=tensor([[30352]], device='cuda:6'), in_token_decoded= dough, end_index: 4767
Draft step 1, token  dough, predict_score 0.06720524281263351 < threshold 0.6, stopping draft
Verifying token 0: verify_id=3596 ( RE), draft_id=30352 ( dough), is_last=False, is_eos=False
Token 0 verification failed, accepting up to this token. is_last: False, is_eos: False, is_mismatch: True

Draft step 0: in_token=tensor([[3596]], device='cuda:6'), in_token_decoded= RE, end_index: 4767
predicted_token: 389, predict_score: 0.20430774986743927, token :  on

Draft step 1: in_token=tensor([[389]], device='cuda:6'), in_token_decoded= on, end_index: 4768
Draft step 1, token  on, predict_score 0.20430774986743927 < threshold 0.6, stopping draft
Verifying token 0: verify_id=24834 (PLY), draft_id=389 ( on), is_last=False, is_eos=False
Token 0 verification failed, accepting up to this token. is_last: False, is_eos: False, is_mismatch: True

Draft step 0: in_token=tensor([[24834]], device='cuda:6'), in_token_decoded=PLY, end_index: 4768
predicted_token: 13, predict_score: 0.08749334514141083, token : .

Draft step 1: in_token=tensor([[13]], device='cuda:6'), in_token_decoded=., end_index: 4769
Draft step 1, token ., predict_score 0.08749334514141083 < threshold 0.6, stopping draft
Verifying token 0: verify_id=151645 (<|im_end|>), draft_id=13 (.), is_last=False, is_eos=True
Token 0 verification failed, accepting up to this token. is_last: False, is_eos: True, is_mismatch: True
New tokens: ['NO REPLY<|im_end|>']
Total new tokens generated: 4
[Spec] avg_accept=1.00 | tokens=4 | context_len=4765
[Adapter] acc=0/3 (0.0%) | avg_confidence=0.120 | context_len=4765
\n===== Lossless Check =====
Speculative output: NO REPLY
AR manual output:   NO REPLY
Exact match: True
OK: Outputs match. Speculative decoding is lossless.
Speedup: 0.65x
Speedup_decode: 0.74x
Spec decode tok/s: 28.03
AR decode tok/s:   38.02
 first token :NO

Draft step 0: in_token=tensor([[8996]], device='cuda:6'), in_token_decoded=NO, end_index: 4831
predicted_token: 79147, predict_score: 0.014242596924304962, token :  tofu

Draft step 1: in_token=tensor([[79147]], device='cuda:6'), in_token_decoded= tofu, end_index: 4832
Draft step 1, token  tofu, predict_score 0.014242596924304962 < threshold 0.6, stopping draft
Verifying token 0: verify_id=3596 ( RE), draft_id=79147 ( tofu), is_last=False, is_eos=False
Token 0 verification failed, accepting up to this token. is_last: False, is_eos: False, is_mismatch: True

Draft step 0: in_token=tensor([[3596]], device='cuda:6'), in_token_decoded= RE, end_index: 4832
predicted_token: 323, predict_score: 0.18186824023723602, token :  and

Draft step 1: in_token=tensor([[323]], device='cuda:6'), in_token_decoded= and, end_index: 4833
Draft step 1, token  and, predict_score 0.18186824023723602 < threshold 0.6, stopping draft
Verifying token 0: verify_id=24834 (PLY), draft_id=323 ( and), is_last=False, is_eos=False
Token 0 verification failed, accepting up to this token. is_last: False, is_eos: False, is_mismatch: True

Draft step 0: in_token=tensor([[24834]], device='cuda:6'), in_token_decoded=PLY, end_index: 4833
predicted_token: 825, predict_score: 0.08247419446706772, token :  one

Draft step 1: in_token=tensor([[825]], device='cuda:6'), in_token_decoded= one, end_index: 4834
Draft step 1, token  one, predict_score 0.08247419446706772 < threshold 0.6, stopping draft
Verifying token 0: verify_id=151645 (<|im_end|>), draft_id=825 ( one), is_last=False, is_eos=True
Token 0 verification failed, accepting up to this token. is_last: False, is_eos: True, is_mismatch: True
New tokens: ['NO REPLY<|im_end|>']
Total new tokens generated: 4
[Spec] avg_accept=1.00 | tokens=4 | context_len=4830
[Adapter] acc=0/3 (0.0%) | avg_confidence=0.093 | context_len=4830
\n===== Lossless Check =====
Speculative output: NO REPLY
AR manual output:   NO REPLY
Exact match: True
OK: Outputs match. Speculative decoding is lossless.
Speedup: 0.66x
Speedup_decode: 0.76x
Spec decode tok/s: 28.74
AR decode tok/s:   37.76
 first token :NO

Draft step 0: in_token=tensor([[8996]], device='cuda:6'), in_token_decoded=NO, end_index: 4896
predicted_token: 30352, predict_score: 0.019293909892439842, token :  dough

Draft step 1: in_token=tensor([[30352]], device='cuda:6'), in_token_decoded= dough, end_index: 4897
Draft step 1, token  dough, predict_score 0.019293909892439842 < threshold 0.6, stopping draft
Verifying token 0: verify_id=3596 ( RE), draft_id=30352 ( dough), is_last=False, is_eos=False
Token 0 verification failed, accepting up to this token. is_last: False, is_eos: False, is_mismatch: True

Draft step 0: in_token=tensor([[3596]], device='cuda:6'), in_token_decoded= RE, end_index: 4897
predicted_token: 389, predict_score: 0.1797586977481842, token :  on

Draft step 1: in_token=tensor([[389]], device='cuda:6'), in_token_decoded= on, end_index: 4898
Draft step 1, token  on, predict_score 0.1797586977481842 < threshold 0.6, stopping draft
Verifying token 0: verify_id=24834 (PLY), draft_id=389 ( on), is_last=False, is_eos=False
Token 0 verification failed, accepting up to this token. is_last: False, is_eos: False, is_mismatch: True

Draft step 0: in_token=tensor([[24834]], device='cuda:6'), in_token_decoded=PLY, end_index: 4898
predicted_token: 8, predict_score: 0.05976036936044693, token : )

Draft step 1: in_token=tensor([[8]], device='cuda:6'), in_token_decoded=), end_index: 4899
Draft step 1, token ), predict_score 0.05976036936044693 < threshold 0.6, stopping draft
Verifying token 0: verify_id=151645 (<|im_end|>), draft_id=8 ()), is_last=False, is_eos=True
Token 0 verification failed, accepting up to this token. is_last: False, is_eos: True, is_mismatch: True
New tokens: ['NO REPLY<|im_end|>']
Total new tokens generated: 4
[Spec] avg_accept=1.00 | tokens=4 | context_len=4895
[Adapter] acc=0/3 (0.0%) | avg_confidence=0.086 | context_len=4895
\n===== Lossless Check =====
Speculative output: NO REPLY
AR manual output:   NO REPLY
Exact match: True
OK: Outputs match. Speculative decoding is lossless.
Speedup: 0.65x
Speedup_decode: 0.73x
Spec decode tok/s: 27.89
AR decode tok/s:   38.04
 first token :NO

Draft step 0: in_token=tensor([[8996]], device='cuda:6'), in_token_decoded=NO, end_index: 4961
predicted_token: 30352, predict_score: 0.03603550046682358, token :  dough

Draft step 1: in_token=tensor([[30352]], device='cuda:6'), in_token_decoded= dough, end_index: 4962
Draft step 1, token  dough, predict_score 0.03603550046682358 < threshold 0.6, stopping draft
Verifying token 0: verify_id=3596 ( RE), draft_id=30352 ( dough), is_last=False, is_eos=False
Token 0 verification failed, accepting up to this token. is_last: False, is_eos: False, is_mismatch: True

Draft step 0: in_token=tensor([[3596]], device='cuda:6'), in_token_decoded= RE, end_index: 4962
predicted_token: 389, predict_score: 0.18458238244056702, token :  on

Draft step 1: in_token=tensor([[389]], device='cuda:6'), in_token_decoded= on, end_index: 4963
Draft step 1, token  on, predict_score 0.18458238244056702 < threshold 0.6, stopping draft
Verifying token 0: verify_id=24834 (PLY), draft_id=389 ( on), is_last=False, is_eos=False
Token 0 verification failed, accepting up to this token. is_last: False, is_eos: False, is_mismatch: True

Draft step 0: in_token=tensor([[24834]], device='cuda:6'), in_token_decoded=PLY, end_index: 4963
predicted_token: 825, predict_score: 0.08185382932424545, token :  one

Draft step 1: in_token=tensor([[825]], device='cuda:6'), in_token_decoded= one, end_index: 4964
Draft step 1, token  one, predict_score 0.08185382932424545 < threshold 0.6, stopping draft
Verifying token 0: verify_id=151645 (<|im_end|>), draft_id=825 ( one), is_last=False, is_eos=True
Token 0 verification failed, accepting up to this token. is_last: False, is_eos: True, is_mismatch: True
New tokens: ['NO REPLY<|im_end|>']
Total new tokens generated: 4
[Spec] avg_accept=1.00 | tokens=4 | context_len=4960
[Adapter] acc=0/3 (0.0%) | avg_confidence=0.101 | context_len=4960
\n===== Lossless Check =====
Speculative output: NO REPLY
AR manual output:   NO REPLY
Exact match: True
OK: Outputs match. Speculative decoding is lossless.
Speedup: 0.64x
Speedup_decode: 0.75x
Spec decode tok/s: 28.82
AR decode tok/s:   38.41
 first token :NO

Draft step 0: in_token=tensor([[8996]], device='cuda:6'), in_token_decoded=NO, end_index: 5026
predicted_token: 79147, predict_score: 0.03382302075624466, token :  tofu

Draft step 1: in_token=tensor([[79147]], device='cuda:6'), in_token_decoded= tofu, end_index: 5027
Draft step 1, token  tofu, predict_score 0.03382302075624466 < threshold 0.6, stopping draft
Verifying token 0: verify_id=3596 ( RE), draft_id=79147 ( tofu), is_last=False, is_eos=False
Token 0 verification failed, accepting up to this token. is_last: False, is_eos: False, is_mismatch: True

Draft step 0: in_token=tensor([[3596]], device='cuda:6'), in_token_decoded= RE, end_index: 5027
predicted_token: 323, predict_score: 0.19051288068294525, token :  and

Draft step 1: in_token=tensor([[323]], device='cuda:6'), in_token_decoded= and, end_index: 5028
Draft step 1, token  and, predict_score 0.19051288068294525 < threshold 0.6, stopping draft
Verifying token 0: verify_id=24834 (PLY), draft_id=323 ( and), is_last=False, is_eos=False
Token 0 verification failed, accepting up to this token. is_last: False, is_eos: False, is_mismatch: True

Draft step 0: in_token=tensor([[24834]], device='cuda:6'), in_token_decoded=PLY, end_index: 5028
predicted_token: 438, predict_score: 0.06557627022266388, token :  as

Draft step 1: in_token=tensor([[438]], device='cuda:6'), in_token_decoded= as, end_index: 5029
Draft step 1, token  as, predict_score 0.06557627022266388 < threshold 0.6, stopping draft
Verifying token 0: verify_id=151645 (<|im_end|>), draft_id=438 ( as), is_last=False, is_eos=True
Token 0 verification failed, accepting up to this token. is_last: False, is_eos: True, is_mismatch: True
New tokens: ['NO REPLY<|im_end|>']
Total new tokens generated: 4
[Spec] avg_accept=1.00 | tokens=4 | context_len=5025
[Adapter] acc=0/3 (0.0%) | avg_confidence=0.097 | context_len=5025
\n===== Lossless Check =====
Speculative output: NO REPLY
AR manual output:   NO REPLY
Exact match: True
OK: Outputs match. Speculative decoding is lossless.
Speedup: 0.65x
Speedup_decode: 0.73x
Spec decode tok/s: 27.66
AR decode tok/s:   38.15
 first token :NO

Draft step 0: in_token=tensor([[8996]], device='cuda:6'), in_token_decoded=NO, end_index: 5091
predicted_token: 79147, predict_score: 0.02949754148721695, token :  tofu

Draft step 1: in_token=tensor([[79147]], device='cuda:6'), in_token_decoded= tofu, end_index: 5092
Draft step 1, token  tofu, predict_score 0.02949754148721695 < threshold 0.6, stopping draft
Verifying token 0: verify_id=3596 ( RE), draft_id=79147 ( tofu), is_last=False, is_eos=False
Token 0 verification failed, accepting up to this token. is_last: False, is_eos: False, is_mismatch: True

Draft step 0: in_token=tensor([[3596]], device='cuda:6'), in_token_decoded= RE, end_index: 5092
predicted_token: 389, predict_score: 0.18773142993450165, token :  on

Draft step 1: in_token=tensor([[389]], device='cuda:6'), in_token_decoded= on, end_index: 5093
Draft step 1, token  on, predict_score 0.18773142993450165 < threshold 0.6, stopping draft
Verifying token 0: verify_id=24834 (PLY), draft_id=389 ( on), is_last=False, is_eos=False
Token 0 verification failed, accepting up to this token. is_last: False, is_eos: False, is_mismatch: True

Draft step 0: in_token=tensor([[24834]], device='cuda:6'), in_token_decoded=PLY, end_index: 5093
predicted_token: 369, predict_score: 0.0870220884680748, token :  for

Draft step 1: in_token=tensor([[369]], device='cuda:6'), in_token_decoded= for, end_index: 5094
Draft step 1, token  for, predict_score 0.0870220884680748 < threshold 0.6, stopping draft
Verifying token 0: verify_id=151645 (<|im_end|>), draft_id=369 ( for), is_last=False, is_eos=True
Token 0 verification failed, accepting up to this token. is_last: False, is_eos: True, is_mismatch: True
New tokens: ['NO REPLY<|im_end|>']
Total new tokens generated: 4
[Spec] avg_accept=1.00 | tokens=4 | context_len=5090
[Adapter] acc=0/3 (0.0%) | avg_confidence=0.101 | context_len=5090
\n===== Lossless Check =====
Speculative output: NO REPLY
AR manual output:   NO REPLY
Exact match: True
OK: Outputs match. Speculative decoding is lossless.
Speedup: 0.52x
Speedup_decode: 0.65x
Spec decode tok/s: 23.72
AR decode tok/s:   36.55
 first token :NO

Draft step 0: in_token=tensor([[8996]], device='cuda:6'), in_token_decoded=NO, end_index: 5156
predicted_token: 79147, predict_score: 0.0217727180570364, token :  tofu

Draft step 1: in_token=tensor([[79147]], device='cuda:6'), in_token_decoded= tofu, end_index: 5157
Draft step 1, token  tofu, predict_score 0.0217727180570364 < threshold 0.6, stopping draft
Verifying token 0: verify_id=3596 ( RE), draft_id=79147 ( tofu), is_last=False, is_eos=False
Token 0 verification failed, accepting up to this token. is_last: False, is_eos: False, is_mismatch: True

Draft step 0: in_token=tensor([[3596]], device='cuda:6'), in_token_decoded= RE, end_index: 5157
predicted_token: 389, predict_score: 0.1910761147737503, token :  on

Draft step 1: in_token=tensor([[389]], device='cuda:6'), in_token_decoded= on, end_index: 5158
Draft step 1, token  on, predict_score 0.1910761147737503 < threshold 0.6, stopping draft
Verifying token 0: verify_id=24834 (PLY), draft_id=389 ( on), is_last=False, is_eos=False
Token 0 verification failed, accepting up to this token. is_last: False, is_eos: False, is_mismatch: True

Draft step 0: in_token=tensor([[24834]], device='cuda:6'), in_token_decoded=PLY, end_index: 5158
predicted_token: 825, predict_score: 0.082649827003479, token :  one

Draft step 1: in_token=tensor([[825]], device='cuda:6'), in_token_decoded= one, end_index: 5159
Draft step 1, token  one, predict_score 0.082649827003479 < threshold 0.6, stopping draft
Verifying token 0: verify_id=151645 (<|im_end|>), draft_id=825 ( one), is_last=False, is_eos=True
Token 0 verification failed, accepting up to this token. is_last: False, is_eos: True, is_mismatch: True
New tokens: ['NO REPLY<|im_end|>']
Total new tokens generated: 4
[Spec] avg_accept=1.00 | tokens=4 | context_len=5155
[Adapter] acc=0/3 (0.0%) | avg_confidence=0.098 | context_len=5155
\n===== Lossless Check =====
Speculative output: NO REPLY
AR manual output:   NO REPLY
Exact match: True
OK: Outputs match. Speculative decoding is lossless.
Speedup: 0.65x
Speedup_decode: 0.77x
Spec decode tok/s: 29.87
AR decode tok/s:   38.78
 first token :The

Draft step 0: in_token=tensor([[785]], device='cuda:6'), in_token_decoded=The, end_index: 5221
predicted_token: 30352, predict_score: 0.8110063672065735, token :  dough

Draft step 1: in_token=tensor([[30352]], device='cuda:6'), in_token_decoded= dough, end_index: 5222
predicted_token: 389, predict_score: 0.3438376188278198, token :  on

Draft step 2: in_token=tensor([[389]], device='cuda:6'), in_token_decoded= on, end_index: 5223
Draft step 2, token  on, predict_score 0.3438376188278198 < threshold 0.6, stopping draft
Verifying token 0: verify_id=30352 ( dough), draft_id=30352 ( dough), is_last=False, is_eos=False
Verifying token 1: verify_id=374 ( is), draft_id=389 ( on), is_last=False, is_eos=False
Token 1 verification failed, accepting up to this token. is_last: False, is_eos: False, is_mismatch: True

Draft step 0: in_token=tensor([[374]], device='cuda:6'), in_token_decoded= is, end_index: 5223
predicted_token: 9099, predict_score: 0.20313815772533417, token :  placed

Draft step 1: in_token=tensor([[9099]], device='cuda:6'), in_token_decoded= placed, end_index: 5224
Draft step 1, token  placed, predict_score 0.20313815772533417 < threshold 0.6, stopping draft
Verifying token 0: verify_id=13853 ( kne), draft_id=9099 ( placed), is_last=False, is_eos=False
Token 0 verification failed, accepting up to this token. is_last: False, is_eos: False, is_mismatch: True

Draft step 0: in_token=tensor([[13853]], device='cuda:6'), in_token_decoded= kne, end_index: 5224
predicted_token: 295, predict_score: 0.1112576499581337, token : et

Draft step 1: in_token=tensor([[295]], device='cuda:6'), in_token_decoded=et, end_index: 5225
Draft step 1, token et, predict_score 0.1112576499581337 < threshold 0.6, stopping draft
Verifying token 0: verify_id=14255 (aded), draft_id=295 (et), is_last=False, is_eos=False
Token 0 verification failed, accepting up to this token. is_last: False, is_eos: False, is_mismatch: True

Draft step 0: in_token=tensor([[14255]], device='cuda:6'), in_token_decoded=aded, end_index: 5225
predicted_token: 448, predict_score: 0.3252184987068176, token :  with

Draft step 1: in_token=tensor([[448]], device='cuda:6'), in_token_decoded= with, end_index: 5226
Draft step 1, token  with, predict_score 0.3252184987068176 < threshold 0.6, stopping draft
Verifying token 0: verify_id=553 ( by), draft_id=448 ( with), is_last=False, is_eos=False
Token 0 verification failed, accepting up to this token. is_last: False, is_eos: False, is_mismatch: True

Draft step 0: in_token=tensor([[553]], device='cuda:6'), in_token_decoded= by, end_index: 5226
predicted_token: 9963, predict_score: 0.2027028501033783, token :  holding

Draft step 1: in_token=tensor([[9963]], device='cuda:6'), in_token_decoded= holding, end_index: 5227
Draft step 1, token  holding, predict_score 0.2027028501033783 < threshold 0.6, stopping draft
Verifying token 0: verify_id=25352 ( pressing), draft_id=9963 ( holding), is_last=False, is_eos=False
Token 0 verification failed, accepting up to this token. is_last: False, is_eos: False, is_mismatch: True

Draft step 0: in_token=tensor([[25352]], device='cuda:6'), in_token_decoded= pressing, end_index: 5227
predicted_token: 323, predict_score: 0.3559776842594147, token :  and

Draft step 1: in_token=tensor([[323]], device='cuda:6'), in_token_decoded= and, end_index: 5228
Draft step 1, token  and, predict_score 0.3559776842594147 < threshold 0.6, stopping draft
Verifying token 0: verify_id=323 ( and), draft_id=323 ( and), is_last=False, is_eos=False
Verifying token 1: verify_id=44742 ( folding), draft_id=None (None), is_last=True, is_eos=False
Token 1 verification failed, accepting up to this token. is_last: True, is_eos: False, is_mismatch: False

Draft step 0: in_token=tensor([[44742]], device='cuda:6'), in_token_decoded= folding, end_index: 5229
predicted_token: 389, predict_score: 0.19547908008098602, token :  on

Draft step 1: in_token=tensor([[389]], device='cuda:6'), in_token_decoded= on, end_index: 5230
Draft step 1, token  on, predict_score 0.19547908008098602 < threshold 0.6, stopping draft
Verifying token 0: verify_id=432 ( it), draft_id=389 ( on), is_last=False, is_eos=False
Token 0 verification failed, accepting up to this token. is_last: False, is_eos: False, is_mismatch: True

Draft step 0: in_token=tensor([[432]], device='cuda:6'), in_token_decoded= it, end_index: 5230
predicted_token: 13, predict_score: 0.1871645152568817, token : .

Draft step 1: in_token=tensor([[13]], device='cuda:6'), in_token_decoded=., end_index: 5231
Draft step 1, token ., predict_score 0.1871645152568817 < threshold 0.6, stopping draft
Verifying token 0: verify_id=11 (,), draft_id=13 (.), is_last=False, is_eos=False
Token 0 verification failed, accepting up to this token. is_last: False, is_eos: False, is_mismatch: True

Draft step 0: in_token=tensor([[11]], device='cuda:6'), in_token_decoded=,, end_index: 5231
predicted_token: 323, predict_score: 0.27056658267974854, token :  and

Draft step 1: in_token=tensor([[323]], device='cuda:6'), in_token_decoded= and, end_index: 5232
Draft step 1, token  and, predict_score 0.27056658267974854 < threshold 0.6, stopping draft
Verifying token 0: verify_id=448 ( with), draft_id=323 ( and), is_last=False, is_eos=False
Token 0 verification failed, accepting up to this token. is_last: False, is_eos: False, is_mismatch: True

Draft step 0: in_token=tensor([[448]], device='cuda:6'), in_token_decoded= with, end_index: 5232
predicted_token: 279, predict_score: 0.5530562400817871, token :  the

Draft step 1: in_token=tensor([[279]], device='cuda:6'), in_token_decoded= the, end_index: 5233
Draft step 1, token  the, predict_score 0.5530562400817871 < threshold 0.6, stopping draft
Verifying token 0: verify_id=279 ( the), draft_id=279 ( the), is_last=False, is_eos=False
Verifying token 1: verify_id=1697 ( person), draft_id=None (None), is_last=True, is_eos=False
Token 1 verification failed, accepting up to this token. is_last: True, is_eos: False, is_mismatch: False

Draft step 0: in_token=tensor([[1697]], device='cuda:6'), in_token_decoded= person, end_index: 5234
predicted_token: 374, predict_score: 0.5599070191383362, token :  is

Draft step 1: in_token=tensor([[374]], device='cuda:6'), in_token_decoded= is, end_index: 5235
Draft step 1, token  is, predict_score 0.5599070191383362 < threshold 0.6, stopping draft
Verifying token 0: verify_id=594 ('s), draft_id=374 ( is), is_last=False, is_eos=False
Token 0 verification failed, accepting up to this token. is_last: False, is_eos: False, is_mismatch: True

Draft step 0: in_token=tensor([[594]], device='cuda:6'), in_token_decoded='s, end_index: 5235
predicted_token: 19828, predict_score: 0.21675093472003937, token :  flour

Draft step 1: in_token=tensor([[19828]], device='cuda:6'), in_token_decoded= flour, end_index: 5236
Draft step 1, token  flour, predict_score 0.21675093472003937 < threshold 0.6, stopping draft
Verifying token 0: verify_id=6078 ( hands), draft_id=19828 ( flour), is_last=False, is_eos=False
Token 0 verification failed, accepting up to this token. is_last: False, is_eos: False, is_mismatch: True

Draft step 0: in_token=tensor([[6078]], device='cuda:6'), in_token_decoded= hands, end_index: 5236
predicted_token: 11, predict_score: 0.4156078100204468, token : ,

Draft step 1: in_token=tensor([[11]], device='cuda:6'), in_token_decoded=,, end_index: 5237
Draft step 1, token ,, predict_score 0.4156078100204468 < threshold 0.6, stopping draft
Verifying token 0: verify_id=7218 ( moving), draft_id=11 (,), is_last=False, is_eos=False
Token 0 verification failed, accepting up to this token. is_last: False, is_eos: False, is_mismatch: True

Draft step 0: in_token=tensor([[7218]], device='cuda:6'), in_token_decoded= moving, end_index: 5237
predicted_token: 311, predict_score: 0.6286145448684692, token :  to

Draft step 1: in_token=tensor([[311]], device='cuda:6'), in_token_decoded= to, end_index: 5238
predicted_token: 279, predict_score: 0.8585351705551147, token :  the

Draft step 2: in_token=tensor([[279]], device='cuda:6'), in_token_decoded= the, end_index: 5239
predicted_token: 19309, predict_score: 0.2543419301509857, token :  sink

Draft step 3: in_token=tensor([[19309]], device='cuda:6'), in_token_decoded= sink, end_index: 5240
Draft step 3, token  sink, predict_score 0.2543419301509857 < threshold 0.6, stopping draft
Verifying token 0: verify_id=432 ( it), draft_id=311 ( to), is_last=False, is_eos=False
Token 0 verification failed, accepting up to this token. is_last: False, is_eos: False, is_mismatch: True

Draft step 0: in_token=tensor([[432]], device='cuda:6'), in_token_decoded= it, end_index: 5238
predicted_token: 504, predict_score: 0.4860213100910187, token :  from

Draft step 1: in_token=tensor([[504]], device='cuda:6'), in_token_decoded= from, end_index: 5239
Draft step 1, token  from, predict_score 0.4860213100910187 < threshold 0.6, stopping draft
Verifying token 0: verify_id=1182 ( back), draft_id=504 ( from), is_last=False, is_eos=False
Token 0 verification failed, accepting up to this token. is_last: False, is_eos: False, is_mismatch: True

Draft step 0: in_token=tensor([[1182]], device='cuda:6'), in_token_decoded= back, end_index: 5239
predicted_token: 389, predict_score: 0.6797087788581848, token :  on

Draft step 1: in_token=tensor([[389]], device='cuda:6'), in_token_decoded= on, end_index: 5240
predicted_token: 279, predict_score: 0.9751873016357422, token :  the

Draft step 2: in_token=tensor([[279]], device='cuda:6'), in_token_decoded= the, end_index: 5241
predicted_token: 30352, predict_score: 0.12851406633853912, token :  dough

Draft step 3: in_token=tensor([[30352]], device='cuda:6'), in_token_decoded= dough, end_index: 5242
Draft step 3, token  dough, predict_score 0.12851406633853912 < threshold 0.6, stopping draft
Verifying token 0: verify_id=323 ( and), draft_id=389 ( on), is_last=False, is_eos=False
Token 0 verification failed, accepting up to this token. is_last: False, is_eos: False, is_mismatch: True

Draft step 0: in_token=tensor([[323]], device='cuda:6'), in_token_decoded= and, end_index: 5240
predicted_token: 13241, predict_score: 0.7868557572364807, token :  forth

Draft step 1: in_token=tensor([[13241]], device='cuda:6'), in_token_decoded= forth, end_index: 5241
predicted_token: 11, predict_score: 0.27794206142425537, token : ,

Draft step 2: in_token=tensor([[11]], device='cuda:6'), in_token_decoded=,, end_index: 5242
Draft step 2, token ,, predict_score 0.27794206142425537 < threshold 0.6, stopping draft
Verifying token 0: verify_id=13241 ( forth), draft_id=13241 ( forth), is_last=False, is_eos=False
Verifying token 1: verify_id=311 ( to), draft_id=11 (,), is_last=False, is_eos=False
Token 1 verification failed, accepting up to this token. is_last: False, is_eos: False, is_mismatch: True

Draft step 0: in_token=tensor([[311]], device='cuda:6'), in_token_decoded= to, end_index: 5242
predicted_token: 11, predict_score: 0.10526825487613678, token : ,

Draft step 1: in_token=tensor([[11]], device='cuda:6'), in_token_decoded=,, end_index: 5243
Draft step 1, token ,, predict_score 0.10526825487613678 < threshold 0.6, stopping draft
Verifying token 0: verify_id=975 ( work), draft_id=11 (,), is_last=False, is_eos=False
Token 0 verification failed, accepting up to this token. is_last: False, is_eos: False, is_mismatch: True

Draft step 0: in_token=tensor([[975]], device='cuda:6'), in_token_decoded= work, end_index: 5243
predicted_token: 13, predict_score: 0.8460802435874939, token : .

Draft step 1: in_token=tensor([[13]], device='cuda:6'), in_token_decoded=., end_index: 5244
predicted_token: 151645, predict_score: 0.9929071664810181, token : <|im_end|>
Verifying token 0: verify_id=432 ( it), draft_id=13 (.), is_last=False, is_eos=False
Token 0 verification failed, accepting up to this token. is_last: False, is_eos: False, is_mismatch: True

Draft step 0: in_token=tensor([[432]], device='cuda:6'), in_token_decoded= it, end_index: 5244
predicted_token: 13, predict_score: 0.24871809780597687, token : .

Draft step 1: in_token=tensor([[13]], device='cuda:6'), in_token_decoded=., end_index: 5245
Draft step 1, token ., predict_score 0.24871809780597687 < threshold 0.6, stopping draft
Verifying token 0: verify_id=1119 ( into), draft_id=13 (.), is_last=False, is_eos=False
Token 0 verification failed, accepting up to this token. is_last: False, is_eos: False, is_mismatch: True

Draft step 0: in_token=tensor([[1119]], device='cuda:6'), in_token_decoded= into, end_index: 5245
predicted_token: 279, predict_score: 0.5350618958473206, token :  the

Draft step 1: in_token=tensor([[279]], device='cuda:6'), in_token_decoded= the, end_index: 5246
Draft step 1, token  the, predict_score 0.5350618958473206 < threshold 0.6, stopping draft
Verifying token 0: verify_id=264 ( a), draft_id=279 ( the), is_last=False, is_eos=False
Token 0 verification failed, accepting up to this token. is_last: False, is_eos: False, is_mismatch: True

Draft step 0: in_token=tensor([[264]], device='cuda:6'), in_token_decoded= a, end_index: 5246
predicted_token: 19212, predict_score: 0.474101185798645, token :  bowl

Draft step 1: in_token=tensor([[19212]], device='cuda:6'), in_token_decoded= bowl, end_index: 5247
Draft step 1, token  bowl, predict_score 0.474101185798645 < threshold 0.6, stopping draft
Verifying token 0: verify_id=803 ( more), draft_id=19212 ( bowl), is_last=False, is_eos=False
Token 0 verification failed, accepting up to this token. is_last: False, is_eos: False, is_mismatch: True

Draft step 0: in_token=tensor([[803]], device='cuda:6'), in_token_decoded= more, end_index: 5247
predicted_token: 30352, predict_score: 0.13715054094791412, token :  dough

Draft step 1: in_token=tensor([[30352]], device='cuda:6'), in_token_decoded= dough, end_index: 5248
Draft step 1, token  dough, predict_score 0.13715054094791412 < threshold 0.6, stopping draft
Verifying token 0: verify_id=13794 ( uniform), draft_id=30352 ( dough), is_last=False, is_eos=False
Token 0 verification failed, accepting up to this token. is_last: False, is_eos: False, is_mismatch: True

Draft step 0: in_token=tensor([[13794]], device='cuda:6'), in_token_decoded= uniform, end_index: 5248
predicted_token: 323, predict_score: 0.14764821529388428, token :  and

Draft step 1: in_token=tensor([[323]], device='cuda:6'), in_token_decoded= and, end_index: 5249
Draft step 1, token  and, predict_score 0.14764821529388428 < threshold 0.6, stopping draft
Verifying token 0: verify_id=6083 ( shape), draft_id=323 ( and), is_last=False, is_eos=False
Token 0 verification failed, accepting up to this token. is_last: False, is_eos: False, is_mismatch: True

Draft step 0: in_token=tensor([[6083]], device='cuda:6'), in_token_decoded= shape, end_index: 5249
predicted_token: 11, predict_score: 0.42167434096336365, token : ,

Draft step 1: in_token=tensor([[11]], device='cuda:6'), in_token_decoded=,, end_index: 5250
Draft step 1, token ,, predict_score 0.42167434096336365 < threshold 0.6, stopping draft
Verifying token 0: verify_id=13 (.), draft_id=11 (,), is_last=False, is_eos=False
Token 0 verification failed, accepting up to this token. is_last: False, is_eos: False, is_mismatch: True

Draft step 0: in_token=tensor([[13]], device='cuda:6'), in_token_decoded=., end_index: 5250
predicted_token: 151645, predict_score: 0.9906649589538574, token : <|im_end|>
Verifying token 0: verify_id=151645 (<|im_end|>), draft_id=151645 (<|im_end|>), is_last=False, is_eos=True
Token 0 verification failed, accepting up to this token. is_last: False, is_eos: True, is_mismatch: False
New tokens: ["The dough is kneaded by pressing and folding it, with the person's hands moving it back and forth to work it into a more uniform shape.<|im_end|>"]
Total new tokens generated: 31
[Spec] avg_accept=1.15 | tokens=31 | context_len=5220
[Adapter] acc=5/28 (17.9%) | avg_confidence=0.446 | context_len=5220
\n===== Lossless Check =====
Speculative output: The dough is kneaded by pressing and folding it, with the person's hands moving it back and forth to work it into a more uniform shape.
AR manual output:   The dough is kneaded by pressing and folding it, with the person's hands moving it back and forth to work it into a more uniform shape.
Exact match: True
OK: Outputs match. Speculative decoding is lossless.
Speedup: 0.96x
Speedup_decode: 0.95x
Spec decode tok/s: 28.36
AR decode tok/s:   29.94
 first token :NO

Draft step 0: in_token=tensor([[8996]], device='cuda:6'), in_token_decoded=NO, end_index: 5313
predicted_token: 30352, predict_score: 0.07267998158931732, token :  dough

Draft step 1: in_token=tensor([[30352]], device='cuda:6'), in_token_decoded= dough, end_index: 5314
Draft step 1, token  dough, predict_score 0.07267998158931732 < threshold 0.6, stopping draft
Verifying token 0: verify_id=3596 ( RE), draft_id=30352 ( dough), is_last=False, is_eos=False
Token 0 verification failed, accepting up to this token. is_last: False, is_eos: False, is_mismatch: True

Draft step 0: in_token=tensor([[3596]], device='cuda:6'), in_token_decoded= RE, end_index: 5314
predicted_token: 389, predict_score: 0.17878103256225586, token :  on

Draft step 1: in_token=tensor([[389]], device='cuda:6'), in_token_decoded= on, end_index: 5315
Draft step 1, token  on, predict_score 0.17878103256225586 < threshold 0.6, stopping draft
Verifying token 0: verify_id=24834 (PLY), draft_id=389 ( on), is_last=False, is_eos=False
Token 0 verification failed, accepting up to this token. is_last: False, is_eos: False, is_mismatch: True

Draft step 0: in_token=tensor([[24834]], device='cuda:6'), in_token_decoded=PLY, end_index: 5315
predicted_token: 311, predict_score: 0.10920516401529312, token :  to

Draft step 1: in_token=tensor([[311]], device='cuda:6'), in_token_decoded= to, end_index: 5316
Draft step 1, token  to, predict_score 0.10920516401529312 < threshold 0.6, stopping draft
Verifying token 0: verify_id=151645 (<|im_end|>), draft_id=311 ( to), is_last=False, is_eos=True
Token 0 verification failed, accepting up to this token. is_last: False, is_eos: True, is_mismatch: True
New tokens: ['NO REPLY<|im_end|>']
Total new tokens generated: 4
[Spec] avg_accept=1.00 | tokens=4 | context_len=5312
[Adapter] acc=0/3 (0.0%) | avg_confidence=0.120 | context_len=5312
\n===== Lossless Check =====
Speculative output: NO REPLY
AR manual output:   NO REPLY
Exact match: True
OK: Outputs match. Speculative decoding is lossless.
Speedup: 0.67x
Speedup_decode: 0.76x
Spec decode tok/s: 29.11
AR decode tok/s:   38.07
 first token :NO

Draft step 0: in_token=tensor([[8996]], device='cuda:6'), in_token_decoded=NO, end_index: 5378
predicted_token: 8996, predict_score: 0.04276954382658005, token : NO

Draft step 1: in_token=tensor([[8996]], device='cuda:6'), in_token_decoded=NO, end_index: 5379
Draft step 1, token NO, predict_score 0.04276954382658005 < threshold 0.6, stopping draft
Verifying token 0: verify_id=3596 ( RE), draft_id=8996 (NO), is_last=False, is_eos=False
Token 0 verification failed, accepting up to this token. is_last: False, is_eos: False, is_mismatch: True

Draft step 0: in_token=tensor([[3596]], device='cuda:6'), in_token_decoded= RE, end_index: 5379
predicted_token: 323, predict_score: 0.1279897689819336, token :  and

Draft step 1: in_token=tensor([[323]], device='cuda:6'), in_token_decoded= and, end_index: 5380
Draft step 1, token  and, predict_score 0.1279897689819336 < threshold 0.6, stopping draft
Verifying token 0: verify_id=24834 (PLY), draft_id=323 ( and), is_last=False, is_eos=False
Token 0 verification failed, accepting up to this token. is_last: False, is_eos: False, is_mismatch: True

Draft step 0: in_token=tensor([[24834]], device='cuda:6'), in_token_decoded=PLY, end_index: 5380
predicted_token: 438, predict_score: 0.10885977745056152, token :  as

Draft step 1: in_token=tensor([[438]], device='cuda:6'), in_token_decoded= as, end_index: 5381
Draft step 1, token  as, predict_score 0.10885977745056152 < threshold 0.6, stopping draft
Verifying token 0: verify_id=151645 (<|im_end|>), draft_id=438 ( as), is_last=False, is_eos=True
Token 0 verification failed, accepting up to this token. is_last: False, is_eos: True, is_mismatch: True
New tokens: ['NO REPLY<|im_end|>']
Total new tokens generated: 4
[Spec] avg_accept=1.00 | tokens=4 | context_len=5377
[Adapter] acc=0/3 (0.0%) | avg_confidence=0.093 | context_len=5377
\n===== Lossless Check =====
Speculative output: NO REPLY
AR manual output:   NO REPLY
Exact match: True
OK: Outputs match. Speculative decoding is lossless.
Speedup: 0.64x
Speedup_decode: 0.70x
Spec decode tok/s: 27.25
AR decode tok/s:   39.01
 first token :NO

Draft step 0: in_token=tensor([[8996]], device='cuda:6'), in_token_decoded=NO, end_index: 5443
predicted_token: 30352, predict_score: 0.10793353617191315, token :  dough

Draft step 1: in_token=tensor([[30352]], device='cuda:6'), in_token_decoded= dough, end_index: 5444
Draft step 1, token  dough, predict_score 0.10793353617191315 < threshold 0.6, stopping draft
Verifying token 0: verify_id=3596 ( RE), draft_id=30352 ( dough), is_last=False, is_eos=False
Token 0 verification failed, accepting up to this token. is_last: False, is_eos: False, is_mismatch: True

Draft step 0: in_token=tensor([[3596]], device='cuda:6'), in_token_decoded= RE, end_index: 5444
predicted_token: 389, predict_score: 0.02763252891600132, token :  on

Draft step 1: in_token=tensor([[389]], device='cuda:6'), in_token_decoded= on, end_index: 5445
Draft step 1, token  on, predict_score 0.02763252891600132 < threshold 0.6, stopping draft
Verifying token 0: verify_id=24834 (PLY), draft_id=389 ( on), is_last=False, is_eos=False
Token 0 verification failed, accepting up to this token. is_last: False, is_eos: False, is_mismatch: True

Draft step 0: in_token=tensor([[24834]], device='cuda:6'), in_token_decoded=PLY, end_index: 5445
predicted_token: 825, predict_score: 0.0990234911441803, token :  one

Draft step 1: in_token=tensor([[825]], device='cuda:6'), in_token_decoded= one, end_index: 5446
Draft step 1, token  one, predict_score 0.0990234911441803 < threshold 0.6, stopping draft
Verifying token 0: verify_id=151645 (<|im_end|>), draft_id=825 ( one), is_last=False, is_eos=True
Token 0 verification failed, accepting up to this token. is_last: False, is_eos: True, is_mismatch: True
New tokens: ['NO REPLY<|im_end|>']
Total new tokens generated: 4
[Spec] avg_accept=1.00 | tokens=4 | context_len=5442
[Adapter] acc=0/3 (0.0%) | avg_confidence=0.078 | context_len=5442
\n===== Lossless Check =====
Speculative output: NO REPLY
AR manual output:   NO REPLY
Exact match: True
OK: Outputs match. Speculative decoding is lossless.
Speedup: 0.65x
Speedup_decode: 0.73x
Spec decode tok/s: 28.34
AR decode tok/s:   38.68
 first token :The

Draft step 0: in_token=tensor([[785]], device='cuda:6'), in_token_decoded=The, end_index: 5508
predicted_token: 30352, predict_score: 0.6689683198928833, token :  dough

Draft step 1: in_token=tensor([[30352]], device='cuda:6'), in_token_decoded= dough, end_index: 5509
predicted_token: 389, predict_score: 0.2332489937543869, token :  on

Draft step 2: in_token=tensor([[389]], device='cuda:6'), in_token_decoded= on, end_index: 5510
Draft step 2, token  on, predict_score 0.2332489937543869 < threshold 0.6, stopping draft
Verifying token 0: verify_id=30352 ( dough), draft_id=30352 ( dough), is_last=False, is_eos=False
Verifying token 1: verify_id=374 ( is), draft_id=389 ( on), is_last=False, is_eos=False
Token 1 verification failed, accepting up to this token. is_last: False, is_eos: False, is_mismatch: True

Draft step 0: in_token=tensor([[374]], device='cuda:6'), in_token_decoded= is, end_index: 5510
predicted_token: 9099, predict_score: 0.3130498230457306, token :  placed

Draft step 1: in_token=tensor([[9099]], device='cuda:6'), in_token_decoded= placed, end_index: 5511
Draft step 1, token  placed, predict_score 0.3130498230457306 < threshold 0.6, stopping draft
Verifying token 0: verify_id=13853 ( kne), draft_id=9099 ( placed), is_last=False, is_eos=False
Token 0 verification failed, accepting up to this token. is_last: False, is_eos: False, is_mismatch: True

Draft step 0: in_token=tensor([[13853]], device='cuda:6'), in_token_decoded= kne, end_index: 5511
predicted_token: 832, predict_score: 0.23755662143230438, token : led

Draft step 1: in_token=tensor([[832]], device='cuda:6'), in_token_decoded=led, end_index: 5512
Draft step 1, token led, predict_score 0.23755662143230438 < threshold 0.6, stopping draft
Verifying token 0: verify_id=14255 (aded), draft_id=832 (led), is_last=False, is_eos=False
Token 0 verification failed, accepting up to this token. is_last: False, is_eos: False, is_mismatch: True

Draft step 0: in_token=tensor([[14255]], device='cuda:6'), in_token_decoded=aded, end_index: 5512
predicted_token: 323, predict_score: 0.22744785249233246, token :  and

Draft step 1: in_token=tensor([[323]], device='cuda:6'), in_token_decoded= and, end_index: 5513
Draft step 1, token  and, predict_score 0.22744785249233246 < threshold 0.6, stopping draft
Verifying token 0: verify_id=553 ( by), draft_id=323 ( and), is_last=False, is_eos=False
Token 0 verification failed, accepting up to this token. is_last: False, is_eos: False, is_mismatch: True

Draft step 0: in_token=tensor([[553]], device='cuda:6'), in_token_decoded= by, end_index: 5513
predicted_token: 9963, predict_score: 0.2326192408800125, token :  holding

Draft step 1: in_token=tensor([[9963]], device='cuda:6'), in_token_decoded= holding, end_index: 5514
Draft step 1, token  holding, predict_score 0.2326192408800125 < threshold 0.6, stopping draft
Verifying token 0: verify_id=25352 ( pressing), draft_id=9963 ( holding), is_last=False, is_eos=False
Token 0 verification failed, accepting up to this token. is_last: False, is_eos: False, is_mismatch: True

Draft step 0: in_token=tensor([[25352]], device='cuda:6'), in_token_decoded= pressing, end_index: 5514
predicted_token: 279, predict_score: 0.36865460872650146, token :  the

Draft step 1: in_token=tensor([[279]], device='cuda:6'), in_token_decoded= the, end_index: 5515
Draft step 1, token  the, predict_score 0.36865460872650146 < threshold 0.6, stopping draft
Verifying token 0: verify_id=323 ( and), draft_id=279 ( the), is_last=False, is_eos=False
Token 0 verification failed, accepting up to this token. is_last: False, is_eos: False, is_mismatch: True

Draft step 0: in_token=tensor([[323]], device='cuda:6'), in_token_decoded= and, end_index: 5515
predicted_token: 315, predict_score: 0.19039034843444824, token :  of

Draft step 1: in_token=tensor([[315]], device='cuda:6'), in_token_decoded= of, end_index: 5516
Draft step 1, token  of, predict_score 0.19039034843444824 < threshold 0.6, stopping draft
Verifying token 0: verify_id=44742 ( folding), draft_id=315 ( of), is_last=False, is_eos=False
Token 0 verification failed, accepting up to this token. is_last: False, is_eos: False, is_mismatch: True

Draft step 0: in_token=tensor([[44742]], device='cuda:6'), in_token_decoded= folding, end_index: 5516
predicted_token: 1119, predict_score: 0.21314842998981476, token :  into

Draft step 1: in_token=tensor([[1119]], device='cuda:6'), in_token_decoded= into, end_index: 5517
Draft step 1, token  into, predict_score 0.21314842998981476 < threshold 0.6, stopping draft
Verifying token 0: verify_id=432 ( it), draft_id=1119 ( into), is_last=False, is_eos=False
Token 0 verification failed, accepting up to this token. is_last: False, is_eos: False, is_mismatch: True

Draft step 0: in_token=tensor([[432]], device='cuda:6'), in_token_decoded= it, end_index: 5517
predicted_token: 448, predict_score: 0.34211957454681396, token :  with

Draft step 1: in_token=tensor([[448]], device='cuda:6'), in_token_decoded= with, end_index: 5518
Draft step 1, token  with, predict_score 0.34211957454681396 < threshold 0.6, stopping draft
Verifying token 0: verify_id=11 (,), draft_id=448 ( with), is_last=False, is_eos=False
Token 0 verification failed, accepting up to this token. is_last: False, is_eos: False, is_mismatch: True

Draft step 0: in_token=tensor([[11]], device='cuda:6'), in_token_decoded=,, end_index: 5518
predicted_token: 448, predict_score: 0.47657015919685364, token :  with

Draft step 1: in_token=tensor([[448]], device='cuda:6'), in_token_decoded= with, end_index: 5519
Draft step 1, token  with, predict_score 0.47657015919685364 < threshold 0.6, stopping draft
Verifying token 0: verify_id=1221 ( then), draft_id=448 ( with), is_last=False, is_eos=False
Token 0 verification failed, accepting up to this token. is_last: False, is_eos: False, is_mismatch: True

Draft step 0: in_token=tensor([[1221]], device='cuda:6'), in_token_decoded= then, end_index: 5519
predicted_token: 2182, predict_score: 0.2128816395998001, token :  put

Draft step 1: in_token=tensor([[2182]], device='cuda:6'), in_token_decoded= put, end_index: 5520
Draft step 1, token  put, predict_score 0.2128816395998001 < threshold 0.6, stopping draft
Verifying token 0: verify_id=9099 ( placed), draft_id=2182 ( put), is_last=False, is_eos=False
Token 0 verification failed, accepting up to this token. is_last: False, is_eos: False, is_mismatch: True

Draft step 0: in_token=tensor([[9099]], device='cuda:6'), in_token_decoded= placed, end_index: 5520
predicted_token: 389, predict_score: 0.7850881218910217, token :  on

Draft step 1: in_token=tensor([[389]], device='cuda:6'), in_token_decoded= on, end_index: 5521
predicted_token: 279, predict_score: 0.9466853141784668, token :  the

Draft step 2: in_token=tensor([[279]], device='cuda:6'), in_token_decoded= the, end_index: 5522
predicted_token: 1965, predict_score: 0.15144044160842896, token :  table

Draft step 3: in_token=tensor([[1965]], device='cuda:6'), in_token_decoded= table, end_index: 5523
Draft step 3, token  table, predict_score 0.15144044160842896 < threshold 0.6, stopping draft
Verifying token 0: verify_id=1119 ( into), draft_id=389 ( on), is_last=False, is_eos=False
Token 0 verification failed, accepting up to this token. is_last: False, is_eos: False, is_mismatch: True

Draft step 0: in_token=tensor([[1119]], device='cuda:6'), in_token_decoded= into, end_index: 5521
predicted_token: 279, predict_score: 0.502220630645752, token :  the

Draft step 1: in_token=tensor([[279]], device='cuda:6'), in_token_decoded= the, end_index: 5522
Draft step 1, token  the, predict_score 0.502220630645752 < threshold 0.6, stopping draft
Verifying token 0: verify_id=264 ( a), draft_id=279 ( the), is_last=False, is_eos=False
Token 0 verification failed, accepting up to this token. is_last: False, is_eos: False, is_mismatch: True

Draft step 0: in_token=tensor([[264]], device='cuda:6'), in_token_decoded= a, end_index: 5522
predicted_token: 30352, predict_score: 0.17876581847667694, token :  dough

Draft step 1: in_token=tensor([[30352]], device='cuda:6'), in_token_decoded= dough, end_index: 5523
Draft step 1, token  dough, predict_score 0.17876581847667694 < threshold 0.6, stopping draft
Verifying token 0: verify_id=30352 ( dough), draft_id=30352 ( dough), is_last=False, is_eos=False
Verifying token 1: verify_id=37778 ( mixer), draft_id=None (None), is_last=True, is_eos=False
Token 1 verification failed, accepting up to this token. is_last: True, is_eos: False, is_mismatch: False

Draft step 0: in_token=tensor([[37778]], device='cuda:6'), in_token_decoded= mixer, end_index: 5524
predicted_token: 11, predict_score: 0.2961268126964569, token : ,

Draft step 1: in_token=tensor([[11]], device='cuda:6'), in_token_decoded=,, end_index: 5525
Draft step 1, token ,, predict_score 0.2961268126964569 < threshold 0.6, stopping draft
Verifying token 0: verify_id=11 (,), draft_id=11 (,), is_last=False, is_eos=False
Verifying token 1: verify_id=323 ( and), draft_id=None (None), is_last=True, is_eos=False
Token 1 verification failed, accepting up to this token. is_last: True, is_eos: False, is_mismatch: False

Draft step 0: in_token=tensor([[323]], device='cuda:6'), in_token_decoded= and, end_index: 5526
predicted_token: 1221, predict_score: 0.1456877440214157, token :  then

Draft step 1: in_token=tensor([[1221]], device='cuda:6'), in_token_decoded= then, end_index: 5527
Draft step 1, token  then, predict_score 0.1456877440214157 < threshold 0.6, stopping draft
Verifying token 0: verify_id=279 ( the), draft_id=1221 ( then), is_last=False, is_eos=False
Token 0 verification failed, accepting up to this token. is_last: False, is_eos: False, is_mismatch: True

Draft step 0: in_token=tensor([[279]], device='cuda:6'), in_token_decoded= the, end_index: 5527
predicted_token: 19828, predict_score: 0.51096510887146, token :  flour

Draft step 1: in_token=tensor([[19828]], device='cuda:6'), in_token_decoded= flour, end_index: 5528
Draft step 1, token  flour, predict_score 0.51096510887146 < threshold 0.6, stopping draft
Verifying token 0: verify_id=1697 ( person), draft_id=19828 ( flour), is_last=False, is_eos=False
Token 0 verification failed, accepting up to this token. is_last: False, is_eos: False, is_mismatch: True

Draft step 0: in_token=tensor([[1697]], device='cuda:6'), in_token_decoded= person, end_index: 5528
predicted_token: 374, predict_score: 0.41206952929496765, token :  is

Draft step 1: in_token=tensor([[374]], device='cuda:6'), in_token_decoded= is, end_index: 5529
Draft step 1, token  is, predict_score 0.41206952929496765 < threshold 0.6, stopping draft
Verifying token 0: verify_id=594 ('s), draft_id=374 ( is), is_last=False, is_eos=False
Token 0 verification failed, accepting up to this token. is_last: False, is_eos: False, is_mismatch: True

Draft step 0: in_token=tensor([[594]], device='cuda:6'), in_token_decoded='s, end_index: 5529
predicted_token: 30352, predict_score: 0.13039740920066833, token :  dough

Draft step 1: in_token=tensor([[30352]], device='cuda:6'), in_token_decoded= dough, end_index: 5530
Draft step 1, token  dough, predict_score 0.13039740920066833 < threshold 0.6, stopping draft
Verifying token 0: verify_id=6078 ( hands), draft_id=30352 ( dough), is_last=False, is_eos=False
Token 0 verification failed, accepting up to this token. is_last: False, is_eos: False, is_mismatch: True

Draft step 0: in_token=tensor([[6078]], device='cuda:6'), in_token_decoded= hands, end_index: 5530
predicted_token: 374, predict_score: 0.8951618075370789, token :  is

Draft step 1: in_token=tensor([[374]], device='cuda:6'), in_token_decoded= is, end_index: 5531
predicted_token: 2182, predict_score: 0.4110243618488312, token :  put

Draft step 2: in_token=tensor([[2182]], device='cuda:6'), in_token_decoded= put, end_index: 5532
Draft step 2, token  put, predict_score 0.4110243618488312 < threshold 0.6, stopping draft
Verifying token 0: verify_id=3060 ( continue), draft_id=374 ( is), is_last=False, is_eos=False
Token 0 verification failed, accepting up to this token. is_last: False, is_eos: False, is_mismatch: True

Draft step 0: in_token=tensor([[3060]], device='cuda:6'), in_token_decoded= continue, end_index: 5531
predicted_token: 311, predict_score: 0.6540833115577698, token :  to

Draft step 1: in_token=tensor([[311]], device='cuda:6'), in_token_decoded= to, end_index: 5532
predicted_token: 3331, predict_score: 0.1725122630596161, token :  hold

Draft step 2: in_token=tensor([[3331]], device='cuda:6'), in_token_decoded= hold, end_index: 5533
Draft step 2, token  hold, predict_score 0.1725122630596161 < threshold 0.6, stopping draft
Verifying token 0: verify_id=311 ( to), draft_id=311 ( to), is_last=False, is_eos=False
Verifying token 1: verify_id=975 ( work), draft_id=3331 ( hold), is_last=False, is_eos=False
Token 1 verification failed, accepting up to this token. is_last: False, is_eos: False, is_mismatch: True

Draft step 0: in_token=tensor([[975]], device='cuda:6'), in_token_decoded= work, end_index: 5533
predicted_token: 13, predict_score: 0.37737950682640076, token : .

Draft step 1: in_token=tensor([[13]], device='cuda:6'), in_token_decoded=., end_index: 5534
Draft step 1, token ., predict_score 0.37737950682640076 < threshold 0.6, stopping draft
Verifying token 0: verify_id=432 ( it), draft_id=13 (.), is_last=False, is_eos=False
Token 0 verification failed, accepting up to this token. is_last: False, is_eos: False, is_mismatch: True

Draft step 0: in_token=tensor([[432]], device='cuda:6'), in_token_decoded= it, end_index: 5534
predicted_token: 311, predict_score: 0.3176988959312439, token :  to

Draft step 1: in_token=tensor([[311]], device='cuda:6'), in_token_decoded= to, end_index: 5535
Draft step 1, token  to, predict_score 0.3176988959312439 < threshold 0.6, stopping draft
Verifying token 0: verify_id=4766 ( inside), draft_id=311 ( to), is_last=False, is_eos=False
Token 0 verification failed, accepting up to this token. is_last: False, is_eos: False, is_mismatch: True

Draft step 0: in_token=tensor([[4766]], device='cuda:6'), in_token_decoded= inside, end_index: 5535
predicted_token: 13, predict_score: 0.26997342705726624, token : .

Draft step 1: in_token=tensor([[13]], device='cuda:6'), in_token_decoded=., end_index: 5536
Draft step 1, token ., predict_score 0.26997342705726624 < threshold 0.6, stopping draft
Verifying token 0: verify_id=279 ( the), draft_id=13 (.), is_last=False, is_eos=False
Token 0 verification failed, accepting up to this token. is_last: False, is_eos: False, is_mismatch: True

Draft step 0: in_token=tensor([[279]], device='cuda:6'), in_token_decoded= the, end_index: 5536
predicted_token: 57209, predict_score: 0.7233778238296509, token :  basin

Draft step 1: in_token=tensor([[57209]], device='cuda:6'), in_token_decoded= basin, end_index: 5537
predicted_token: 13, predict_score: 0.7239932417869568, token : .

Draft step 2: in_token=tensor([[13]], device='cuda:6'), in_token_decoded=., end_index: 5538
predicted_token: 151645, predict_score: 0.9893695116043091, token : <|im_end|>
Verifying token 0: verify_id=37778 ( mixer), draft_id=57209 ( basin), is_last=False, is_eos=False
Token 0 verification failed, accepting up to this token. is_last: False, is_eos: False, is_mismatch: True

Draft step 0: in_token=tensor([[37778]], device='cuda:6'), in_token_decoded= mixer, end_index: 5537
predicted_token: 13, predict_score: 0.833139955997467, token : .

Draft step 1: in_token=tensor([[13]], device='cuda:6'), in_token_decoded=., end_index: 5538
predicted_token: 151645, predict_score: 0.9903836846351624, token : <|im_end|>
Verifying token 0: verify_id=13 (.), draft_id=13 (.), is_last=False, is_eos=False
Verifying token 1: verify_id=151645 (<|im_end|>), draft_id=151645 (<|im_end|>), is_last=False, is_eos=True
Token 1 verification failed, accepting up to this token. is_last: False, is_eos: True, is_mismatch: False
New tokens: ["The dough is kneaded by pressing and folding it, then placed into a dough mixer, and the person's hands continue to work it inside the mixer.<|im_end|>"]
Total new tokens generated: 32
[Spec] avg_accept=1.19 | tokens=32 | context_len=5507
[Adapter] acc=6/29 (20.7%) | avg_confidence=0.445 | context_len=5507
\n===== Lossless Check =====
Speculative output: The dough is kneaded by pressing and folding it, then placed into a dough mixer, and the person's hands continue to work it inside the mixer.
AR manual output:   The dough is kneaded by pressing and folding it, with the person's hands moving it back and forth to work it into a more uniform shape, and then placed into a dough mixer.
Exact match: False
WARNING: Outputs differ! Speculative decoding is NOT lossless.
Speedup: 0.98x
Speedup_decode: 0.95x
Spec decode tok/s: 28.70
AR decode tok/s:   30.12
 first token :NO

Draft step 0: in_token=tensor([[8996]], device='cuda:6'), in_token_decoded=NO, end_index: 5601
predicted_token: 13, predict_score: 0.1784607470035553, token : .

Draft step 1: in_token=tensor([[13]], device='cuda:6'), in_token_decoded=., end_index: 5602
Draft step 1, token ., predict_score 0.1784607470035553 < threshold 0.6, stopping draft
Verifying token 0: verify_id=3596 ( RE), draft_id=13 (.), is_last=False, is_eos=False
Token 0 verification failed, accepting up to this token. is_last: False, is_eos: False, is_mismatch: True

Draft step 0: in_token=tensor([[3596]], device='cuda:6'), in_token_decoded= RE, end_index: 5602
predicted_token: 13, predict_score: 0.12148872762918472, token : .

Draft step 1: in_token=tensor([[13]], device='cuda:6'), in_token_decoded=., end_index: 5603
Draft step 1, token ., predict_score 0.12148872762918472 < threshold 0.6, stopping draft
Verifying token 0: verify_id=24834 (PLY), draft_id=13 (.), is_last=False, is_eos=False
Token 0 verification failed, accepting up to this token. is_last: False, is_eos: False, is_mismatch: True

Draft step 0: in_token=tensor([[24834]], device='cuda:6'), in_token_decoded=PLY, end_index: 5603
predicted_token: 825, predict_score: 0.10908801108598709, token :  one

Draft step 1: in_token=tensor([[825]], device='cuda:6'), in_token_decoded= one, end_index: 5604
Draft step 1, token  one, predict_score 0.10908801108598709 < threshold 0.6, stopping draft
Verifying token 0: verify_id=151645 (<|im_end|>), draft_id=825 ( one), is_last=False, is_eos=True
Token 0 verification failed, accepting up to this token. is_last: False, is_eos: True, is_mismatch: True
New tokens: ['NO REPLY<|im_end|>']
Total new tokens generated: 4
[Spec] avg_accept=1.00 | tokens=4 | context_len=5600
[Adapter] acc=0/3 (0.0%) | avg_confidence=0.136 | context_len=5600
\n===== Lossless Check =====
Speculative output: NO REPLY
AR manual output:   NO REPLY
Exact match: True
OK: Outputs match. Speculative decoding is lossless.
Speedup: 0.66x
Speedup_decode: 0.76x
Spec decode tok/s: 28.11
AR decode tok/s:   37.12
 first token :NO

Draft step 0: in_token=tensor([[8996]], device='cuda:6'), in_token_decoded=NO, end_index: 5666
predicted_token: 30352, predict_score: 0.08927237242460251, token :  dough

Draft step 1: in_token=tensor([[30352]], device='cuda:6'), in_token_decoded= dough, end_index: 5667
Draft step 1, token  dough, predict_score 0.08927237242460251 < threshold 0.6, stopping draft
Verifying token 0: verify_id=3596 ( RE), draft_id=30352 ( dough), is_last=False, is_eos=False
Token 0 verification failed, accepting up to this token. is_last: False, is_eos: False, is_mismatch: True

Draft step 0: in_token=tensor([[3596]], device='cuda:6'), in_token_decoded= RE, end_index: 5667
predicted_token: 13, predict_score: 0.07765083014965057, token : .

Draft step 1: in_token=tensor([[13]], device='cuda:6'), in_token_decoded=., end_index: 5668
Draft step 1, token ., predict_score 0.07765083014965057 < threshold 0.6, stopping draft
Verifying token 0: verify_id=24834 (PLY), draft_id=13 (.), is_last=False, is_eos=False
Token 0 verification failed, accepting up to this token. is_last: False, is_eos: False, is_mismatch: True

Draft step 0: in_token=tensor([[24834]], device='cuda:6'), in_token_decoded=PLY, end_index: 5668
predicted_token: 438, predict_score: 0.11043988168239594, token :  as

Draft step 1: in_token=tensor([[438]], device='cuda:6'), in_token_decoded= as, end_index: 5669
Draft step 1, token  as, predict_score 0.11043988168239594 < threshold 0.6, stopping draft
Verifying token 0: verify_id=151645 (<|im_end|>), draft_id=438 ( as), is_last=False, is_eos=True
Token 0 verification failed, accepting up to this token. is_last: False, is_eos: True, is_mismatch: True
New tokens: ['NO REPLY<|im_end|>']
Total new tokens generated: 4
[Spec] avg_accept=1.00 | tokens=4 | context_len=5665
[Adapter] acc=0/3 (0.0%) | avg_confidence=0.092 | context_len=5665
\n===== Lossless Check =====
Speculative output: NO REPLY
AR manual output:   NO REPLY
Exact match: True
OK: Outputs match. Speculative decoding is lossless.
Speedup: 0.65x
Speedup_decode: 0.69x
Spec decode tok/s: 27.06
AR decode tok/s:   39.09
 first token :NO

Draft step 0: in_token=tensor([[8996]], device='cuda:6'), in_token_decoded=NO, end_index: 5731
predicted_token: 13, predict_score: 0.05593371391296387, token : .

Draft step 1: in_token=tensor([[13]], device='cuda:6'), in_token_decoded=., end_index: 5732
Draft step 1, token ., predict_score 0.05593371391296387 < threshold 0.6, stopping draft
Verifying token 0: verify_id=3596 ( RE), draft_id=13 (.), is_last=False, is_eos=False
Token 0 verification failed, accepting up to this token. is_last: False, is_eos: False, is_mismatch: True

Draft step 0: in_token=tensor([[3596]], device='cuda:6'), in_token_decoded= RE, end_index: 5732
predicted_token: 389, predict_score: 0.1400906890630722, token :  on

Draft step 1: in_token=tensor([[389]], device='cuda:6'), in_token_decoded= on, end_index: 5733
Draft step 1, token  on, predict_score 0.1400906890630722 < threshold 0.6, stopping draft
Verifying token 0: verify_id=24834 (PLY), draft_id=389 ( on), is_last=False, is_eos=False
Token 0 verification failed, accepting up to this token. is_last: False, is_eos: False, is_mismatch: True

Draft step 0: in_token=tensor([[24834]], device='cuda:6'), in_token_decoded=PLY, end_index: 5733
predicted_token: 825, predict_score: 0.09781158715486526, token :  one

Draft step 1: in_token=tensor([[825]], device='cuda:6'), in_token_decoded= one, end_index: 5734
Draft step 1, token  one, predict_score 0.09781158715486526 < threshold 0.6, stopping draft
Verifying token 0: verify_id=151645 (<|im_end|>), draft_id=825 ( one), is_last=False, is_eos=True
Token 0 verification failed, accepting up to this token. is_last: False, is_eos: True, is_mismatch: True
New tokens: ['NO REPLY<|im_end|>']
Total new tokens generated: 4
[Spec] avg_accept=1.00 | tokens=4 | context_len=5730
[Adapter] acc=0/3 (0.0%) | avg_confidence=0.098 | context_len=5730
\n===== Lossless Check =====
Speculative output: NO REPLY
AR manual output:   NO REPLY
Exact match: True
OK: Outputs match. Speculative decoding is lossless.
Speedup: 0.66x
Speedup_decode: 0.73x
Spec decode tok/s: 28.15
AR decode tok/s:   38.47
 first token :The

Draft step 0: in_token=tensor([[785]], device='cuda:6'), in_token_decoded=The, end_index: 5796
predicted_token: 30352, predict_score: 0.5439485311508179, token :  dough

Draft step 1: in_token=tensor([[30352]], device='cuda:6'), in_token_decoded= dough, end_index: 5797
Draft step 1, token  dough, predict_score 0.5439485311508179 < threshold 0.6, stopping draft
Verifying token 0: verify_id=30352 ( dough), draft_id=30352 ( dough), is_last=False, is_eos=False
Verifying token 1: verify_id=374 ( is), draft_id=None (None), is_last=True, is_eos=False
Token 1 verification failed, accepting up to this token. is_last: True, is_eos: False, is_mismatch: False

Draft step 0: in_token=tensor([[374]], device='cuda:6'), in_token_decoded= is, end_index: 5798
predicted_token: 9099, predict_score: 0.4369053840637207, token :  placed

Draft step 1: in_token=tensor([[9099]], device='cuda:6'), in_token_decoded= placed, end_index: 5799
Draft step 1, token  placed, predict_score 0.4369053840637207 < threshold 0.6, stopping draft
Verifying token 0: verify_id=13853 ( kne), draft_id=9099 ( placed), is_last=False, is_eos=False
Token 0 verification failed, accepting up to this token. is_last: False, is_eos: False, is_mismatch: True

Draft step 0: in_token=tensor([[13853]], device='cuda:6'), in_token_decoded= kne, end_index: 5799
predicted_token: 832, predict_score: 0.1181941032409668, token : led

Draft step 1: in_token=tensor([[832]], device='cuda:6'), in_token_decoded=led, end_index: 5800
Draft step 1, token led, predict_score 0.1181941032409668 < threshold 0.6, stopping draft
Verifying token 0: verify_id=14255 (aded), draft_id=832 (led), is_last=False, is_eos=False
Token 0 verification failed, accepting up to this token. is_last: False, is_eos: False, is_mismatch: True

Draft step 0: in_token=tensor([[14255]], device='cuda:6'), in_token_decoded=aded, end_index: 5800
predicted_token: 553, predict_score: 0.16814619302749634, token :  by

Draft step 1: in_token=tensor([[553]], device='cuda:6'), in_token_decoded= by, end_index: 5801
Draft step 1, token  by, predict_score 0.16814619302749634 < threshold 0.6, stopping draft
Verifying token 0: verify_id=553 ( by), draft_id=553 ( by), is_last=False, is_eos=False
Verifying token 1: verify_id=25352 ( pressing), draft_id=None (None), is_last=True, is_eos=False
Token 1 verification failed, accepting up to this token. is_last: True, is_eos: False, is_mismatch: False

Draft step 0: in_token=tensor([[25352]], device='cuda:6'), in_token_decoded= pressing, end_index: 5802
predicted_token: 279, predict_score: 0.30724093317985535, token :  the

Draft step 1: in_token=tensor([[279]], device='cuda:6'), in_token_decoded= the, end_index: 5803
Draft step 1, token  the, predict_score 0.30724093317985535 < threshold 0.6, stopping draft
Verifying token 0: verify_id=323 ( and), draft_id=279 ( the), is_last=False, is_eos=False
Token 0 verification failed, accepting up to this token. is_last: False, is_eos: False, is_mismatch: True

Draft step 0: in_token=tensor([[323]], device='cuda:6'), in_token_decoded= and, end_index: 5803
predicted_token: 1483, predict_score: 0.12097637355327606, token :  used

Draft step 1: in_token=tensor([[1483]], device='cuda:6'), in_token_decoded= used, end_index: 5804
Draft step 1, token  used, predict_score 0.12097637355327606 < threshold 0.6, stopping draft
Verifying token 0: verify_id=44742 ( folding), draft_id=1483 ( used), is_last=False, is_eos=False
Token 0 verification failed, accepting up to this token. is_last: False, is_eos: False, is_mismatch: True

Draft step 0: in_token=tensor([[44742]], device='cuda:6'), in_token_decoded= folding, end_index: 5804
predicted_token: 11, predict_score: 0.18408218026161194, token : ,

Draft step 1: in_token=tensor([[11]], device='cuda:6'), in_token_decoded=,, end_index: 5805
Draft step 1, token ,, predict_score 0.18408218026161194 < threshold 0.6, stopping draft
Verifying token 0: verify_id=432 ( it), draft_id=11 (,), is_last=False, is_eos=False
Token 0 verification failed, accepting up to this token. is_last: False, is_eos: False, is_mismatch: True

Draft step 0: in_token=tensor([[432]], device='cuda:6'), in_token_decoded= it, end_index: 5805
predicted_token: 389, predict_score: 0.20475757122039795, token :  on

Draft step 1: in_token=tensor([[389]], device='cuda:6'), in_token_decoded= on, end_index: 5806
Draft step 1, token  on, predict_score 0.20475757122039795 < threshold 0.6, stopping draft
Verifying token 0: verify_id=11 (,), draft_id=389 ( on), is_last=False, is_eos=False
Token 0 verification failed, accepting up to this token. is_last: False, is_eos: False, is_mismatch: True

Draft step 0: in_token=tensor([[11]], device='cuda:6'), in_token_decoded=,, end_index: 5806
predicted_token: 1667, predict_score: 0.30908307433128357, token :  using

Draft step 1: in_token=tensor([[1667]], device='cuda:6'), in_token_decoded= using, end_index: 5807
Draft step 1, token  using, predict_score 0.30908307433128357 < threshold 0.6, stopping draft
Verifying token 0: verify_id=1221 ( then), draft_id=1667 ( using), is_last=False, is_eos=False
Token 0 verification failed, accepting up to this token. is_last: False, is_eos: False, is_mismatch: True

Draft step 0: in_token=tensor([[1221]], device='cuda:6'), in_token_decoded= then, end_index: 5807
predicted_token: 1992, predict_score: 0.13953442871570587, token :  place

Draft step 1: in_token=tensor([[1992]], device='cuda:6'), in_token_decoded= place, end_index: 5808
Draft step 1, token  place, predict_score 0.13953442871570587 < threshold 0.6, stopping draft
Verifying token 0: verify_id=9099 ( placed), draft_id=1992 ( place), is_last=False, is_eos=False
Token 0 verification failed, accepting up to this token. is_last: False, is_eos: False, is_mismatch: True

Draft step 0: in_token=tensor([[9099]], device='cuda:6'), in_token_decoded= placed, end_index: 5808
predicted_token: 389, predict_score: 0.8373673558235168, token :  on

Draft step 1: in_token=tensor([[389]], device='cuda:6'), in_token_decoded= on, end_index: 5809
predicted_token: 279, predict_score: 0.9519125819206238, token :  the

Draft step 2: in_token=tensor([[279]], device='cuda:6'), in_token_decoded= the, end_index: 5810
predicted_token: 14376, predict_score: 0.246649831533432, token :  cutting

Draft step 3: in_token=tensor([[14376]], device='cuda:6'), in_token_decoded= cutting, end_index: 5811
Draft step 3, token  cutting, predict_score 0.246649831533432 < threshold 0.6, stopping draft
Verifying token 0: verify_id=1119 ( into), draft_id=389 ( on), is_last=False, is_eos=False
Token 0 verification failed, accepting up to this token. is_last: False, is_eos: False, is_mismatch: True

Draft step 0: in_token=tensor([[1119]], device='cuda:6'), in_token_decoded= into, end_index: 5809
predicted_token: 264, predict_score: 0.3960588574409485, token :  a

Draft step 1: in_token=tensor([[264]], device='cuda:6'), in_token_decoded= a, end_index: 5810
Draft step 1, token  a, predict_score 0.3960588574409485 < threshold 0.6, stopping draft
Verifying token 0: verify_id=264 ( a), draft_id=264 ( a), is_last=False, is_eos=False
Verifying token 1: verify_id=30352 ( dough), draft_id=None (None), is_last=True, is_eos=False
Token 1 verification failed, accepting up to this token. is_last: True, is_eos: False, is_mismatch: False

Draft step 0: in_token=tensor([[30352]], device='cuda:6'), in_token_decoded= dough, end_index: 5811
predicted_token: 11, predict_score: 0.36040833592414856, token : ,

Draft step 1: in_token=tensor([[11]], device='cuda:6'), in_token_decoded=,, end_index: 5812
Draft step 1, token ,, predict_score 0.36040833592414856 < threshold 0.6, stopping draft
Verifying token 0: verify_id=37778 ( mixer), draft_id=11 (,), is_last=False, is_eos=False
Token 0 verification failed, accepting up to this token. is_last: False, is_eos: False, is_mismatch: True

Draft step 0: in_token=tensor([[37778]], device='cuda:6'), in_token_decoded= mixer, end_index: 5812
predicted_token: 11, predict_score: 0.4805389940738678, token : ,

Draft step 1: in_token=tensor([[11]], device='cuda:6'), in_token_decoded=,, end_index: 5813
Draft step 1, token ,, predict_score 0.4805389940738678 < threshold 0.6, stopping draft
Verifying token 0: verify_id=11 (,), draft_id=11 (,), is_last=False, is_eos=False
Verifying token 1: verify_id=323 ( and), draft_id=None (None), is_last=True, is_eos=False
Token 1 verification failed, accepting up to this token. is_last: True, is_eos: False, is_mismatch: False

Draft step 0: in_token=tensor([[323]], device='cuda:6'), in_token_decoded= and, end_index: 5814
predicted_token: 1221, predict_score: 0.27667826414108276, token :  then

Draft step 1: in_token=tensor([[1221]], device='cuda:6'), in_token_decoded= then, end_index: 5815
Draft step 1, token  then, predict_score 0.27667826414108276 < threshold 0.6, stopping draft
Verifying token 0: verify_id=279 ( the), draft_id=1221 ( then), is_last=False, is_eos=False
Token 0 verification failed, accepting up to this token. is_last: False, is_eos: False, is_mismatch: True

Draft step 0: in_token=tensor([[279]], device='cuda:6'), in_token_decoded= the, end_index: 5815
predicted_token: 3015, predict_score: 0.31115198135375977, token :  water

Draft step 1: in_token=tensor([[3015]], device='cuda:6'), in_token_decoded= water, end_index: 5816
Draft step 1, token  water, predict_score 0.31115198135375977 < threshold 0.6, stopping draft
Verifying token 0: verify_id=1697 ( person), draft_id=3015 ( water), is_last=False, is_eos=False
Token 0 verification failed, accepting up to this token. is_last: False, is_eos: False, is_mismatch: True

Draft step 0: in_token=tensor([[1697]], device='cuda:6'), in_token_decoded= person, end_index: 5816
predicted_token: 374, predict_score: 0.5760573148727417, token :  is

Draft step 1: in_token=tensor([[374]], device='cuda:6'), in_token_decoded= is, end_index: 5817
Draft step 1, token  is, predict_score 0.5760573148727417 < threshold 0.6, stopping draft
Verifying token 0: verify_id=594 ('s), draft_id=374 ( is), is_last=False, is_eos=False
Token 0 verification failed, accepting up to this token. is_last: False, is_eos: False, is_mismatch: True

Draft step 0: in_token=tensor([[594]], device='cuda:6'), in_token_decoded='s, end_index: 5817
predicted_token: 30352, predict_score: 0.2561776638031006, token :  dough

Draft step 1: in_token=tensor([[30352]], device='cuda:6'), in_token_decoded= dough, end_index: 5818
Draft step 1, token  dough, predict_score 0.2561776638031006 < threshold 0.6, stopping draft
Verifying token 0: verify_id=6078 ( hands), draft_id=30352 ( dough), is_last=False, is_eos=False
Token 0 verification failed, accepting up to this token. is_last: False, is_eos: False, is_mismatch: True

Draft step 0: in_token=tensor([[6078]], device='cuda:6'), in_token_decoded= hands, end_index: 5818
predicted_token: 323, predict_score: 0.23142576217651367, token :  and

Draft step 1: in_token=tensor([[323]], device='cuda:6'), in_token_decoded= and, end_index: 5819
Draft step 1, token  and, predict_score 0.23142576217651367 < threshold 0.6, stopping draft
Verifying token 0: verify_id=3060 ( continue), draft_id=323 ( and), is_last=False, is_eos=False
Token 0 verification failed, accepting up to this token. is_last: False, is_eos: False, is_mismatch: True

Draft step 0: in_token=tensor([[3060]], device='cuda:6'), in_token_decoded= continue, end_index: 5819
predicted_token: 311, predict_score: 0.8180850148200989, token :  to

Draft step 1: in_token=tensor([[311]], device='cuda:6'), in_token_decoded= to, end_index: 5820
predicted_token: 3331, predict_score: 0.10870463401079178, token :  hold

Draft step 2: in_token=tensor([[3331]], device='cuda:6'), in_token_decoded= hold, end_index: 5821
Draft step 2, token  hold, predict_score 0.10870463401079178 < threshold 0.6, stopping draft
Verifying token 0: verify_id=311 ( to), draft_id=311 ( to), is_last=False, is_eos=False
Verifying token 1: verify_id=975 ( work), draft_id=3331 ( hold), is_last=False, is_eos=False
Token 1 verification failed, accepting up to this token. is_last: False, is_eos: False, is_mismatch: True

Draft step 0: in_token=tensor([[975]], device='cuda:6'), in_token_decoded= work, end_index: 5821
predicted_token: 13, predict_score: 0.3891970217227936, token : .

Draft step 1: in_token=tensor([[13]], device='cuda:6'), in_token_decoded=., end_index: 5822
Draft step 1, token ., predict_score 0.3891970217227936 < threshold 0.6, stopping draft
Verifying token 0: verify_id=432 ( it), draft_id=13 (.), is_last=False, is_eos=False
Token 0 verification failed, accepting up to this token. is_last: False, is_eos: False, is_mismatch: True

Draft step 0: in_token=tensor([[432]], device='cuda:6'), in_token_decoded= it, end_index: 5822
predicted_token: 311, predict_score: 0.17811676859855652, token :  to

Draft step 1: in_token=tensor([[311]], device='cuda:6'), in_token_decoded= to, end_index: 5823
Draft step 1, token  to, predict_score 0.17811676859855652 < threshold 0.6, stopping draft
Verifying token 0: verify_id=4766 ( inside), draft_id=311 ( to), is_last=False, is_eos=False
Token 0 verification failed, accepting up to this token. is_last: False, is_eos: False, is_mismatch: True

Draft step 0: in_token=tensor([[4766]], device='cuda:6'), in_token_decoded= inside, end_index: 5823
predicted_token: 13, predict_score: 0.25366511940956116, token : .

Draft step 1: in_token=tensor([[13]], device='cuda:6'), in_token_decoded=., end_index: 5824
Draft step 1, token ., predict_score 0.25366511940956116 < threshold 0.6, stopping draft
Verifying token 0: verify_id=279 ( the), draft_id=13 (.), is_last=False, is_eos=False
Token 0 verification failed, accepting up to this token. is_last: False, is_eos: False, is_mismatch: True

Draft step 0: in_token=tensor([[279]], device='cuda:6'), in_token_decoded= the, end_index: 5824
predicted_token: 57209, predict_score: 0.3673386871814728, token :  basin

Draft step 1: in_token=tensor([[57209]], device='cuda:6'), in_token_decoded= basin, end_index: 5825
Draft step 1, token  basin, predict_score 0.3673386871814728 < threshold 0.6, stopping draft
Verifying token 0: verify_id=37778 ( mixer), draft_id=57209 ( basin), is_last=False, is_eos=False
Token 0 verification failed, accepting up to this token. is_last: False, is_eos: False, is_mismatch: True

Draft step 0: in_token=tensor([[37778]], device='cuda:6'), in_token_decoded= mixer, end_index: 5825
predicted_token: 13, predict_score: 0.5022346377372742, token : .

Draft step 1: in_token=tensor([[13]], device='cuda:6'), in_token_decoded=., end_index: 5826
Draft step 1, token ., predict_score 0.5022346377372742 < threshold 0.6, stopping draft
Verifying token 0: verify_id=11 (,), draft_id=13 (.), is_last=False, is_eos=False
Token 0 verification failed, accepting up to this token. is_last: False, is_eos: False, is_mismatch: True

Draft step 0: in_token=tensor([[11]], device='cuda:6'), in_token_decoded=,, end_index: 5826
predicted_token: 323, predict_score: 0.5935698747634888, token :  and

Draft step 1: in_token=tensor([[323]], device='cuda:6'), in_token_decoded= and, end_index: 5827
Draft step 1, token  and, predict_score 0.5935698747634888 < threshold 0.6, stopping draft
Verifying token 0: verify_id=448 ( with), draft_id=323 ( and), is_last=False, is_eos=False
Token 0 verification failed, accepting up to this token. is_last: False, is_eos: False, is_mismatch: True

Draft step 0: in_token=tensor([[448]], device='cuda:6'), in_token_decoded= with, end_index: 5827
predicted_token: 279, predict_score: 0.5533639788627625, token :  the

Draft step 1: in_token=tensor([[279]], device='cuda:6'), in_token_decoded= the, end_index: 5828
Draft step 1, token  the, predict_score 0.5533639788627625 < threshold 0.6, stopping draft
Verifying token 0: verify_id=279 ( the), draft_id=279 ( the), is_last=False, is_eos=False
Verifying token 1: verify_id=37778 ( mixer), draft_id=None (None), is_last=True, is_eos=False
Token 1 verification failed, accepting up to this token. is_last: True, is_eos: False, is_mismatch: False

Draft step 0: in_token=tensor([[37778]], device='cuda:6'), in_token_decoded= mixer, end_index: 5829
predicted_token: 13, predict_score: 0.12266328185796738, token : .

Draft step 1: in_token=tensor([[13]], device='cuda:6'), in_token_decoded=., end_index: 5830
Draft step 1, token ., predict_score 0.12266328185796738 < threshold 0.6, stopping draft
Verifying token 0: verify_id=594 ('s), draft_id=13 (.), is_last=False, is_eos=False
Token 0 verification failed, accepting up to this token. is_last: False, is_eos: False, is_mismatch: True

Draft step 0: in_token=tensor([[594]], device='cuda:6'), in_token_decoded='s, end_index: 5830
predicted_token: 7329, predict_score: 0.0917300432920456, token :  surface

Draft step 1: in_token=tensor([[7329]], device='cuda:6'), in_token_decoded= surface, end_index: 5831
Draft step 1, token  surface, predict_score 0.0917300432920456 < threshold 0.6, stopping draft
Verifying token 0: verify_id=41642 ( blades), draft_id=7329 ( surface), is_last=False, is_eos=False
Token 0 verification failed, accepting up to this token. is_last: False, is_eos: False, is_mismatch: True

Draft step 0: in_token=tensor([[41642]], device='cuda:6'), in_token_decoded= blades, end_index: 5831
predicted_token: 323, predict_score: 0.500633180141449, token :  and

Draft step 1: in_token=tensor([[323]], device='cuda:6'), in_token_decoded= and, end_index: 5832
Draft step 1, token  and, predict_score 0.500633180141449 < threshold 0.6, stopping draft
Verifying token 0: verify_id=13054 ( turning), draft_id=323 ( and), is_last=False, is_eos=False
Token 0 verification failed, accepting up to this token. is_last: False, is_eos: False, is_mismatch: True

Draft step 0: in_token=tensor([[13054]], device='cuda:6'), in_token_decoded= turning, end_index: 5832
predicted_token: 389, predict_score: 0.7938700914382935, token :  on

Draft step 1: in_token=tensor([[389]], device='cuda:6'), in_token_decoded= on, end_index: 5833
predicted_token: 279, predict_score: 0.81883305311203, token :  the

Draft step 2: in_token=tensor([[279]], device='cuda:6'), in_token_decoded= the, end_index: 5834
predicted_token: 71453, predict_score: 0.49925485253334045, token :  faucet

Draft step 3: in_token=tensor([[71453]], device='cuda:6'), in_token_decoded= faucet, end_index: 5835
Draft step 3, token  faucet, predict_score 0.49925485253334045 < threshold 0.6, stopping draft
Verifying token 0: verify_id=311 ( to), draft_id=389 ( on), is_last=False, is_eos=False
Token 0 verification failed, accepting up to this token. is_last: False, is_eos: False, is_mismatch: True

Draft step 0: in_token=tensor([[311]], device='cuda:6'), in_token_decoded= to, end_index: 5833
predicted_token: 279, predict_score: 0.5245434045791626, token :  the

Draft step 1: in_token=tensor([[279]], device='cuda:6'), in_token_decoded= the, end_index: 5834
Draft step 1, token  the, predict_score 0.5245434045791626 < threshold 0.6, stopping draft
Verifying token 0: verify_id=4623 ( further), draft_id=279 ( the), is_last=False, is_eos=False
Token 0 verification failed, accepting up to this token. is_last: False, is_eos: False, is_mismatch: True

Draft step 0: in_token=tensor([[4623]], device='cuda:6'), in_token_decoded= further, end_index: 5834
predicted_token: 279, predict_score: 0.2035999894142151, token :  the

Draft step 1: in_token=tensor([[279]], device='cuda:6'), in_token_decoded= the, end_index: 5835
Draft step 1, token  the, predict_score 0.2035999894142151 < threshold 0.6, stopping draft
Verifying token 0: verify_id=13853 ( kne), draft_id=279 ( the), is_last=False, is_eos=False
Token 0 verification failed, accepting up to this token. is_last: False, is_eos: False, is_mismatch: True

Draft step 0: in_token=tensor([[13853]], device='cuda:6'), in_token_decoded= kne, end_index: 5835
predicted_token: 453, predict_score: 0.04142826050519943, token : op

Draft step 1: in_token=tensor([[453]], device='cuda:6'), in_token_decoded=op, end_index: 5836
Draft step 1, token op, predict_score 0.04142826050519943 < threshold 0.6, stopping draft
Verifying token 0: verify_id=329 (ad), draft_id=453 (op), is_last=False, is_eos=False
Token 0 verification failed, accepting up to this token. is_last: False, is_eos: False, is_mismatch: True

Draft step 0: in_token=tensor([[329]], device='cuda:6'), in_token_decoded=ad, end_index: 5836
predicted_token: 279, predict_score: 0.8500702381134033, token :  the

Draft step 1: in_token=tensor([[279]], device='cuda:6'), in_token_decoded= the, end_index: 5837
predicted_token: 30352, predict_score: 0.5549868941307068, token :  dough

Draft step 2: in_token=tensor([[30352]], device='cuda:6'), in_token_decoded= dough, end_index: 5838
Draft step 2, token  dough, predict_score 0.5549868941307068 < threshold 0.6, stopping draft
Verifying token 0: verify_id=279 ( the), draft_id=279 ( the), is_last=False, is_eos=False
Verifying token 1: verify_id=30352 ( dough), draft_id=30352 ( dough), is_last=False, is_eos=False
Verifying token 2: verify_id=13 (.), draft_id=None (None), is_last=True, is_eos=False
Token 2 verification failed, accepting up to this token. is_last: True, is_eos: False, is_mismatch: False

Draft step 0: in_token=tensor([[13]], device='cuda:6'), in_token_decoded=., end_index: 5839
predicted_token: 151645, predict_score: 0.9899781942367554, token : <|im_end|>
Verifying token 0: verify_id=151645 (<|im_end|>), draft_id=151645 (<|im_end|>), is_last=False, is_eos=True
Token 0 verification failed, accepting up to this token. is_last: False, is_eos: True, is_mismatch: False
New tokens: ["The dough is kneaded by pressing and folding it, then placed into a dough mixer, and the person's hands continue to work it inside the mixer, with the mixer's blades turning to further knead the dough.<|im_end|>"]
Total new tokens generated: 45
[Spec] avg_accept=1.22 | tokens=45 | context_len=5795
[Adapter] acc=9/38 (23.7%) | avg_confidence=0.410 | context_len=5795
\n===== Lossless Check =====
Speculative output: The dough is kneaded by pressing and folding it, then placed into a dough mixer, and the person's hands continue to work it inside the mixer, with the mixer's blades turning to further knead the dough.
AR manual output:   The dough is kneaded by pressing and folding it, then placed into a dough mixer, and the person's hands continue to work it inside the mixer, with the mixer's blades turning to further knead the dough.
Exact match: True
OK: Outputs match. Speculative decoding is lossless.
Speedup: 1.02x
Speedup_decode: 0.99x
Spec decode tok/s: 29.97
AR decode tok/s:   30.33
 first token :NO

Draft step 0: in_token=tensor([[8996]], device='cuda:6'), in_token_decoded=NO, end_index: 5902
predicted_token: 13, predict_score: 0.03746546059846878, token : .

Draft step 1: in_token=tensor([[13]], device='cuda:6'), in_token_decoded=., end_index: 5903
Draft step 1, token ., predict_score 0.03746546059846878 < threshold 0.6, stopping draft
Verifying token 0: verify_id=3596 ( RE), draft_id=13 (.), is_last=False, is_eos=False
Token 0 verification failed, accepting up to this token. is_last: False, is_eos: False, is_mismatch: True

Draft step 0: in_token=tensor([[3596]], device='cuda:6'), in_token_decoded= RE, end_index: 5903
predicted_token: 389, predict_score: 0.030962221324443817, token :  on

Draft step 1: in_token=tensor([[389]], device='cuda:6'), in_token_decoded= on, end_index: 5904
Draft step 1, token  on, predict_score 0.030962221324443817 < threshold 0.6, stopping draft
Verifying token 0: verify_id=24834 (PLY), draft_id=389 ( on), is_last=False, is_eos=False
Token 0 verification failed, accepting up to this token. is_last: False, is_eos: False, is_mismatch: True

Draft step 0: in_token=tensor([[24834]], device='cuda:6'), in_token_decoded=PLY, end_index: 5904
predicted_token: 311, predict_score: 0.09528103470802307, token :  to

Draft step 1: in_token=tensor([[311]], device='cuda:6'), in_token_decoded= to, end_index: 5905
Draft step 1, token  to, predict_score 0.09528103470802307 < threshold 0.6, stopping draft
Verifying token 0: verify_id=151645 (<|im_end|>), draft_id=311 ( to), is_last=False, is_eos=True
Token 0 verification failed, accepting up to this token. is_last: False, is_eos: True, is_mismatch: True
New tokens: ['NO REPLY<|im_end|>']
Total new tokens generated: 4
[Spec] avg_accept=1.00 | tokens=4 | context_len=5901
[Adapter] acc=0/3 (0.0%) | avg_confidence=0.055 | context_len=5901
\n===== Lossless Check =====
Speculative output: NO REPLY
AR manual output:   NO REPLY
Exact match: True
OK: Outputs match. Speculative decoding is lossless.
Speedup: 0.68x
Speedup_decode: 0.72x
Spec decode tok/s: 26.76
AR decode tok/s:   37.03
 first token :NO

Draft step 0: in_token=tensor([[8996]], device='cuda:6'), in_token_decoded=NO, end_index: 5967
predicted_token: 13, predict_score: 0.05933426320552826, token : .

Draft step 1: in_token=tensor([[13]], device='cuda:6'), in_token_decoded=., end_index: 5968
Draft step 1, token ., predict_score 0.05933426320552826 < threshold 0.6, stopping draft
Verifying token 0: verify_id=3596 ( RE), draft_id=13 (.), is_last=False, is_eos=False
Token 0 verification failed, accepting up to this token. is_last: False, is_eos: False, is_mismatch: True

Draft step 0: in_token=tensor([[3596]], device='cuda:6'), in_token_decoded= RE, end_index: 5968
predicted_token: 323, predict_score: 0.04497440904378891, token :  and

Draft step 1: in_token=tensor([[323]], device='cuda:6'), in_token_decoded= and, end_index: 5969
Draft step 1, token  and, predict_score 0.04497440904378891 < threshold 0.6, stopping draft
Verifying token 0: verify_id=24834 (PLY), draft_id=323 ( and), is_last=False, is_eos=False
Token 0 verification failed, accepting up to this token. is_last: False, is_eos: False, is_mismatch: True

Draft step 0: in_token=tensor([[24834]], device='cuda:6'), in_token_decoded=PLY, end_index: 5969
predicted_token: 311, predict_score: 0.092218779027462, token :  to

Draft step 1: in_token=tensor([[311]], device='cuda:6'), in_token_decoded= to, end_index: 5970
Draft step 1, token  to, predict_score 0.092218779027462 < threshold 0.6, stopping draft
Verifying token 0: verify_id=151645 (<|im_end|>), draft_id=311 ( to), is_last=False, is_eos=True
Token 0 verification failed, accepting up to this token. is_last: False, is_eos: True, is_mismatch: True
New tokens: ['NO REPLY<|im_end|>']
Total new tokens generated: 4
[Spec] avg_accept=1.00 | tokens=4 | context_len=5966
[Adapter] acc=0/3 (0.0%) | avg_confidence=0.066 | context_len=5966
\n===== Lossless Check =====
Speculative output: NO REPLY
AR manual output:   NO REPLY
Exact match: True
OK: Outputs match. Speculative decoding is lossless.
Speedup: 0.66x
Speedup_decode: 0.72x
Spec decode tok/s: 27.82
AR decode tok/s:   38.88
 first token :NO

Draft step 0: in_token=tensor([[8996]], device='cuda:6'), in_token_decoded=NO, end_index: 6032
predicted_token: 13, predict_score: 0.03815782442688942, token : .

Draft step 1: in_token=tensor([[13]], device='cuda:6'), in_token_decoded=., end_index: 6033
Draft step 1, token ., predict_score 0.03815782442688942 < threshold 0.6, stopping draft
Verifying token 0: verify_id=3596 ( RE), draft_id=13 (.), is_last=False, is_eos=False
Token 0 verification failed, accepting up to this token. is_last: False, is_eos: False, is_mismatch: True

Draft step 0: in_token=tensor([[3596]], device='cuda:6'), in_token_decoded= RE, end_index: 6033
predicted_token: 389, predict_score: 0.01888996548950672, token :  on

Draft step 1: in_token=tensor([[389]], device='cuda:6'), in_token_decoded= on, end_index: 6034
Draft step 1, token  on, predict_score 0.01888996548950672 < threshold 0.6, stopping draft
Verifying token 0: verify_id=24834 (PLY), draft_id=389 ( on), is_last=False, is_eos=False
Token 0 verification failed, accepting up to this token. is_last: False, is_eos: False, is_mismatch: True

Draft step 0: in_token=tensor([[24834]], device='cuda:6'), in_token_decoded=PLY, end_index: 6034
predicted_token: 949, predict_score: 0.1136719286441803, token :  part

Draft step 1: in_token=tensor([[949]], device='cuda:6'), in_token_decoded= part, end_index: 6035
Draft step 1, token  part, predict_score 0.1136719286441803 < threshold 0.6, stopping draft
Verifying token 0: verify_id=151645 (<|im_end|>), draft_id=949 ( part), is_last=False, is_eos=True
Token 0 verification failed, accepting up to this token. is_last: False, is_eos: True, is_mismatch: True
New tokens: ['NO REPLY<|im_end|>']
Total new tokens generated: 4
[Spec] avg_accept=1.00 | tokens=4 | context_len=6031
[Adapter] acc=0/3 (0.0%) | avg_confidence=0.057 | context_len=6031
\n===== Lossless Check =====
Speculative output: NO REPLY
AR manual output:   NO REPLY
Exact match: True
OK: Outputs match. Speculative decoding is lossless.
Speedup: 0.65x
Speedup_decode: 0.68x
Spec decode tok/s: 26.53
AR decode tok/s:   38.93
 first token :NO

Draft step 0: in_token=tensor([[8996]], device='cuda:6'), in_token_decoded=NO, end_index: 6097
predicted_token: 13, predict_score: 0.05024857074022293, token : .

Draft step 1: in_token=tensor([[13]], device='cuda:6'), in_token_decoded=., end_index: 6098
Draft step 1, token ., predict_score 0.05024857074022293 < threshold 0.6, stopping draft
Verifying token 0: verify_id=3596 ( RE), draft_id=13 (.), is_last=False, is_eos=False
Token 0 verification failed, accepting up to this token. is_last: False, is_eos: False, is_mismatch: True

Draft step 0: in_token=tensor([[3596]], device='cuda:6'), in_token_decoded= RE, end_index: 6098
predicted_token: 389, predict_score: 0.05680199712514877, token :  on

Draft step 1: in_token=tensor([[389]], device='cuda:6'), in_token_decoded= on, end_index: 6099
Draft step 1, token  on, predict_score 0.05680199712514877 < threshold 0.6, stopping draft
Verifying token 0: verify_id=24834 (PLY), draft_id=389 ( on), is_last=False, is_eos=False
Token 0 verification failed, accepting up to this token. is_last: False, is_eos: False, is_mismatch: True

Draft step 0: in_token=tensor([[24834]], device='cuda:6'), in_token_decoded=PLY, end_index: 6099
predicted_token: 311, predict_score: 0.1428704857826233, token :  to

Draft step 1: in_token=tensor([[311]], device='cuda:6'), in_token_decoded= to, end_index: 6100
Draft step 1, token  to, predict_score 0.1428704857826233 < threshold 0.6, stopping draft
Verifying token 0: verify_id=151645 (<|im_end|>), draft_id=311 ( to), is_last=False, is_eos=True
Token 0 verification failed, accepting up to this token. is_last: False, is_eos: True, is_mismatch: True
New tokens: ['NO REPLY<|im_end|>']
Total new tokens generated: 4
[Spec] avg_accept=1.00 | tokens=4 | context_len=6096
[Adapter] acc=0/3 (0.0%) | avg_confidence=0.083 | context_len=6096
\n===== Lossless Check =====
Speculative output: NO REPLY
AR manual output:   NO REPLY
Exact match: True
OK: Outputs match. Speculative decoding is lossless.
Speedup: 0.65x
Speedup_decode: 0.73x
Spec decode tok/s: 28.33
AR decode tok/s:   39.03
 first token :NO

Draft step 0: in_token=tensor([[8996]], device='cuda:6'), in_token_decoded=NO, end_index: 6162
predicted_token: 13, predict_score: 0.035447318106889725, token : .

Draft step 1: in_token=tensor([[13]], device='cuda:6'), in_token_decoded=., end_index: 6163
Draft step 1, token ., predict_score 0.035447318106889725 < threshold 0.6, stopping draft
Verifying token 0: verify_id=3596 ( RE), draft_id=13 (.), is_last=False, is_eos=False
Token 0 verification failed, accepting up to this token. is_last: False, is_eos: False, is_mismatch: True

Draft step 0: in_token=tensor([[3596]], device='cuda:6'), in_token_decoded= RE, end_index: 6163
predicted_token: 389, predict_score: 0.036778274923563004, token :  on

Draft step 1: in_token=tensor([[389]], device='cuda:6'), in_token_decoded= on, end_index: 6164
Draft step 1, token  on, predict_score 0.036778274923563004 < threshold 0.6, stopping draft
Verifying token 0: verify_id=24834 (PLY), draft_id=389 ( on), is_last=False, is_eos=False
Token 0 verification failed, accepting up to this token. is_last: False, is_eos: False, is_mismatch: True

Draft step 0: in_token=tensor([[24834]], device='cuda:6'), in_token_decoded=PLY, end_index: 6164
predicted_token: 311, predict_score: 0.1408216804265976, token :  to

Draft step 1: in_token=tensor([[311]], device='cuda:6'), in_token_decoded= to, end_index: 6165
Draft step 1, token  to, predict_score 0.1408216804265976 < threshold 0.6, stopping draft
Verifying token 0: verify_id=151645 (<|im_end|>), draft_id=311 ( to), is_last=False, is_eos=True
Token 0 verification failed, accepting up to this token. is_last: False, is_eos: True, is_mismatch: True
New tokens: ['NO REPLY<|im_end|>']
Total new tokens generated: 4
[Spec] avg_accept=1.00 | tokens=4 | context_len=6161
[Adapter] acc=0/3 (0.0%) | avg_confidence=0.071 | context_len=6161
\n===== Lossless Check =====
Speculative output: NO REPLY
AR manual output:   NO REPLY
Exact match: True
OK: Outputs match. Speculative decoding is lossless.
Speedup: 0.65x
Speedup_decode: 0.68x
Spec decode tok/s: 26.64
AR decode tok/s:   39.09
 first token :NO

Draft step 0: in_token=tensor([[8996]], device='cuda:6'), in_token_decoded=NO, end_index: 6227
predicted_token: 13, predict_score: 0.03879556804895401, token : .

Draft step 1: in_token=tensor([[13]], device='cuda:6'), in_token_decoded=., end_index: 6228
Draft step 1, token ., predict_score 0.03879556804895401 < threshold 0.6, stopping draft
Verifying token 0: verify_id=3596 ( RE), draft_id=13 (.), is_last=False, is_eos=False
Token 0 verification failed, accepting up to this token. is_last: False, is_eos: False, is_mismatch: True

Draft step 0: in_token=tensor([[3596]], device='cuda:6'), in_token_decoded= RE, end_index: 6228
predicted_token: 389, predict_score: 0.03315424546599388, token :  on

Draft step 1: in_token=tensor([[389]], device='cuda:6'), in_token_decoded= on, end_index: 6229
Draft step 1, token  on, predict_score 0.03315424546599388 < threshold 0.6, stopping draft
Verifying token 0: verify_id=24834 (PLY), draft_id=389 ( on), is_last=False, is_eos=False
Token 0 verification failed, accepting up to this token. is_last: False, is_eos: False, is_mismatch: True

Draft step 0: in_token=tensor([[24834]], device='cuda:6'), in_token_decoded=PLY, end_index: 6229
predicted_token: 311, predict_score: 0.10435469448566437, token :  to

Draft step 1: in_token=tensor([[311]], device='cuda:6'), in_token_decoded= to, end_index: 6230
Draft step 1, token  to, predict_score 0.10435469448566437 < threshold 0.6, stopping draft
Verifying token 0: verify_id=151645 (<|im_end|>), draft_id=311 ( to), is_last=False, is_eos=True
Token 0 verification failed, accepting up to this token. is_last: False, is_eos: True, is_mismatch: True
New tokens: ['NO REPLY<|im_end|>']
Total new tokens generated: 4
[Spec] avg_accept=1.00 | tokens=4 | context_len=6226
[Adapter] acc=0/3 (0.0%) | avg_confidence=0.059 | context_len=6226
\n===== Lossless Check =====
Speculative output: NO REPLY
AR manual output:   NO REPLY
Exact match: True
OK: Outputs match. Speculative decoding is lossless.
Speedup: 0.64x
Speedup_decode: 0.70x
Spec decode tok/s: 27.55
AR decode tok/s:   39.10
 first token :NO

Draft step 0: in_token=tensor([[8996]], device='cuda:6'), in_token_decoded=NO, end_index: 6292
predicted_token: 13, predict_score: 0.047262150794267654, token : .

Draft step 1: in_token=tensor([[13]], device='cuda:6'), in_token_decoded=., end_index: 6293
Draft step 1, token ., predict_score 0.047262150794267654 < threshold 0.6, stopping draft
Verifying token 0: verify_id=3596 ( RE), draft_id=13 (.), is_last=False, is_eos=False
Token 0 verification failed, accepting up to this token. is_last: False, is_eos: False, is_mismatch: True

Draft step 0: in_token=tensor([[3596]], device='cuda:6'), in_token_decoded= RE, end_index: 6293
predicted_token: 389, predict_score: 0.047003742307424545, token :  on

Draft step 1: in_token=tensor([[389]], device='cuda:6'), in_token_decoded= on, end_index: 6294
Draft step 1, token  on, predict_score 0.047003742307424545 < threshold 0.6, stopping draft
Verifying token 0: verify_id=24834 (PLY), draft_id=389 ( on), is_last=False, is_eos=False
Token 0 verification failed, accepting up to this token. is_last: False, is_eos: False, is_mismatch: True

Draft step 0: in_token=tensor([[24834]], device='cuda:6'), in_token_decoded=PLY, end_index: 6294
predicted_token: 438, predict_score: 0.12323292344808578, token :  as

Draft step 1: in_token=tensor([[438]], device='cuda:6'), in_token_decoded= as, end_index: 6295
Draft step 1, token  as, predict_score 0.12323292344808578 < threshold 0.6, stopping draft
Verifying token 0: verify_id=151645 (<|im_end|>), draft_id=438 ( as), is_last=False, is_eos=True
Token 0 verification failed, accepting up to this token. is_last: False, is_eos: True, is_mismatch: True
New tokens: ['NO REPLY<|im_end|>']
Total new tokens generated: 4
[Spec] avg_accept=1.00 | tokens=4 | context_len=6291
[Adapter] acc=0/3 (0.0%) | avg_confidence=0.072 | context_len=6291
\n===== Lossless Check =====
Speculative output: NO REPLY
AR manual output:   NO REPLY
Exact match: True
OK: Outputs match. Speculative decoding is lossless.
Speedup: 0.46x
Speedup_decode: 0.56x
Spec decode tok/s: 21.66
AR decode tok/s:   38.68
 first token :NO

Draft step 0: in_token=tensor([[8996]], device='cuda:6'), in_token_decoded=NO, end_index: 6357
predicted_token: 19828, predict_score: 0.023247964680194855, token :  flour

Draft step 1: in_token=tensor([[19828]], device='cuda:6'), in_token_decoded= flour, end_index: 6358
Draft step 1, token  flour, predict_score 0.023247964680194855 < threshold 0.6, stopping draft
Verifying token 0: verify_id=3596 ( RE), draft_id=19828 ( flour), is_last=False, is_eos=False
Token 0 verification failed, accepting up to this token. is_last: False, is_eos: False, is_mismatch: True

Draft step 0: in_token=tensor([[3596]], device='cuda:6'), in_token_decoded= RE, end_index: 6358
predicted_token: 389, predict_score: 0.04647638276219368, token :  on

Draft step 1: in_token=tensor([[389]], device='cuda:6'), in_token_decoded= on, end_index: 6359
Draft step 1, token  on, predict_score 0.04647638276219368 < threshold 0.6, stopping draft
Verifying token 0: verify_id=24834 (PLY), draft_id=389 ( on), is_last=False, is_eos=False
Token 0 verification failed, accepting up to this token. is_last: False, is_eos: False, is_mismatch: True

Draft step 0: in_token=tensor([[24834]], device='cuda:6'), in_token_decoded=PLY, end_index: 6359
predicted_token: 13, predict_score: 0.1678655594587326, token : .

Draft step 1: in_token=tensor([[13]], device='cuda:6'), in_token_decoded=., end_index: 6360
Draft step 1, token ., predict_score 0.1678655594587326 < threshold 0.6, stopping draft
Verifying token 0: verify_id=151645 (<|im_end|>), draft_id=13 (.), is_last=False, is_eos=True
Token 0 verification failed, accepting up to this token. is_last: False, is_eos: True, is_mismatch: True
New tokens: ['NO REPLY<|im_end|>']
Total new tokens generated: 4
[Spec] avg_accept=1.00 | tokens=4 | context_len=6356
[Adapter] acc=0/3 (0.0%) | avg_confidence=0.079 | context_len=6356
\n===== Lossless Check =====
Speculative output: NO REPLY
AR manual output:   NO REPLY
Exact match: True
OK: Outputs match. Speculative decoding is lossless.
Speedup: 0.65x
Speedup_decode: 0.75x
Spec decode tok/s: 29.07
AR decode tok/s:   38.68
 first token :NO

Draft step 0: in_token=tensor([[8996]], device='cuda:6'), in_token_decoded=NO, end_index: 6422
predicted_token: 19828, predict_score: 0.02964363805949688, token :  flour

Draft step 1: in_token=tensor([[19828]], device='cuda:6'), in_token_decoded= flour, end_index: 6423
Draft step 1, token  flour, predict_score 0.02964363805949688 < threshold 0.6, stopping draft
Verifying token 0: verify_id=3596 ( RE), draft_id=19828 ( flour), is_last=False, is_eos=False
Token 0 verification failed, accepting up to this token. is_last: False, is_eos: False, is_mismatch: True

Draft step 0: in_token=tensor([[3596]], device='cuda:6'), in_token_decoded= RE, end_index: 6423
predicted_token: 389, predict_score: 0.06770556420087814, token :  on

Draft step 1: in_token=tensor([[389]], device='cuda:6'), in_token_decoded= on, end_index: 6424
Draft step 1, token  on, predict_score 0.06770556420087814 < threshold 0.6, stopping draft
Verifying token 0: verify_id=24834 (PLY), draft_id=389 ( on), is_last=False, is_eos=False
Token 0 verification failed, accepting up to this token. is_last: False, is_eos: False, is_mismatch: True

Draft step 0: in_token=tensor([[24834]], device='cuda:6'), in_token_decoded=PLY, end_index: 6424
predicted_token: 825, predict_score: 0.13960029184818268, token :  one

Draft step 1: in_token=tensor([[825]], device='cuda:6'), in_token_decoded= one, end_index: 6425
Draft step 1, token  one, predict_score 0.13960029184818268 < threshold 0.6, stopping draft
Verifying token 0: verify_id=151645 (<|im_end|>), draft_id=825 ( one), is_last=False, is_eos=True
Token 0 verification failed, accepting up to this token. is_last: False, is_eos: True, is_mismatch: True
New tokens: ['NO REPLY<|im_end|>']
Total new tokens generated: 4
[Spec] avg_accept=1.00 | tokens=4 | context_len=6421
[Adapter] acc=0/3 (0.0%) | avg_confidence=0.079 | context_len=6421
\n===== Lossless Check =====
Speculative output: NO REPLY
AR manual output:   NO REPLY
Exact match: True
OK: Outputs match. Speculative decoding is lossless.
Speedup: 0.64x
Speedup_decode: 0.66x
Spec decode tok/s: 25.30
AR decode tok/s:   38.60
 first token :NO

Draft step 0: in_token=tensor([[8996]], device='cuda:6'), in_token_decoded=NO, end_index: 6487
predicted_token: 13, predict_score: 0.01682148687541485, token : .

Draft step 1: in_token=tensor([[13]], device='cuda:6'), in_token_decoded=., end_index: 6488
Draft step 1, token ., predict_score 0.01682148687541485 < threshold 0.6, stopping draft
Verifying token 0: verify_id=3596 ( RE), draft_id=13 (.), is_last=False, is_eos=False
Token 0 verification failed, accepting up to this token. is_last: False, is_eos: False, is_mismatch: True

Draft step 0: in_token=tensor([[3596]], device='cuda:6'), in_token_decoded= RE, end_index: 6488
predicted_token: 389, predict_score: 0.021690158173441887, token :  on

Draft step 1: in_token=tensor([[389]], device='cuda:6'), in_token_decoded= on, end_index: 6489
Draft step 1, token  on, predict_score 0.021690158173441887 < threshold 0.6, stopping draft
Verifying token 0: verify_id=24834 (PLY), draft_id=389 ( on), is_last=False, is_eos=False
Token 0 verification failed, accepting up to this token. is_last: False, is_eos: False, is_mismatch: True

Draft step 0: in_token=tensor([[24834]], device='cuda:6'), in_token_decoded=PLY, end_index: 6489
predicted_token: 311, predict_score: 0.12637682259082794, token :  to

Draft step 1: in_token=tensor([[311]], device='cuda:6'), in_token_decoded= to, end_index: 6490
Draft step 1, token  to, predict_score 0.12637682259082794 < threshold 0.6, stopping draft
Verifying token 0: verify_id=151645 (<|im_end|>), draft_id=311 ( to), is_last=False, is_eos=True
Token 0 verification failed, accepting up to this token. is_last: False, is_eos: True, is_mismatch: True
New tokens: ['NO REPLY<|im_end|>']
Total new tokens generated: 4
[Spec] avg_accept=1.00 | tokens=4 | context_len=6486
[Adapter] acc=0/3 (0.0%) | avg_confidence=0.055 | context_len=6486
\n===== Lossless Check =====
Speculative output: NO REPLY
AR manual output:   NO REPLY
Exact match: True
OK: Outputs match. Speculative decoding is lossless.
Speedup: 0.66x
Speedup_decode: 0.71x
Spec decode tok/s: 26.41
AR decode tok/s:   37.46
 first token :NO

Draft step 0: in_token=tensor([[8996]], device='cuda:6'), in_token_decoded=NO, end_index: 6552
predicted_token: 19828, predict_score: 0.0361955352127552, token :  flour

Draft step 1: in_token=tensor([[19828]], device='cuda:6'), in_token_decoded= flour, end_index: 6553
Draft step 1, token  flour, predict_score 0.0361955352127552 < threshold 0.6, stopping draft
Verifying token 0: verify_id=3596 ( RE), draft_id=19828 ( flour), is_last=False, is_eos=False
Token 0 verification failed, accepting up to this token. is_last: False, is_eos: False, is_mismatch: True

Draft step 0: in_token=tensor([[3596]], device='cuda:6'), in_token_decoded= RE, end_index: 6553
predicted_token: 6519, predict_score: 0.02355007641017437, token :  turned

Draft step 1: in_token=tensor([[6519]], device='cuda:6'), in_token_decoded= turned, end_index: 6554
Draft step 1, token  turned, predict_score 0.02355007641017437 < threshold 0.6, stopping draft
Verifying token 0: verify_id=24834 (PLY), draft_id=6519 ( turned), is_last=False, is_eos=False
Token 0 verification failed, accepting up to this token. is_last: False, is_eos: False, is_mismatch: True

Draft step 0: in_token=tensor([[24834]], device='cuda:6'), in_token_decoded=PLY, end_index: 6554
predicted_token: 311, predict_score: 0.10504399985074997, token :  to

Draft step 1: in_token=tensor([[311]], device='cuda:6'), in_token_decoded= to, end_index: 6555
Draft step 1, token  to, predict_score 0.10504399985074997 < threshold 0.6, stopping draft
Verifying token 0: verify_id=151645 (<|im_end|>), draft_id=311 ( to), is_last=False, is_eos=True
Token 0 verification failed, accepting up to this token. is_last: False, is_eos: True, is_mismatch: True
New tokens: ['NO REPLY<|im_end|>']
Total new tokens generated: 4
[Spec] avg_accept=1.00 | tokens=4 | context_len=6551
[Adapter] acc=0/3 (0.0%) | avg_confidence=0.055 | context_len=6551
\n===== Lossless Check =====
Speculative output: NO REPLY
AR manual output:   NO REPLY
Exact match: True
OK: Outputs match. Speculative decoding is lossless.
Speedup: 0.62x
Speedup_decode: 0.64x
Spec decode tok/s: 24.91
AR decode tok/s:   38.77
 first token :NO

Draft step 0: in_token=tensor([[8996]], device='cuda:6'), in_token_decoded=NO, end_index: 6617
predicted_token: 19828, predict_score: 0.07196463644504547, token :  flour

Draft step 1: in_token=tensor([[19828]], device='cuda:6'), in_token_decoded= flour, end_index: 6618
Draft step 1, token  flour, predict_score 0.07196463644504547 < threshold 0.6, stopping draft
Verifying token 0: verify_id=3596 ( RE), draft_id=19828 ( flour), is_last=False, is_eos=False
Token 0 verification failed, accepting up to this token. is_last: False, is_eos: False, is_mismatch: True

Draft step 0: in_token=tensor([[3596]], device='cuda:6'), in_token_decoded= RE, end_index: 6618
predicted_token: 389, predict_score: 0.04492223635315895, token :  on

Draft step 1: in_token=tensor([[389]], device='cuda:6'), in_token_decoded= on, end_index: 6619
Draft step 1, token  on, predict_score 0.04492223635315895 < threshold 0.6, stopping draft
Verifying token 0: verify_id=24834 (PLY), draft_id=389 ( on), is_last=False, is_eos=False
Token 0 verification failed, accepting up to this token. is_last: False, is_eos: False, is_mismatch: True

Draft step 0: in_token=tensor([[24834]], device='cuda:6'), in_token_decoded=PLY, end_index: 6619
predicted_token: 315, predict_score: 0.286629319190979, token :  of

Draft step 1: in_token=tensor([[315]], device='cuda:6'), in_token_decoded= of, end_index: 6620
Draft step 1, token  of, predict_score 0.286629319190979 < threshold 0.6, stopping draft
Verifying token 0: verify_id=151645 (<|im_end|>), draft_id=315 ( of), is_last=False, is_eos=True
Token 0 verification failed, accepting up to this token. is_last: False, is_eos: True, is_mismatch: True
New tokens: ['NO REPLY<|im_end|>']
Total new tokens generated: 4
[Spec] avg_accept=1.00 | tokens=4 | context_len=6616
[Adapter] acc=0/3 (0.0%) | avg_confidence=0.135 | context_len=6616
\n===== Lossless Check =====
Speculative output: NO REPLY
AR manual output:   NO REPLY
Exact match: True
OK: Outputs match. Speculative decoding is lossless.
Speedup: 0.66x
Speedup_decode: 0.71x
Spec decode tok/s: 27.57
AR decode tok/s:   38.74
 first token :NO

Draft step 0: in_token=tensor([[8996]], device='cuda:6'), in_token_decoded=NO, end_index: 6682
predicted_token: 19828, predict_score: 0.027209240943193436, token :  flour

Draft step 1: in_token=tensor([[19828]], device='cuda:6'), in_token_decoded= flour, end_index: 6683
Draft step 1, token  flour, predict_score 0.027209240943193436 < threshold 0.6, stopping draft
Verifying token 0: verify_id=3596 ( RE), draft_id=19828 ( flour), is_last=False, is_eos=False
Token 0 verification failed, accepting up to this token. is_last: False, is_eos: False, is_mismatch: True

Draft step 0: in_token=tensor([[3596]], device='cuda:6'), in_token_decoded= RE, end_index: 6683
predicted_token: 26646, predict_score: 0.023635271936655045, token :  twist

Draft step 1: in_token=tensor([[26646]], device='cuda:6'), in_token_decoded= twist, end_index: 6684
Draft step 1, token  twist, predict_score 0.023635271936655045 < threshold 0.6, stopping draft
Verifying token 0: verify_id=24834 (PLY), draft_id=26646 ( twist), is_last=False, is_eos=False
Token 0 verification failed, accepting up to this token. is_last: False, is_eos: False, is_mismatch: True

Draft step 0: in_token=tensor([[24834]], device='cuda:6'), in_token_decoded=PLY, end_index: 6684
predicted_token: 315, predict_score: 0.2599254846572876, token :  of

Draft step 1: in_token=tensor([[315]], device='cuda:6'), in_token_decoded= of, end_index: 6685
Draft step 1, token  of, predict_score 0.2599254846572876 < threshold 0.6, stopping draft
Verifying token 0: verify_id=151645 (<|im_end|>), draft_id=315 ( of), is_last=False, is_eos=True
Token 0 verification failed, accepting up to this token. is_last: False, is_eos: True, is_mismatch: True
New tokens: ['NO REPLY<|im_end|>']
Total new tokens generated: 4
[Spec] avg_accept=1.00 | tokens=4 | context_len=6681
[Adapter] acc=0/3 (0.0%) | avg_confidence=0.104 | context_len=6681
\n===== Lossless Check =====
Speculative output: NO REPLY
AR manual output:   NO REPLY
Exact match: True
OK: Outputs match. Speculative decoding is lossless.
Speedup: 0.65x
Speedup_decode: 0.66x
Spec decode tok/s: 25.65
AR decode tok/s:   38.69
 first token :NO

Draft step 0: in_token=tensor([[8996]], device='cuda:6'), in_token_decoded=NO, end_index: 6747
predicted_token: 19828, predict_score: 0.056152280420064926, token :  flour

Draft step 1: in_token=tensor([[19828]], device='cuda:6'), in_token_decoded= flour, end_index: 6748
Draft step 1, token  flour, predict_score 0.056152280420064926 < threshold 0.6, stopping draft
Verifying token 0: verify_id=3596 ( RE), draft_id=19828 ( flour), is_last=False, is_eos=False
Token 0 verification failed, accepting up to this token. is_last: False, is_eos: False, is_mismatch: True

Draft step 0: in_token=tensor([[3596]], device='cuda:6'), in_token_decoded= RE, end_index: 6748
predicted_token: 389, predict_score: 0.0194524135440588, token :  on

Draft step 1: in_token=tensor([[389]], device='cuda:6'), in_token_decoded= on, end_index: 6749
Draft step 1, token  on, predict_score 0.0194524135440588 < threshold 0.6, stopping draft
Verifying token 0: verify_id=24834 (PLY), draft_id=389 ( on), is_last=False, is_eos=False
Token 0 verification failed, accepting up to this token. is_last: False, is_eos: False, is_mismatch: True

Draft step 0: in_token=tensor([[24834]], device='cuda:6'), in_token_decoded=PLY, end_index: 6749
predicted_token: 315, predict_score: 0.42301514744758606, token :  of

Draft step 1: in_token=tensor([[315]], device='cuda:6'), in_token_decoded= of, end_index: 6750
Draft step 1, token  of, predict_score 0.42301514744758606 < threshold 0.6, stopping draft
Verifying token 0: verify_id=151645 (<|im_end|>), draft_id=315 ( of), is_last=False, is_eos=True
Token 0 verification failed, accepting up to this token. is_last: False, is_eos: True, is_mismatch: True
New tokens: ['NO REPLY<|im_end|>']
Total new tokens generated: 4
[Spec] avg_accept=1.00 | tokens=4 | context_len=6746
[Adapter] acc=0/3 (0.0%) | avg_confidence=0.166 | context_len=6746
\n===== Lossless Check =====
Speculative output: NO REPLY
AR manual output:   NO REPLY
Exact match: True
OK: Outputs match. Speculative decoding is lossless.
Speedup: 0.67x
Speedup_decode: 0.70x
Spec decode tok/s: 26.46
AR decode tok/s:   37.87
 first token :NO

Draft step 0: in_token=tensor([[8996]], device='cuda:6'), in_token_decoded=NO, end_index: 6812
predicted_token: 30352, predict_score: 0.06013430282473564, token :  dough

Draft step 1: in_token=tensor([[30352]], device='cuda:6'), in_token_decoded= dough, end_index: 6813
Draft step 1, token  dough, predict_score 0.06013430282473564 < threshold 0.6, stopping draft
Verifying token 0: verify_id=3596 ( RE), draft_id=30352 ( dough), is_last=False, is_eos=False
Token 0 verification failed, accepting up to this token. is_last: False, is_eos: False, is_mismatch: True

Draft step 0: in_token=tensor([[3596]], device='cuda:6'), in_token_decoded= RE, end_index: 6813
predicted_token: 26646, predict_score: 0.025058407336473465, token :  twist

Draft step 1: in_token=tensor([[26646]], device='cuda:6'), in_token_decoded= twist, end_index: 6814
Draft step 1, token  twist, predict_score 0.025058407336473465 < threshold 0.6, stopping draft
Verifying token 0: verify_id=24834 (PLY), draft_id=26646 ( twist), is_last=False, is_eos=False
Token 0 verification failed, accepting up to this token. is_last: False, is_eos: False, is_mismatch: True

Draft step 0: in_token=tensor([[24834]], device='cuda:6'), in_token_decoded=PLY, end_index: 6814
predicted_token: 315, predict_score: 0.20918312668800354, token :  of

Draft step 1: in_token=tensor([[315]], device='cuda:6'), in_token_decoded= of, end_index: 6815
Draft step 1, token  of, predict_score 0.20918312668800354 < threshold 0.6, stopping draft
Verifying token 0: verify_id=151645 (<|im_end|>), draft_id=315 ( of), is_last=False, is_eos=True
Token 0 verification failed, accepting up to this token. is_last: False, is_eos: True, is_mismatch: True
New tokens: ['NO REPLY<|im_end|>']
Total new tokens generated: 4
[Spec] avg_accept=1.00 | tokens=4 | context_len=6811
[Adapter] acc=0/3 (0.0%) | avg_confidence=0.098 | context_len=6811
\n===== Lossless Check =====
Speculative output: NO REPLY
AR manual output:   NO REPLY
Exact match: True
OK: Outputs match. Speculative decoding is lossless.
Speedup: 0.66x
Speedup_decode: 0.66x
Spec decode tok/s: 25.24
AR decode tok/s:   38.38
 first token :NO

Draft step 0: in_token=tensor([[8996]], device='cuda:6'), in_token_decoded=NO, end_index: 6877
predicted_token: 30352, predict_score: 0.16056102514266968, token :  dough

Draft step 1: in_token=tensor([[30352]], device='cuda:6'), in_token_decoded= dough, end_index: 6878
Draft step 1, token  dough, predict_score 0.16056102514266968 < threshold 0.6, stopping draft
Verifying token 0: verify_id=3596 ( RE), draft_id=30352 ( dough), is_last=False, is_eos=False
Token 0 verification failed, accepting up to this token. is_last: False, is_eos: False, is_mismatch: True

Draft step 0: in_token=tensor([[3596]], device='cuda:6'), in_token_decoded= RE, end_index: 6878
predicted_token: 26646, predict_score: 0.02921123057603836, token :  twist

Draft step 1: in_token=tensor([[26646]], device='cuda:6'), in_token_decoded= twist, end_index: 6879
Draft step 1, token  twist, predict_score 0.02921123057603836 < threshold 0.6, stopping draft
Verifying token 0: verify_id=24834 (PLY), draft_id=26646 ( twist), is_last=False, is_eos=False
Token 0 verification failed, accepting up to this token. is_last: False, is_eos: False, is_mismatch: True

Draft step 0: in_token=tensor([[24834]], device='cuda:6'), in_token_decoded=PLY, end_index: 6879
predicted_token: 315, predict_score: 0.15273019671440125, token :  of

Draft step 1: in_token=tensor([[315]], device='cuda:6'), in_token_decoded= of, end_index: 6880
Draft step 1, token  of, predict_score 0.15273019671440125 < threshold 0.6, stopping draft
Verifying token 0: verify_id=151645 (<|im_end|>), draft_id=315 ( of), is_last=False, is_eos=True
Token 0 verification failed, accepting up to this token. is_last: False, is_eos: True, is_mismatch: True
New tokens: ['NO REPLY<|im_end|>']
Total new tokens generated: 4
[Spec] avg_accept=1.00 | tokens=4 | context_len=6876
[Adapter] acc=0/3 (0.0%) | avg_confidence=0.114 | context_len=6876
\n===== Lossless Check =====
Speculative output: NO REPLY
AR manual output:   NO REPLY
Exact match: True
OK: Outputs match. Speculative decoding is lossless.
Speedup: 0.65x
Speedup_decode: 0.68x
Spec decode tok/s: 26.42
AR decode tok/s:   38.82
 first token :The

Draft step 0: in_token=tensor([[785]], device='cuda:6'), in_token_decoded=The, end_index: 6942
predicted_token: 30352, predict_score: 0.8967134356498718, token :  dough

Draft step 1: in_token=tensor([[30352]], device='cuda:6'), in_token_decoded= dough, end_index: 6943
predicted_token: 389, predict_score: 0.26304295659065247, token :  on

Draft step 2: in_token=tensor([[389]], device='cuda:6'), in_token_decoded= on, end_index: 6944
Draft step 2, token  on, predict_score 0.26304295659065247 < threshold 0.6, stopping draft
Verifying token 0: verify_id=30352 ( dough), draft_id=30352 ( dough), is_last=False, is_eos=False
Verifying token 1: verify_id=374 ( is), draft_id=389 ( on), is_last=False, is_eos=False
Token 1 verification failed, accepting up to this token. is_last: False, is_eos: False, is_mismatch: True

Draft step 0: in_token=tensor([[374]], device='cuda:6'), in_token_decoded= is, end_index: 6944
predicted_token: 9099, predict_score: 0.16334384679794312, token :  placed

Draft step 1: in_token=tensor([[9099]], device='cuda:6'), in_token_decoded= placed, end_index: 6945
Draft step 1, token  placed, predict_score 0.16334384679794312 < threshold 0.6, stopping draft
Verifying token 0: verify_id=13853 ( kne), draft_id=9099 ( placed), is_last=False, is_eos=False
Token 0 verification failed, accepting up to this token. is_last: False, is_eos: False, is_mismatch: True

Draft step 0: in_token=tensor([[13853]], device='cuda:6'), in_token_decoded= kne, end_index: 6945
predicted_token: 329, predict_score: 0.06871764361858368, token : ad

Draft step 1: in_token=tensor([[329]], device='cuda:6'), in_token_decoded=ad, end_index: 6946
Draft step 1, token ad, predict_score 0.06871764361858368 < threshold 0.6, stopping draft
Verifying token 0: verify_id=14255 (aded), draft_id=329 (ad), is_last=False, is_eos=False
Token 0 verification failed, accepting up to this token. is_last: False, is_eos: False, is_mismatch: True

Draft step 0: in_token=tensor([[14255]], device='cuda:6'), in_token_decoded=aded, end_index: 6946
predicted_token: 323, predict_score: 0.27873483300209045, token :  and

Draft step 1: in_token=tensor([[323]], device='cuda:6'), in_token_decoded= and, end_index: 6947
Draft step 1, token  and, predict_score 0.27873483300209045 < threshold 0.6, stopping draft
Verifying token 0: verify_id=553 ( by), draft_id=323 ( and), is_last=False, is_eos=False
Token 0 verification failed, accepting up to this token. is_last: False, is_eos: False, is_mismatch: True

Draft step 0: in_token=tensor([[553]], device='cuda:6'), in_token_decoded= by, end_index: 6947
predicted_token: 9963, predict_score: 0.13061200082302094, token :  holding

Draft step 1: in_token=tensor([[9963]], device='cuda:6'), in_token_decoded= holding, end_index: 6948
Draft step 1, token  holding, predict_score 0.13061200082302094 < threshold 0.6, stopping draft
Verifying token 0: verify_id=25352 ( pressing), draft_id=9963 ( holding), is_last=False, is_eos=False
Token 0 verification failed, accepting up to this token. is_last: False, is_eos: False, is_mismatch: True

Draft step 0: in_token=tensor([[25352]], device='cuda:6'), in_token_decoded= pressing, end_index: 6948
predicted_token: 279, predict_score: 0.48061686754226685, token :  the

Draft step 1: in_token=tensor([[279]], device='cuda:6'), in_token_decoded= the, end_index: 6949
Draft step 1, token  the, predict_score 0.48061686754226685 < threshold 0.6, stopping draft
Verifying token 0: verify_id=323 ( and), draft_id=279 ( the), is_last=False, is_eos=False
Token 0 verification failed, accepting up to this token. is_last: False, is_eos: False, is_mismatch: True

Draft step 0: in_token=tensor([[323]], device='cuda:6'), in_token_decoded= and, end_index: 6949
predicted_token: 17320, predict_score: 0.19868187606334686, token :  pressed

Draft step 1: in_token=tensor([[17320]], device='cuda:6'), in_token_decoded= pressed, end_index: 6950
Draft step 1, token  pressed, predict_score 0.19868187606334686 < threshold 0.6, stopping draft
Verifying token 0: verify_id=44742 ( folding), draft_id=17320 ( pressed), is_last=False, is_eos=False
Token 0 verification failed, accepting up to this token. is_last: False, is_eos: False, is_mismatch: True

Draft step 0: in_token=tensor([[44742]], device='cuda:6'), in_token_decoded= folding, end_index: 6950
predicted_token: 389, predict_score: 0.3530769646167755, token :  on

Draft step 1: in_token=tensor([[389]], device='cuda:6'), in_token_decoded= on, end_index: 6951
Draft step 1, token  on, predict_score 0.3530769646167755 < threshold 0.6, stopping draft
Verifying token 0: verify_id=432 ( it), draft_id=389 ( on), is_last=False, is_eos=False
Token 0 verification failed, accepting up to this token. is_last: False, is_eos: False, is_mismatch: True

Draft step 0: in_token=tensor([[432]], device='cuda:6'), in_token_decoded= it, end_index: 6951
predicted_token: 448, predict_score: 0.32018887996673584, token :  with

Draft step 1: in_token=tensor([[448]], device='cuda:6'), in_token_decoded= with, end_index: 6952
Draft step 1, token  with, predict_score 0.32018887996673584 < threshold 0.6, stopping draft
Verifying token 0: verify_id=11 (,), draft_id=448 ( with), is_last=False, is_eos=False
Token 0 verification failed, accepting up to this token. is_last: False, is_eos: False, is_mismatch: True

Draft step 0: in_token=tensor([[11]], device='cuda:6'), in_token_decoded=,, end_index: 6952
predicted_token: 448, predict_score: 0.2749321460723877, token :  with

Draft step 1: in_token=tensor([[448]], device='cuda:6'), in_token_decoded= with, end_index: 6953
Draft step 1, token  with, predict_score 0.2749321460723877 < threshold 0.6, stopping draft
Verifying token 0: verify_id=448 ( with), draft_id=448 ( with), is_last=False, is_eos=False
Verifying token 1: verify_id=279 ( the), draft_id=None (None), is_last=True, is_eos=False
Token 1 verification failed, accepting up to this token. is_last: True, is_eos: False, is_mismatch: False

Draft step 0: in_token=tensor([[279]], device='cuda:6'), in_token_decoded= the, end_index: 6954
predicted_token: 30352, predict_score: 0.34908372163772583, token :  dough

Draft step 1: in_token=tensor([[30352]], device='cuda:6'), in_token_decoded= dough, end_index: 6955
Draft step 1, token  dough, predict_score 0.34908372163772583 < threshold 0.6, stopping draft
Verifying token 0: verify_id=1697 ( person), draft_id=30352 ( dough), is_last=False, is_eos=False
Token 0 verification failed, accepting up to this token. is_last: False, is_eos: False, is_mismatch: True

Draft step 0: in_token=tensor([[1697]], device='cuda:6'), in_token_decoded= person, end_index: 6955
predicted_token: 374, predict_score: 0.20319035649299622, token :  is

Draft step 1: in_token=tensor([[374]], device='cuda:6'), in_token_decoded= is, end_index: 6956
Draft step 1, token  is, predict_score 0.20319035649299622 < threshold 0.6, stopping draft
Verifying token 0: verify_id=594 ('s), draft_id=374 ( is), is_last=False, is_eos=False
Token 0 verification failed, accepting up to this token. is_last: False, is_eos: False, is_mismatch: True

Draft step 0: in_token=tensor([[594]], device='cuda:6'), in_token_decoded='s, end_index: 6956
predicted_token: 2115, predict_score: 0.10496349632740021, token :  left

Draft step 1: in_token=tensor([[2115]], device='cuda:6'), in_token_decoded= left, end_index: 6957
Draft step 1, token  left, predict_score 0.10496349632740021 < threshold 0.6, stopping draft
Verifying token 0: verify_id=6078 ( hands), draft_id=2115 ( left), is_last=False, is_eos=False
Token 0 verification failed, accepting up to this token. is_last: False, is_eos: False, is_mismatch: True

Draft step 0: in_token=tensor([[6078]], device='cuda:6'), in_token_decoded= hands, end_index: 6957
predicted_token: 323, predict_score: 0.34482869505882263, token :  and

Draft step 1: in_token=tensor([[323]], device='cuda:6'), in_token_decoded= and, end_index: 6958
Draft step 1, token  and, predict_score 0.34482869505882263 < threshold 0.6, stopping draft
Verifying token 0: verify_id=3238 ( working), draft_id=323 ( and), is_last=False, is_eos=False
Token 0 verification failed, accepting up to this token. is_last: False, is_eos: False, is_mismatch: True

Draft step 0: in_token=tensor([[3238]], device='cuda:6'), in_token_decoded= working, end_index: 6958
predicted_token: 389, predict_score: 0.37832072377204895, token :  on

Draft step 1: in_token=tensor([[389]], device='cuda:6'), in_token_decoded= on, end_index: 6959
Draft step 1, token  on, predict_score 0.37832072377204895 < threshold 0.6, stopping draft
Verifying token 0: verify_id=432 ( it), draft_id=389 ( on), is_last=False, is_eos=False
Token 0 verification failed, accepting up to this token. is_last: False, is_eos: False, is_mismatch: True

Draft step 0: in_token=tensor([[432]], device='cuda:6'), in_token_decoded= it, end_index: 6959
predicted_token: 311, predict_score: 0.5692758560180664, token :  to

Draft step 1: in_token=tensor([[311]], device='cuda:6'), in_token_decoded= to, end_index: 6960
Draft step 1, token  to, predict_score 0.5692758560180664 < threshold 0.6, stopping draft
Verifying token 0: verify_id=389 ( on), draft_id=311 ( to), is_last=False, is_eos=False
Token 0 verification failed, accepting up to this token. is_last: False, is_eos: False, is_mismatch: True

Draft step 0: in_token=tensor([[389]], device='cuda:6'), in_token_decoded= on, end_index: 6960
predicted_token: 279, predict_score: 0.9647965431213379, token :  the

Draft step 1: in_token=tensor([[279]], device='cuda:6'), in_token_decoded= the, end_index: 6961
predicted_token: 30352, predict_score: 0.45923808217048645, token :  dough

Draft step 2: in_token=tensor([[30352]], device='cuda:6'), in_token_decoded= dough, end_index: 6962
Draft step 2, token  dough, predict_score 0.45923808217048645 < threshold 0.6, stopping draft
Verifying token 0: verify_id=264 ( a), draft_id=279 ( the), is_last=False, is_eos=False
Token 0 verification failed, accepting up to this token. is_last: False, is_eos: False, is_mismatch: True

Draft step 0: in_token=tensor([[264]], device='cuda:6'), in_token_decoded= a, end_index: 6961
predicted_token: 2613, predict_score: 0.07582323253154755, token :  small

Draft step 1: in_token=tensor([[2613]], device='cuda:6'), in_token_decoded= small, end_index: 6962
Draft step 1, token  small, predict_score 0.07582323253154755 < threshold 0.6, stopping draft
Verifying token 0: verify_id=9317 ( metal), draft_id=2613 ( small), is_last=False, is_eos=False
Token 0 verification failed, accepting up to this token. is_last: False, is_eos: False, is_mismatch: True

Draft step 0: in_token=tensor([[9317]], device='cuda:6'), in_token_decoded= metal, end_index: 6962
predicted_token: 13, predict_score: 0.48609215021133423, token : .

Draft step 1: in_token=tensor([[13]], device='cuda:6'), in_token_decoded=., end_index: 6963
Draft step 1, token ., predict_score 0.48609215021133423 < threshold 0.6, stopping draft
Verifying token 0: verify_id=7329 ( surface), draft_id=13 (.), is_last=False, is_eos=False
Token 0 verification failed, accepting up to this token. is_last: False, is_eos: False, is_mismatch: True

Draft step 0: in_token=tensor([[7329]], device='cuda:6'), in_token_decoded= surface, end_index: 6963
predicted_token: 13, predict_score: 0.4965892434120178, token : .

Draft step 1: in_token=tensor([[13]], device='cuda:6'), in_token_decoded=., end_index: 6964
Draft step 1, token ., predict_score 0.4965892434120178 < threshold 0.6, stopping draft
Verifying token 0: verify_id=11 (,), draft_id=13 (.), is_last=False, is_eos=False
Token 0 verification failed, accepting up to this token. is_last: False, is_eos: False, is_mismatch: True

Draft step 0: in_token=tensor([[11]], device='cuda:6'), in_token_decoded=,, end_index: 6964
predicted_token: 1221, predict_score: 0.21714462339878082, token :  then

Draft step 1: in_token=tensor([[1221]], device='cuda:6'), in_token_decoded= then, end_index: 6965
Draft step 1, token  then, predict_score 0.21714462339878082 < threshold 0.6, stopping draft
Verifying token 0: verify_id=323 ( and), draft_id=1221 ( then), is_last=False, is_eos=False
Token 0 verification failed, accepting up to this token. is_last: False, is_eos: False, is_mismatch: True

Draft step 0: in_token=tensor([[323]], device='cuda:6'), in_token_decoded= and, end_index: 6965
predicted_token: 2484, predict_score: 0.17944243550300598, token :  turn

Draft step 1: in_token=tensor([[2484]], device='cuda:6'), in_token_decoded= turn, end_index: 6966
Draft step 1, token  turn, predict_score 0.17944243550300598 < threshold 0.6, stopping draft
Verifying token 0: verify_id=1052 ( there), draft_id=2484 ( turn), is_last=False, is_eos=False
Token 0 verification failed, accepting up to this token. is_last: False, is_eos: False, is_mismatch: True

Draft step 0: in_token=tensor([[1052]], device='cuda:6'), in_token_decoded= there, end_index: 6966
predicted_token: 374, predict_score: 0.7364410161972046, token :  is

Draft step 1: in_token=tensor([[374]], device='cuda:6'), in_token_decoded= is, end_index: 6967
predicted_token: 264, predict_score: 0.12874537706375122, token :  a

Draft step 2: in_token=tensor([[264]], device='cuda:6'), in_token_decoded= a, end_index: 6968
Draft step 2, token  a, predict_score 0.12874537706375122 < threshold 0.6, stopping draft
Verifying token 0: verify_id=525 ( are), draft_id=374 ( is), is_last=False, is_eos=False
Token 0 verification failed, accepting up to this token. is_last: False, is_eos: False, is_mismatch: True

Draft step 0: in_token=tensor([[525]], device='cuda:6'), in_token_decoded= are, end_index: 6967
predicted_token: 3931, predict_score: 0.10622052848339081, token :  cut

Draft step 1: in_token=tensor([[3931]], device='cuda:6'), in_token_decoded= cut, end_index: 6968
Draft step 1, token  cut, predict_score 0.10622052848339081 < threshold 0.6, stopping draft
Verifying token 0: verify_id=1008 ( other), draft_id=3931 ( cut), is_last=False, is_eos=False
Token 0 verification failed, accepting up to this token. is_last: False, is_eos: False, is_mismatch: True

Draft step 0: in_token=tensor([[1008]], device='cuda:6'), in_token_decoded= other, end_index: 6968
predicted_token: 6078, predict_score: 0.0418969988822937, token :  hands

Draft step 1: in_token=tensor([[6078]], device='cuda:6'), in_token_decoded= hands, end_index: 6969
Draft step 1, token  hands, predict_score 0.0418969988822937 < threshold 0.6, stopping draft
Verifying token 0: verify_id=9666 ( pieces), draft_id=6078 ( hands), is_last=False, is_eos=False
Token 0 verification failed, accepting up to this token. is_last: False, is_eos: False, is_mismatch: True

Draft step 0: in_token=tensor([[9666]], device='cuda:6'), in_token_decoded= pieces, end_index: 6969
predicted_token: 315, predict_score: 0.5925595164299011, token :  of

Draft step 1: in_token=tensor([[315]], device='cuda:6'), in_token_decoded= of, end_index: 6970
Draft step 1, token  of, predict_score 0.5925595164299011 < threshold 0.6, stopping draft
Verifying token 0: verify_id=315 ( of), draft_id=315 ( of), is_last=False, is_eos=False
Verifying token 1: verify_id=30352 ( dough), draft_id=None (None), is_last=True, is_eos=False
Token 1 verification failed, accepting up to this token. is_last: True, is_eos: False, is_mismatch: False

Draft step 0: in_token=tensor([[30352]], device='cuda:6'), in_token_decoded= dough, end_index: 6971
predicted_token: 323, predict_score: 0.309262216091156, token :  and

Draft step 1: in_token=tensor([[323]], device='cuda:6'), in_token_decoded= and, end_index: 6972
Draft step 1, token  and, predict_score 0.309262216091156 < threshold 0.6, stopping draft
Verifying token 0: verify_id=323 ( and), draft_id=323 ( and), is_last=False, is_eos=False
Verifying token 1: verify_id=264 ( a), draft_id=None (None), is_last=True, is_eos=False
Token 1 verification failed, accepting up to this token. is_last: True, is_eos: False, is_mismatch: False

Draft step 0: in_token=tensor([[264]], device='cuda:6'), in_token_decoded= a, end_index: 6973
predicted_token: 21430, predict_score: 0.21271829307079315, token :  knife

Draft step 1: in_token=tensor([[21430]], device='cuda:6'), in_token_decoded= knife, end_index: 6974
Draft step 1, token  knife, predict_score 0.21271829307079315 < threshold 0.6, stopping draft
Verifying token 0: verify_id=2613 ( small), draft_id=21430 ( knife), is_last=False, is_eos=False
Token 0 verification failed, accepting up to this token. is_last: False, is_eos: False, is_mismatch: True

Draft step 0: in_token=tensor([[2613]], device='cuda:6'), in_token_decoded= small, end_index: 6974
predicted_token: 3311, predict_score: 0.484751433134079, token :  amount

Draft step 1: in_token=tensor([[3311]], device='cuda:6'), in_token_decoded= amount, end_index: 6975
Draft step 1, token  amount, predict_score 0.484751433134079 < threshold 0.6, stopping draft
Verifying token 0: verify_id=5476 ( container), draft_id=3311 ( amount), is_last=False, is_eos=False
Token 0 verification failed, accepting up to this token. is_last: False, is_eos: False, is_mismatch: True

Draft step 0: in_token=tensor([[5476]], device='cuda:6'), in_token_decoded= container, end_index: 6975
predicted_token: 374, predict_score: 0.8387694358825684, token :  is

Draft step 1: in_token=tensor([[374]], device='cuda:6'), in_token_decoded= is, end_index: 6976
predicted_token: 9099, predict_score: 0.28744906187057495, token :  placed

Draft step 2: in_token=tensor([[9099]], device='cuda:6'), in_token_decoded= placed, end_index: 6977
Draft step 2, token  placed, predict_score 0.28744906187057495 < threshold 0.6, stopping draft
Verifying token 0: verify_id=14046 ( nearby), draft_id=374 ( is), is_last=False, is_eos=False
Token 0 verification failed, accepting up to this token. is_last: False, is_eos: False, is_mismatch: True

Draft step 0: in_token=tensor([[14046]], device='cuda:6'), in_token_decoded= nearby, end_index: 6976
predicted_token: 13, predict_score: 0.6217848658561707, token : .

Draft step 1: in_token=tensor([[13]], device='cuda:6'), in_token_decoded=., end_index: 6977
predicted_token: 151645, predict_score: 0.9888768792152405, token : <|im_end|>
Verifying token 0: verify_id=13 (.), draft_id=13 (.), is_last=False, is_eos=False
Verifying token 1: verify_id=151645 (<|im_end|>), draft_id=151645 (<|im_end|>), is_last=False, is_eos=True
Token 1 verification failed, accepting up to this token. is_last: False, is_eos: True, is_mismatch: False
New tokens: ["The dough is kneaded by pressing and folding it, with the person's hands working it on a metal surface, and there are other pieces of dough and a small container nearby.<|im_end|>"]
Total new tokens generated: 37
[Spec] avg_accept=1.16 | tokens=37 | context_len=6941
[Adapter] acc=6/33 (18.2%) | avg_confidence=0.378 | context_len=6941
\n===== Lossless Check =====
Speculative output: The dough is kneaded by pressing and folding it, with the person's hands working it on a metal surface, and there are other pieces of dough and a small container nearby.
AR manual output:   The dough is kneaded by pressing and folding it, with the person's hands working it on the table, and there are other pieces of dough and a small container nearby.
Exact match: False
WARNING: Outputs differ! Speculative decoding is NOT lossless.
Speedup: 0.96x
Speedup_decode: 0.92x
Spec decode tok/s: 27.86
AR decode tok/s:   30.18
 first token :NO

Draft step 0: in_token=tensor([[8996]], device='cuda:6'), in_token_decoded=NO, end_index: 7040
predicted_token: 30352, predict_score: 0.027678346261382103, token :  dough

Draft step 1: in_token=tensor([[30352]], device='cuda:6'), in_token_decoded= dough, end_index: 7041
Draft step 1, token  dough, predict_score 0.027678346261382103 < threshold 0.6, stopping draft
Verifying token 0: verify_id=3596 ( RE), draft_id=30352 ( dough), is_last=False, is_eos=False
Token 0 verification failed, accepting up to this token. is_last: False, is_eos: False, is_mismatch: True

Draft step 0: in_token=tensor([[3596]], device='cuda:6'), in_token_decoded= RE, end_index: 7041
predicted_token: 453, predict_score: 0.08064030110836029, token : op

Draft step 1: in_token=tensor([[453]], device='cuda:6'), in_token_decoded=op, end_index: 7042
Draft step 1, token op, predict_score 0.08064030110836029 < threshold 0.6, stopping draft
Verifying token 0: verify_id=24834 (PLY), draft_id=453 (op), is_last=False, is_eos=False
Token 0 verification failed, accepting up to this token. is_last: False, is_eos: False, is_mismatch: True

Draft step 0: in_token=tensor([[24834]], device='cuda:6'), in_token_decoded=PLY, end_index: 7042
predicted_token: 279, predict_score: 0.09479797631502151, token :  the

Draft step 1: in_token=tensor([[279]], device='cuda:6'), in_token_decoded= the, end_index: 7043
Draft step 1, token  the, predict_score 0.09479797631502151 < threshold 0.6, stopping draft
Verifying token 0: verify_id=151645 (<|im_end|>), draft_id=279 ( the), is_last=False, is_eos=True
Token 0 verification failed, accepting up to this token. is_last: False, is_eos: True, is_mismatch: True
New tokens: ['NO REPLY<|im_end|>']
Total new tokens generated: 4
[Spec] avg_accept=1.00 | tokens=4 | context_len=7039
[Adapter] acc=0/3 (0.0%) | avg_confidence=0.068 | context_len=7039
\n===== Lossless Check =====
Speculative output: NO REPLY
AR manual output:   NO REPLY
Exact match: True
OK: Outputs match. Speculative decoding is lossless.
Speedup: 0.64x
Speedup_decode: 0.65x
Spec decode tok/s: 25.25
AR decode tok/s:   38.83
 first token :NO

Draft step 0: in_token=tensor([[8996]], device='cuda:6'), in_token_decoded=NO, end_index: 7105
predicted_token: 30352, predict_score: 0.04348377510905266, token :  dough

Draft step 1: in_token=tensor([[30352]], device='cuda:6'), in_token_decoded= dough, end_index: 7106
Draft step 1, token  dough, predict_score 0.04348377510905266 < threshold 0.6, stopping draft
Verifying token 0: verify_id=3596 ( RE), draft_id=30352 ( dough), is_last=False, is_eos=False
Token 0 verification failed, accepting up to this token. is_last: False, is_eos: False, is_mismatch: True

Draft step 0: in_token=tensor([[3596]], device='cuda:6'), in_token_decoded= RE, end_index: 7106
predicted_token: 453, predict_score: 0.06190948188304901, token : op

Draft step 1: in_token=tensor([[453]], device='cuda:6'), in_token_decoded=op, end_index: 7107
Draft step 1, token op, predict_score 0.06190948188304901 < threshold 0.6, stopping draft
Verifying token 0: verify_id=24834 (PLY), draft_id=453 (op), is_last=False, is_eos=False
Token 0 verification failed, accepting up to this token. is_last: False, is_eos: False, is_mismatch: True

Draft step 0: in_token=tensor([[24834]], device='cuda:6'), in_token_decoded=PLY, end_index: 7107
predicted_token: 279, predict_score: 0.09411250799894333, token :  the

Draft step 1: in_token=tensor([[279]], device='cuda:6'), in_token_decoded= the, end_index: 7108
Draft step 1, token  the, predict_score 0.09411250799894333 < threshold 0.6, stopping draft
Verifying token 0: verify_id=151645 (<|im_end|>), draft_id=279 ( the), is_last=False, is_eos=True
Token 0 verification failed, accepting up to this token. is_last: False, is_eos: True, is_mismatch: True
New tokens: ['NO REPLY<|im_end|>']
Total new tokens generated: 4
[Spec] avg_accept=1.00 | tokens=4 | context_len=7104
[Adapter] acc=0/3 (0.0%) | avg_confidence=0.067 | context_len=7104
\n===== Lossless Check =====
Speculative output: NO REPLY
AR manual output:   NO REPLY
Exact match: True
OK: Outputs match. Speculative decoding is lossless.
Speedup: 0.56x
Speedup_decode: 0.68x
Spec decode tok/s: 25.93
AR decode tok/s:   38.22
 first token :NO

Draft step 0: in_token=tensor([[8996]], device='cuda:6'), in_token_decoded=NO, end_index: 7170
predicted_token: 30352, predict_score: 0.07569330185651779, token :  dough

Draft step 1: in_token=tensor([[30352]], device='cuda:6'), in_token_decoded= dough, end_index: 7171
Draft step 1, token  dough, predict_score 0.07569330185651779 < threshold 0.6, stopping draft
Verifying token 0: verify_id=3596 ( RE), draft_id=30352 ( dough), is_last=False, is_eos=False
Token 0 verification failed, accepting up to this token. is_last: False, is_eos: False, is_mismatch: True

Draft step 0: in_token=tensor([[3596]], device='cuda:6'), in_token_decoded= RE, end_index: 7171
predicted_token: 453, predict_score: 0.08664607256650925, token : op

Draft step 1: in_token=tensor([[453]], device='cuda:6'), in_token_decoded=op, end_index: 7172
Draft step 1, token op, predict_score 0.08664607256650925 < threshold 0.6, stopping draft
Verifying token 0: verify_id=24834 (PLY), draft_id=453 (op), is_last=False, is_eos=False
Token 0 verification failed, accepting up to this token. is_last: False, is_eos: False, is_mismatch: True

Draft step 0: in_token=tensor([[24834]], device='cuda:6'), in_token_decoded=PLY, end_index: 7172
predicted_token: 279, predict_score: 0.08853571861982346, token :  the

Draft step 1: in_token=tensor([[279]], device='cuda:6'), in_token_decoded= the, end_index: 7173
Draft step 1, token  the, predict_score 0.08853571861982346 < threshold 0.6, stopping draft
Verifying token 0: verify_id=151645 (<|im_end|>), draft_id=279 ( the), is_last=False, is_eos=True
Token 0 verification failed, accepting up to this token. is_last: False, is_eos: True, is_mismatch: True
New tokens: ['NO REPLY<|im_end|>']
Total new tokens generated: 4
[Spec] avg_accept=1.00 | tokens=4 | context_len=7169
[Adapter] acc=0/3 (0.0%) | avg_confidence=0.084 | context_len=7169
\n===== Lossless Check =====
Speculative output: NO REPLY
AR manual output:   NO REPLY
Exact match: True
OK: Outputs match. Speculative decoding is lossless.
Speedup: 0.67x
Speedup_decode: 0.71x
Spec decode tok/s: 26.39
AR decode tok/s:   36.99
 first token :The

Draft step 0: in_token=tensor([[785]], device='cuda:6'), in_token_decoded=The, end_index: 7235
predicted_token: 30352, predict_score: 0.4489489197731018, token :  dough

Draft step 1: in_token=tensor([[30352]], device='cuda:6'), in_token_decoded= dough, end_index: 7236
Draft step 1, token  dough, predict_score 0.4489489197731018 < threshold 0.6, stopping draft
Verifying token 0: verify_id=30352 ( dough), draft_id=30352 ( dough), is_last=False, is_eos=False
Verifying token 1: verify_id=374 ( is), draft_id=None (None), is_last=True, is_eos=False
Token 1 verification failed, accepting up to this token. is_last: True, is_eos: False, is_mismatch: False

Draft step 0: in_token=tensor([[374]], device='cuda:6'), in_token_decoded= is, end_index: 7237
predicted_token: 9099, predict_score: 0.2201053649187088, token :  placed

Draft step 1: in_token=tensor([[9099]], device='cuda:6'), in_token_decoded= placed, end_index: 7238
Draft step 1, token  placed, predict_score 0.2201053649187088 < threshold 0.6, stopping draft
Verifying token 0: verify_id=13853 ( kne), draft_id=9099 ( placed), is_last=False, is_eos=False
Token 0 verification failed, accepting up to this token. is_last: False, is_eos: False, is_mismatch: True

Draft step 0: in_token=tensor([[13853]], device='cuda:6'), in_token_decoded= kne, end_index: 7238
predicted_token: 11, predict_score: 0.05329703167080879, token : ,

Draft step 1: in_token=tensor([[11]], device='cuda:6'), in_token_decoded=,, end_index: 7239
Draft step 1, token ,, predict_score 0.05329703167080879 < threshold 0.6, stopping draft
Verifying token 0: verify_id=14255 (aded), draft_id=11 (,), is_last=False, is_eos=False
Token 0 verification failed, accepting up to this token. is_last: False, is_eos: False, is_mismatch: True

Draft step 0: in_token=tensor([[14255]], device='cuda:6'), in_token_decoded=aded, end_index: 7239
predicted_token: 11, predict_score: 0.19956888258457184, token : ,

Draft step 1: in_token=tensor([[11]], device='cuda:6'), in_token_decoded=,, end_index: 7240
Draft step 1, token ,, predict_score 0.19956888258457184 < threshold 0.6, stopping draft
Verifying token 0: verify_id=553 ( by), draft_id=11 (,), is_last=False, is_eos=False
Token 0 verification failed, accepting up to this token. is_last: False, is_eos: False, is_mismatch: True

Draft step 0: in_token=tensor([[553]], device='cuda:6'), in_token_decoded= by, end_index: 7240
predicted_token: 9963, predict_score: 0.10691855102777481, token :  holding

Draft step 1: in_token=tensor([[9963]], device='cuda:6'), in_token_decoded= holding, end_index: 7241
Draft step 1, token  holding, predict_score 0.10691855102777481 < threshold 0.6, stopping draft
Verifying token 0: verify_id=25352 ( pressing), draft_id=9963 ( holding), is_last=False, is_eos=False
Token 0 verification failed, accepting up to this token. is_last: False, is_eos: False, is_mismatch: True

Draft step 0: in_token=tensor([[25352]], device='cuda:6'), in_token_decoded= pressing, end_index: 7241
predicted_token: 264, predict_score: 0.4183827340602875, token :  a

Draft step 1: in_token=tensor([[264]], device='cuda:6'), in_token_decoded= a, end_index: 7242
Draft step 1, token  a, predict_score 0.4183827340602875 < threshold 0.6, stopping draft
Verifying token 0: verify_id=323 ( and), draft_id=264 ( a), is_last=False, is_eos=False
Token 0 verification failed, accepting up to this token. is_last: False, is_eos: False, is_mismatch: True

Draft step 0: in_token=tensor([[323]], device='cuda:6'), in_token_decoded= and, end_index: 7242
predicted_token: 17320, predict_score: 0.12368202954530716, token :  pressed

Draft step 1: in_token=tensor([[17320]], device='cuda:6'), in_token_decoded= pressed, end_index: 7243
Draft step 1, token  pressed, predict_score 0.12368202954530716 < threshold 0.6, stopping draft
Verifying token 0: verify_id=44742 ( folding), draft_id=17320 ( pressed), is_last=False, is_eos=False
Token 0 verification failed, accepting up to this token. is_last: False, is_eos: False, is_mismatch: True

Draft step 0: in_token=tensor([[44742]], device='cuda:6'), in_token_decoded= folding, end_index: 7243
predicted_token: 389, predict_score: 0.40156352519989014, token :  on

Draft step 1: in_token=tensor([[389]], device='cuda:6'), in_token_decoded= on, end_index: 7244
Draft step 1, token  on, predict_score 0.40156352519989014 < threshold 0.6, stopping draft
Verifying token 0: verify_id=432 ( it), draft_id=389 ( on), is_last=False, is_eos=False
Token 0 verification failed, accepting up to this token. is_last: False, is_eos: False, is_mismatch: True

Draft step 0: in_token=tensor([[432]], device='cuda:6'), in_token_decoded= it, end_index: 7244
predicted_token: 311, predict_score: 0.22477544844150543, token :  to

Draft step 1: in_token=tensor([[311]], device='cuda:6'), in_token_decoded= to, end_index: 7245
Draft step 1, token  to, predict_score 0.22477544844150543 < threshold 0.6, stopping draft
Verifying token 0: verify_id=11 (,), draft_id=311 ( to), is_last=False, is_eos=False
Token 0 verification failed, accepting up to this token. is_last: False, is_eos: False, is_mismatch: True

Draft step 0: in_token=tensor([[11]], device='cuda:6'), in_token_decoded=,, end_index: 7245
predicted_token: 448, predict_score: 0.2481575310230255, token :  with

Draft step 1: in_token=tensor([[448]], device='cuda:6'), in_token_decoded= with, end_index: 7246
Draft step 1, token  with, predict_score 0.2481575310230255 < threshold 0.6, stopping draft
Verifying token 0: verify_id=1221 ( then), draft_id=448 ( with), is_last=False, is_eos=False
Token 0 verification failed, accepting up to this token. is_last: False, is_eos: False, is_mismatch: True

Draft step 0: in_token=tensor([[1221]], device='cuda:6'), in_token_decoded= then, end_index: 7246
predicted_token: 3493, predict_score: 0.06850013136863708, token :  press

Draft step 1: in_token=tensor([[3493]], device='cuda:6'), in_token_decoded= press, end_index: 7247
Draft step 1, token  press, predict_score 0.06850013136863708 < threshold 0.6, stopping draft
Verifying token 0: verify_id=9099 ( placed), draft_id=3493 ( press), is_last=False, is_eos=False
Token 0 verification failed, accepting up to this token. is_last: False, is_eos: False, is_mismatch: True

Draft step 0: in_token=tensor([[9099]], device='cuda:6'), in_token_decoded= placed, end_index: 7247
predicted_token: 389, predict_score: 0.9367864727973938, token :  on

Draft step 1: in_token=tensor([[389]], device='cuda:6'), in_token_decoded= on, end_index: 7248
predicted_token: 279, predict_score: 0.8900695443153381, token :  the

Draft step 2: in_token=tensor([[279]], device='cuda:6'), in_token_decoded= the, end_index: 7249
predicted_token: 1965, predict_score: 0.545681893825531, token :  table

Draft step 3: in_token=tensor([[1965]], device='cuda:6'), in_token_decoded= table, end_index: 7250
Draft step 3, token  table, predict_score 0.545681893825531 < threshold 0.6, stopping draft
Verifying token 0: verify_id=1119 ( into), draft_id=389 ( on), is_last=False, is_eos=False
Token 0 verification failed, accepting up to this token. is_last: False, is_eos: False, is_mismatch: True

Draft step 0: in_token=tensor([[1119]], device='cuda:6'), in_token_decoded= into, end_index: 7248
predicted_token: 264, predict_score: 0.8174622654914856, token :  a

Draft step 1: in_token=tensor([[264]], device='cuda:6'), in_token_decoded= a, end_index: 7249
predicted_token: 57209, predict_score: 0.36153173446655273, token :  basin

Draft step 2: in_token=tensor([[57209]], device='cuda:6'), in_token_decoded= basin, end_index: 7250
Draft step 2, token  basin, predict_score 0.36153173446655273 < threshold 0.6, stopping draft
Verifying token 0: verify_id=264 ( a), draft_id=264 ( a), is_last=False, is_eos=False
Verifying token 1: verify_id=30352 ( dough), draft_id=57209 ( basin), is_last=False, is_eos=False
Token 1 verification failed, accepting up to this token. is_last: False, is_eos: False, is_mismatch: True

Draft step 0: in_token=tensor([[30352]], device='cuda:6'), in_token_decoded= dough, end_index: 7250
predicted_token: 11, predict_score: 0.16395768523216248, token : ,

Draft step 1: in_token=tensor([[11]], device='cuda:6'), in_token_decoded=,, end_index: 7251
Draft step 1, token ,, predict_score 0.16395768523216248 < threshold 0.6, stopping draft
Verifying token 0: verify_id=37778 ( mixer), draft_id=11 (,), is_last=False, is_eos=False
Token 0 verification failed, accepting up to this token. is_last: False, is_eos: False, is_mismatch: True

Draft step 0: in_token=tensor([[37778]], device='cuda:6'), in_token_decoded= mixer, end_index: 7251
predicted_token: 13, predict_score: 0.15489859879016876, token : .

Draft step 1: in_token=tensor([[13]], device='cuda:6'), in_token_decoded=., end_index: 7252
Draft step 1, token ., predict_score 0.15489859879016876 < threshold 0.6, stopping draft
Verifying token 0: verify_id=11 (,), draft_id=13 (.), is_last=False, is_eos=False
Token 0 verification failed, accepting up to this token. is_last: False, is_eos: False, is_mismatch: True

Draft step 0: in_token=tensor([[11]], device='cuda:6'), in_token_decoded=,, end_index: 7252
predicted_token: 323, predict_score: 0.2391778975725174, token :  and

Draft step 1: in_token=tensor([[323]], device='cuda:6'), in_token_decoded= and, end_index: 7253
Draft step 1, token  and, predict_score 0.2391778975725174 < threshold 0.6, stopping draft
Verifying token 0: verify_id=323 ( and), draft_id=323 ( and), is_last=False, is_eos=False
Verifying token 1: verify_id=279 ( the), draft_id=None (None), is_last=True, is_eos=False
Token 1 verification failed, accepting up to this token. is_last: True, is_eos: False, is_mismatch: False

Draft step 0: in_token=tensor([[279]], device='cuda:6'), in_token_decoded= the, end_index: 7254
predicted_token: 30352, predict_score: 0.16138415038585663, token :  dough

Draft step 1: in_token=tensor([[30352]], device='cuda:6'), in_token_decoded= dough, end_index: 7255
Draft step 1, token  dough, predict_score 0.16138415038585663 < threshold 0.6, stopping draft
Verifying token 0: verify_id=1697 ( person), draft_id=30352 ( dough), is_last=False, is_eos=False
Token 0 verification failed, accepting up to this token. is_last: False, is_eos: False, is_mismatch: True

Draft step 0: in_token=tensor([[1697]], device='cuda:6'), in_token_decoded= person, end_index: 7255
predicted_token: 374, predict_score: 0.1888018250465393, token :  is

Draft step 1: in_token=tensor([[374]], device='cuda:6'), in_token_decoded= is, end_index: 7256
Draft step 1, token  is, predict_score 0.1888018250465393 < threshold 0.6, stopping draft
Verifying token 0: verify_id=594 ('s), draft_id=374 ( is), is_last=False, is_eos=False
Token 0 verification failed, accepting up to this token. is_last: False, is_eos: False, is_mismatch: True

Draft step 0: in_token=tensor([[594]], device='cuda:6'), in_token_decoded='s, end_index: 7256
predicted_token: 30352, predict_score: 0.2771044671535492, token :  dough

Draft step 1: in_token=tensor([[30352]], device='cuda:6'), in_token_decoded= dough, end_index: 7257
Draft step 1, token  dough, predict_score 0.2771044671535492 < threshold 0.6, stopping draft
Verifying token 0: verify_id=6078 ( hands), draft_id=30352 ( dough), is_last=False, is_eos=False
Token 0 verification failed, accepting up to this token. is_last: False, is_eos: False, is_mismatch: True

Draft step 0: in_token=tensor([[6078]], device='cuda:6'), in_token_decoded= hands, end_index: 7257
predicted_token: 13, predict_score: 0.28106892108917236, token : .

Draft step 1: in_token=tensor([[13]], device='cuda:6'), in_token_decoded=., end_index: 7258
Draft step 1, token ., predict_score 0.28106892108917236 < threshold 0.6, stopping draft
Verifying token 0: verify_id=3060 ( continue), draft_id=13 (.), is_last=False, is_eos=False
Token 0 verification failed, accepting up to this token. is_last: False, is_eos: False, is_mismatch: True

Draft step 0: in_token=tensor([[3060]], device='cuda:6'), in_token_decoded= continue, end_index: 7258
predicted_token: 311, predict_score: 0.7803512215614319, token :  to

Draft step 1: in_token=tensor([[311]], device='cuda:6'), in_token_decoded= to, end_index: 7259
predicted_token: 3493, predict_score: 0.1029508039355278, token :  press

Draft step 2: in_token=tensor([[3493]], device='cuda:6'), in_token_decoded= press, end_index: 7260
Draft step 2, token  press, predict_score 0.1029508039355278 < threshold 0.6, stopping draft
Verifying token 0: verify_id=311 ( to), draft_id=311 ( to), is_last=False, is_eos=False
Verifying token 1: verify_id=975 ( work), draft_id=3493 ( press), is_last=False, is_eos=False
Token 1 verification failed, accepting up to this token. is_last: False, is_eos: False, is_mismatch: True

Draft step 0: in_token=tensor([[975]], device='cuda:6'), in_token_decoded= work, end_index: 7260
predicted_token: 13, predict_score: 0.4116438329219818, token : .

Draft step 1: in_token=tensor([[13]], device='cuda:6'), in_token_decoded=., end_index: 7261
Draft step 1, token ., predict_score 0.4116438329219818 < threshold 0.6, stopping draft
Verifying token 0: verify_id=432 ( it), draft_id=13 (.), is_last=False, is_eos=False
Token 0 verification failed, accepting up to this token. is_last: False, is_eos: False, is_mismatch: True

Draft step 0: in_token=tensor([[432]], device='cuda:6'), in_token_decoded= it, end_index: 7261
predicted_token: 311, predict_score: 0.2663043737411499, token :  to

Draft step 1: in_token=tensor([[311]], device='cuda:6'), in_token_decoded= to, end_index: 7262
Draft step 1, token  to, predict_score 0.2663043737411499 < threshold 0.6, stopping draft
Verifying token 0: verify_id=4766 ( inside), draft_id=311 ( to), is_last=False, is_eos=False
Token 0 verification failed, accepting up to this token. is_last: False, is_eos: False, is_mismatch: True

Draft step 0: in_token=tensor([[4766]], device='cuda:6'), in_token_decoded= inside, end_index: 7262
predicted_token: 13, predict_score: 0.4923911392688751, token : .

Draft step 1: in_token=tensor([[13]], device='cuda:6'), in_token_decoded=., end_index: 7263
Draft step 1, token ., predict_score 0.4923911392688751 < threshold 0.6, stopping draft
Verifying token 0: verify_id=279 ( the), draft_id=13 (.), is_last=False, is_eos=False
Token 0 verification failed, accepting up to this token. is_last: False, is_eos: False, is_mismatch: True

Draft step 0: in_token=tensor([[279]], device='cuda:6'), in_token_decoded= the, end_index: 7263
predicted_token: 57209, predict_score: 0.17289382219314575, token :  basin

Draft step 1: in_token=tensor([[57209]], device='cuda:6'), in_token_decoded= basin, end_index: 7264
Draft step 1, token  basin, predict_score 0.17289382219314575 < threshold 0.6, stopping draft
Verifying token 0: verify_id=37778 ( mixer), draft_id=57209 ( basin), is_last=False, is_eos=False
Token 0 verification failed, accepting up to this token. is_last: False, is_eos: False, is_mismatch: True

Draft step 0: in_token=tensor([[37778]], device='cuda:6'), in_token_decoded= mixer, end_index: 7264
predicted_token: 13, predict_score: 0.5350340604782104, token : .

Draft step 1: in_token=tensor([[13]], device='cuda:6'), in_token_decoded=., end_index: 7265
Draft step 1, token ., predict_score 0.5350340604782104 < threshold 0.6, stopping draft
Verifying token 0: verify_id=11 (,), draft_id=13 (.), is_last=False, is_eos=False
Token 0 verification failed, accepting up to this token. is_last: False, is_eos: False, is_mismatch: True

Draft step 0: in_token=tensor([[11]], device='cuda:6'), in_token_decoded=,, end_index: 7265
predicted_token: 323, predict_score: 0.2888298034667969, token :  and

Draft step 1: in_token=tensor([[323]], device='cuda:6'), in_token_decoded= and, end_index: 7266
Draft step 1, token  and, predict_score 0.2888298034667969 < threshold 0.6, stopping draft
Verifying token 0: verify_id=448 ( with), draft_id=323 ( and), is_last=False, is_eos=False
Token 0 verification failed, accepting up to this token. is_last: False, is_eos: False, is_mismatch: True

Draft step 0: in_token=tensor([[448]], device='cuda:6'), in_token_decoded= with, end_index: 7266
predicted_token: 3015, predict_score: 0.37020784616470337, token :  water

Draft step 1: in_token=tensor([[3015]], device='cuda:6'), in_token_decoded= water, end_index: 7267
Draft step 1, token  water, predict_score 0.37020784616470337 < threshold 0.6, stopping draft
Verifying token 0: verify_id=279 ( the), draft_id=3015 ( water), is_last=False, is_eos=False
Token 0 verification failed, accepting up to this token. is_last: False, is_eos: False, is_mismatch: True

Draft step 0: in_token=tensor([[279]], device='cuda:6'), in_token_decoded= the, end_index: 7267
predicted_token: 1424, predict_score: 0.09562841802835464, token :  hand

Draft step 1: in_token=tensor([[1424]], device='cuda:6'), in_token_decoded= hand, end_index: 7268
Draft step 1, token  hand, predict_score 0.09562841802835464 < threshold 0.6, stopping draft
Verifying token 0: verify_id=37778 ( mixer), draft_id=1424 ( hand), is_last=False, is_eos=False
Token 0 verification failed, accepting up to this token. is_last: False, is_eos: False, is_mismatch: True

Draft step 0: in_token=tensor([[37778]], device='cuda:6'), in_token_decoded= mixer, end_index: 7268
predicted_token: 13, predict_score: 0.10401050746440887, token : .

Draft step 1: in_token=tensor([[13]], device='cuda:6'), in_token_decoded=., end_index: 7269
Draft step 1, token ., predict_score 0.10401050746440887 < threshold 0.6, stopping draft
Verifying token 0: verify_id=594 ('s), draft_id=13 (.), is_last=False, is_eos=False
Token 0 verification failed, accepting up to this token. is_last: False, is_eos: False, is_mismatch: True

Draft step 0: in_token=tensor([[594]], device='cuda:6'), in_token_decoded='s, end_index: 7269
predicted_token: 7329, predict_score: 0.06279829889535904, token :  surface

Draft step 1: in_token=tensor([[7329]], device='cuda:6'), in_token_decoded= surface, end_index: 7270
Draft step 1, token  surface, predict_score 0.06279829889535904 < threshold 0.6, stopping draft
Verifying token 0: verify_id=41642 ( blades), draft_id=7329 ( surface), is_last=False, is_eos=False
Token 0 verification failed, accepting up to this token. is_last: False, is_eos: False, is_mismatch: True

Draft step 0: in_token=tensor([[41642]], device='cuda:6'), in_token_decoded= blades, end_index: 7270
predicted_token: 311, predict_score: 0.268934428691864, token :  to

Draft step 1: in_token=tensor([[311]], device='cuda:6'), in_token_decoded= to, end_index: 7271
Draft step 1, token  to, predict_score 0.268934428691864 < threshold 0.6, stopping draft
Verifying token 0: verify_id=13054 ( turning), draft_id=311 ( to), is_last=False, is_eos=False
Token 0 verification failed, accepting up to this token. is_last: False, is_eos: False, is_mismatch: True

Draft step 0: in_token=tensor([[13054]], device='cuda:6'), in_token_decoded= turning, end_index: 7271
predicted_token: 389, predict_score: 0.8646017909049988, token :  on

Draft step 1: in_token=tensor([[389]], device='cuda:6'), in_token_decoded= on, end_index: 7272
predicted_token: 279, predict_score: 0.8571650385856628, token :  the

Draft step 2: in_token=tensor([[279]], device='cuda:6'), in_token_decoded= the, end_index: 7273
predicted_token: 44015, predict_score: 0.1762014478445053, token :  stove

Draft step 3: in_token=tensor([[44015]], device='cuda:6'), in_token_decoded= stove, end_index: 7274
Draft step 3, token  stove, predict_score 0.1762014478445053 < threshold 0.6, stopping draft
Verifying token 0: verify_id=311 ( to), draft_id=389 ( on), is_last=False, is_eos=False
Token 0 verification failed, accepting up to this token. is_last: False, is_eos: False, is_mismatch: True

Draft step 0: in_token=tensor([[311]], device='cuda:6'), in_token_decoded= to, end_index: 7272
predicted_token: 279, predict_score: 0.4864445626735687, token :  the

Draft step 1: in_token=tensor([[279]], device='cuda:6'), in_token_decoded= the, end_index: 7273
Draft step 1, token  the, predict_score 0.4864445626735687 < threshold 0.6, stopping draft
Verifying token 0: verify_id=4623 ( further), draft_id=279 ( the), is_last=False, is_eos=False
Token 0 verification failed, accepting up to this token. is_last: False, is_eos: False, is_mismatch: True

Draft step 0: in_token=tensor([[4623]], device='cuda:6'), in_token_decoded= further, end_index: 7273
predicted_token: 374, predict_score: 0.46165868639945984, token :  is

Draft step 1: in_token=tensor([[374]], device='cuda:6'), in_token_decoded= is, end_index: 7274
Draft step 1, token  is, predict_score 0.46165868639945984 < threshold 0.6, stopping draft
Verifying token 0: verify_id=13853 ( kne), draft_id=374 ( is), is_last=False, is_eos=False
Token 0 verification failed, accepting up to this token. is_last: False, is_eos: False, is_mismatch: True

Draft step 0: in_token=tensor([[13853]], device='cuda:6'), in_token_decoded= kne, end_index: 7274
predicted_token: 329, predict_score: 0.10329647362232208, token : ad

Draft step 1: in_token=tensor([[329]], device='cuda:6'), in_token_decoded=ad, end_index: 7275
Draft step 1, token ad, predict_score 0.10329647362232208 < threshold 0.6, stopping draft
Verifying token 0: verify_id=329 (ad), draft_id=329 (ad), is_last=False, is_eos=False
Verifying token 1: verify_id=279 ( the), draft_id=None (None), is_last=True, is_eos=False
Token 1 verification failed, accepting up to this token. is_last: True, is_eos: False, is_mismatch: False

Draft step 0: in_token=tensor([[279]], device='cuda:6'), in_token_decoded= the, end_index: 7276
predicted_token: 19828, predict_score: 0.5512568354606628, token :  flour

Draft step 1: in_token=tensor([[19828]], device='cuda:6'), in_token_decoded= flour, end_index: 7277
Draft step 1, token  flour, predict_score 0.5512568354606628 < threshold 0.6, stopping draft
Verifying token 0: verify_id=30352 ( dough), draft_id=19828 ( flour), is_last=False, is_eos=False
Token 0 verification failed, accepting up to this token. is_last: False, is_eos: False, is_mismatch: True

Draft step 0: in_token=tensor([[30352]], device='cuda:6'), in_token_decoded= dough, end_index: 7277
predicted_token: 323, predict_score: 0.2712975740432739, token :  and

Draft step 1: in_token=tensor([[323]], device='cuda:6'), in_token_decoded= and, end_index: 7278
Draft step 1, token  and, predict_score 0.2712975740432739 < threshold 0.6, stopping draft
Verifying token 0: verify_id=13 (.), draft_id=323 ( and), is_last=False, is_eos=False
Token 0 verification failed, accepting up to this token. is_last: False, is_eos: False, is_mismatch: True

Draft step 0: in_token=tensor([[13]], device='cuda:6'), in_token_decoded=., end_index: 7278
predicted_token: 151645, predict_score: 0.9885870814323425, token : <|im_end|>
Verifying token 0: verify_id=151645 (<|im_end|>), draft_id=151645 (<|im_end|>), is_last=False, is_eos=True
Token 0 verification failed, accepting up to this token. is_last: False, is_eos: True, is_mismatch: False
New tokens: ["The dough is kneaded by pressing and folding it, then placed into a dough mixer, and the person's hands continue to work it inside the mixer, with the mixer's blades turning to further knead the dough.<|im_end|>"]
Total new tokens generated: 45
[Spec] avg_accept=1.13 | tokens=45 | context_len=7234
[Adapter] acc=6/41 (14.6%) | avg_confidence=0.361 | context_len=7234
\n===== Lossless Check =====
Speculative output: The dough is kneaded by pressing and folding it, then placed into a dough mixer, and the person's hands continue to work it inside the mixer, with the mixer's blades turning to further knead the dough.
AR manual output:   The dough is kneaded by pressing and folding it, then placed into a dough mixer, and the person's hands continue to work it inside the mixer, with the mixer's blades turning to further knead the dough.
Exact match: True
OK: Outputs match. Speculative decoding is lossless.
Speedup: 0.94x
Speedup_decode: 0.91x
Spec decode tok/s: 26.93
AR decode tok/s:   29.65
 first token :NO

Draft step 0: in_token=tensor([[8996]], device='cuda:6'), in_token_decoded=NO, end_index: 7341
predicted_token: 13, predict_score: 0.009451492689549923, token : .

Draft step 1: in_token=tensor([[13]], device='cuda:6'), in_token_decoded=., end_index: 7342
Draft step 1, token ., predict_score 0.009451492689549923 < threshold 0.6, stopping draft
Verifying token 0: verify_id=3596 ( RE), draft_id=13 (.), is_last=False, is_eos=False
Token 0 verification failed, accepting up to this token. is_last: False, is_eos: False, is_mismatch: True

Draft step 0: in_token=tensor([[3596]], device='cuda:6'), in_token_decoded= RE, end_index: 7342
predicted_token: 453, predict_score: 0.043262921273708344, token : op

Draft step 1: in_token=tensor([[453]], device='cuda:6'), in_token_decoded=op, end_index: 7343
Draft step 1, token op, predict_score 0.043262921273708344 < threshold 0.6, stopping draft
Verifying token 0: verify_id=24834 (PLY), draft_id=453 (op), is_last=False, is_eos=False
Token 0 verification failed, accepting up to this token. is_last: False, is_eos: False, is_mismatch: True

Draft step 0: in_token=tensor([[24834]], device='cuda:6'), in_token_decoded=PLY, end_index: 7343
predicted_token: 369, predict_score: 0.10539597272872925, token :  for

Draft step 1: in_token=tensor([[369]], device='cuda:6'), in_token_decoded= for, end_index: 7344
Draft step 1, token  for, predict_score 0.10539597272872925 < threshold 0.6, stopping draft
Verifying token 0: verify_id=151645 (<|im_end|>), draft_id=369 ( for), is_last=False, is_eos=True
Token 0 verification failed, accepting up to this token. is_last: False, is_eos: True, is_mismatch: True
New tokens: ['NO REPLY<|im_end|>']
Total new tokens generated: 4
[Spec] avg_accept=1.00 | tokens=4 | context_len=7340
[Adapter] acc=0/3 (0.0%) | avg_confidence=0.053 | context_len=7340
\n===== Lossless Check =====
Speculative output: NO REPLY
AR manual output:   NO REPLY
Exact match: True
OK: Outputs match. Speculative decoding is lossless.
Speedup: 0.58x
Speedup_decode: 0.61x
Spec decode tok/s: 23.47
AR decode tok/s:   38.39
 first token :NO

Draft step 0: in_token=tensor([[8996]], device='cuda:6'), in_token_decoded=NO, end_index: 7406
predicted_token: 279, predict_score: 0.015601926483213902, token :  the

Draft step 1: in_token=tensor([[279]], device='cuda:6'), in_token_decoded= the, end_index: 7407
Draft step 1, token  the, predict_score 0.015601926483213902 < threshold 0.6, stopping draft
Verifying token 0: verify_id=3596 ( RE), draft_id=279 ( the), is_last=False, is_eos=False
Token 0 verification failed, accepting up to this token. is_last: False, is_eos: False, is_mismatch: True

Draft step 0: in_token=tensor([[3596]], device='cuda:6'), in_token_decoded= RE, end_index: 7407
predicted_token: 453, predict_score: 0.03194522112607956, token : op

Draft step 1: in_token=tensor([[453]], device='cuda:6'), in_token_decoded=op, end_index: 7408
Draft step 1, token op, predict_score 0.03194522112607956 < threshold 0.6, stopping draft
Verifying token 0: verify_id=24834 (PLY), draft_id=453 (op), is_last=False, is_eos=False
Token 0 verification failed, accepting up to this token. is_last: False, is_eos: False, is_mismatch: True

Draft step 0: in_token=tensor([[24834]], device='cuda:6'), in_token_decoded=PLY, end_index: 7408
predicted_token: 279, predict_score: 0.1046348288655281, token :  the

Draft step 1: in_token=tensor([[279]], device='cuda:6'), in_token_decoded= the, end_index: 7409
Draft step 1, token  the, predict_score 0.1046348288655281 < threshold 0.6, stopping draft
Verifying token 0: verify_id=151645 (<|im_end|>), draft_id=279 ( the), is_last=False, is_eos=True
Token 0 verification failed, accepting up to this token. is_last: False, is_eos: True, is_mismatch: True
New tokens: ['NO REPLY<|im_end|>']
Total new tokens generated: 4
[Spec] avg_accept=1.00 | tokens=4 | context_len=7405
[Adapter] acc=0/3 (0.0%) | avg_confidence=0.051 | context_len=7405
\n===== Lossless Check =====
Speculative output: NO REPLY
AR manual output:   NO REPLY
Exact match: True
OK: Outputs match. Speculative decoding is lossless.
Speedup: 0.66x
Speedup_decode: 0.63x
Spec decode tok/s: 23.95
AR decode tok/s:   37.95
 first token :NO

Draft step 0: in_token=tensor([[8996]], device='cuda:6'), in_token_decoded=NO, end_index: 7471
predicted_token: 13, predict_score: 0.017645573243498802, token : .

Draft step 1: in_token=tensor([[13]], device='cuda:6'), in_token_decoded=., end_index: 7472
Draft step 1, token ., predict_score 0.017645573243498802 < threshold 0.6, stopping draft
Verifying token 0: verify_id=3596 ( RE), draft_id=13 (.), is_last=False, is_eos=False
Token 0 verification failed, accepting up to this token. is_last: False, is_eos: False, is_mismatch: True

Draft step 0: in_token=tensor([[3596]], device='cuda:6'), in_token_decoded= RE, end_index: 7472
predicted_token: 652, predict_score: 0.03601102903485298, token : ber

Draft step 1: in_token=tensor([[652]], device='cuda:6'), in_token_decoded=ber, end_index: 7473
Draft step 1, token ber, predict_score 0.03601102903485298 < threshold 0.6, stopping draft
Verifying token 0: verify_id=24834 (PLY), draft_id=652 (ber), is_last=False, is_eos=False
Token 0 verification failed, accepting up to this token. is_last: False, is_eos: False, is_mismatch: True

Draft step 0: in_token=tensor([[24834]], device='cuda:6'), in_token_decoded=PLY, end_index: 7473
predicted_token: 438, predict_score: 0.0828925147652626, token :  as

Draft step 1: in_token=tensor([[438]], device='cuda:6'), in_token_decoded= as, end_index: 7474
Draft step 1, token  as, predict_score 0.0828925147652626 < threshold 0.6, stopping draft
Verifying token 0: verify_id=151645 (<|im_end|>), draft_id=438 ( as), is_last=False, is_eos=True
Token 0 verification failed, accepting up to this token. is_last: False, is_eos: True, is_mismatch: True
New tokens: ['NO REPLY<|im_end|>']
Total new tokens generated: 4
[Spec] avg_accept=1.00 | tokens=4 | context_len=7470
[Adapter] acc=0/3 (0.0%) | avg_confidence=0.046 | context_len=7470
\n===== Lossless Check =====
Speculative output: NO REPLY
AR manual output:   NO REPLY
Exact match: True
OK: Outputs match. Speculative decoding is lossless.
Speedup: 0.65x
Speedup_decode: 0.65x
Spec decode tok/s: 24.89
AR decode tok/s:   38.07
 first token :NO

Draft step 0: in_token=tensor([[8996]], device='cuda:6'), in_token_decoded=NO, end_index: 7536
predicted_token: 13, predict_score: 0.017199959605932236, token : .

Draft step 1: in_token=tensor([[13]], device='cuda:6'), in_token_decoded=., end_index: 7537
Draft step 1, token ., predict_score 0.017199959605932236 < threshold 0.6, stopping draft
Verifying token 0: verify_id=3596 ( RE), draft_id=13 (.), is_last=False, is_eos=False
Token 0 verification failed, accepting up to this token. is_last: False, is_eos: False, is_mismatch: True

Draft step 0: in_token=tensor([[3596]], device='cuda:6'), in_token_decoded= RE, end_index: 7537
predicted_token: 453, predict_score: 0.027775311842560768, token : op

Draft step 1: in_token=tensor([[453]], device='cuda:6'), in_token_decoded=op, end_index: 7538
Draft step 1, token op, predict_score 0.027775311842560768 < threshold 0.6, stopping draft
Verifying token 0: verify_id=24834 (PLY), draft_id=453 (op), is_last=False, is_eos=False
Token 0 verification failed, accepting up to this token. is_last: False, is_eos: False, is_mismatch: True

Draft step 0: in_token=tensor([[24834]], device='cuda:6'), in_token_decoded=PLY, end_index: 7538
predicted_token: 13, predict_score: 0.16291816532611847, token : .

Draft step 1: in_token=tensor([[13]], device='cuda:6'), in_token_decoded=., end_index: 7539
Draft step 1, token ., predict_score 0.16291816532611847 < threshold 0.6, stopping draft
Verifying token 0: verify_id=151645 (<|im_end|>), draft_id=13 (.), is_last=False, is_eos=True
Token 0 verification failed, accepting up to this token. is_last: False, is_eos: True, is_mismatch: True
New tokens: ['NO REPLY<|im_end|>']
Total new tokens generated: 4
[Spec] avg_accept=1.00 | tokens=4 | context_len=7535
[Adapter] acc=0/3 (0.0%) | avg_confidence=0.069 | context_len=7535
\n===== Lossless Check =====
Speculative output: NO REPLY
AR manual output:   NO REPLY
Exact match: True
OK: Outputs match. Speculative decoding is lossless.
Speedup: 0.65x
Speedup_decode: 0.62x
Spec decode tok/s: 23.68
AR decode tok/s:   38.01
 first token :The

Draft step 0: in_token=tensor([[785]], device='cuda:6'), in_token_decoded=The, end_index: 7601
predicted_token: 30352, predict_score: 0.14446976780891418, token :  dough

Draft step 1: in_token=tensor([[30352]], device='cuda:6'), in_token_decoded= dough, end_index: 7602
Draft step 1, token  dough, predict_score 0.14446976780891418 < threshold 0.6, stopping draft
Verifying token 0: verify_id=30352 ( dough), draft_id=30352 ( dough), is_last=False, is_eos=False
Verifying token 1: verify_id=374 ( is), draft_id=None (None), is_last=True, is_eos=False
Token 1 verification failed, accepting up to this token. is_last: True, is_eos: False, is_mismatch: False

Draft step 0: in_token=tensor([[374]], device='cuda:6'), in_token_decoded= is, end_index: 7603
predicted_token: 9099, predict_score: 0.22694151103496552, token :  placed

Draft step 1: in_token=tensor([[9099]], device='cuda:6'), in_token_decoded= placed, end_index: 7604
Draft step 1, token  placed, predict_score 0.22694151103496552 < threshold 0.6, stopping draft
Verifying token 0: verify_id=13853 ( kne), draft_id=9099 ( placed), is_last=False, is_eos=False
Token 0 verification failed, accepting up to this token. is_last: False, is_eos: False, is_mismatch: True

Draft step 0: in_token=tensor([[13853]], device='cuda:6'), in_token_decoded= kne, end_index: 7604
predicted_token: 11, predict_score: 0.08895760774612427, token : ,

Draft step 1: in_token=tensor([[11]], device='cuda:6'), in_token_decoded=,, end_index: 7605
Draft step 1, token ,, predict_score 0.08895760774612427 < threshold 0.6, stopping draft
Verifying token 0: verify_id=14255 (aded), draft_id=11 (,), is_last=False, is_eos=False
Token 0 verification failed, accepting up to this token. is_last: False, is_eos: False, is_mismatch: True

Draft step 0: in_token=tensor([[14255]], device='cuda:6'), in_token_decoded=aded, end_index: 7605
predicted_token: 311, predict_score: 0.23513466119766235, token :  to

Draft step 1: in_token=tensor([[311]], device='cuda:6'), in_token_decoded= to, end_index: 7606
Draft step 1, token  to, predict_score 0.23513466119766235 < threshold 0.6, stopping draft
Verifying token 0: verify_id=553 ( by), draft_id=311 ( to), is_last=False, is_eos=False
Token 0 verification failed, accepting up to this token. is_last: False, is_eos: False, is_mismatch: True

Draft step 0: in_token=tensor([[553]], device='cuda:6'), in_token_decoded= by, end_index: 7606
predicted_token: 9963, predict_score: 0.30032992362976074, token :  holding

Draft step 1: in_token=tensor([[9963]], device='cuda:6'), in_token_decoded= holding, end_index: 7607
Draft step 1, token  holding, predict_score 0.30032992362976074 < threshold 0.6, stopping draft
Verifying token 0: verify_id=25352 ( pressing), draft_id=9963 ( holding), is_last=False, is_eos=False
Token 0 verification failed, accepting up to this token. is_last: False, is_eos: False, is_mismatch: True

Draft step 0: in_token=tensor([[25352]], device='cuda:6'), in_token_decoded= pressing, end_index: 7607
predicted_token: 279, predict_score: 0.6569377779960632, token :  the

Draft step 1: in_token=tensor([[279]], device='cuda:6'), in_token_decoded= the, end_index: 7608
predicted_token: 30352, predict_score: 0.2679111659526825, token :  dough

Draft step 2: in_token=tensor([[30352]], device='cuda:6'), in_token_decoded= dough, end_index: 7609
Draft step 2, token  dough, predict_score 0.2679111659526825 < threshold 0.6, stopping draft
Verifying token 0: verify_id=323 ( and), draft_id=279 ( the), is_last=False, is_eos=False
Token 0 verification failed, accepting up to this token. is_last: False, is_eos: False, is_mismatch: True

Draft step 0: in_token=tensor([[323]], device='cuda:6'), in_token_decoded= and, end_index: 7608
predicted_token: 17320, predict_score: 0.11976131051778793, token :  pressed

Draft step 1: in_token=tensor([[17320]], device='cuda:6'), in_token_decoded= pressed, end_index: 7609
Draft step 1, token  pressed, predict_score 0.11976131051778793 < threshold 0.6, stopping draft
Verifying token 0: verify_id=44742 ( folding), draft_id=17320 ( pressed), is_last=False, is_eos=False
Token 0 verification failed, accepting up to this token. is_last: False, is_eos: False, is_mismatch: True

Draft step 0: in_token=tensor([[44742]], device='cuda:6'), in_token_decoded= folding, end_index: 7609
predicted_token: 389, predict_score: 0.3044942617416382, token :  on

Draft step 1: in_token=tensor([[389]], device='cuda:6'), in_token_decoded= on, end_index: 7610
Draft step 1, token  on, predict_score 0.3044942617416382 < threshold 0.6, stopping draft
Verifying token 0: verify_id=432 ( it), draft_id=389 ( on), is_last=False, is_eos=False
Token 0 verification failed, accepting up to this token. is_last: False, is_eos: False, is_mismatch: True

Draft step 0: in_token=tensor([[432]], device='cuda:6'), in_token_decoded= it, end_index: 7610
predicted_token: 389, predict_score: 0.2956683039665222, token :  on

Draft step 1: in_token=tensor([[389]], device='cuda:6'), in_token_decoded= on, end_index: 7611
Draft step 1, token  on, predict_score 0.2956683039665222 < threshold 0.6, stopping draft
Verifying token 0: verify_id=11 (,), draft_id=389 ( on), is_last=False, is_eos=False
Token 0 verification failed, accepting up to this token. is_last: False, is_eos: False, is_mismatch: True

Draft step 0: in_token=tensor([[11]], device='cuda:6'), in_token_decoded=,, end_index: 7611
predicted_token: 448, predict_score: 0.29223358631134033, token :  with

Draft step 1: in_token=tensor([[448]], device='cuda:6'), in_token_decoded= with, end_index: 7612
Draft step 1, token  with, predict_score 0.29223358631134033 < threshold 0.6, stopping draft
Verifying token 0: verify_id=1221 ( then), draft_id=448 ( with), is_last=False, is_eos=False
Token 0 verification failed, accepting up to this token. is_last: False, is_eos: False, is_mismatch: True

Draft step 0: in_token=tensor([[1221]], device='cuda:6'), in_token_decoded= then, end_index: 7612
predicted_token: 2484, predict_score: 0.1578013300895691, token :  turn

Draft step 1: in_token=tensor([[2484]], device='cuda:6'), in_token_decoded= turn, end_index: 7613
Draft step 1, token  turn, predict_score 0.1578013300895691 < threshold 0.6, stopping draft
Verifying token 0: verify_id=9099 ( placed), draft_id=2484 ( turn), is_last=False, is_eos=False
Token 0 verification failed, accepting up to this token. is_last: False, is_eos: False, is_mismatch: True

Draft step 0: in_token=tensor([[9099]], device='cuda:6'), in_token_decoded= placed, end_index: 7613
predicted_token: 389, predict_score: 0.8956960439682007, token :  on

Draft step 1: in_token=tensor([[389]], device='cuda:6'), in_token_decoded= on, end_index: 7614
predicted_token: 279, predict_score: 0.9353362321853638, token :  the

Draft step 2: in_token=tensor([[279]], device='cuda:6'), in_token_decoded= the, end_index: 7615
predicted_token: 1965, predict_score: 0.23816987872123718, token :  table

Draft step 3: in_token=tensor([[1965]], device='cuda:6'), in_token_decoded= table, end_index: 7616
Draft step 3, token  table, predict_score 0.23816987872123718 < threshold 0.6, stopping draft
Verifying token 0: verify_id=1119 ( into), draft_id=389 ( on), is_last=False, is_eos=False
Token 0 verification failed, accepting up to this token. is_last: False, is_eos: False, is_mismatch: True

Draft step 0: in_token=tensor([[1119]], device='cuda:6'), in_token_decoded= into, end_index: 7614
predicted_token: 279, predict_score: 0.815039336681366, token :  the

Draft step 1: in_token=tensor([[279]], device='cuda:6'), in_token_decoded= the, end_index: 7615
predicted_token: 57209, predict_score: 0.2596677541732788, token :  basin

Draft step 2: in_token=tensor([[57209]], device='cuda:6'), in_token_decoded= basin, end_index: 7616
Draft step 2, token  basin, predict_score 0.2596677541732788 < threshold 0.6, stopping draft
Verifying token 0: verify_id=264 ( a), draft_id=279 ( the), is_last=False, is_eos=False
Token 0 verification failed, accepting up to this token. is_last: False, is_eos: False, is_mismatch: True

Draft step 0: in_token=tensor([[264]], device='cuda:6'), in_token_decoded= a, end_index: 7615
predicted_token: 19212, predict_score: 0.3236062526702881, token :  bowl

Draft step 1: in_token=tensor([[19212]], device='cuda:6'), in_token_decoded= bowl, end_index: 7616
Draft step 1, token  bowl, predict_score 0.3236062526702881 < threshold 0.6, stopping draft
Verifying token 0: verify_id=30352 ( dough), draft_id=19212 ( bowl), is_last=False, is_eos=False
Token 0 verification failed, accepting up to this token. is_last: False, is_eos: False, is_mismatch: True

Draft step 0: in_token=tensor([[30352]], device='cuda:6'), in_token_decoded= dough, end_index: 7616
predicted_token: 13, predict_score: 0.28909140825271606, token : .

Draft step 1: in_token=tensor([[13]], device='cuda:6'), in_token_decoded=., end_index: 7617
Draft step 1, token ., predict_score 0.28909140825271606 < threshold 0.6, stopping draft
Verifying token 0: verify_id=37778 ( mixer), draft_id=13 (.), is_last=False, is_eos=False
Token 0 verification failed, accepting up to this token. is_last: False, is_eos: False, is_mismatch: True

Draft step 0: in_token=tensor([[37778]], device='cuda:6'), in_token_decoded= mixer, end_index: 7617
predicted_token: 13, predict_score: 0.32788369059562683, token : .

Draft step 1: in_token=tensor([[13]], device='cuda:6'), in_token_decoded=., end_index: 7618
Draft step 1, token ., predict_score 0.32788369059562683 < threshold 0.6, stopping draft
Verifying token 0: verify_id=11 (,), draft_id=13 (.), is_last=False, is_eos=False
Token 0 verification failed, accepting up to this token. is_last: False, is_eos: False, is_mismatch: True

Draft step 0: in_token=tensor([[11]], device='cuda:6'), in_token_decoded=,, end_index: 7618
predicted_token: 323, predict_score: 0.28734803199768066, token :  and

Draft step 1: in_token=tensor([[323]], device='cuda:6'), in_token_decoded= and, end_index: 7619
Draft step 1, token  and, predict_score 0.28734803199768066 < threshold 0.6, stopping draft
Verifying token 0: verify_id=323 ( and), draft_id=323 ( and), is_last=False, is_eos=False
Verifying token 1: verify_id=279 ( the), draft_id=None (None), is_last=True, is_eos=False
Token 1 verification failed, accepting up to this token. is_last: True, is_eos: False, is_mismatch: False

Draft step 0: in_token=tensor([[279]], device='cuda:6'), in_token_decoded= the, end_index: 7620
predicted_token: 71453, predict_score: 0.09917739033699036, token :  faucet

Draft step 1: in_token=tensor([[71453]], device='cuda:6'), in_token_decoded= faucet, end_index: 7621
Draft step 1, token  faucet, predict_score 0.09917739033699036 < threshold 0.6, stopping draft
Verifying token 0: verify_id=1697 ( person), draft_id=71453 ( faucet), is_last=False, is_eos=False
Token 0 verification failed, accepting up to this token. is_last: False, is_eos: False, is_mismatch: True

Draft step 0: in_token=tensor([[1697]], device='cuda:6'), in_token_decoded= person, end_index: 7621
predicted_token: 374, predict_score: 0.4251495897769928, token :  is

Draft step 1: in_token=tensor([[374]], device='cuda:6'), in_token_decoded= is, end_index: 7622
Draft step 1, token  is, predict_score 0.4251495897769928 < threshold 0.6, stopping draft
Verifying token 0: verify_id=594 ('s), draft_id=374 ( is), is_last=False, is_eos=False
Token 0 verification failed, accepting up to this token. is_last: False, is_eos: False, is_mismatch: True

Draft step 0: in_token=tensor([[594]], device='cuda:6'), in_token_decoded='s, end_index: 7622
predicted_token: 30352, predict_score: 0.15660971403121948, token :  dough

Draft step 1: in_token=tensor([[30352]], device='cuda:6'), in_token_decoded= dough, end_index: 7623
Draft step 1, token  dough, predict_score 0.15660971403121948 < threshold 0.6, stopping draft
Verifying token 0: verify_id=6078 ( hands), draft_id=30352 ( dough), is_last=False, is_eos=False
Token 0 verification failed, accepting up to this token. is_last: False, is_eos: False, is_mismatch: True

Draft step 0: in_token=tensor([[6078]], device='cuda:6'), in_token_decoded= hands, end_index: 7623
predicted_token: 323, predict_score: 0.22221732139587402, token :  and

Draft step 1: in_token=tensor([[323]], device='cuda:6'), in_token_decoded= and, end_index: 7624
Draft step 1, token  and, predict_score 0.22221732139587402 < threshold 0.6, stopping draft
Verifying token 0: verify_id=3060 ( continue), draft_id=323 ( and), is_last=False, is_eos=False
Token 0 verification failed, accepting up to this token. is_last: False, is_eos: False, is_mismatch: True

Draft step 0: in_token=tensor([[3060]], device='cuda:6'), in_token_decoded= continue, end_index: 7624
predicted_token: 311, predict_score: 0.3684241473674774, token :  to

Draft step 1: in_token=tensor([[311]], device='cuda:6'), in_token_decoded= to, end_index: 7625
Draft step 1, token  to, predict_score 0.3684241473674774 < threshold 0.6, stopping draft
Verifying token 0: verify_id=311 ( to), draft_id=311 ( to), is_last=False, is_eos=False
Verifying token 1: verify_id=975 ( work), draft_id=None (None), is_last=True, is_eos=False
Token 1 verification failed, accepting up to this token. is_last: True, is_eos: False, is_mismatch: False

Draft step 0: in_token=tensor([[975]], device='cuda:6'), in_token_decoded= work, end_index: 7626
predicted_token: 13, predict_score: 0.2391410768032074, token : .

Draft step 1: in_token=tensor([[13]], device='cuda:6'), in_token_decoded=., end_index: 7627
Draft step 1, token ., predict_score 0.2391410768032074 < threshold 0.6, stopping draft
Verifying token 0: verify_id=432 ( it), draft_id=13 (.), is_last=False, is_eos=False
Token 0 verification failed, accepting up to this token. is_last: False, is_eos: False, is_mismatch: True

Draft step 0: in_token=tensor([[432]], device='cuda:6'), in_token_decoded= it, end_index: 7627
predicted_token: 311, predict_score: 0.48406726121902466, token :  to

Draft step 1: in_token=tensor([[311]], device='cuda:6'), in_token_decoded= to, end_index: 7628
Draft step 1, token  to, predict_score 0.48406726121902466 < threshold 0.6, stopping draft
Verifying token 0: verify_id=4766 ( inside), draft_id=311 ( to), is_last=False, is_eos=False
Token 0 verification failed, accepting up to this token. is_last: False, is_eos: False, is_mismatch: True

Draft step 0: in_token=tensor([[4766]], device='cuda:6'), in_token_decoded= inside, end_index: 7628
predicted_token: 13, predict_score: 0.46299585700035095, token : .

Draft step 1: in_token=tensor([[13]], device='cuda:6'), in_token_decoded=., end_index: 7629
Draft step 1, token ., predict_score 0.46299585700035095 < threshold 0.6, stopping draft
Verifying token 0: verify_id=279 ( the), draft_id=13 (.), is_last=False, is_eos=False
Token 0 verification failed, accepting up to this token. is_last: False, is_eos: False, is_mismatch: True

Draft step 0: in_token=tensor([[279]], device='cuda:6'), in_token_decoded= the, end_index: 7629
predicted_token: 57209, predict_score: 0.15988440811634064, token :  basin

Draft step 1: in_token=tensor([[57209]], device='cuda:6'), in_token_decoded= basin, end_index: 7630
Draft step 1, token  basin, predict_score 0.15988440811634064 < threshold 0.6, stopping draft
Verifying token 0: verify_id=37778 ( mixer), draft_id=57209 ( basin), is_last=False, is_eos=False
Token 0 verification failed, accepting up to this token. is_last: False, is_eos: False, is_mismatch: True

Draft step 0: in_token=tensor([[37778]], device='cuda:6'), in_token_decoded= mixer, end_index: 7630
predicted_token: 13, predict_score: 0.6138442754745483, token : .

Draft step 1: in_token=tensor([[13]], device='cuda:6'), in_token_decoded=., end_index: 7631
predicted_token: 151645, predict_score: 0.9964823722839355, token : <|im_end|>
Verifying token 0: verify_id=11 (,), draft_id=13 (.), is_last=False, is_eos=False
Token 0 verification failed, accepting up to this token. is_last: False, is_eos: False, is_mismatch: True

Draft step 0: in_token=tensor([[11]], device='cuda:6'), in_token_decoded=,, end_index: 7631
predicted_token: 323, predict_score: 0.20219317078590393, token :  and

Draft step 1: in_token=tensor([[323]], device='cuda:6'), in_token_decoded= and, end_index: 7632
Draft step 1, token  and, predict_score 0.20219317078590393 < threshold 0.6, stopping draft
Verifying token 0: verify_id=448 ( with), draft_id=323 ( and), is_last=False, is_eos=False
Token 0 verification failed, accepting up to this token. is_last: False, is_eos: False, is_mismatch: True

Draft step 0: in_token=tensor([[448]], device='cuda:6'), in_token_decoded= with, end_index: 7632
predicted_token: 3015, predict_score: 0.3679876923561096, token :  water

Draft step 1: in_token=tensor([[3015]], device='cuda:6'), in_token_decoded= water, end_index: 7633
Draft step 1, token  water, predict_score 0.3679876923561096 < threshold 0.6, stopping draft
Verifying token 0: verify_id=279 ( the), draft_id=3015 ( water), is_last=False, is_eos=False
Token 0 verification failed, accepting up to this token. is_last: False, is_eos: False, is_mismatch: True

Draft step 0: in_token=tensor([[279]], device='cuda:6'), in_token_decoded= the, end_index: 7633
predicted_token: 1290, predict_score: 0.11046397686004639, token :  right

Draft step 1: in_token=tensor([[1290]], device='cuda:6'), in_token_decoded= right, end_index: 7634
Draft step 1, token  right, predict_score 0.11046397686004639 < threshold 0.6, stopping draft
Verifying token 0: verify_id=37778 ( mixer), draft_id=1290 ( right), is_last=False, is_eos=False
Token 0 verification failed, accepting up to this token. is_last: False, is_eos: False, is_mismatch: True

Draft step 0: in_token=tensor([[37778]], device='cuda:6'), in_token_decoded= mixer, end_index: 7634
predicted_token: 389, predict_score: 0.11365021765232086, token :  on

Draft step 1: in_token=tensor([[389]], device='cuda:6'), in_token_decoded= on, end_index: 7635
Draft step 1, token  on, predict_score 0.11365021765232086 < threshold 0.6, stopping draft
Verifying token 0: verify_id=594 ('s), draft_id=389 ( on), is_last=False, is_eos=False
Token 0 verification failed, accepting up to this token. is_last: False, is_eos: False, is_mismatch: True

Draft step 0: in_token=tensor([[594]], device='cuda:6'), in_token_decoded='s, end_index: 7635
predicted_token: 2484, predict_score: 0.0717979148030281, token :  turn

Draft step 1: in_token=tensor([[2484]], device='cuda:6'), in_token_decoded= turn, end_index: 7636
Draft step 1, token  turn, predict_score 0.0717979148030281 < threshold 0.6, stopping draft
Verifying token 0: verify_id=41642 ( blades), draft_id=2484 ( turn), is_last=False, is_eos=False
Token 0 verification failed, accepting up to this token. is_last: False, is_eos: False, is_mismatch: True

Draft step 0: in_token=tensor([[41642]], device='cuda:6'), in_token_decoded= blades, end_index: 7636
predicted_token: 311, predict_score: 0.5882475972175598, token :  to

Draft step 1: in_token=tensor([[311]], device='cuda:6'), in_token_decoded= to, end_index: 7637
Draft step 1, token  to, predict_score 0.5882475972175598 < threshold 0.6, stopping draft
Verifying token 0: verify_id=13054 ( turning), draft_id=311 ( to), is_last=False, is_eos=False
Token 0 verification failed, accepting up to this token. is_last: False, is_eos: False, is_mismatch: True

Draft step 0: in_token=tensor([[13054]], device='cuda:6'), in_token_decoded= turning, end_index: 7637
predicted_token: 389, predict_score: 0.811581015586853, token :  on

Draft step 1: in_token=tensor([[389]], device='cuda:6'), in_token_decoded= on, end_index: 7638
predicted_token: 279, predict_score: 0.940934956073761, token :  the

Draft step 2: in_token=tensor([[279]], device='cuda:6'), in_token_decoded= the, end_index: 7639
predicted_token: 44015, predict_score: 0.21411128342151642, token :  stove

Draft step 3: in_token=tensor([[44015]], device='cuda:6'), in_token_decoded= stove, end_index: 7640
Draft step 3, token  stove, predict_score 0.21411128342151642 < threshold 0.6, stopping draft
Verifying token 0: verify_id=311 ( to), draft_id=389 ( on), is_last=False, is_eos=False
Token 0 verification failed, accepting up to this token. is_last: False, is_eos: False, is_mismatch: True

Draft step 0: in_token=tensor([[311]], device='cuda:6'), in_token_decoded= to, end_index: 7638
predicted_token: 279, predict_score: 0.4092065691947937, token :  the

Draft step 1: in_token=tensor([[279]], device='cuda:6'), in_token_decoded= the, end_index: 7639
Draft step 1, token  the, predict_score 0.4092065691947937 < threshold 0.6, stopping draft
Verifying token 0: verify_id=4623 ( further), draft_id=279 ( the), is_last=False, is_eos=False
Token 0 verification failed, accepting up to this token. is_last: False, is_eos: False, is_mismatch: True

Draft step 0: in_token=tensor([[4623]], device='cuda:6'), in_token_decoded= further, end_index: 7639
predicted_token: 279, predict_score: 0.06830353289842606, token :  the

Draft step 1: in_token=tensor([[279]], device='cuda:6'), in_token_decoded= the, end_index: 7640
Draft step 1, token  the, predict_score 0.06830353289842606 < threshold 0.6, stopping draft
Verifying token 0: verify_id=13853 ( kne), draft_id=279 ( the), is_last=False, is_eos=False
Token 0 verification failed, accepting up to this token. is_last: False, is_eos: False, is_mismatch: True

Draft step 0: in_token=tensor([[13853]], device='cuda:6'), in_token_decoded= kne, end_index: 7640
predicted_token: 453, predict_score: 0.08025520294904709, token : op

Draft step 1: in_token=tensor([[453]], device='cuda:6'), in_token_decoded=op, end_index: 7641
Draft step 1, token op, predict_score 0.08025520294904709 < threshold 0.6, stopping draft
Verifying token 0: verify_id=329 (ad), draft_id=453 (op), is_last=False, is_eos=False
Token 0 verification failed, accepting up to this token. is_last: False, is_eos: False, is_mismatch: True

Draft step 0: in_token=tensor([[329]], device='cuda:6'), in_token_decoded=ad, end_index: 7641
predicted_token: 279, predict_score: 0.5121708512306213, token :  the

Draft step 1: in_token=tensor([[279]], device='cuda:6'), in_token_decoded= the, end_index: 7642
Draft step 1, token  the, predict_score 0.5121708512306213 < threshold 0.6, stopping draft
Verifying token 0: verify_id=279 ( the), draft_id=279 ( the), is_last=False, is_eos=False
Verifying token 1: verify_id=30352 ( dough), draft_id=None (None), is_last=True, is_eos=False
Token 1 verification failed, accepting up to this token. is_last: True, is_eos: False, is_mismatch: False

Draft step 0: in_token=tensor([[30352]], device='cuda:6'), in_token_decoded= dough, end_index: 7643
predicted_token: 323, predict_score: 0.3275575339794159, token :  and

Draft step 1: in_token=tensor([[323]], device='cuda:6'), in_token_decoded= and, end_index: 7644
Draft step 1, token  and, predict_score 0.3275575339794159 < threshold 0.6, stopping draft
Verifying token 0: verify_id=11 (,), draft_id=323 ( and), is_last=False, is_eos=False
Token 0 verification failed, accepting up to this token. is_last: False, is_eos: False, is_mismatch: True

Draft step 0: in_token=tensor([[11]], device='cuda:6'), in_token_decoded=,, end_index: 7644
predicted_token: 323, predict_score: 0.2229871302843094, token :  and

Draft step 1: in_token=tensor([[323]], device='cuda:6'), in_token_decoded= and, end_index: 7645
Draft step 1, token  and, predict_score 0.2229871302843094 < threshold 0.6, stopping draft
Verifying token 0: verify_id=323 ( and), draft_id=323 ( and), is_last=False, is_eos=False
Verifying token 1: verify_id=279 ( the), draft_id=None (None), is_last=True, is_eos=False
Token 1 verification failed, accepting up to this token. is_last: True, is_eos: False, is_mismatch: False

Draft step 0: in_token=tensor([[279]], device='cuda:6'), in_token_decoded= the, end_index: 7646
predicted_token: 30352, predict_score: 0.5162500739097595, token :  dough

Draft step 1: in_token=tensor([[30352]], device='cuda:6'), in_token_decoded= dough, end_index: 7647
Draft step 1, token  dough, predict_score 0.5162500739097595 < threshold 0.6, stopping draft
Verifying token 0: verify_id=1697 ( person), draft_id=30352 ( dough), is_last=False, is_eos=False
Token 0 verification failed, accepting up to this token. is_last: False, is_eos: False, is_mismatch: True

Draft step 0: in_token=tensor([[1697]], device='cuda:6'), in_token_decoded= person, end_index: 7647
predicted_token: 374, predict_score: 0.2616109549999237, token :  is

Draft step 1: in_token=tensor([[374]], device='cuda:6'), in_token_decoded= is, end_index: 7648
Draft step 1, token  is, predict_score 0.2616109549999237 < threshold 0.6, stopping draft
Verifying token 0: verify_id=53066 ( lifts), draft_id=374 ( is), is_last=False, is_eos=False
Token 0 verification failed, accepting up to this token. is_last: False, is_eos: False, is_mismatch: True

Draft step 0: in_token=tensor([[53066]], device='cuda:6'), in_token_decoded= lifts, end_index: 7648
predicted_token: 13, predict_score: 0.25555774569511414, token : .

Draft step 1: in_token=tensor([[13]], device='cuda:6'), in_token_decoded=., end_index: 7649
Draft step 1, token ., predict_score 0.25555774569511414 < threshold 0.6, stopping draft
Verifying token 0: verify_id=279 ( the), draft_id=13 (.), is_last=False, is_eos=False
Token 0 verification failed, accepting up to this token. is_last: False, is_eos: False, is_mismatch: True

Draft step 0: in_token=tensor([[279]], device='cuda:6'), in_token_decoded= the, end_index: 7649
predicted_token: 57209, predict_score: 0.2874409258365631, token :  basin

Draft step 1: in_token=tensor([[57209]], device='cuda:6'), in_token_decoded= basin, end_index: 7650
Draft step 1, token  basin, predict_score 0.2874409258365631 < threshold 0.6, stopping draft
Verifying token 0: verify_id=30352 ( dough), draft_id=57209 ( basin), is_last=False, is_eos=False
Token 0 verification failed, accepting up to this token. is_last: False, is_eos: False, is_mismatch: True

Draft step 0: in_token=tensor([[30352]], device='cuda:6'), in_token_decoded= dough, end_index: 7650
predicted_token: 504, predict_score: 0.34330829977989197, token :  from

Draft step 1: in_token=tensor([[504]], device='cuda:6'), in_token_decoded= from, end_index: 7651
Draft step 1, token  from, predict_score 0.34330829977989197 < threshold 0.6, stopping draft
Verifying token 0: verify_id=700 ( out), draft_id=504 ( from), is_last=False, is_eos=False
Token 0 verification failed, accepting up to this token. is_last: False, is_eos: False, is_mismatch: True

Draft step 0: in_token=tensor([[700]], device='cuda:6'), in_token_decoded= out, end_index: 7651
predicted_token: 504, predict_score: 0.13440415263175964, token :  from

Draft step 1: in_token=tensor([[504]], device='cuda:6'), in_token_decoded= from, end_index: 7652
Draft step 1, token  from, predict_score 0.13440415263175964 < threshold 0.6, stopping draft
Verifying token 0: verify_id=315 ( of), draft_id=504 ( from), is_last=False, is_eos=False
Token 0 verification failed, accepting up to this token. is_last: False, is_eos: False, is_mismatch: True

Draft step 0: in_token=tensor([[315]], device='cuda:6'), in_token_decoded= of, end_index: 7652
predicted_token: 279, predict_score: 0.9056084752082825, token :  the

Draft step 1: in_token=tensor([[279]], device='cuda:6'), in_token_decoded= the, end_index: 7653
predicted_token: 8968, predict_score: 0.3784845173358917, token :  bag

Draft step 2: in_token=tensor([[8968]], device='cuda:6'), in_token_decoded= bag, end_index: 7654
Draft step 2, token  bag, predict_score 0.3784845173358917 < threshold 0.6, stopping draft
Verifying token 0: verify_id=279 ( the), draft_id=279 ( the), is_last=False, is_eos=False
Verifying token 1: verify_id=37778 ( mixer), draft_id=8968 ( bag), is_last=False, is_eos=False
Token 1 verification failed, accepting up to this token. is_last: False, is_eos: False, is_mismatch: True

Draft step 0: in_token=tensor([[37778]], device='cuda:6'), in_token_decoded= mixer, end_index: 7654
predicted_token: 13, predict_score: 0.5115901231765747, token : .

Draft step 1: in_token=tensor([[13]], device='cuda:6'), in_token_decoded=., end_index: 7655
Draft step 1, token ., predict_score 0.5115901231765747 < threshold 0.6, stopping draft
Verifying token 0: verify_id=311 ( to), draft_id=13 (.), is_last=False, is_eos=False
Token 0 verification failed, accepting up to this token. is_last: False, is_eos: False, is_mismatch: True

Draft step 0: in_token=tensor([[311]], device='cuda:6'), in_token_decoded= to, end_index: 7655
predicted_token: 279, predict_score: 0.08715710788965225, token :  the

Draft step 1: in_token=tensor([[279]], device='cuda:6'), in_token_decoded= the, end_index: 7656
Draft step 1, token  the, predict_score 0.08715710788965225 < threshold 0.6, stopping draft
Verifying token 0: verify_id=1473 ( show), draft_id=279 ( the), is_last=False, is_eos=False
Token 0 verification failed, accepting up to this token. is_last: False, is_eos: False, is_mismatch: True

Draft step 0: in_token=tensor([[1473]], device='cuda:6'), in_token_decoded= show, end_index: 7656
predicted_token: 279, predict_score: 0.45730283856391907, token :  the

Draft step 1: in_token=tensor([[279]], device='cuda:6'), in_token_decoded= the, end_index: 7657
Draft step 1, token  the, predict_score 0.45730283856391907 < threshold 0.6, stopping draft
Verifying token 0: verify_id=1181 ( its), draft_id=279 ( the), is_last=False, is_eos=False
Token 0 verification failed, accepting up to this token. is_last: False, is_eos: False, is_mismatch: True

Draft step 0: in_token=tensor([[1181]], device='cuda:6'), in_token_decoded= its, end_index: 7657
predicted_token: 8628, predict_score: 0.06928844749927521, token :  heat

Draft step 1: in_token=tensor([[8628]], device='cuda:6'), in_token_decoded= heat, end_index: 7658
Draft step 1, token  heat, predict_score 0.06928844749927521 < threshold 0.6, stopping draft
Verifying token 0: verify_id=10434 ( texture), draft_id=8628 ( heat), is_last=False, is_eos=False
Token 0 verification failed, accepting up to this token. is_last: False, is_eos: False, is_mismatch: True

Draft step 0: in_token=tensor([[10434]], device='cuda:6'), in_token_decoded= texture, end_index: 7658
predicted_token: 13, predict_score: 0.5581027865409851, token : .

Draft step 1: in_token=tensor([[13]], device='cuda:6'), in_token_decoded=., end_index: 7659
Draft step 1, token ., predict_score 0.5581027865409851 < threshold 0.6, stopping draft
Verifying token 0: verify_id=13 (.), draft_id=13 (.), is_last=False, is_eos=False
Verifying token 1: verify_id=151645 (<|im_end|>), draft_id=None (None), is_last=True, is_eos=True
Token 1 verification failed, accepting up to this token. is_last: True, is_eos: True, is_mismatch: False
New tokens: ["The dough is kneaded by pressing and folding it, then placed into a dough mixer, and the person's hands continue to work it inside the mixer, with the mixer's blades turning to further knead the dough, and the person lifts the dough out of the mixer to show its texture.<|im_end|>"]
Total new tokens generated: 60
[Spec] avg_accept=1.13 | tokens=60 | context_len=7600
[Adapter] acc=7/53 (13.2%) | avg_confidence=0.358 | context_len=7600
\n===== Lossless Check =====
Speculative output: The dough is kneaded by pressing and folding it, then placed into a dough mixer, and the person's hands continue to work it inside the mixer, with the mixer's blades turning to further knead the dough, and the person lifts the dough out of the mixer to show its texture.
AR manual output:   The dough is kneaded by pressing and folding it, then placed into a dough mixer, and the person's hands continue to work it inside the mixer, with the mixer's blades turning to further knead the dough, and the person lifts the dough out of the mixer to show its texture.
Exact match: True
OK: Outputs match. Speculative decoding is lossless.
Speedup: 0.94x
Speedup_decode: 0.91x
Spec decode tok/s: 26.75
AR decode tok/s:   29.31
 first token :NO

Draft step 0: in_token=tensor([[8996]], device='cuda:6'), in_token_decoded=NO, end_index: 7722
predicted_token: 13, predict_score: 0.045317623764276505, token : .

Draft step 1: in_token=tensor([[13]], device='cuda:6'), in_token_decoded=., end_index: 7723
Draft step 1, token ., predict_score 0.045317623764276505 < threshold 0.6, stopping draft
Verifying token 0: verify_id=3596 ( RE), draft_id=13 (.), is_last=False, is_eos=False
Token 0 verification failed, accepting up to this token. is_last: False, is_eos: False, is_mismatch: True

Draft step 0: in_token=tensor([[3596]], device='cuda:6'), in_token_decoded= RE, end_index: 7723
predicted_token: 453, predict_score: 0.041078224778175354, token : op

Draft step 1: in_token=tensor([[453]], device='cuda:6'), in_token_decoded=op, end_index: 7724
Draft step 1, token op, predict_score 0.041078224778175354 < threshold 0.6, stopping draft
Verifying token 0: verify_id=24834 (PLY), draft_id=453 (op), is_last=False, is_eos=False
Token 0 verification failed, accepting up to this token. is_last: False, is_eos: False, is_mismatch: True

Draft step 0: in_token=tensor([[24834]], device='cuda:6'), in_token_decoded=PLY, end_index: 7724
predicted_token: 315, predict_score: 0.4334068298339844, token :  of

Draft step 1: in_token=tensor([[315]], device='cuda:6'), in_token_decoded= of, end_index: 7725
Draft step 1, token  of, predict_score 0.4334068298339844 < threshold 0.6, stopping draft
Verifying token 0: verify_id=151645 (<|im_end|>), draft_id=315 ( of), is_last=False, is_eos=True
Token 0 verification failed, accepting up to this token. is_last: False, is_eos: True, is_mismatch: True
New tokens: ['NO REPLY<|im_end|>']
Total new tokens generated: 4
[Spec] avg_accept=1.00 | tokens=4 | context_len=7721
[Adapter] acc=0/3 (0.0%) | avg_confidence=0.173 | context_len=7721
\n===== Lossless Check =====
Speculative output: NO REPLY
AR manual output:   NO REPLY
Exact match: True
OK: Outputs match. Speculative decoding is lossless.
Speedup: 0.66x
Speedup_decode: 0.62x
Spec decode tok/s: 23.69
AR decode tok/s:   37.95
 first token :NO

Draft step 0: in_token=tensor([[8996]], device='cuda:6'), in_token_decoded=NO, end_index: 7787
predicted_token: 151645, predict_score: 0.020487140864133835, token : <|im_end|>
Verifying token 0: verify_id=3596 ( RE), draft_id=151645 (<|im_end|>), is_last=False, is_eos=False
Token 0 verification failed, accepting up to this token. is_last: False, is_eos: False, is_mismatch: True

Draft step 0: in_token=tensor([[3596]], device='cuda:6'), in_token_decoded= RE, end_index: 7788
predicted_token: 453, predict_score: 0.024755919352173805, token : op

Draft step 1: in_token=tensor([[453]], device='cuda:6'), in_token_decoded=op, end_index: 7789
Draft step 1, token op, predict_score 0.024755919352173805 < threshold 0.6, stopping draft
Verifying token 0: verify_id=24834 (PLY), draft_id=453 (op), is_last=False, is_eos=False
Token 0 verification failed, accepting up to this token. is_last: False, is_eos: False, is_mismatch: True

Draft step 0: in_token=tensor([[24834]], device='cuda:6'), in_token_decoded=PLY, end_index: 7789
predicted_token: 315, predict_score: 0.45980122685432434, token :  of

Draft step 1: in_token=tensor([[315]], device='cuda:6'), in_token_decoded= of, end_index: 7790
Draft step 1, token  of, predict_score 0.45980122685432434 < threshold 0.6, stopping draft
Verifying token 0: verify_id=151645 (<|im_end|>), draft_id=315 ( of), is_last=False, is_eos=True
Token 0 verification failed, accepting up to this token. is_last: False, is_eos: True, is_mismatch: True
New tokens: ['NO REPLY<|im_end|>']
Total new tokens generated: 4
[Spec] avg_accept=1.00 | tokens=4 | context_len=7786
[Adapter] acc=0/3 (0.0%) | avg_confidence=0.168 | context_len=7786
\n===== Lossless Check =====
Speculative output: NO REPLY
AR manual output:   NO REPLY
Exact match: True
OK: Outputs match. Speculative decoding is lossless.
Speedup: 0.47x
Speedup_decode: 0.57x
Spec decode tok/s: 22.03
AR decode tok/s:   38.65
 first token :NO

Draft step 0: in_token=tensor([[8996]], device='cuda:6'), in_token_decoded=NO, end_index: 7852
predicted_token: 13, predict_score: 0.024233384057879448, token : .

Draft step 1: in_token=tensor([[13]], device='cuda:6'), in_token_decoded=., end_index: 7853
Draft step 1, token ., predict_score 0.024233384057879448 < threshold 0.6, stopping draft
Verifying token 0: verify_id=3596 ( RE), draft_id=13 (.), is_last=False, is_eos=False
Token 0 verification failed, accepting up to this token. is_last: False, is_eos: False, is_mismatch: True

Draft step 0: in_token=tensor([[3596]], device='cuda:6'), in_token_decoded= RE, end_index: 7853
predicted_token: 453, predict_score: 0.026139546185731888, token : op

Draft step 1: in_token=tensor([[453]], device='cuda:6'), in_token_decoded=op, end_index: 7854
Draft step 1, token op, predict_score 0.026139546185731888 < threshold 0.6, stopping draft
Verifying token 0: verify_id=24834 (PLY), draft_id=453 (op), is_last=False, is_eos=False
Token 0 verification failed, accepting up to this token. is_last: False, is_eos: False, is_mismatch: True

Draft step 0: in_token=tensor([[24834]], device='cuda:6'), in_token_decoded=PLY, end_index: 7854
predicted_token: 315, predict_score: 0.4991381764411926, token :  of

Draft step 1: in_token=tensor([[315]], device='cuda:6'), in_token_decoded= of, end_index: 7855
Draft step 1, token  of, predict_score 0.4991381764411926 < threshold 0.6, stopping draft
Verifying token 0: verify_id=151645 (<|im_end|>), draft_id=315 ( of), is_last=False, is_eos=True
Token 0 verification failed, accepting up to this token. is_last: False, is_eos: True, is_mismatch: True
New tokens: ['NO REPLY<|im_end|>']
Total new tokens generated: 4
[Spec] avg_accept=1.00 | tokens=4 | context_len=7851
[Adapter] acc=0/3 (0.0%) | avg_confidence=0.183 | context_len=7851
\n===== Lossless Check =====
Speculative output: NO REPLY
AR manual output:   NO REPLY
Exact match: True
OK: Outputs match. Speculative decoding is lossless.
Speedup: 0.66x
Speedup_decode: 0.64x
Spec decode tok/s: 24.95
AR decode tok/s:   38.74
 first token :NO

Draft step 0: in_token=tensor([[8996]], device='cuda:6'), in_token_decoded=NO, end_index: 7917
predicted_token: 13, predict_score: 0.03223217651247978, token : .

Draft step 1: in_token=tensor([[13]], device='cuda:6'), in_token_decoded=., end_index: 7918
Draft step 1, token ., predict_score 0.03223217651247978 < threshold 0.6, stopping draft
Verifying token 0: verify_id=3596 ( RE), draft_id=13 (.), is_last=False, is_eos=False
Token 0 verification failed, accepting up to this token. is_last: False, is_eos: False, is_mismatch: True

Draft step 0: in_token=tensor([[3596]], device='cuda:6'), in_token_decoded= RE, end_index: 7918
predicted_token: 26646, predict_score: 0.04103471338748932, token :  twist

Draft step 1: in_token=tensor([[26646]], device='cuda:6'), in_token_decoded= twist, end_index: 7919
Draft step 1, token  twist, predict_score 0.04103471338748932 < threshold 0.6, stopping draft
Verifying token 0: verify_id=24834 (PLY), draft_id=26646 ( twist), is_last=False, is_eos=False
Token 0 verification failed, accepting up to this token. is_last: False, is_eos: False, is_mismatch: True

Draft step 0: in_token=tensor([[24834]], device='cuda:6'), in_token_decoded=PLY, end_index: 7919
predicted_token: 315, predict_score: 0.45940935611724854, token :  of

Draft step 1: in_token=tensor([[315]], device='cuda:6'), in_token_decoded= of, end_index: 7920
Draft step 1, token  of, predict_score 0.45940935611724854 < threshold 0.6, stopping draft
Verifying token 0: verify_id=151645 (<|im_end|>), draft_id=315 ( of), is_last=False, is_eos=True
Token 0 verification failed, accepting up to this token. is_last: False, is_eos: True, is_mismatch: True
New tokens: ['NO REPLY<|im_end|>']
Total new tokens generated: 4
[Spec] avg_accept=1.00 | tokens=4 | context_len=7916
[Adapter] acc=0/3 (0.0%) | avg_confidence=0.178 | context_len=7916
\n===== Lossless Check =====
Speculative output: NO REPLY
AR manual output:   NO REPLY
Exact match: True
OK: Outputs match. Speculative decoding is lossless.
Speedup: 0.65x
Speedup_decode: 0.64x
Spec decode tok/s: 25.08
AR decode tok/s:   38.97
 first token :NO

Draft step 0: in_token=tensor([[8996]], device='cuda:6'), in_token_decoded=NO, end_index: 7982
predicted_token: 13, predict_score: 0.04135527089238167, token : .

Draft step 1: in_token=tensor([[13]], device='cuda:6'), in_token_decoded=., end_index: 7983
Draft step 1, token ., predict_score 0.04135527089238167 < threshold 0.6, stopping draft
Verifying token 0: verify_id=3596 ( RE), draft_id=13 (.), is_last=False, is_eos=False
Token 0 verification failed, accepting up to this token. is_last: False, is_eos: False, is_mismatch: True

Draft step 0: in_token=tensor([[3596]], device='cuda:6'), in_token_decoded= RE, end_index: 7983
predicted_token: 453, predict_score: 0.02518269047141075, token : op

Draft step 1: in_token=tensor([[453]], device='cuda:6'), in_token_decoded=op, end_index: 7984
Draft step 1, token op, predict_score 0.02518269047141075 < threshold 0.6, stopping draft
Verifying token 0: verify_id=24834 (PLY), draft_id=453 (op), is_last=False, is_eos=False
Token 0 verification failed, accepting up to this token. is_last: False, is_eos: False, is_mismatch: True

Draft step 0: in_token=tensor([[24834]], device='cuda:6'), in_token_decoded=PLY, end_index: 7984
predicted_token: 315, predict_score: 0.5251165628433228, token :  of

Draft step 1: in_token=tensor([[315]], device='cuda:6'), in_token_decoded= of, end_index: 7985
Draft step 1, token  of, predict_score 0.5251165628433228 < threshold 0.6, stopping draft
Verifying token 0: verify_id=151645 (<|im_end|>), draft_id=315 ( of), is_last=False, is_eos=True
Token 0 verification failed, accepting up to this token. is_last: False, is_eos: True, is_mismatch: True
New tokens: ['NO REPLY<|im_end|>']
Total new tokens generated: 4
[Spec] avg_accept=1.00 | tokens=4 | context_len=7981
[Adapter] acc=0/3 (0.0%) | avg_confidence=0.197 | context_len=7981
\n===== Lossless Check =====
Speculative output: NO REPLY
AR manual output:   NO REPLY
Exact match: True
OK: Outputs match. Speculative decoding is lossless.
Speedup: 0.66x
Speedup_decode: 0.61x
Spec decode tok/s: 23.54
AR decode tok/s:   38.76
 first token :NO

Draft step 0: in_token=tensor([[8996]], device='cuda:6'), in_token_decoded=NO, end_index: 8047
predicted_token: 13, predict_score: 0.04524577781558037, token : .

Draft step 1: in_token=tensor([[13]], device='cuda:6'), in_token_decoded=., end_index: 8048
Draft step 1, token ., predict_score 0.04524577781558037 < threshold 0.6, stopping draft
Verifying token 0: verify_id=3596 ( RE), draft_id=13 (.), is_last=False, is_eos=False
Token 0 verification failed, accepting up to this token. is_last: False, is_eos: False, is_mismatch: True

Draft step 0: in_token=tensor([[3596]], device='cuda:6'), in_token_decoded= RE, end_index: 8048
predicted_token: 453, predict_score: 0.03136096149682999, token : op

Draft step 1: in_token=tensor([[453]], device='cuda:6'), in_token_decoded=op, end_index: 8049
Draft step 1, token op, predict_score 0.03136096149682999 < threshold 0.6, stopping draft
Verifying token 0: verify_id=24834 (PLY), draft_id=453 (op), is_last=False, is_eos=False
Token 0 verification failed, accepting up to this token. is_last: False, is_eos: False, is_mismatch: True

Draft step 0: in_token=tensor([[24834]], device='cuda:6'), in_token_decoded=PLY, end_index: 8049
predicted_token: 315, predict_score: 0.4673594832420349, token :  of

Draft step 1: in_token=tensor([[315]], device='cuda:6'), in_token_decoded= of, end_index: 8050
Draft step 1, token  of, predict_score 0.4673594832420349 < threshold 0.6, stopping draft
Verifying token 0: verify_id=151645 (<|im_end|>), draft_id=315 ( of), is_last=False, is_eos=True
Token 0 verification failed, accepting up to this token. is_last: False, is_eos: True, is_mismatch: True
New tokens: ['NO REPLY<|im_end|>']
Total new tokens generated: 4
[Spec] avg_accept=1.00 | tokens=4 | context_len=8046
[Adapter] acc=0/3 (0.0%) | avg_confidence=0.181 | context_len=8046
\n===== Lossless Check =====
Speculative output: NO REPLY
AR manual output:   NO REPLY
Exact match: True
OK: Outputs match. Speculative decoding is lossless.
Speedup: 0.66x
Speedup_decode: 0.64x
Spec decode tok/s: 24.80
AR decode tok/s:   38.70
 first token :The

Draft step 0: in_token=tensor([[785]], device='cuda:6'), in_token_decoded=The, end_index: 8112
predicted_token: 30352, predict_score: 0.6188769340515137, token :  dough

Draft step 1: in_token=tensor([[30352]], device='cuda:6'), in_token_decoded= dough, end_index: 8113
predicted_token: 374, predict_score: 0.18864202499389648, token :  is

Draft step 2: in_token=tensor([[374]], device='cuda:6'), in_token_decoded= is, end_index: 8114
Draft step 2, token  is, predict_score 0.18864202499389648 < threshold 0.6, stopping draft
Verifying token 0: verify_id=30352 ( dough), draft_id=30352 ( dough), is_last=False, is_eos=False
Verifying token 1: verify_id=374 ( is), draft_id=374 ( is), is_last=False, is_eos=False
Verifying token 2: verify_id=13853 ( kne), draft_id=None (None), is_last=True, is_eos=False
Token 2 verification failed, accepting up to this token. is_last: True, is_eos: False, is_mismatch: False

Draft step 0: in_token=tensor([[13853]], device='cuda:6'), in_token_decoded= kne, end_index: 8115
predicted_token: 295, predict_score: 0.04886279255151749, token : et

Draft step 1: in_token=tensor([[295]], device='cuda:6'), in_token_decoded=et, end_index: 8116
Draft step 1, token et, predict_score 0.04886279255151749 < threshold 0.6, stopping draft
Verifying token 0: verify_id=14255 (aded), draft_id=295 (et), is_last=False, is_eos=False
Token 0 verification failed, accepting up to this token. is_last: False, is_eos: False, is_mismatch: True

Draft step 0: in_token=tensor([[14255]], device='cuda:6'), in_token_decoded=aded, end_index: 8116
predicted_token: 323, predict_score: 0.33448460698127747, token :  and

Draft step 1: in_token=tensor([[323]], device='cuda:6'), in_token_decoded= and, end_index: 8117
Draft step 1, token  and, predict_score 0.33448460698127747 < threshold 0.6, stopping draft
Verifying token 0: verify_id=553 ( by), draft_id=323 ( and), is_last=False, is_eos=False
Token 0 verification failed, accepting up to this token. is_last: False, is_eos: False, is_mismatch: True

Draft step 0: in_token=tensor([[553]], device='cuda:6'), in_token_decoded= by, end_index: 8117
predicted_token: 1667, predict_score: 0.14634594321250916, token :  using

Draft step 1: in_token=tensor([[1667]], device='cuda:6'), in_token_decoded= using, end_index: 8118
Draft step 1, token  using, predict_score 0.14634594321250916 < threshold 0.6, stopping draft
Verifying token 0: verify_id=25352 ( pressing), draft_id=1667 ( using), is_last=False, is_eos=False
Token 0 verification failed, accepting up to this token. is_last: False, is_eos: False, is_mismatch: True

Draft step 0: in_token=tensor([[25352]], device='cuda:6'), in_token_decoded= pressing, end_index: 8118
predicted_token: 279, predict_score: 0.383497416973114, token :  the

Draft step 1: in_token=tensor([[279]], device='cuda:6'), in_token_decoded= the, end_index: 8119
Draft step 1, token  the, predict_score 0.383497416973114 < threshold 0.6, stopping draft
Verifying token 0: verify_id=323 ( and), draft_id=279 ( the), is_last=False, is_eos=False
Token 0 verification failed, accepting up to this token. is_last: False, is_eos: False, is_mismatch: True

Draft step 0: in_token=tensor([[323]], device='cuda:6'), in_token_decoded= and, end_index: 8119
predicted_token: 5644, predict_score: 0.050027068704366684, token :  held

Draft step 1: in_token=tensor([[5644]], device='cuda:6'), in_token_decoded= held, end_index: 8120
Draft step 1, token  held, predict_score 0.050027068704366684 < threshold 0.6, stopping draft
Verifying token 0: verify_id=44742 ( folding), draft_id=5644 ( held), is_last=False, is_eos=False
Token 0 verification failed, accepting up to this token. is_last: False, is_eos: False, is_mismatch: True

Draft step 0: in_token=tensor([[44742]], device='cuda:6'), in_token_decoded= folding, end_index: 8120
predicted_token: 389, predict_score: 0.28476962447166443, token :  on

Draft step 1: in_token=tensor([[389]], device='cuda:6'), in_token_decoded= on, end_index: 8121
Draft step 1, token  on, predict_score 0.28476962447166443 < threshold 0.6, stopping draft
Verifying token 0: verify_id=432 ( it), draft_id=389 ( on), is_last=False, is_eos=False
Token 0 verification failed, accepting up to this token. is_last: False, is_eos: False, is_mismatch: True

Draft step 0: in_token=tensor([[432]], device='cuda:6'), in_token_decoded= it, end_index: 8121
predicted_token: 448, predict_score: 0.2757683992385864, token :  with

Draft step 1: in_token=tensor([[448]], device='cuda:6'), in_token_decoded= with, end_index: 8122
Draft step 1, token  with, predict_score 0.2757683992385864 < threshold 0.6, stopping draft
Verifying token 0: verify_id=11 (,), draft_id=448 ( with), is_last=False, is_eos=False
Token 0 verification failed, accepting up to this token. is_last: False, is_eos: False, is_mismatch: True

Draft step 0: in_token=tensor([[11]], device='cuda:6'), in_token_decoded=,, end_index: 8122
predicted_token: 448, predict_score: 0.3082192540168762, token :  with

Draft step 1: in_token=tensor([[448]], device='cuda:6'), in_token_decoded= with, end_index: 8123
Draft step 1, token  with, predict_score 0.3082192540168762 < threshold 0.6, stopping draft
Verifying token 0: verify_id=1221 ( then), draft_id=448 ( with), is_last=False, is_eos=False
Token 0 verification failed, accepting up to this token. is_last: False, is_eos: False, is_mismatch: True

Draft step 0: in_token=tensor([[1221]], device='cuda:6'), in_token_decoded= then, end_index: 8123
predicted_token: 4914, predict_score: 0.0970131903886795, token :  pour

Draft step 1: in_token=tensor([[4914]], device='cuda:6'), in_token_decoded= pour, end_index: 8124
Draft step 1, token  pour, predict_score 0.0970131903886795 < threshold 0.6, stopping draft
Verifying token 0: verify_id=9099 ( placed), draft_id=4914 ( pour), is_last=False, is_eos=False
Token 0 verification failed, accepting up to this token. is_last: False, is_eos: False, is_mismatch: True

Draft step 0: in_token=tensor([[9099]], device='cuda:6'), in_token_decoded= placed, end_index: 8124
predicted_token: 389, predict_score: 0.8127022981643677, token :  on

Draft step 1: in_token=tensor([[389]], device='cuda:6'), in_token_decoded= on, end_index: 8125
predicted_token: 279, predict_score: 0.9541647434234619, token :  the

Draft step 2: in_token=tensor([[279]], device='cuda:6'), in_token_decoded= the, end_index: 8126
predicted_token: 1965, predict_score: 0.20467814803123474, token :  table

Draft step 3: in_token=tensor([[1965]], device='cuda:6'), in_token_decoded= table, end_index: 8127
Draft step 3, token  table, predict_score 0.20467814803123474 < threshold 0.6, stopping draft
Verifying token 0: verify_id=1119 ( into), draft_id=389 ( on), is_last=False, is_eos=False
Token 0 verification failed, accepting up to this token. is_last: False, is_eos: False, is_mismatch: True

Draft step 0: in_token=tensor([[1119]], device='cuda:6'), in_token_decoded= into, end_index: 8125
predicted_token: 264, predict_score: 0.6523427963256836, token :  a

Draft step 1: in_token=tensor([[264]], device='cuda:6'), in_token_decoded= a, end_index: 8126
predicted_token: 57209, predict_score: 0.26491832733154297, token :  basin

Draft step 2: in_token=tensor([[57209]], device='cuda:6'), in_token_decoded= basin, end_index: 8127
Draft step 2, token  basin, predict_score 0.26491832733154297 < threshold 0.6, stopping draft
Verifying token 0: verify_id=264 ( a), draft_id=264 ( a), is_last=False, is_eos=False
Verifying token 1: verify_id=30352 ( dough), draft_id=57209 ( basin), is_last=False, is_eos=False
Token 1 verification failed, accepting up to this token. is_last: False, is_eos: False, is_mismatch: True

Draft step 0: in_token=tensor([[30352]], device='cuda:6'), in_token_decoded= dough, end_index: 8127
predicted_token: 13, predict_score: 0.387156218290329, token : .

Draft step 1: in_token=tensor([[13]], device='cuda:6'), in_token_decoded=., end_index: 8128
Draft step 1, token ., predict_score 0.387156218290329 < threshold 0.6, stopping draft
Verifying token 0: verify_id=37778 ( mixer), draft_id=13 (.), is_last=False, is_eos=False
Token 0 verification failed, accepting up to this token. is_last: False, is_eos: False, is_mismatch: True

Draft step 0: in_token=tensor([[37778]], device='cuda:6'), in_token_decoded= mixer, end_index: 8128
predicted_token: 13, predict_score: 0.2204437553882599, token : .

Draft step 1: in_token=tensor([[13]], device='cuda:6'), in_token_decoded=., end_index: 8129
Draft step 1, token ., predict_score 0.2204437553882599 < threshold 0.6, stopping draft
Verifying token 0: verify_id=11 (,), draft_id=13 (.), is_last=False, is_eos=False
Token 0 verification failed, accepting up to this token. is_last: False, is_eos: False, is_mismatch: True

Draft step 0: in_token=tensor([[11]], device='cuda:6'), in_token_decoded=,, end_index: 8129
predicted_token: 323, predict_score: 0.22994406521320343, token :  and

Draft step 1: in_token=tensor([[323]], device='cuda:6'), in_token_decoded= and, end_index: 8130
Draft step 1, token  and, predict_score 0.22994406521320343 < threshold 0.6, stopping draft
Verifying token 0: verify_id=323 ( and), draft_id=323 ( and), is_last=False, is_eos=False
Verifying token 1: verify_id=279 ( the), draft_id=None (None), is_last=True, is_eos=False
Token 1 verification failed, accepting up to this token. is_last: True, is_eos: False, is_mismatch: False

Draft step 0: in_token=tensor([[279]], device='cuda:6'), in_token_decoded= the, end_index: 8131
predicted_token: 30352, predict_score: 0.37672188878059387, token :  dough

Draft step 1: in_token=tensor([[30352]], device='cuda:6'), in_token_decoded= dough, end_index: 8132
Draft step 1, token  dough, predict_score 0.37672188878059387 < threshold 0.6, stopping draft
Verifying token 0: verify_id=1697 ( person), draft_id=30352 ( dough), is_last=False, is_eos=False
Token 0 verification failed, accepting up to this token. is_last: False, is_eos: False, is_mismatch: True

Draft step 0: in_token=tensor([[1697]], device='cuda:6'), in_token_decoded= person, end_index: 8132
predicted_token: 374, predict_score: 0.30671143531799316, token :  is

Draft step 1: in_token=tensor([[374]], device='cuda:6'), in_token_decoded= is, end_index: 8133
Draft step 1, token  is, predict_score 0.30671143531799316 < threshold 0.6, stopping draft
Verifying token 0: verify_id=594 ('s), draft_id=374 ( is), is_last=False, is_eos=False
Token 0 verification failed, accepting up to this token. is_last: False, is_eos: False, is_mismatch: True

Draft step 0: in_token=tensor([[594]], device='cuda:6'), in_token_decoded='s, end_index: 8133
predicted_token: 19828, predict_score: 0.4339611530303955, token :  flour

Draft step 1: in_token=tensor([[19828]], device='cuda:6'), in_token_decoded= flour, end_index: 8134
Draft step 1, token  flour, predict_score 0.4339611530303955 < threshold 0.6, stopping draft
Verifying token 0: verify_id=6078 ( hands), draft_id=19828 ( flour), is_last=False, is_eos=False
Token 0 verification failed, accepting up to this token. is_last: False, is_eos: False, is_mismatch: True

Draft step 0: in_token=tensor([[6078]], device='cuda:6'), in_token_decoded= hands, end_index: 8134
predicted_token: 323, predict_score: 0.2919454574584961, token :  and

Draft step 1: in_token=tensor([[323]], device='cuda:6'), in_token_decoded= and, end_index: 8135
Draft step 1, token  and, predict_score 0.2919454574584961 < threshold 0.6, stopping draft
Verifying token 0: verify_id=3060 ( continue), draft_id=323 ( and), is_last=False, is_eos=False
Token 0 verification failed, accepting up to this token. is_last: False, is_eos: False, is_mismatch: True

Draft step 0: in_token=tensor([[3060]], device='cuda:6'), in_token_decoded= continue, end_index: 8135
predicted_token: 311, predict_score: 0.5589066743850708, token :  to

Draft step 1: in_token=tensor([[311]], device='cuda:6'), in_token_decoded= to, end_index: 8136
Draft step 1, token  to, predict_score 0.5589066743850708 < threshold 0.6, stopping draft
Verifying token 0: verify_id=311 ( to), draft_id=311 ( to), is_last=False, is_eos=False
Verifying token 1: verify_id=975 ( work), draft_id=None (None), is_last=True, is_eos=False
Token 1 verification failed, accepting up to this token. is_last: True, is_eos: False, is_mismatch: False

Draft step 0: in_token=tensor([[975]], device='cuda:6'), in_token_decoded= work, end_index: 8137
predicted_token: 13, predict_score: 0.6762018203735352, token : .

Draft step 1: in_token=tensor([[13]], device='cuda:6'), in_token_decoded=., end_index: 8138
predicted_token: 151645, predict_score: 0.9665794968605042, token : <|im_end|>
Verifying token 0: verify_id=432 ( it), draft_id=13 (.), is_last=False, is_eos=False
Token 0 verification failed, accepting up to this token. is_last: False, is_eos: False, is_mismatch: True

Draft step 0: in_token=tensor([[432]], device='cuda:6'), in_token_decoded= it, end_index: 8138
predicted_token: 26, predict_score: 0.2614521384239197, token : ;

Draft step 1: in_token=tensor([[26]], device='cuda:6'), in_token_decoded=;, end_index: 8139
Draft step 1, token ;, predict_score 0.2614521384239197 < threshold 0.6, stopping draft
Verifying token 0: verify_id=4766 ( inside), draft_id=26 (;), is_last=False, is_eos=False
Token 0 verification failed, accepting up to this token. is_last: False, is_eos: False, is_mismatch: True

Draft step 0: in_token=tensor([[4766]], device='cuda:6'), in_token_decoded= inside, end_index: 8139
predicted_token: 279, predict_score: 0.4538089632987976, token :  the

Draft step 1: in_token=tensor([[279]], device='cuda:6'), in_token_decoded= the, end_index: 8140
Draft step 1, token  the, predict_score 0.4538089632987976 < threshold 0.6, stopping draft
Verifying token 0: verify_id=279 ( the), draft_id=279 ( the), is_last=False, is_eos=False
Verifying token 1: verify_id=37778 ( mixer), draft_id=None (None), is_last=True, is_eos=False
Token 1 verification failed, accepting up to this token. is_last: True, is_eos: False, is_mismatch: False

Draft step 0: in_token=tensor([[37778]], device='cuda:6'), in_token_decoded= mixer, end_index: 8141
predicted_token: 13, predict_score: 0.43459561467170715, token : .

Draft step 1: in_token=tensor([[13]], device='cuda:6'), in_token_decoded=., end_index: 8142
Draft step 1, token ., predict_score 0.43459561467170715 < threshold 0.6, stopping draft
Verifying token 0: verify_id=11 (,), draft_id=13 (.), is_last=False, is_eos=False
Token 0 verification failed, accepting up to this token. is_last: False, is_eos: False, is_mismatch: True

Draft step 0: in_token=tensor([[11]], device='cuda:6'), in_token_decoded=,, end_index: 8142
predicted_token: 323, predict_score: 0.5224838852882385, token :  and

Draft step 1: in_token=tensor([[323]], device='cuda:6'), in_token_decoded= and, end_index: 8143
Draft step 1, token  and, predict_score 0.5224838852882385 < threshold 0.6, stopping draft
Verifying token 0: verify_id=448 ( with), draft_id=323 ( and), is_last=False, is_eos=False
Token 0 verification failed, accepting up to this token. is_last: False, is_eos: False, is_mismatch: True

Draft step 0: in_token=tensor([[448]], device='cuda:6'), in_token_decoded= with, end_index: 8143
predicted_token: 3015, predict_score: 0.35628870129585266, token :  water

Draft step 1: in_token=tensor([[3015]], device='cuda:6'), in_token_decoded= water, end_index: 8144
Draft step 1, token  water, predict_score 0.35628870129585266 < threshold 0.6, stopping draft
Verifying token 0: verify_id=279 ( the), draft_id=3015 ( water), is_last=False, is_eos=False
Token 0 verification failed, accepting up to this token. is_last: False, is_eos: False, is_mismatch: True

Draft step 0: in_token=tensor([[279]], device='cuda:6'), in_token_decoded= the, end_index: 8144
predicted_token: 30352, predict_score: 0.2816290855407715, token :  dough

Draft step 1: in_token=tensor([[30352]], device='cuda:6'), in_token_decoded= dough, end_index: 8145
Draft step 1, token  dough, predict_score 0.2816290855407715 < threshold 0.6, stopping draft
Verifying token 0: verify_id=37778 ( mixer), draft_id=30352 ( dough), is_last=False, is_eos=False
Token 0 verification failed, accepting up to this token. is_last: False, is_eos: False, is_mismatch: True

Draft step 0: in_token=tensor([[37778]], device='cuda:6'), in_token_decoded= mixer, end_index: 8145
predicted_token: 13, predict_score: 0.11557025462388992, token : .

Draft step 1: in_token=tensor([[13]], device='cuda:6'), in_token_decoded=., end_index: 8146
Draft step 1, token ., predict_score 0.11557025462388992 < threshold 0.6, stopping draft
Verifying token 0: verify_id=594 ('s), draft_id=13 (.), is_last=False, is_eos=False
Token 0 verification failed, accepting up to this token. is_last: False, is_eos: False, is_mismatch: True

Draft step 0: in_token=tensor([[594]], device='cuda:6'), in_token_decoded='s, end_index: 8146
predicted_token: 6787, predict_score: 0.05556568130850792, token :  skin

Draft step 1: in_token=tensor([[6787]], device='cuda:6'), in_token_decoded= skin, end_index: 8147
Draft step 1, token  skin, predict_score 0.05556568130850792 < threshold 0.6, stopping draft
Verifying token 0: verify_id=41642 ( blades), draft_id=6787 ( skin), is_last=False, is_eos=False
Token 0 verification failed, accepting up to this token. is_last: False, is_eos: False, is_mismatch: True

Draft step 0: in_token=tensor([[41642]], device='cuda:6'), in_token_decoded= blades, end_index: 8147
predicted_token: 311, predict_score: 0.570690393447876, token :  to

Draft step 1: in_token=tensor([[311]], device='cuda:6'), in_token_decoded= to, end_index: 8148
Draft step 1, token  to, predict_score 0.570690393447876 < threshold 0.6, stopping draft
Verifying token 0: verify_id=13054 ( turning), draft_id=311 ( to), is_last=False, is_eos=False
Token 0 verification failed, accepting up to this token. is_last: False, is_eos: False, is_mismatch: True

Draft step 0: in_token=tensor([[13054]], device='cuda:6'), in_token_decoded= turning, end_index: 8148
predicted_token: 389, predict_score: 0.791013777256012, token :  on

Draft step 1: in_token=tensor([[389]], device='cuda:6'), in_token_decoded= on, end_index: 8149
predicted_token: 279, predict_score: 0.9222574830055237, token :  the

Draft step 2: in_token=tensor([[279]], device='cuda:6'), in_token_decoded= the, end_index: 8150
predicted_token: 71453, predict_score: 0.2777182161808014, token :  faucet

Draft step 3: in_token=tensor([[71453]], device='cuda:6'), in_token_decoded= faucet, end_index: 8151
Draft step 3, token  faucet, predict_score 0.2777182161808014 < threshold 0.6, stopping draft
Verifying token 0: verify_id=311 ( to), draft_id=389 ( on), is_last=False, is_eos=False
Token 0 verification failed, accepting up to this token. is_last: False, is_eos: False, is_mismatch: True

Draft step 0: in_token=tensor([[311]], device='cuda:6'), in_token_decoded= to, end_index: 8149
predicted_token: 279, predict_score: 0.19439411163330078, token :  the

Draft step 1: in_token=tensor([[279]], device='cuda:6'), in_token_decoded= the, end_index: 8150
Draft step 1, token  the, predict_score 0.19439411163330078 < threshold 0.6, stopping draft
Verifying token 0: verify_id=4623 ( further), draft_id=279 ( the), is_last=False, is_eos=False
Token 0 verification failed, accepting up to this token. is_last: False, is_eos: False, is_mismatch: True

Draft step 0: in_token=tensor([[4623]], device='cuda:6'), in_token_decoded= further, end_index: 8150
predicted_token: 3015, predict_score: 0.18114995956420898, token :  water

Draft step 1: in_token=tensor([[3015]], device='cuda:6'), in_token_decoded= water, end_index: 8151
Draft step 1, token  water, predict_score 0.18114995956420898 < threshold 0.6, stopping draft
Verifying token 0: verify_id=13853 ( kne), draft_id=3015 ( water), is_last=False, is_eos=False
Token 0 verification failed, accepting up to this token. is_last: False, is_eos: False, is_mismatch: True

Draft step 0: in_token=tensor([[13853]], device='cuda:6'), in_token_decoded= kne, end_index: 8151
predicted_token: 13, predict_score: 0.0789056196808815, token : .

Draft step 1: in_token=tensor([[13]], device='cuda:6'), in_token_decoded=., end_index: 8152
Draft step 1, token ., predict_score 0.0789056196808815 < threshold 0.6, stopping draft
Verifying token 0: verify_id=329 (ad), draft_id=13 (.), is_last=False, is_eos=False
Token 0 verification failed, accepting up to this token. is_last: False, is_eos: False, is_mismatch: True

Draft step 0: in_token=tensor([[329]], device='cuda:6'), in_token_decoded=ad, end_index: 8152
predicted_token: 279, predict_score: 0.7630250453948975, token :  the

Draft step 1: in_token=tensor([[279]], device='cuda:6'), in_token_decoded= the, end_index: 8153
predicted_token: 19828, predict_score: 0.7105411887168884, token :  flour

Draft step 2: in_token=tensor([[19828]], device='cuda:6'), in_token_decoded= flour, end_index: 8154
predicted_token: 13, predict_score: 0.19012756645679474, token : .

Draft step 3: in_token=tensor([[13]], device='cuda:6'), in_token_decoded=., end_index: 8155
Draft step 3, token ., predict_score 0.19012756645679474 < threshold 0.6, stopping draft
Verifying token 0: verify_id=279 ( the), draft_id=279 ( the), is_last=False, is_eos=False
Verifying token 1: verify_id=30352 ( dough), draft_id=19828 ( flour), is_last=False, is_eos=False
Token 1 verification failed, accepting up to this token. is_last: False, is_eos: False, is_mismatch: True

Draft step 0: in_token=tensor([[30352]], device='cuda:6'), in_token_decoded= dough, end_index: 8154
predicted_token: 448, predict_score: 0.20538122951984406, token :  with

Draft step 1: in_token=tensor([[448]], device='cuda:6'), in_token_decoded= with, end_index: 8155
Draft step 1, token  with, predict_score 0.20538122951984406 < threshold 0.6, stopping draft
Verifying token 0: verify_id=11 (,), draft_id=448 ( with), is_last=False, is_eos=False
Token 0 verification failed, accepting up to this token. is_last: False, is_eos: False, is_mismatch: True

Draft step 0: in_token=tensor([[11]], device='cuda:6'), in_token_decoded=,, end_index: 8155
predicted_token: 323, predict_score: 0.21349072456359863, token :  and

Draft step 1: in_token=tensor([[323]], device='cuda:6'), in_token_decoded= and, end_index: 8156
Draft step 1, token  and, predict_score 0.21349072456359863 < threshold 0.6, stopping draft
Verifying token 0: verify_id=323 ( and), draft_id=323 ( and), is_last=False, is_eos=False
Verifying token 1: verify_id=279 ( the), draft_id=None (None), is_last=True, is_eos=False
Token 1 verification failed, accepting up to this token. is_last: True, is_eos: False, is_mismatch: False

Draft step 0: in_token=tensor([[279]], device='cuda:6'), in_token_decoded= the, end_index: 8157
predicted_token: 30352, predict_score: 0.46920135617256165, token :  dough

Draft step 1: in_token=tensor([[30352]], device='cuda:6'), in_token_decoded= dough, end_index: 8158
Draft step 1, token  dough, predict_score 0.46920135617256165 < threshold 0.6, stopping draft
Verifying token 0: verify_id=1697 ( person), draft_id=30352 ( dough), is_last=False, is_eos=False
Token 0 verification failed, accepting up to this token. is_last: False, is_eos: False, is_mismatch: True

Draft step 0: in_token=tensor([[1697]], device='cuda:6'), in_token_decoded= person, end_index: 8158
predicted_token: 374, predict_score: 0.5594601631164551, token :  is

Draft step 1: in_token=tensor([[374]], device='cuda:6'), in_token_decoded= is, end_index: 8159
Draft step 1, token  is, predict_score 0.5594601631164551 < threshold 0.6, stopping draft
Verifying token 0: verify_id=1221 ( then), draft_id=374 ( is), is_last=False, is_eos=False
Token 0 verification failed, accepting up to this token. is_last: False, is_eos: False, is_mismatch: True

Draft step 0: in_token=tensor([[1221]], device='cuda:6'), in_token_decoded= then, end_index: 8159
predicted_token: 13, predict_score: 0.11760203540325165, token : .

Draft step 1: in_token=tensor([[13]], device='cuda:6'), in_token_decoded=., end_index: 8160
Draft step 1, token ., predict_score 0.11760203540325165 < threshold 0.6, stopping draft
Verifying token 0: verify_id=21895 ( picks), draft_id=13 (.), is_last=False, is_eos=False
Token 0 verification failed, accepting up to this token. is_last: False, is_eos: False, is_mismatch: True

Draft step 0: in_token=tensor([[21895]], device='cuda:6'), in_token_decoded= picks, end_index: 8160
predicted_token: 705, predict_score: 0.9739601612091064, token :  up

Draft step 1: in_token=tensor([[705]], device='cuda:6'), in_token_decoded= up, end_index: 8161
predicted_token: 279, predict_score: 0.9395856261253357, token :  the

Draft step 2: in_token=tensor([[279]], device='cuda:6'), in_token_decoded= the, end_index: 8162
predicted_token: 19828, predict_score: 0.3274186849594116, token :  flour

Draft step 3: in_token=tensor([[19828]], device='cuda:6'), in_token_decoded= flour, end_index: 8163
Draft step 3, token  flour, predict_score 0.3274186849594116 < threshold 0.6, stopping draft
Verifying token 0: verify_id=705 ( up), draft_id=705 ( up), is_last=False, is_eos=False
Verifying token 1: verify_id=264 ( a), draft_id=279 ( the), is_last=False, is_eos=False
Token 1 verification failed, accepting up to this token. is_last: False, is_eos: False, is_mismatch: True

Draft step 0: in_token=tensor([[264]], device='cuda:6'), in_token_decoded= a, end_index: 8162
predicted_token: 21430, predict_score: 0.16215907037258148, token :  knife

Draft step 1: in_token=tensor([[21430]], device='cuda:6'), in_token_decoded= knife, end_index: 8163
Draft step 1, token  knife, predict_score 0.16215907037258148 < threshold 0.6, stopping draft
Verifying token 0: verify_id=6573 ( piece), draft_id=21430 ( knife), is_last=False, is_eos=False
Token 0 verification failed, accepting up to this token. is_last: False, is_eos: False, is_mismatch: True

Draft step 0: in_token=tensor([[6573]], device='cuda:6'), in_token_decoded= piece, end_index: 8163
predicted_token: 315, predict_score: 0.9125433564186096, token :  of

Draft step 1: in_token=tensor([[315]], device='cuda:6'), in_token_decoded= of, end_index: 8164
predicted_token: 30352, predict_score: 0.6221168041229248, token :  dough

Draft step 2: in_token=tensor([[30352]], device='cuda:6'), in_token_decoded= dough, end_index: 8165
predicted_token: 13, predict_score: 0.306120902299881, token : .

Draft step 3: in_token=tensor([[13]], device='cuda:6'), in_token_decoded=., end_index: 8166
Draft step 3, token ., predict_score 0.306120902299881 < threshold 0.6, stopping draft
Verifying token 0: verify_id=315 ( of), draft_id=315 ( of), is_last=False, is_eos=False
Verifying token 1: verify_id=30352 ( dough), draft_id=30352 ( dough), is_last=False, is_eos=False
Verifying token 2: verify_id=323 ( and), draft_id=13 (.), is_last=False, is_eos=False
Token 2 verification failed, accepting up to this token. is_last: False, is_eos: False, is_mismatch: True

Draft step 0: in_token=tensor([[323]], device='cuda:6'), in_token_decoded= and, end_index: 8166
predicted_token: 2484, predict_score: 0.303693026304245, token :  turn

Draft step 1: in_token=tensor([[2484]], device='cuda:6'), in_token_decoded= turn, end_index: 8167
Draft step 1, token  turn, predict_score 0.303693026304245 < threshold 0.6, stopping draft
Verifying token 0: verify_id=7482 ( places), draft_id=2484 ( turn), is_last=False, is_eos=False
Token 0 verification failed, accepting up to this token. is_last: False, is_eos: False, is_mismatch: True

Draft step 0: in_token=tensor([[7482]], device='cuda:6'), in_token_decoded= places, end_index: 8167
predicted_token: 279, predict_score: 0.90775465965271, token :  the

Draft step 1: in_token=tensor([[279]], device='cuda:6'), in_token_decoded= the, end_index: 8168
predicted_token: 19212, predict_score: 0.14321166276931763, token :  bowl

Draft step 2: in_token=tensor([[19212]], device='cuda:6'), in_token_decoded= bowl, end_index: 8169
Draft step 2, token  bowl, predict_score 0.14321166276931763 < threshold 0.6, stopping draft
Verifying token 0: verify_id=432 ( it), draft_id=279 ( the), is_last=False, is_eos=False
Token 0 verification failed, accepting up to this token. is_last: False, is_eos: False, is_mismatch: True

Draft step 0: in_token=tensor([[432]], device='cuda:6'), in_token_decoded= it, end_index: 8168
predicted_token: 389, predict_score: 0.7383674383163452, token :  on

Draft step 1: in_token=tensor([[389]], device='cuda:6'), in_token_decoded= on, end_index: 8169
predicted_token: 279, predict_score: 0.9110023379325867, token :  the

Draft step 2: in_token=tensor([[279]], device='cuda:6'), in_token_decoded= the, end_index: 8170
predicted_token: 1965, predict_score: 0.5166744589805603, token :  table

Draft step 3: in_token=tensor([[1965]], device='cuda:6'), in_token_decoded= table, end_index: 8171
Draft step 3, token  table, predict_score 0.5166744589805603 < threshold 0.6, stopping draft
Verifying token 0: verify_id=389 ( on), draft_id=389 ( on), is_last=False, is_eos=False
Verifying token 1: verify_id=279 ( the), draft_id=279 ( the), is_last=False, is_eos=False
Verifying token 2: verify_id=9317 ( metal), draft_id=1965 ( table), is_last=False, is_eos=False
Token 2 verification failed, accepting up to this token. is_last: False, is_eos: False, is_mismatch: True

Draft step 0: in_token=tensor([[9317]], device='cuda:6'), in_token_decoded= metal, end_index: 8171
predicted_token: 13, predict_score: 0.7055708765983582, token : .

Draft step 1: in_token=tensor([[13]], device='cuda:6'), in_token_decoded=., end_index: 8172
predicted_token: 151645, predict_score: 0.9830111265182495, token : <|im_end|>
Verifying token 0: verify_id=7329 ( surface), draft_id=13 (.), is_last=False, is_eos=False
Token 0 verification failed, accepting up to this token. is_last: False, is_eos: False, is_mismatch: True

Draft step 0: in_token=tensor([[7329]], device='cuda:6'), in_token_decoded= surface, end_index: 8172
predicted_token: 11, predict_score: 0.3884073793888092, token : ,

Draft step 1: in_token=tensor([[11]], device='cuda:6'), in_token_decoded=,, end_index: 8173
Draft step 1, token ,, predict_score 0.3884073793888092 < threshold 0.6, stopping draft
Verifying token 0: verify_id=13 (.), draft_id=11 (,), is_last=False, is_eos=False
Token 0 verification failed, accepting up to this token. is_last: False, is_eos: False, is_mismatch: True

Draft step 0: in_token=tensor([[13]], device='cuda:6'), in_token_decoded=., end_index: 8173
predicted_token: 151645, predict_score: 0.9633231163024902, token : <|im_end|>
Verifying token 0: verify_id=151645 (<|im_end|>), draft_id=151645 (<|im_end|>), is_last=False, is_eos=True
Token 0 verification failed, accepting up to this token. is_last: False, is_eos: True, is_mismatch: False
New tokens: ["The dough is kneaded by pressing and folding it, then placed into a dough mixer, and the person's hands continue to work it inside the mixer, with the mixer's blades turning to further knead the dough, and the person then picks up a piece of dough and places it on the metal surface.<|im_end|>"]
Total new tokens generated: 63
[Spec] avg_accept=1.27 | tokens=63 | context_len=8111
[Adapter] acc=14/57 (24.6%) | avg_confidence=0.449 | context_len=8111
\n===== Lossless Check =====
Speculative output: The dough is kneaded by pressing and folding it, then placed into a dough mixer, and the person's hands continue to work it inside the mixer, with the mixer's blades turning to further knead the dough, and the person then picks up a piece of dough and places it on the metal surface.
AR manual output:   The dough is kneaded by pressing and folding it, then placed into a dough mixer, and the person's hands continue to work it inside the mixer, with the mixer's blades turning to further knead the dough, and the person then picks up a piece of dough and places it on the metal surface.
Exact match: True
OK: Outputs match. Speculative decoding is lossless.
Speedup: 1.03x
Speedup_decode: 0.99x
Spec decode tok/s: 29.69
AR decode tok/s:   30.00
 first token :NO

Draft step 0: in_token=tensor([[8996]], device='cuda:6'), in_token_decoded=NO, end_index: 8236
predicted_token: 30352, predict_score: 0.02242671325802803, token :  dough

Draft step 1: in_token=tensor([[30352]], device='cuda:6'), in_token_decoded= dough, end_index: 8237
Draft step 1, token  dough, predict_score 0.02242671325802803 < threshold 0.6, stopping draft
Verifying token 0: verify_id=3596 ( RE), draft_id=30352 ( dough), is_last=False, is_eos=False
Token 0 verification failed, accepting up to this token. is_last: False, is_eos: False, is_mismatch: True

Draft step 0: in_token=tensor([[3596]], device='cuda:6'), in_token_decoded= RE, end_index: 8237
predicted_token: 453, predict_score: 0.07171854376792908, token : op

Draft step 1: in_token=tensor([[453]], device='cuda:6'), in_token_decoded=op, end_index: 8238
Draft step 1, token op, predict_score 0.07171854376792908 < threshold 0.6, stopping draft
Verifying token 0: verify_id=24834 (PLY), draft_id=453 (op), is_last=False, is_eos=False
Token 0 verification failed, accepting up to this token. is_last: False, is_eos: False, is_mismatch: True

Draft step 0: in_token=tensor([[24834]], device='cuda:6'), in_token_decoded=PLY, end_index: 8238
predicted_token: 315, predict_score: 0.08398891985416412, token :  of

Draft step 1: in_token=tensor([[315]], device='cuda:6'), in_token_decoded= of, end_index: 8239
Draft step 1, token  of, predict_score 0.08398891985416412 < threshold 0.6, stopping draft
Verifying token 0: verify_id=151645 (<|im_end|>), draft_id=315 ( of), is_last=False, is_eos=True
Token 0 verification failed, accepting up to this token. is_last: False, is_eos: True, is_mismatch: True
New tokens: ['NO REPLY<|im_end|>']
Total new tokens generated: 4
[Spec] avg_accept=1.00 | tokens=4 | context_len=8235
[Adapter] acc=0/3 (0.0%) | avg_confidence=0.059 | context_len=8235
\n===== Lossless Check =====
Speculative output: NO REPLY
AR manual output:   NO REPLY
Exact match: True
OK: Outputs match. Speculative decoding is lossless.
Speedup: 0.67x
Speedup_decode: 0.61x
Spec decode tok/s: 22.79
AR decode tok/s:   37.48
 first token :NO

Draft step 0: in_token=tensor([[8996]], device='cuda:6'), in_token_decoded=NO, end_index: 8301
predicted_token: 8996, predict_score: 0.042866941541433334, token : NO

Draft step 1: in_token=tensor([[8996]], device='cuda:6'), in_token_decoded=NO, end_index: 8302
Draft step 1, token NO, predict_score 0.042866941541433334 < threshold 0.6, stopping draft
Verifying token 0: verify_id=3596 ( RE), draft_id=8996 (NO), is_last=False, is_eos=False
Token 0 verification failed, accepting up to this token. is_last: False, is_eos: False, is_mismatch: True

Draft step 0: in_token=tensor([[3596]], device='cuda:6'), in_token_decoded= RE, end_index: 8302
predicted_token: 453, predict_score: 0.051437485963106155, token : op

Draft step 1: in_token=tensor([[453]], device='cuda:6'), in_token_decoded=op, end_index: 8303
Draft step 1, token op, predict_score 0.051437485963106155 < threshold 0.6, stopping draft
Verifying token 0: verify_id=24834 (PLY), draft_id=453 (op), is_last=False, is_eos=False
Token 0 verification failed, accepting up to this token. is_last: False, is_eos: False, is_mismatch: True

Draft step 0: in_token=tensor([[24834]], device='cuda:6'), in_token_decoded=PLY, end_index: 8303
predicted_token: 315, predict_score: 0.06739229708909988, token :  of

Draft step 1: in_token=tensor([[315]], device='cuda:6'), in_token_decoded= of, end_index: 8304
Draft step 1, token  of, predict_score 0.06739229708909988 < threshold 0.6, stopping draft
Verifying token 0: verify_id=151645 (<|im_end|>), draft_id=315 ( of), is_last=False, is_eos=True
Token 0 verification failed, accepting up to this token. is_last: False, is_eos: True, is_mismatch: True
New tokens: ['NO REPLY<|im_end|>']
Total new tokens generated: 4
[Spec] avg_accept=1.00 | tokens=4 | context_len=8300
[Adapter] acc=0/3 (0.0%) | avg_confidence=0.054 | context_len=8300
\n===== Lossless Check =====
Speculative output: NO REPLY
AR manual output:   NO REPLY
Exact match: True
OK: Outputs match. Speculative decoding is lossless.
Speedup: 0.65x
Speedup_decode: 0.70x
Spec decode tok/s: 27.20
AR decode tok/s:   38.65
 first token :The

Draft step 0: in_token=tensor([[785]], device='cuda:6'), in_token_decoded=The, end_index: 8366
predicted_token: 30352, predict_score: 0.5885266661643982, token :  dough

Draft step 1: in_token=tensor([[30352]], device='cuda:6'), in_token_decoded= dough, end_index: 8367
Draft step 1, token  dough, predict_score 0.5885266661643982 < threshold 0.6, stopping draft
Verifying token 0: verify_id=30352 ( dough), draft_id=30352 ( dough), is_last=False, is_eos=False
Verifying token 1: verify_id=374 ( is), draft_id=None (None), is_last=True, is_eos=False
Token 1 verification failed, accepting up to this token. is_last: True, is_eos: False, is_mismatch: False

Draft step 0: in_token=tensor([[374]], device='cuda:6'), in_token_decoded= is, end_index: 8368
predicted_token: 9099, predict_score: 0.30468225479125977, token :  placed

Draft step 1: in_token=tensor([[9099]], device='cuda:6'), in_token_decoded= placed, end_index: 8369
Draft step 1, token  placed, predict_score 0.30468225479125977 < threshold 0.6, stopping draft
Verifying token 0: verify_id=13853 ( kne), draft_id=9099 ( placed), is_last=False, is_eos=False
Token 0 verification failed, accepting up to this token. is_last: False, is_eos: False, is_mismatch: True

Draft step 0: in_token=tensor([[13853]], device='cuda:6'), in_token_decoded= kne, end_index: 8369
predicted_token: 315, predict_score: 0.06840168684720993, token :  of

Draft step 1: in_token=tensor([[315]], device='cuda:6'), in_token_decoded= of, end_index: 8370
Draft step 1, token  of, predict_score 0.06840168684720993 < threshold 0.6, stopping draft
Verifying token 0: verify_id=14255 (aded), draft_id=315 ( of), is_last=False, is_eos=False
Token 0 verification failed, accepting up to this token. is_last: False, is_eos: False, is_mismatch: True

Draft step 0: in_token=tensor([[14255]], device='cuda:6'), in_token_decoded=aded, end_index: 8370
predicted_token: 311, predict_score: 0.19350773096084595, token :  to

Draft step 1: in_token=tensor([[311]], device='cuda:6'), in_token_decoded= to, end_index: 8371
Draft step 1, token  to, predict_score 0.19350773096084595 < threshold 0.6, stopping draft
Verifying token 0: verify_id=553 ( by), draft_id=311 ( to), is_last=False, is_eos=False
Token 0 verification failed, accepting up to this token. is_last: False, is_eos: False, is_mismatch: True

Draft step 0: in_token=tensor([[553]], device='cuda:6'), in_token_decoded= by, end_index: 8371
predicted_token: 9963, predict_score: 0.1824914515018463, token :  holding

Draft step 1: in_token=tensor([[9963]], device='cuda:6'), in_token_decoded= holding, end_index: 8372
Draft step 1, token  holding, predict_score 0.1824914515018463 < threshold 0.6, stopping draft
Verifying token 0: verify_id=25352 ( pressing), draft_id=9963 ( holding), is_last=False, is_eos=False
Token 0 verification failed, accepting up to this token. is_last: False, is_eos: False, is_mismatch: True

Draft step 0: in_token=tensor([[25352]], device='cuda:6'), in_token_decoded= pressing, end_index: 8372
predicted_token: 279, predict_score: 0.4811309278011322, token :  the

Draft step 1: in_token=tensor([[279]], device='cuda:6'), in_token_decoded= the, end_index: 8373
Draft step 1, token  the, predict_score 0.4811309278011322 < threshold 0.6, stopping draft
Verifying token 0: verify_id=323 ( and), draft_id=279 ( the), is_last=False, is_eos=False
Token 0 verification failed, accepting up to this token. is_last: False, is_eos: False, is_mismatch: True

Draft step 0: in_token=tensor([[323]], device='cuda:6'), in_token_decoded= and, end_index: 8373
predicted_token: 315, predict_score: 0.0694378986954689, token :  of

Draft step 1: in_token=tensor([[315]], device='cuda:6'), in_token_decoded= of, end_index: 8374
Draft step 1, token  of, predict_score 0.0694378986954689 < threshold 0.6, stopping draft
Verifying token 0: verify_id=44742 ( folding), draft_id=315 ( of), is_last=False, is_eos=False
Token 0 verification failed, accepting up to this token. is_last: False, is_eos: False, is_mismatch: True

Draft step 0: in_token=tensor([[44742]], device='cuda:6'), in_token_decoded= folding, end_index: 8374
predicted_token: 389, predict_score: 0.26623737812042236, token :  on

Draft step 1: in_token=tensor([[389]], device='cuda:6'), in_token_decoded= on, end_index: 8375
Draft step 1, token  on, predict_score 0.26623737812042236 < threshold 0.6, stopping draft
Verifying token 0: verify_id=432 ( it), draft_id=389 ( on), is_last=False, is_eos=False
Token 0 verification failed, accepting up to this token. is_last: False, is_eos: False, is_mismatch: True

Draft step 0: in_token=tensor([[432]], device='cuda:6'), in_token_decoded= it, end_index: 8375
predicted_token: 311, predict_score: 0.22459161281585693, token :  to

Draft step 1: in_token=tensor([[311]], device='cuda:6'), in_token_decoded= to, end_index: 8376
Draft step 1, token  to, predict_score 0.22459161281585693 < threshold 0.6, stopping draft
Verifying token 0: verify_id=11 (,), draft_id=311 ( to), is_last=False, is_eos=False
Token 0 verification failed, accepting up to this token. is_last: False, is_eos: False, is_mismatch: True

Draft step 0: in_token=tensor([[11]], device='cuda:6'), in_token_decoded=,, end_index: 8376
predicted_token: 1221, predict_score: 0.1771702766418457, token :  then

Draft step 1: in_token=tensor([[1221]], device='cuda:6'), in_token_decoded= then, end_index: 8377
Draft step 1, token  then, predict_score 0.1771702766418457 < threshold 0.6, stopping draft
Verifying token 0: verify_id=1221 ( then), draft_id=1221 ( then), is_last=False, is_eos=False
Verifying token 1: verify_id=9099 ( placed), draft_id=None (None), is_last=True, is_eos=False
Token 1 verification failed, accepting up to this token. is_last: True, is_eos: False, is_mismatch: False

Draft step 0: in_token=tensor([[9099]], device='cuda:6'), in_token_decoded= placed, end_index: 8378
predicted_token: 389, predict_score: 0.8246679902076721, token :  on

Draft step 1: in_token=tensor([[389]], device='cuda:6'), in_token_decoded= on, end_index: 8379
predicted_token: 279, predict_score: 0.9039229154586792, token :  the

Draft step 2: in_token=tensor([[279]], device='cuda:6'), in_token_decoded= the, end_index: 8380
predicted_token: 1965, predict_score: 0.31557902693748474, token :  table

Draft step 3: in_token=tensor([[1965]], device='cuda:6'), in_token_decoded= table, end_index: 8381
Draft step 3, token  table, predict_score 0.31557902693748474 < threshold 0.6, stopping draft
Verifying token 0: verify_id=1119 ( into), draft_id=389 ( on), is_last=False, is_eos=False
Token 0 verification failed, accepting up to this token. is_last: False, is_eos: False, is_mismatch: True

Draft step 0: in_token=tensor([[1119]], device='cuda:6'), in_token_decoded= into, end_index: 8379
predicted_token: 264, predict_score: 0.8906680345535278, token :  a

Draft step 1: in_token=tensor([[264]], device='cuda:6'), in_token_decoded= a, end_index: 8380
predicted_token: 19212, predict_score: 0.23484200239181519, token :  bowl

Draft step 2: in_token=tensor([[19212]], device='cuda:6'), in_token_decoded= bowl, end_index: 8381
Draft step 2, token  bowl, predict_score 0.23484200239181519 < threshold 0.6, stopping draft
Verifying token 0: verify_id=264 ( a), draft_id=264 ( a), is_last=False, is_eos=False
Verifying token 1: verify_id=30352 ( dough), draft_id=19212 ( bowl), is_last=False, is_eos=False
Token 1 verification failed, accepting up to this token. is_last: False, is_eos: False, is_mismatch: True

Draft step 0: in_token=tensor([[30352]], device='cuda:6'), in_token_decoded= dough, end_index: 8381
predicted_token: 323, predict_score: 0.16882120072841644, token :  and

Draft step 1: in_token=tensor([[323]], device='cuda:6'), in_token_decoded= and, end_index: 8382
Draft step 1, token  and, predict_score 0.16882120072841644 < threshold 0.6, stopping draft
Verifying token 0: verify_id=37778 ( mixer), draft_id=323 ( and), is_last=False, is_eos=False
Token 0 verification failed, accepting up to this token. is_last: False, is_eos: False, is_mismatch: True

Draft step 0: in_token=tensor([[37778]], device='cuda:6'), in_token_decoded= mixer, end_index: 8382
predicted_token: 13, predict_score: 0.18168243765830994, token : .

Draft step 1: in_token=tensor([[13]], device='cuda:6'), in_token_decoded=., end_index: 8383
Draft step 1, token ., predict_score 0.18168243765830994 < threshold 0.6, stopping draft
Verifying token 0: verify_id=11 (,), draft_id=13 (.), is_last=False, is_eos=False
Token 0 verification failed, accepting up to this token. is_last: False, is_eos: False, is_mismatch: True

Draft step 0: in_token=tensor([[11]], device='cuda:6'), in_token_decoded=,, end_index: 8383
predicted_token: 323, predict_score: 0.1382136195898056, token :  and

Draft step 1: in_token=tensor([[323]], device='cuda:6'), in_token_decoded= and, end_index: 8384
Draft step 1, token  and, predict_score 0.1382136195898056 < threshold 0.6, stopping draft
Verifying token 0: verify_id=323 ( and), draft_id=323 ( and), is_last=False, is_eos=False
Verifying token 1: verify_id=279 ( the), draft_id=None (None), is_last=True, is_eos=False
Token 1 verification failed, accepting up to this token. is_last: True, is_eos: False, is_mismatch: False

Draft step 0: in_token=tensor([[279]], device='cuda:6'), in_token_decoded= the, end_index: 8385
predicted_token: 30352, predict_score: 0.4936491847038269, token :  dough

Draft step 1: in_token=tensor([[30352]], device='cuda:6'), in_token_decoded= dough, end_index: 8386
Draft step 1, token  dough, predict_score 0.4936491847038269 < threshold 0.6, stopping draft
Verifying token 0: verify_id=1697 ( person), draft_id=30352 ( dough), is_last=False, is_eos=False
Token 0 verification failed, accepting up to this token. is_last: False, is_eos: False, is_mismatch: True

Draft step 0: in_token=tensor([[1697]], device='cuda:6'), in_token_decoded= person, end_index: 8386
predicted_token: 374, predict_score: 0.2261863350868225, token :  is

Draft step 1: in_token=tensor([[374]], device='cuda:6'), in_token_decoded= is, end_index: 8387
Draft step 1, token  is, predict_score 0.2261863350868225 < threshold 0.6, stopping draft
Verifying token 0: verify_id=594 ('s), draft_id=374 ( is), is_last=False, is_eos=False
Token 0 verification failed, accepting up to this token. is_last: False, is_eos: False, is_mismatch: True

Draft step 0: in_token=tensor([[594]], device='cuda:6'), in_token_decoded='s, end_index: 8387
predicted_token: 19828, predict_score: 0.07045631855726242, token :  flour

Draft step 1: in_token=tensor([[19828]], device='cuda:6'), in_token_decoded= flour, end_index: 8388
Draft step 1, token  flour, predict_score 0.07045631855726242 < threshold 0.6, stopping draft
Verifying token 0: verify_id=6078 ( hands), draft_id=19828 ( flour), is_last=False, is_eos=False
Token 0 verification failed, accepting up to this token. is_last: False, is_eos: False, is_mismatch: True

Draft step 0: in_token=tensor([[6078]], device='cuda:6'), in_token_decoded= hands, end_index: 8388
predicted_token: 13, predict_score: 0.19440077245235443, token : .

Draft step 1: in_token=tensor([[13]], device='cuda:6'), in_token_decoded=., end_index: 8389
Draft step 1, token ., predict_score 0.19440077245235443 < threshold 0.6, stopping draft
Verifying token 0: verify_id=3060 ( continue), draft_id=13 (.), is_last=False, is_eos=False
Token 0 verification failed, accepting up to this token. is_last: False, is_eos: False, is_mismatch: True

Draft step 0: in_token=tensor([[3060]], device='cuda:6'), in_token_decoded= continue, end_index: 8389
predicted_token: 311, predict_score: 0.7356072068214417, token :  to

Draft step 1: in_token=tensor([[311]], device='cuda:6'), in_token_decoded= to, end_index: 8390
predicted_token: 3493, predict_score: 0.09922007471323013, token :  press

Draft step 2: in_token=tensor([[3493]], device='cuda:6'), in_token_decoded= press, end_index: 8391
Draft step 2, token  press, predict_score 0.09922007471323013 < threshold 0.6, stopping draft
Verifying token 0: verify_id=311 ( to), draft_id=311 ( to), is_last=False, is_eos=False
Verifying token 1: verify_id=975 ( work), draft_id=3493 ( press), is_last=False, is_eos=False
Token 1 verification failed, accepting up to this token. is_last: False, is_eos: False, is_mismatch: True

Draft step 0: in_token=tensor([[975]], device='cuda:6'), in_token_decoded= work, end_index: 8391
predicted_token: 13, predict_score: 0.5114986300468445, token : .

Draft step 1: in_token=tensor([[13]], device='cuda:6'), in_token_decoded=., end_index: 8392
Draft step 1, token ., predict_score 0.5114986300468445 < threshold 0.6, stopping draft
Verifying token 0: verify_id=432 ( it), draft_id=13 (.), is_last=False, is_eos=False
Token 0 verification failed, accepting up to this token. is_last: False, is_eos: False, is_mismatch: True

Draft step 0: in_token=tensor([[432]], device='cuda:6'), in_token_decoded= it, end_index: 8392
predicted_token: 311, predict_score: 0.4208221435546875, token :  to

Draft step 1: in_token=tensor([[311]], device='cuda:6'), in_token_decoded= to, end_index: 8393
Draft step 1, token  to, predict_score 0.4208221435546875 < threshold 0.6, stopping draft
Verifying token 0: verify_id=4766 ( inside), draft_id=311 ( to), is_last=False, is_eos=False
Token 0 verification failed, accepting up to this token. is_last: False, is_eos: False, is_mismatch: True

Draft step 0: in_token=tensor([[4766]], device='cuda:6'), in_token_decoded= inside, end_index: 8393
predicted_token: 13, predict_score: 0.3979644775390625, token : .

Draft step 1: in_token=tensor([[13]], device='cuda:6'), in_token_decoded=., end_index: 8394
Draft step 1, token ., predict_score 0.3979644775390625 < threshold 0.6, stopping draft
Verifying token 0: verify_id=279 ( the), draft_id=13 (.), is_last=False, is_eos=False
Token 0 verification failed, accepting up to this token. is_last: False, is_eos: False, is_mismatch: True

Draft step 0: in_token=tensor([[279]], device='cuda:6'), in_token_decoded= the, end_index: 8394
predicted_token: 57209, predict_score: 0.42224475741386414, token :  basin

Draft step 1: in_token=tensor([[57209]], device='cuda:6'), in_token_decoded= basin, end_index: 8395
Draft step 1, token  basin, predict_score 0.42224475741386414 < threshold 0.6, stopping draft
Verifying token 0: verify_id=37778 ( mixer), draft_id=57209 ( basin), is_last=False, is_eos=False
Token 0 verification failed, accepting up to this token. is_last: False, is_eos: False, is_mismatch: True

Draft step 0: in_token=tensor([[37778]], device='cuda:6'), in_token_decoded= mixer, end_index: 8395
predicted_token: 13, predict_score: 0.5956465005874634, token : .

Draft step 1: in_token=tensor([[13]], device='cuda:6'), in_token_decoded=., end_index: 8396
Draft step 1, token ., predict_score 0.5956465005874634 < threshold 0.6, stopping draft
Verifying token 0: verify_id=11 (,), draft_id=13 (.), is_last=False, is_eos=False
Token 0 verification failed, accepting up to this token. is_last: False, is_eos: False, is_mismatch: True

Draft step 0: in_token=tensor([[11]], device='cuda:6'), in_token_decoded=,, end_index: 8396
predicted_token: 323, predict_score: 0.13261409103870392, token :  and

Draft step 1: in_token=tensor([[323]], device='cuda:6'), in_token_decoded= and, end_index: 8397
Draft step 1, token  and, predict_score 0.13261409103870392 < threshold 0.6, stopping draft
Verifying token 0: verify_id=448 ( with), draft_id=323 ( and), is_last=False, is_eos=False
Token 0 verification failed, accepting up to this token. is_last: False, is_eos: False, is_mismatch: True

Draft step 0: in_token=tensor([[448]], device='cuda:6'), in_token_decoded= with, end_index: 8397
predicted_token: 19828, predict_score: 0.20261120796203613, token :  flour

Draft step 1: in_token=tensor([[19828]], device='cuda:6'), in_token_decoded= flour, end_index: 8398
Draft step 1, token  flour, predict_score 0.20261120796203613 < threshold 0.6, stopping draft
Verifying token 0: verify_id=279 ( the), draft_id=19828 ( flour), is_last=False, is_eos=False
Token 0 verification failed, accepting up to this token. is_last: False, is_eos: False, is_mismatch: True

Draft step 0: in_token=tensor([[279]], device='cuda:6'), in_token_decoded= the, end_index: 8398
predicted_token: 30352, predict_score: 0.10874955356121063, token :  dough

Draft step 1: in_token=tensor([[30352]], device='cuda:6'), in_token_decoded= dough, end_index: 8399
Draft step 1, token  dough, predict_score 0.10874955356121063 < threshold 0.6, stopping draft
Verifying token 0: verify_id=37778 ( mixer), draft_id=30352 ( dough), is_last=False, is_eos=False
Token 0 verification failed, accepting up to this token. is_last: False, is_eos: False, is_mismatch: True

Draft step 0: in_token=tensor([[37778]], device='cuda:6'), in_token_decoded= mixer, end_index: 8399
predicted_token: 8968, predict_score: 0.1894741654396057, token :  bag

Draft step 1: in_token=tensor([[8968]], device='cuda:6'), in_token_decoded= bag, end_index: 8400
Draft step 1, token  bag, predict_score 0.1894741654396057 < threshold 0.6, stopping draft
Verifying token 0: verify_id=594 ('s), draft_id=8968 ( bag), is_last=False, is_eos=False
Token 0 verification failed, accepting up to this token. is_last: False, is_eos: False, is_mismatch: True

Draft step 0: in_token=tensor([[594]], device='cuda:6'), in_token_decoded='s, end_index: 8400
predicted_token: 6787, predict_score: 0.04869522899389267, token :  skin

Draft step 1: in_token=tensor([[6787]], device='cuda:6'), in_token_decoded= skin, end_index: 8401
Draft step 1, token  skin, predict_score 0.04869522899389267 < threshold 0.6, stopping draft
Verifying token 0: verify_id=41642 ( blades), draft_id=6787 ( skin), is_last=False, is_eos=False
Token 0 verification failed, accepting up to this token. is_last: False, is_eos: False, is_mismatch: True

Draft step 0: in_token=tensor([[41642]], device='cuda:6'), in_token_decoded= blades, end_index: 8401
predicted_token: 311, predict_score: 0.5052858591079712, token :  to

Draft step 1: in_token=tensor([[311]], device='cuda:6'), in_token_decoded= to, end_index: 8402
Draft step 1, token  to, predict_score 0.5052858591079712 < threshold 0.6, stopping draft
Verifying token 0: verify_id=13054 ( turning), draft_id=311 ( to), is_last=False, is_eos=False
Token 0 verification failed, accepting up to this token. is_last: False, is_eos: False, is_mismatch: True

Draft step 0: in_token=tensor([[13054]], device='cuda:6'), in_token_decoded= turning, end_index: 8402
predicted_token: 389, predict_score: 0.5758103728294373, token :  on

Draft step 1: in_token=tensor([[389]], device='cuda:6'), in_token_decoded= on, end_index: 8403
Draft step 1, token  on, predict_score 0.5758103728294373 < threshold 0.6, stopping draft
Verifying token 0: verify_id=311 ( to), draft_id=389 ( on), is_last=False, is_eos=False
Token 0 verification failed, accepting up to this token. is_last: False, is_eos: False, is_mismatch: True

Draft step 0: in_token=tensor([[311]], device='cuda:6'), in_token_decoded= to, end_index: 8403
predicted_token: 279, predict_score: 0.14538998901844025, token :  the

Draft step 1: in_token=tensor([[279]], device='cuda:6'), in_token_decoded= the, end_index: 8404
Draft step 1, token  the, predict_score 0.14538998901844025 < threshold 0.6, stopping draft
Verifying token 0: verify_id=4623 ( further), draft_id=279 ( the), is_last=False, is_eos=False
Token 0 verification failed, accepting up to this token. is_last: False, is_eos: False, is_mismatch: True

Draft step 0: in_token=tensor([[4623]], device='cuda:6'), in_token_decoded= further, end_index: 8404
predicted_token: 374, predict_score: 0.331625759601593, token :  is

Draft step 1: in_token=tensor([[374]], device='cuda:6'), in_token_decoded= is, end_index: 8405
Draft step 1, token  is, predict_score 0.331625759601593 < threshold 0.6, stopping draft
Verifying token 0: verify_id=13853 ( kne), draft_id=374 ( is), is_last=False, is_eos=False
Token 0 verification failed, accepting up to this token. is_last: False, is_eos: False, is_mismatch: True

Draft step 0: in_token=tensor([[13853]], device='cuda:6'), in_token_decoded= kne, end_index: 8405
predicted_token: 453, predict_score: 0.06819566339254379, token : op

Draft step 1: in_token=tensor([[453]], device='cuda:6'), in_token_decoded=op, end_index: 8406
Draft step 1, token op, predict_score 0.06819566339254379 < threshold 0.6, stopping draft
Verifying token 0: verify_id=329 (ad), draft_id=453 (op), is_last=False, is_eos=False
Token 0 verification failed, accepting up to this token. is_last: False, is_eos: False, is_mismatch: True

Draft step 0: in_token=tensor([[329]], device='cuda:6'), in_token_decoded=ad, end_index: 8406
predicted_token: 279, predict_score: 0.6580285429954529, token :  the

Draft step 1: in_token=tensor([[279]], device='cuda:6'), in_token_decoded= the, end_index: 8407
predicted_token: 19828, predict_score: 0.48264580965042114, token :  flour

Draft step 2: in_token=tensor([[19828]], device='cuda:6'), in_token_decoded= flour, end_index: 8408
Draft step 2, token  flour, predict_score 0.48264580965042114 < threshold 0.6, stopping draft
Verifying token 0: verify_id=279 ( the), draft_id=279 ( the), is_last=False, is_eos=False
Verifying token 1: verify_id=30352 ( dough), draft_id=19828 ( flour), is_last=False, is_eos=False
Token 1 verification failed, accepting up to this token. is_last: False, is_eos: False, is_mismatch: True

Draft step 0: in_token=tensor([[30352]], device='cuda:6'), in_token_decoded= dough, end_index: 8408
predicted_token: 13, predict_score: 0.32306843996047974, token : .

Draft step 1: in_token=tensor([[13]], device='cuda:6'), in_token_decoded=., end_index: 8409
Draft step 1, token ., predict_score 0.32306843996047974 < threshold 0.6, stopping draft
Verifying token 0: verify_id=11 (,), draft_id=13 (.), is_last=False, is_eos=False
Token 0 verification failed, accepting up to this token. is_last: False, is_eos: False, is_mismatch: True

Draft step 0: in_token=tensor([[11]], device='cuda:6'), in_token_decoded=,, end_index: 8409
predicted_token: 323, predict_score: 0.4537883400917053, token :  and

Draft step 1: in_token=tensor([[323]], device='cuda:6'), in_token_decoded= and, end_index: 8410
Draft step 1, token  and, predict_score 0.4537883400917053 < threshold 0.6, stopping draft
Verifying token 0: verify_id=323 ( and), draft_id=323 ( and), is_last=False, is_eos=False
Verifying token 1: verify_id=279 ( the), draft_id=None (None), is_last=True, is_eos=False
Token 1 verification failed, accepting up to this token. is_last: True, is_eos: False, is_mismatch: False

Draft step 0: in_token=tensor([[279]], device='cuda:6'), in_token_decoded= the, end_index: 8411
predicted_token: 19828, predict_score: 0.46729210019111633, token :  flour

Draft step 1: in_token=tensor([[19828]], device='cuda:6'), in_token_decoded= flour, end_index: 8412
Draft step 1, token  flour, predict_score 0.46729210019111633 < threshold 0.6, stopping draft
Verifying token 0: verify_id=1697 ( person), draft_id=19828 ( flour), is_last=False, is_eos=False
Token 0 verification failed, accepting up to this token. is_last: False, is_eos: False, is_mismatch: True

Draft step 0: in_token=tensor([[1697]], device='cuda:6'), in_token_decoded= person, end_index: 8412
predicted_token: 374, predict_score: 0.19049572944641113, token :  is

Draft step 1: in_token=tensor([[374]], device='cuda:6'), in_token_decoded= is, end_index: 8413
Draft step 1, token  is, predict_score 0.19049572944641113 < threshold 0.6, stopping draft
Verifying token 0: verify_id=1221 ( then), draft_id=374 ( is), is_last=False, is_eos=False
Token 0 verification failed, accepting up to this token. is_last: False, is_eos: False, is_mismatch: True

Draft step 0: in_token=tensor([[1221]], device='cuda:6'), in_token_decoded= then, end_index: 8413
predicted_token: 13, predict_score: 0.08343712240457535, token : .

Draft step 1: in_token=tensor([[13]], device='cuda:6'), in_token_decoded=., end_index: 8414
Draft step 1, token ., predict_score 0.08343712240457535 < threshold 0.6, stopping draft
Verifying token 0: verify_id=21895 ( picks), draft_id=13 (.), is_last=False, is_eos=False
Token 0 verification failed, accepting up to this token. is_last: False, is_eos: False, is_mismatch: True

Draft step 0: in_token=tensor([[21895]], device='cuda:6'), in_token_decoded= picks, end_index: 8414
predicted_token: 705, predict_score: 0.951370358467102, token :  up

Draft step 1: in_token=tensor([[705]], device='cuda:6'), in_token_decoded= up, end_index: 8415
predicted_token: 279, predict_score: 0.6991457939147949, token :  the

Draft step 2: in_token=tensor([[279]], device='cuda:6'), in_token_decoded= the, end_index: 8416
predicted_token: 30352, predict_score: 0.3294154107570648, token :  dough

Draft step 3: in_token=tensor([[30352]], device='cuda:6'), in_token_decoded= dough, end_index: 8417
Draft step 3, token  dough, predict_score 0.3294154107570648 < threshold 0.6, stopping draft
Verifying token 0: verify_id=705 ( up), draft_id=705 ( up), is_last=False, is_eos=False
Verifying token 1: verify_id=264 ( a), draft_id=279 ( the), is_last=False, is_eos=False
Token 1 verification failed, accepting up to this token. is_last: False, is_eos: False, is_mismatch: True

Draft step 0: in_token=tensor([[264]], device='cuda:6'), in_token_decoded= a, end_index: 8416
predicted_token: 21430, predict_score: 0.3518081307411194, token :  knife

Draft step 1: in_token=tensor([[21430]], device='cuda:6'), in_token_decoded= knife, end_index: 8417
Draft step 1, token  knife, predict_score 0.3518081307411194 < threshold 0.6, stopping draft
Verifying token 0: verify_id=6573 ( piece), draft_id=21430 ( knife), is_last=False, is_eos=False
Token 0 verification failed, accepting up to this token. is_last: False, is_eos: False, is_mismatch: True

Draft step 0: in_token=tensor([[6573]], device='cuda:6'), in_token_decoded= piece, end_index: 8417
predicted_token: 315, predict_score: 0.8633489012718201, token :  of

Draft step 1: in_token=tensor([[315]], device='cuda:6'), in_token_decoded= of, end_index: 8418
predicted_token: 30352, predict_score: 0.5575542449951172, token :  dough

Draft step 2: in_token=tensor([[30352]], device='cuda:6'), in_token_decoded= dough, end_index: 8419
Draft step 2, token  dough, predict_score 0.5575542449951172 < threshold 0.6, stopping draft
Verifying token 0: verify_id=315 ( of), draft_id=315 ( of), is_last=False, is_eos=False
Verifying token 1: verify_id=30352 ( dough), draft_id=30352 ( dough), is_last=False, is_eos=False
Verifying token 2: verify_id=323 ( and), draft_id=None (None), is_last=True, is_eos=False
Token 2 verification failed, accepting up to this token. is_last: True, is_eos: False, is_mismatch: False

Draft step 0: in_token=tensor([[323]], device='cuda:6'), in_token_decoded= and, end_index: 8420
predicted_token: 2484, predict_score: 0.1435723602771759, token :  turn

Draft step 1: in_token=tensor([[2484]], device='cuda:6'), in_token_decoded= turn, end_index: 8421
Draft step 1, token  turn, predict_score 0.1435723602771759 < threshold 0.6, stopping draft
Verifying token 0: verify_id=7482 ( places), draft_id=2484 ( turn), is_last=False, is_eos=False
Token 0 verification failed, accepting up to this token. is_last: False, is_eos: False, is_mismatch: True

Draft step 0: in_token=tensor([[7482]], device='cuda:6'), in_token_decoded= places, end_index: 8421
predicted_token: 279, predict_score: 0.6752369403839111, token :  the

Draft step 1: in_token=tensor([[279]], device='cuda:6'), in_token_decoded= the, end_index: 8422
predicted_token: 30352, predict_score: 0.16099430620670319, token :  dough

Draft step 2: in_token=tensor([[30352]], device='cuda:6'), in_token_decoded= dough, end_index: 8423
Draft step 2, token  dough, predict_score 0.16099430620670319 < threshold 0.6, stopping draft
Verifying token 0: verify_id=432 ( it), draft_id=279 ( the), is_last=False, is_eos=False
Token 0 verification failed, accepting up to this token. is_last: False, is_eos: False, is_mismatch: True

Draft step 0: in_token=tensor([[432]], device='cuda:6'), in_token_decoded= it, end_index: 8422
predicted_token: 389, predict_score: 0.6820036172866821, token :  on

Draft step 1: in_token=tensor([[389]], device='cuda:6'), in_token_decoded= on, end_index: 8423
predicted_token: 279, predict_score: 0.909392237663269, token :  the

Draft step 2: in_token=tensor([[279]], device='cuda:6'), in_token_decoded= the, end_index: 8424
predicted_token: 1965, predict_score: 0.40227383375167847, token :  table

Draft step 3: in_token=tensor([[1965]], device='cuda:6'), in_token_decoded= table, end_index: 8425
Draft step 3, token  table, predict_score 0.40227383375167847 < threshold 0.6, stopping draft
Verifying token 0: verify_id=389 ( on), draft_id=389 ( on), is_last=False, is_eos=False
Verifying token 1: verify_id=279 ( the), draft_id=279 ( the), is_last=False, is_eos=False
Verifying token 2: verify_id=9317 ( metal), draft_id=1965 ( table), is_last=False, is_eos=False
Token 2 verification failed, accepting up to this token. is_last: False, is_eos: False, is_mismatch: True

Draft step 0: in_token=tensor([[9317]], device='cuda:6'), in_token_decoded= metal, end_index: 8425
predicted_token: 13, predict_score: 0.6066720485687256, token : .

Draft step 1: in_token=tensor([[13]], device='cuda:6'), in_token_decoded=., end_index: 8426
predicted_token: 151645, predict_score: 0.9914690256118774, token : <|im_end|>
Verifying token 0: verify_id=7329 ( surface), draft_id=13 (.), is_last=False, is_eos=False
Token 0 verification failed, accepting up to this token. is_last: False, is_eos: False, is_mismatch: True

Draft step 0: in_token=tensor([[7329]], device='cuda:6'), in_token_decoded= surface, end_index: 8426
predicted_token: 11, predict_score: 0.24798454344272614, token : ,

Draft step 1: in_token=tensor([[11]], device='cuda:6'), in_token_decoded=,, end_index: 8427
Draft step 1, token ,, predict_score 0.24798454344272614 < threshold 0.6, stopping draft
Verifying token 0: verify_id=11 (,), draft_id=11 (,), is_last=False, is_eos=False
Verifying token 1: verify_id=448 ( with), draft_id=None (None), is_last=True, is_eos=False
Token 1 verification failed, accepting up to this token. is_last: True, is_eos: False, is_mismatch: False

Draft step 0: in_token=tensor([[448]], device='cuda:6'), in_token_decoded= with, end_index: 8428
predicted_token: 279, predict_score: 0.24109534919261932, token :  the

Draft step 1: in_token=tensor([[279]], device='cuda:6'), in_token_decoded= the, end_index: 8429
Draft step 1, token  the, predict_score 0.24109534919261932 < threshold 0.6, stopping draft
Verifying token 0: verify_id=1008 ( other), draft_id=279 ( the), is_last=False, is_eos=False
Token 0 verification failed, accepting up to this token. is_last: False, is_eos: False, is_mismatch: True

Draft step 0: in_token=tensor([[1008]], device='cuda:6'), in_token_decoded= other, end_index: 8429
predicted_token: 3015, predict_score: 0.17153355479240417, token :  water

Draft step 1: in_token=tensor([[3015]], device='cuda:6'), in_token_decoded= water, end_index: 8430
Draft step 1, token  water, predict_score 0.17153355479240417 < threshold 0.6, stopping draft
Verifying token 0: verify_id=9666 ( pieces), draft_id=3015 ( water), is_last=False, is_eos=False
Token 0 verification failed, accepting up to this token. is_last: False, is_eos: False, is_mismatch: True

Draft step 0: in_token=tensor([[9666]], device='cuda:6'), in_token_decoded= pieces, end_index: 8430
predicted_token: 315, predict_score: 0.19592730700969696, token :  of

Draft step 1: in_token=tensor([[315]], device='cuda:6'), in_token_decoded= of, end_index: 8431
Draft step 1, token  of, predict_score 0.19592730700969696 < threshold 0.6, stopping draft
Verifying token 0: verify_id=315 ( of), draft_id=315 ( of), is_last=False, is_eos=False
Verifying token 1: verify_id=30352 ( dough), draft_id=None (None), is_last=True, is_eos=False
Token 1 verification failed, accepting up to this token. is_last: True, is_eos: False, is_mismatch: False

Draft step 0: in_token=tensor([[30352]], device='cuda:6'), in_token_decoded= dough, end_index: 8432
predicted_token: 11, predict_score: 0.23939897119998932, token : ,

Draft step 1: in_token=tensor([[11]], device='cuda:6'), in_token_decoded=,, end_index: 8433
Draft step 1, token ,, predict_score 0.23939897119998932 < threshold 0.6, stopping draft
Verifying token 0: verify_id=323 ( and), draft_id=11 (,), is_last=False, is_eos=False
Token 0 verification failed, accepting up to this token. is_last: False, is_eos: False, is_mismatch: True

Draft step 0: in_token=tensor([[323]], device='cuda:6'), in_token_decoded= and, end_index: 8433
predicted_token: 2484, predict_score: 0.14126400649547577, token :  turn

Draft step 1: in_token=tensor([[2484]], device='cuda:6'), in_token_decoded= turn, end_index: 8434
Draft step 1, token  turn, predict_score 0.14126400649547577 < threshold 0.6, stopping draft
Verifying token 0: verify_id=264 ( a), draft_id=2484 ( turn), is_last=False, is_eos=False
Token 0 verification failed, accepting up to this token. is_last: False, is_eos: False, is_mismatch: True

Draft step 0: in_token=tensor([[264]], device='cuda:6'), in_token_decoded= a, end_index: 8434
predicted_token: 21430, predict_score: 0.2323559671640396, token :  knife

Draft step 1: in_token=tensor([[21430]], device='cuda:6'), in_token_decoded= knife, end_index: 8435
Draft step 1, token  knife, predict_score 0.2323559671640396 < threshold 0.6, stopping draft
Verifying token 0: verify_id=2613 ( small), draft_id=21430 ( knife), is_last=False, is_eos=False
Token 0 verification failed, accepting up to this token. is_last: False, is_eos: False, is_mismatch: True

Draft step 0: in_token=tensor([[2613]], device='cuda:6'), in_token_decoded= small, end_index: 8435
predicted_token: 21430, predict_score: 0.2160944789648056, token :  knife

Draft step 1: in_token=tensor([[21430]], device='cuda:6'), in_token_decoded= knife, end_index: 8436
Draft step 1, token  knife, predict_score 0.2160944789648056 < threshold 0.6, stopping draft
Verifying token 0: verify_id=5476 ( container), draft_id=21430 ( knife), is_last=False, is_eos=False
Token 0 verification failed, accepting up to this token. is_last: False, is_eos: False, is_mismatch: True

Draft step 0: in_token=tensor([[5476]], device='cuda:6'), in_token_decoded= container, end_index: 8436
predicted_token: 13, predict_score: 0.7480577230453491, token : .

Draft step 1: in_token=tensor([[13]], device='cuda:6'), in_token_decoded=., end_index: 8437
predicted_token: 151645, predict_score: 0.9957435727119446, token : <|im_end|>
Verifying token 0: verify_id=14046 ( nearby), draft_id=13 (.), is_last=False, is_eos=False
Token 0 verification failed, accepting up to this token. is_last: False, is_eos: False, is_mismatch: True

Draft step 0: in_token=tensor([[14046]], device='cuda:6'), in_token_decoded= nearby, end_index: 8437
predicted_token: 13, predict_score: 0.507071316242218, token : .

Draft step 1: in_token=tensor([[13]], device='cuda:6'), in_token_decoded=., end_index: 8438
Draft step 1, token ., predict_score 0.507071316242218 < threshold 0.6, stopping draft
Verifying token 0: verify_id=13 (.), draft_id=13 (.), is_last=False, is_eos=False
Verifying token 1: verify_id=151645 (<|im_end|>), draft_id=None (None), is_last=True, is_eos=True
Token 1 verification failed, accepting up to this token. is_last: True, is_eos: True, is_mismatch: False
New tokens: ["The dough is kneaded by pressing and folding it, then placed into a dough mixer, and the person's hands continue to work it inside the mixer, with the mixer's blades turning to further knead the dough, and the person then picks up a piece of dough and places it on the metal surface, with other pieces of dough and a small container nearby.<|im_end|>"]
Total new tokens generated: 74
[Spec] avg_accept=1.26 | tokens=74 | context_len=8365
[Adapter] acc=15/65 (23.1%) | avg_confidence=0.389 | context_len=8365
\n===== Lossless Check =====
Speculative output: The dough is kneaded by pressing and folding it, then placed into a dough mixer, and the person's hands continue to work it inside the mixer, with the mixer's blades turning to further knead the dough, and the person then picks up a piece of dough and places it on the metal surface, with other pieces of dough and a small container nearby.
AR manual output:   The dough is kneaded by pressing and folding it, then placed into a dough mixer, and the person's hands continue to work it inside the mixer, with the mixer's blades turning to further knead the dough, and the person then picks up a piece of dough and places it on the metal surface, with other pieces of dough and a small container nearby.
Exact match: True
OK: Outputs match. Speculative decoding is lossless.
Speedup: 1.04x
Speedup_decode: 1.01x
Spec decode tok/s: 30.35
AR decode tok/s:   29.94
 first token :NO

Draft step 0: in_token=tensor([[8996]], device='cuda:6'), in_token_decoded=NO, end_index: 8501
predicted_token: 13, predict_score: 0.03396231681108475, token : .

Draft step 1: in_token=tensor([[13]], device='cuda:6'), in_token_decoded=., end_index: 8502
Draft step 1, token ., predict_score 0.03396231681108475 < threshold 0.6, stopping draft
Verifying token 0: verify_id=3596 ( RE), draft_id=13 (.), is_last=False, is_eos=False
Token 0 verification failed, accepting up to this token. is_last: False, is_eos: False, is_mismatch: True

Draft step 0: in_token=tensor([[3596]], device='cuda:6'), in_token_decoded= RE, end_index: 8502
predicted_token: 453, predict_score: 0.03339284658432007, token : op

Draft step 1: in_token=tensor([[453]], device='cuda:6'), in_token_decoded=op, end_index: 8503
Draft step 1, token op, predict_score 0.03339284658432007 < threshold 0.6, stopping draft
Verifying token 0: verify_id=24834 (PLY), draft_id=453 (op), is_last=False, is_eos=False
Token 0 verification failed, accepting up to this token. is_last: False, is_eos: False, is_mismatch: True

Draft step 0: in_token=tensor([[24834]], device='cuda:6'), in_token_decoded=PLY, end_index: 8503
predicted_token: 315, predict_score: 0.22478997707366943, token :  of

Draft step 1: in_token=tensor([[315]], device='cuda:6'), in_token_decoded= of, end_index: 8504
Draft step 1, token  of, predict_score 0.22478997707366943 < threshold 0.6, stopping draft
Verifying token 0: verify_id=151645 (<|im_end|>), draft_id=315 ( of), is_last=False, is_eos=True
Token 0 verification failed, accepting up to this token. is_last: False, is_eos: True, is_mismatch: True
New tokens: ['NO REPLY<|im_end|>']
Total new tokens generated: 4
[Spec] avg_accept=1.00 | tokens=4 | context_len=8500
[Adapter] acc=0/3 (0.0%) | avg_confidence=0.097 | context_len=8500
\n===== Lossless Check =====
Speculative output: NO REPLY
AR manual output:   NO REPLY
Exact match: True
OK: Outputs match. Speculative decoding is lossless.
Speedup: 0.65x
Speedup_decode: 0.66x
Spec decode tok/s: 25.52
AR decode tok/s:   38.86
 first token :NO

Draft step 0: in_token=tensor([[8996]], device='cuda:6'), in_token_decoded=NO, end_index: 8566
predicted_token: 30352, predict_score: 0.033592239022254944, token :  dough

Draft step 1: in_token=tensor([[30352]], device='cuda:6'), in_token_decoded= dough, end_index: 8567
Draft step 1, token  dough, predict_score 0.033592239022254944 < threshold 0.6, stopping draft
Verifying token 0: verify_id=3596 ( RE), draft_id=30352 ( dough), is_last=False, is_eos=False
Token 0 verification failed, accepting up to this token. is_last: False, is_eos: False, is_mismatch: True

Draft step 0: in_token=tensor([[3596]], device='cuda:6'), in_token_decoded= RE, end_index: 8567
predicted_token: 453, predict_score: 0.030639490112662315, token : op

Draft step 1: in_token=tensor([[453]], device='cuda:6'), in_token_decoded=op, end_index: 8568
Draft step 1, token op, predict_score 0.030639490112662315 < threshold 0.6, stopping draft
Verifying token 0: verify_id=24834 (PLY), draft_id=453 (op), is_last=False, is_eos=False
Token 0 verification failed, accepting up to this token. is_last: False, is_eos: False, is_mismatch: True

Draft step 0: in_token=tensor([[24834]], device='cuda:6'), in_token_decoded=PLY, end_index: 8568
predicted_token: 315, predict_score: 0.42505669593811035, token :  of

Draft step 1: in_token=tensor([[315]], device='cuda:6'), in_token_decoded= of, end_index: 8569
Draft step 1, token  of, predict_score 0.42505669593811035 < threshold 0.6, stopping draft
Verifying token 0: verify_id=151645 (<|im_end|>), draft_id=315 ( of), is_last=False, is_eos=True
Token 0 verification failed, accepting up to this token. is_last: False, is_eos: True, is_mismatch: True
New tokens: ['NO REPLY<|im_end|>']
Total new tokens generated: 4
[Spec] avg_accept=1.00 | tokens=4 | context_len=8565
[Adapter] acc=0/3 (0.0%) | avg_confidence=0.163 | context_len=8565
\n===== Lossless Check =====
Speculative output: NO REPLY
AR manual output:   NO REPLY
Exact match: True
OK: Outputs match. Speculative decoding is lossless.
Speedup: 0.66x
Speedup_decode: 0.58x
Spec decode tok/s: 22.76
AR decode tok/s:   39.06
 first token :The

Draft step 0: in_token=tensor([[785]], device='cuda:6'), in_token_decoded=The, end_index: 8631
predicted_token: 30352, predict_score: 0.6458292007446289, token :  dough

Draft step 1: in_token=tensor([[30352]], device='cuda:6'), in_token_decoded= dough, end_index: 8632
predicted_token: 389, predict_score: 0.1284639835357666, token :  on

Draft step 2: in_token=tensor([[389]], device='cuda:6'), in_token_decoded= on, end_index: 8633
Draft step 2, token  on, predict_score 0.1284639835357666 < threshold 0.6, stopping draft
Verifying token 0: verify_id=30352 ( dough), draft_id=30352 ( dough), is_last=False, is_eos=False
Verifying token 1: verify_id=374 ( is), draft_id=389 ( on), is_last=False, is_eos=False
Token 1 verification failed, accepting up to this token. is_last: False, is_eos: False, is_mismatch: True

Draft step 0: in_token=tensor([[374]], device='cuda:6'), in_token_decoded= is, end_index: 8633
predicted_token: 2182, predict_score: 0.11463690549135208, token :  put

Draft step 1: in_token=tensor([[2182]], device='cuda:6'), in_token_decoded= put, end_index: 8634
Draft step 1, token  put, predict_score 0.11463690549135208 < threshold 0.6, stopping draft
Verifying token 0: verify_id=13853 ( kne), draft_id=2182 ( put), is_last=False, is_eos=False
Token 0 verification failed, accepting up to this token. is_last: False, is_eos: False, is_mismatch: True

Draft step 0: in_token=tensor([[13853]], device='cuda:6'), in_token_decoded= kne, end_index: 8634
predicted_token: 13, predict_score: 0.08929280191659927, token : .

Draft step 1: in_token=tensor([[13]], device='cuda:6'), in_token_decoded=., end_index: 8635
Draft step 1, token ., predict_score 0.08929280191659927 < threshold 0.6, stopping draft
Verifying token 0: verify_id=14255 (aded), draft_id=13 (.), is_last=False, is_eos=False
Token 0 verification failed, accepting up to this token. is_last: False, is_eos: False, is_mismatch: True

Draft step 0: in_token=tensor([[14255]], device='cuda:6'), in_token_decoded=aded, end_index: 8635
predicted_token: 323, predict_score: 0.21576011180877686, token :  and

Draft step 1: in_token=tensor([[323]], device='cuda:6'), in_token_decoded= and, end_index: 8636
Draft step 1, token  and, predict_score 0.21576011180877686 < threshold 0.6, stopping draft
Verifying token 0: verify_id=553 ( by), draft_id=323 ( and), is_last=False, is_eos=False
Token 0 verification failed, accepting up to this token. is_last: False, is_eos: False, is_mismatch: True

Draft step 0: in_token=tensor([[553]], device='cuda:6'), in_token_decoded= by, end_index: 8636
predicted_token: 25352, predict_score: 0.08568847924470901, token :  pressing

Draft step 1: in_token=tensor([[25352]], device='cuda:6'), in_token_decoded= pressing, end_index: 8637
Draft step 1, token  pressing, predict_score 0.08568847924470901 < threshold 0.6, stopping draft
Verifying token 0: verify_id=25352 ( pressing), draft_id=25352 ( pressing), is_last=False, is_eos=False
Verifying token 1: verify_id=323 ( and), draft_id=None (None), is_last=True, is_eos=False
Token 1 verification failed, accepting up to this token. is_last: True, is_eos: False, is_mismatch: False

Draft step 0: in_token=tensor([[323]], device='cuda:6'), in_token_decoded= and, end_index: 8638
predicted_token: 17320, predict_score: 0.0602225698530674, token :  pressed

Draft step 1: in_token=tensor([[17320]], device='cuda:6'), in_token_decoded= pressed, end_index: 8639
Draft step 1, token  pressed, predict_score 0.0602225698530674 < threshold 0.6, stopping draft
Verifying token 0: verify_id=44742 ( folding), draft_id=17320 ( pressed), is_last=False, is_eos=False
Token 0 verification failed, accepting up to this token. is_last: False, is_eos: False, is_mismatch: True

Draft step 0: in_token=tensor([[44742]], device='cuda:6'), in_token_decoded= folding, end_index: 8639
predicted_token: 389, predict_score: 0.4266369044780731, token :  on

Draft step 1: in_token=tensor([[389]], device='cuda:6'), in_token_decoded= on, end_index: 8640
Draft step 1, token  on, predict_score 0.4266369044780731 < threshold 0.6, stopping draft
Verifying token 0: verify_id=432 ( it), draft_id=389 ( on), is_last=False, is_eos=False
Token 0 verification failed, accepting up to this token. is_last: False, is_eos: False, is_mismatch: True

Draft step 0: in_token=tensor([[432]], device='cuda:6'), in_token_decoded= it, end_index: 8640
predicted_token: 311, predict_score: 0.21773996949195862, token :  to

Draft step 1: in_token=tensor([[311]], device='cuda:6'), in_token_decoded= to, end_index: 8641
Draft step 1, token  to, predict_score 0.21773996949195862 < threshold 0.6, stopping draft
Verifying token 0: verify_id=11 (,), draft_id=311 ( to), is_last=False, is_eos=False
Token 0 verification failed, accepting up to this token. is_last: False, is_eos: False, is_mismatch: True

Draft step 0: in_token=tensor([[11]], device='cuda:6'), in_token_decoded=,, end_index: 8641
predicted_token: 323, predict_score: 0.24675752222537994, token :  and

Draft step 1: in_token=tensor([[323]], device='cuda:6'), in_token_decoded= and, end_index: 8642
Draft step 1, token  and, predict_score 0.24675752222537994 < threshold 0.6, stopping draft
Verifying token 0: verify_id=1221 ( then), draft_id=323 ( and), is_last=False, is_eos=False
Token 0 verification failed, accepting up to this token. is_last: False, is_eos: False, is_mismatch: True

Draft step 0: in_token=tensor([[1221]], device='cuda:6'), in_token_decoded= then, end_index: 8642
predicted_token: 3493, predict_score: 0.29913485050201416, token :  press

Draft step 1: in_token=tensor([[3493]], device='cuda:6'), in_token_decoded= press, end_index: 8643
Draft step 1, token  press, predict_score 0.29913485050201416 < threshold 0.6, stopping draft
Verifying token 0: verify_id=9099 ( placed), draft_id=3493 ( press), is_last=False, is_eos=False
Token 0 verification failed, accepting up to this token. is_last: False, is_eos: False, is_mismatch: True

Draft step 0: in_token=tensor([[9099]], device='cuda:6'), in_token_decoded= placed, end_index: 8643
predicted_token: 389, predict_score: 0.8008567094802856, token :  on

Draft step 1: in_token=tensor([[389]], device='cuda:6'), in_token_decoded= on, end_index: 8644
predicted_token: 279, predict_score: 0.9816855192184448, token :  the

Draft step 2: in_token=tensor([[279]], device='cuda:6'), in_token_decoded= the, end_index: 8645
predicted_token: 1965, predict_score: 0.2186099737882614, token :  table

Draft step 3: in_token=tensor([[1965]], device='cuda:6'), in_token_decoded= table, end_index: 8646
Draft step 3, token  table, predict_score 0.2186099737882614 < threshold 0.6, stopping draft
Verifying token 0: verify_id=1119 ( into), draft_id=389 ( on), is_last=False, is_eos=False
Token 0 verification failed, accepting up to this token. is_last: False, is_eos: False, is_mismatch: True

Draft step 0: in_token=tensor([[1119]], device='cuda:6'), in_token_decoded= into, end_index: 8644
predicted_token: 264, predict_score: 0.8793501257896423, token :  a

Draft step 1: in_token=tensor([[264]], device='cuda:6'), in_token_decoded= a, end_index: 8645
predicted_token: 57209, predict_score: 0.21873965859413147, token :  basin

Draft step 2: in_token=tensor([[57209]], device='cuda:6'), in_token_decoded= basin, end_index: 8646
Draft step 2, token  basin, predict_score 0.21873965859413147 < threshold 0.6, stopping draft
Verifying token 0: verify_id=264 ( a), draft_id=264 ( a), is_last=False, is_eos=False
Verifying token 1: verify_id=30352 ( dough), draft_id=57209 ( basin), is_last=False, is_eos=False
Token 1 verification failed, accepting up to this token. is_last: False, is_eos: False, is_mismatch: True

Draft step 0: in_token=tensor([[30352]], device='cuda:6'), in_token_decoded= dough, end_index: 8646
predicted_token: 13, predict_score: 0.30321481823921204, token : .

Draft step 1: in_token=tensor([[13]], device='cuda:6'), in_token_decoded=., end_index: 8647
Draft step 1, token ., predict_score 0.30321481823921204 < threshold 0.6, stopping draft
Verifying token 0: verify_id=37778 ( mixer), draft_id=13 (.), is_last=False, is_eos=False
Token 0 verification failed, accepting up to this token. is_last: False, is_eos: False, is_mismatch: True

Draft step 0: in_token=tensor([[37778]], device='cuda:6'), in_token_decoded= mixer, end_index: 8647
predicted_token: 13, predict_score: 0.1922253668308258, token : .

Draft step 1: in_token=tensor([[13]], device='cuda:6'), in_token_decoded=., end_index: 8648
Draft step 1, token ., predict_score 0.1922253668308258 < threshold 0.6, stopping draft
Verifying token 0: verify_id=11 (,), draft_id=13 (.), is_last=False, is_eos=False
Token 0 verification failed, accepting up to this token. is_last: False, is_eos: False, is_mismatch: True

Draft step 0: in_token=tensor([[11]], device='cuda:6'), in_token_decoded=,, end_index: 8648
predicted_token: 323, predict_score: 0.6198953986167908, token :  and

Draft step 1: in_token=tensor([[323]], device='cuda:6'), in_token_decoded= and, end_index: 8649
predicted_token: 1221, predict_score: 0.1779366433620453, token :  then

Draft step 2: in_token=tensor([[1221]], device='cuda:6'), in_token_decoded= then, end_index: 8650
Draft step 2, token  then, predict_score 0.1779366433620453 < threshold 0.6, stopping draft
Verifying token 0: verify_id=323 ( and), draft_id=323 ( and), is_last=False, is_eos=False
Verifying token 1: verify_id=279 ( the), draft_id=1221 ( then), is_last=False, is_eos=False
Token 1 verification failed, accepting up to this token. is_last: False, is_eos: False, is_mismatch: True

Draft step 0: in_token=tensor([[279]], device='cuda:6'), in_token_decoded= the, end_index: 8650
predicted_token: 30352, predict_score: 0.25860488414764404, token :  dough

Draft step 1: in_token=tensor([[30352]], device='cuda:6'), in_token_decoded= dough, end_index: 8651
Draft step 1, token  dough, predict_score 0.25860488414764404 < threshold 0.6, stopping draft
Verifying token 0: verify_id=1697 ( person), draft_id=30352 ( dough), is_last=False, is_eos=False
Token 0 verification failed, accepting up to this token. is_last: False, is_eos: False, is_mismatch: True

Draft step 0: in_token=tensor([[1697]], device='cuda:6'), in_token_decoded= person, end_index: 8651
predicted_token: 374, predict_score: 0.44923922419548035, token :  is

Draft step 1: in_token=tensor([[374]], device='cuda:6'), in_token_decoded= is, end_index: 8652
Draft step 1, token  is, predict_score 0.44923922419548035 < threshold 0.6, stopping draft
Verifying token 0: verify_id=594 ('s), draft_id=374 ( is), is_last=False, is_eos=False
Token 0 verification failed, accepting up to this token. is_last: False, is_eos: False, is_mismatch: True

Draft step 0: in_token=tensor([[594]], device='cuda:6'), in_token_decoded='s, end_index: 8652
predicted_token: 19828, predict_score: 0.3242476284503937, token :  flour

Draft step 1: in_token=tensor([[19828]], device='cuda:6'), in_token_decoded= flour, end_index: 8653
Draft step 1, token  flour, predict_score 0.3242476284503937 < threshold 0.6, stopping draft
Verifying token 0: verify_id=6078 ( hands), draft_id=19828 ( flour), is_last=False, is_eos=False
Token 0 verification failed, accepting up to this token. is_last: False, is_eos: False, is_mismatch: True

Draft step 0: in_token=tensor([[6078]], device='cuda:6'), in_token_decoded= hands, end_index: 8653
predicted_token: 323, predict_score: 0.19084949791431427, token :  and

Draft step 1: in_token=tensor([[323]], device='cuda:6'), in_token_decoded= and, end_index: 8654
Draft step 1, token  and, predict_score 0.19084949791431427 < threshold 0.6, stopping draft
Verifying token 0: verify_id=3060 ( continue), draft_id=323 ( and), is_last=False, is_eos=False
Token 0 verification failed, accepting up to this token. is_last: False, is_eos: False, is_mismatch: True

Draft step 0: in_token=tensor([[3060]], device='cuda:6'), in_token_decoded= continue, end_index: 8654
predicted_token: 311, predict_score: 0.24030479788780212, token :  to

Draft step 1: in_token=tensor([[311]], device='cuda:6'), in_token_decoded= to, end_index: 8655
Draft step 1, token  to, predict_score 0.24030479788780212 < threshold 0.6, stopping draft
Verifying token 0: verify_id=311 ( to), draft_id=311 ( to), is_last=False, is_eos=False
Verifying token 1: verify_id=975 ( work), draft_id=None (None), is_last=True, is_eos=False
Token 1 verification failed, accepting up to this token. is_last: True, is_eos: False, is_mismatch: False

Draft step 0: in_token=tensor([[975]], device='cuda:6'), in_token_decoded= work, end_index: 8656
predicted_token: 13, predict_score: 0.5588005185127258, token : .

Draft step 1: in_token=tensor([[13]], device='cuda:6'), in_token_decoded=., end_index: 8657
Draft step 1, token ., predict_score 0.5588005185127258 < threshold 0.6, stopping draft
Verifying token 0: verify_id=432 ( it), draft_id=13 (.), is_last=False, is_eos=False
Token 0 verification failed, accepting up to this token. is_last: False, is_eos: False, is_mismatch: True

Draft step 0: in_token=tensor([[432]], device='cuda:6'), in_token_decoded= it, end_index: 8657
predicted_token: 311, predict_score: 0.3389008045196533, token :  to

Draft step 1: in_token=tensor([[311]], device='cuda:6'), in_token_decoded= to, end_index: 8658
Draft step 1, token  to, predict_score 0.3389008045196533 < threshold 0.6, stopping draft
Verifying token 0: verify_id=4766 ( inside), draft_id=311 ( to), is_last=False, is_eos=False
Token 0 verification failed, accepting up to this token. is_last: False, is_eos: False, is_mismatch: True

Draft step 0: in_token=tensor([[4766]], device='cuda:6'), in_token_decoded= inside, end_index: 8658
predicted_token: 13, predict_score: 0.5000518560409546, token : .

Draft step 1: in_token=tensor([[13]], device='cuda:6'), in_token_decoded=., end_index: 8659
Draft step 1, token ., predict_score 0.5000518560409546 < threshold 0.6, stopping draft
Verifying token 0: verify_id=279 ( the), draft_id=13 (.), is_last=False, is_eos=False
Token 0 verification failed, accepting up to this token. is_last: False, is_eos: False, is_mismatch: True

Draft step 0: in_token=tensor([[279]], device='cuda:6'), in_token_decoded= the, end_index: 8659
predicted_token: 8968, predict_score: 0.375847190618515, token :  bag

Draft step 1: in_token=tensor([[8968]], device='cuda:6'), in_token_decoded= bag, end_index: 8660
Draft step 1, token  bag, predict_score 0.375847190618515 < threshold 0.6, stopping draft
Verifying token 0: verify_id=37778 ( mixer), draft_id=8968 ( bag), is_last=False, is_eos=False
Token 0 verification failed, accepting up to this token. is_last: False, is_eos: False, is_mismatch: True

Draft step 0: in_token=tensor([[37778]], device='cuda:6'), in_token_decoded= mixer, end_index: 8660
predicted_token: 13, predict_score: 0.31481391191482544, token : .

Draft step 1: in_token=tensor([[13]], device='cuda:6'), in_token_decoded=., end_index: 8661
Draft step 1, token ., predict_score 0.31481391191482544 < threshold 0.6, stopping draft
Verifying token 0: verify_id=11 (,), draft_id=13 (.), is_last=False, is_eos=False
Token 0 verification failed, accepting up to this token. is_last: False, is_eos: False, is_mismatch: True

Draft step 0: in_token=tensor([[11]], device='cuda:6'), in_token_decoded=,, end_index: 8661
predicted_token: 323, predict_score: 0.4253377318382263, token :  and

Draft step 1: in_token=tensor([[323]], device='cuda:6'), in_token_decoded= and, end_index: 8662
Draft step 1, token  and, predict_score 0.4253377318382263 < threshold 0.6, stopping draft
Verifying token 0: verify_id=448 ( with), draft_id=323 ( and), is_last=False, is_eos=False
Token 0 verification failed, accepting up to this token. is_last: False, is_eos: False, is_mismatch: True

Draft step 0: in_token=tensor([[448]], device='cuda:6'), in_token_decoded= with, end_index: 8662
predicted_token: 279, predict_score: 0.36085671186447144, token :  the

Draft step 1: in_token=tensor([[279]], device='cuda:6'), in_token_decoded= the, end_index: 8663
Draft step 1, token  the, predict_score 0.36085671186447144 < threshold 0.6, stopping draft
Verifying token 0: verify_id=279 ( the), draft_id=279 ( the), is_last=False, is_eos=False
Verifying token 1: verify_id=37778 ( mixer), draft_id=None (None), is_last=True, is_eos=False
Token 1 verification failed, accepting up to this token. is_last: True, is_eos: False, is_mismatch: False

Draft step 0: in_token=tensor([[37778]], device='cuda:6'), in_token_decoded= mixer, end_index: 8664
predicted_token: 13, predict_score: 0.10332128405570984, token : .

Draft step 1: in_token=tensor([[13]], device='cuda:6'), in_token_decoded=., end_index: 8665
Draft step 1, token ., predict_score 0.10332128405570984 < threshold 0.6, stopping draft
Verifying token 0: verify_id=594 ('s), draft_id=13 (.), is_last=False, is_eos=False
Token 0 verification failed, accepting up to this token. is_last: False, is_eos: False, is_mismatch: True

Draft step 0: in_token=tensor([[594]], device='cuda:6'), in_token_decoded='s, end_index: 8665
predicted_token: 7329, predict_score: 0.09472636133432388, token :  surface

Draft step 1: in_token=tensor([[7329]], device='cuda:6'), in_token_decoded= surface, end_index: 8666
Draft step 1, token  surface, predict_score 0.09472636133432388 < threshold 0.6, stopping draft
Verifying token 0: verify_id=41642 ( blades), draft_id=7329 ( surface), is_last=False, is_eos=False
Token 0 verification failed, accepting up to this token. is_last: False, is_eos: False, is_mismatch: True

Draft step 0: in_token=tensor([[41642]], device='cuda:6'), in_token_decoded= blades, end_index: 8666
predicted_token: 311, predict_score: 0.6644115447998047, token :  to

Draft step 1: in_token=tensor([[311]], device='cuda:6'), in_token_decoded= to, end_index: 8667
predicted_token: 3931, predict_score: 0.08746029436588287, token :  cut

Draft step 2: in_token=tensor([[3931]], device='cuda:6'), in_token_decoded= cut, end_index: 8668
Draft step 2, token  cut, predict_score 0.08746029436588287 < threshold 0.6, stopping draft
Verifying token 0: verify_id=13054 ( turning), draft_id=311 ( to), is_last=False, is_eos=False
Token 0 verification failed, accepting up to this token. is_last: False, is_eos: False, is_mismatch: True

Draft step 0: in_token=tensor([[13054]], device='cuda:6'), in_token_decoded= turning, end_index: 8667
predicted_token: 389, predict_score: 0.7248006463050842, token :  on

Draft step 1: in_token=tensor([[389]], device='cuda:6'), in_token_decoded= on, end_index: 8668
predicted_token: 279, predict_score: 0.9609878659248352, token :  the

Draft step 2: in_token=tensor([[279]], device='cuda:6'), in_token_decoded= the, end_index: 8669
predicted_token: 30352, predict_score: 0.15567906200885773, token :  dough

Draft step 3: in_token=tensor([[30352]], device='cuda:6'), in_token_decoded= dough, end_index: 8670
Draft step 3, token  dough, predict_score 0.15567906200885773 < threshold 0.6, stopping draft
Verifying token 0: verify_id=311 ( to), draft_id=389 ( on), is_last=False, is_eos=False
Token 0 verification failed, accepting up to this token. is_last: False, is_eos: False, is_mismatch: True

Draft step 0: in_token=tensor([[311]], device='cuda:6'), in_token_decoded= to, end_index: 8668
predicted_token: 279, predict_score: 0.2360827624797821, token :  the

Draft step 1: in_token=tensor([[279]], device='cuda:6'), in_token_decoded= the, end_index: 8669
Draft step 1, token  the, predict_score 0.2360827624797821 < threshold 0.6, stopping draft
Verifying token 0: verify_id=4623 ( further), draft_id=279 ( the), is_last=False, is_eos=False
Token 0 verification failed, accepting up to this token. is_last: False, is_eos: False, is_mismatch: True

Draft step 0: in_token=tensor([[4623]], device='cuda:6'), in_token_decoded= further, end_index: 8669
predicted_token: 3015, predict_score: 0.19946011900901794, token :  water

Draft step 1: in_token=tensor([[3015]], device='cuda:6'), in_token_decoded= water, end_index: 8670
Draft step 1, token  water, predict_score 0.19946011900901794 < threshold 0.6, stopping draft
Verifying token 0: verify_id=13853 ( kne), draft_id=3015 ( water), is_last=False, is_eos=False
Token 0 verification failed, accepting up to this token. is_last: False, is_eos: False, is_mismatch: True

Draft step 0: in_token=tensor([[13853]], device='cuda:6'), in_token_decoded= kne, end_index: 8670
predicted_token: 453, predict_score: 0.04069628193974495, token : op

Draft step 1: in_token=tensor([[453]], device='cuda:6'), in_token_decoded=op, end_index: 8671
Draft step 1, token op, predict_score 0.04069628193974495 < threshold 0.6, stopping draft
Verifying token 0: verify_id=329 (ad), draft_id=453 (op), is_last=False, is_eos=False
Token 0 verification failed, accepting up to this token. is_last: False, is_eos: False, is_mismatch: True

Draft step 0: in_token=tensor([[329]], device='cuda:6'), in_token_decoded=ad, end_index: 8671
predicted_token: 279, predict_score: 0.6926078796386719, token :  the

Draft step 1: in_token=tensor([[279]], device='cuda:6'), in_token_decoded= the, end_index: 8672
predicted_token: 30352, predict_score: 0.49776691198349, token :  dough

Draft step 2: in_token=tensor([[30352]], device='cuda:6'), in_token_decoded= dough, end_index: 8673
Draft step 2, token  dough, predict_score 0.49776691198349 < threshold 0.6, stopping draft
Verifying token 0: verify_id=279 ( the), draft_id=279 ( the), is_last=False, is_eos=False
Verifying token 1: verify_id=30352 ( dough), draft_id=30352 ( dough), is_last=False, is_eos=False
Verifying token 2: verify_id=11 (,), draft_id=None (None), is_last=True, is_eos=False
Token 2 verification failed, accepting up to this token. is_last: True, is_eos: False, is_mismatch: False

Draft step 0: in_token=tensor([[11]], device='cuda:6'), in_token_decoded=,, end_index: 8674
predicted_token: 323, predict_score: 0.10664188861846924, token :  and

Draft step 1: in_token=tensor([[323]], device='cuda:6'), in_token_decoded= and, end_index: 8675
Draft step 1, token  and, predict_score 0.10664188861846924 < threshold 0.6, stopping draft
Verifying token 0: verify_id=323 ( and), draft_id=323 ( and), is_last=False, is_eos=False
Verifying token 1: verify_id=279 ( the), draft_id=None (None), is_last=True, is_eos=False
Token 1 verification failed, accepting up to this token. is_last: True, is_eos: False, is_mismatch: False

Draft step 0: in_token=tensor([[279]], device='cuda:6'), in_token_decoded= the, end_index: 8676
predicted_token: 30352, predict_score: 0.3291284143924713, token :  dough

Draft step 1: in_token=tensor([[30352]], device='cuda:6'), in_token_decoded= dough, end_index: 8677
Draft step 1, token  dough, predict_score 0.3291284143924713 < threshold 0.6, stopping draft
Verifying token 0: verify_id=1697 ( person), draft_id=30352 ( dough), is_last=False, is_eos=False
Token 0 verification failed, accepting up to this token. is_last: False, is_eos: False, is_mismatch: True

Draft step 0: in_token=tensor([[1697]], device='cuda:6'), in_token_decoded= person, end_index: 8677
predicted_token: 374, predict_score: 0.49602633714675903, token :  is

Draft step 1: in_token=tensor([[374]], device='cuda:6'), in_token_decoded= is, end_index: 8678
Draft step 1, token  is, predict_score 0.49602633714675903 < threshold 0.6, stopping draft
Verifying token 0: verify_id=1221 ( then), draft_id=374 ( is), is_last=False, is_eos=False
Token 0 verification failed, accepting up to this token. is_last: False, is_eos: False, is_mismatch: True

Draft step 0: in_token=tensor([[1221]], device='cuda:6'), in_token_decoded= then, end_index: 8678
predicted_token: 15239, predict_score: 0.13902223110198975, token :  tap

Draft step 1: in_token=tensor([[15239]], device='cuda:6'), in_token_decoded= tap, end_index: 8679
Draft step 1, token  tap, predict_score 0.13902223110198975 < threshold 0.6, stopping draft
Verifying token 0: verify_id=21895 ( picks), draft_id=15239 ( tap), is_last=False, is_eos=False
Token 0 verification failed, accepting up to this token. is_last: False, is_eos: False, is_mismatch: True

Draft step 0: in_token=tensor([[21895]], device='cuda:6'), in_token_decoded= picks, end_index: 8679
predicted_token: 705, predict_score: 0.9779595136642456, token :  up

Draft step 1: in_token=tensor([[705]], device='cuda:6'), in_token_decoded= up, end_index: 8680
predicted_token: 279, predict_score: 0.5585077404975891, token :  the

Draft step 2: in_token=tensor([[279]], device='cuda:6'), in_token_decoded= the, end_index: 8681
Draft step 2, token  the, predict_score 0.5585077404975891 < threshold 0.6, stopping draft
Verifying token 0: verify_id=705 ( up), draft_id=705 ( up), is_last=False, is_eos=False
Verifying token 1: verify_id=264 ( a), draft_id=279 ( the), is_last=False, is_eos=False
Token 1 verification failed, accepting up to this token. is_last: False, is_eos: False, is_mismatch: True

Draft step 0: in_token=tensor([[264]], device='cuda:6'), in_token_decoded= a, end_index: 8681
predicted_token: 21430, predict_score: 0.4019375145435333, token :  knife

Draft step 1: in_token=tensor([[21430]], device='cuda:6'), in_token_decoded= knife, end_index: 8682
Draft step 1, token  knife, predict_score 0.4019375145435333 < threshold 0.6, stopping draft
Verifying token 0: verify_id=6573 ( piece), draft_id=21430 ( knife), is_last=False, is_eos=False
Token 0 verification failed, accepting up to this token. is_last: False, is_eos: False, is_mismatch: True

Draft step 0: in_token=tensor([[6573]], device='cuda:6'), in_token_decoded= piece, end_index: 8682
predicted_token: 315, predict_score: 0.9183610081672668, token :  of

Draft step 1: in_token=tensor([[315]], device='cuda:6'), in_token_decoded= of, end_index: 8683
predicted_token: 30352, predict_score: 0.6726159453392029, token :  dough

Draft step 2: in_token=tensor([[30352]], device='cuda:6'), in_token_decoded= dough, end_index: 8684
predicted_token: 11, predict_score: 0.3748343288898468, token : ,

Draft step 3: in_token=tensor([[11]], device='cuda:6'), in_token_decoded=,, end_index: 8685
Draft step 3, token ,, predict_score 0.3748343288898468 < threshold 0.6, stopping draft
Verifying token 0: verify_id=315 ( of), draft_id=315 ( of), is_last=False, is_eos=False
Verifying token 1: verify_id=30352 ( dough), draft_id=30352 ( dough), is_last=False, is_eos=False
Verifying token 2: verify_id=323 ( and), draft_id=11 (,), is_last=False, is_eos=False
Token 2 verification failed, accepting up to this token. is_last: False, is_eos: False, is_mismatch: True

Draft step 0: in_token=tensor([[323]], device='cuda:6'), in_token_decoded= and, end_index: 8685
predicted_token: 2484, predict_score: 0.3184033930301666, token :  turn

Draft step 1: in_token=tensor([[2484]], device='cuda:6'), in_token_decoded= turn, end_index: 8686
Draft step 1, token  turn, predict_score 0.3184033930301666 < threshold 0.6, stopping draft
Verifying token 0: verify_id=7482 ( places), draft_id=2484 ( turn), is_last=False, is_eos=False
Token 0 verification failed, accepting up to this token. is_last: False, is_eos: False, is_mismatch: True

Draft step 0: in_token=tensor([[7482]], device='cuda:6'), in_token_decoded= places, end_index: 8686
predicted_token: 279, predict_score: 0.8339905738830566, token :  the

Draft step 1: in_token=tensor([[279]], device='cuda:6'), in_token_decoded= the, end_index: 8687
predicted_token: 30352, predict_score: 0.07436714321374893, token :  dough

Draft step 2: in_token=tensor([[30352]], device='cuda:6'), in_token_decoded= dough, end_index: 8688
Draft step 2, token  dough, predict_score 0.07436714321374893 < threshold 0.6, stopping draft
Verifying token 0: verify_id=432 ( it), draft_id=279 ( the), is_last=False, is_eos=False
Token 0 verification failed, accepting up to this token. is_last: False, is_eos: False, is_mismatch: True

Draft step 0: in_token=tensor([[432]], device='cuda:6'), in_token_decoded= it, end_index: 8687
predicted_token: 389, predict_score: 0.8700066208839417, token :  on

Draft step 1: in_token=tensor([[389]], device='cuda:6'), in_token_decoded= on, end_index: 8688
predicted_token: 279, predict_score: 0.8854330778121948, token :  the

Draft step 2: in_token=tensor([[279]], device='cuda:6'), in_token_decoded= the, end_index: 8689
predicted_token: 1965, predict_score: 0.34477660059928894, token :  table

Draft step 3: in_token=tensor([[1965]], device='cuda:6'), in_token_decoded= table, end_index: 8690
Draft step 3, token  table, predict_score 0.34477660059928894 < threshold 0.6, stopping draft
Verifying token 0: verify_id=389 ( on), draft_id=389 ( on), is_last=False, is_eos=False
Verifying token 1: verify_id=279 ( the), draft_id=279 ( the), is_last=False, is_eos=False
Verifying token 2: verify_id=9317 ( metal), draft_id=1965 ( table), is_last=False, is_eos=False
Token 2 verification failed, accepting up to this token. is_last: False, is_eos: False, is_mismatch: True

Draft step 0: in_token=tensor([[9317]], device='cuda:6'), in_token_decoded= metal, end_index: 8690
predicted_token: 13, predict_score: 0.5186986327171326, token : .

Draft step 1: in_token=tensor([[13]], device='cuda:6'), in_token_decoded=., end_index: 8691
Draft step 1, token ., predict_score 0.5186986327171326 < threshold 0.6, stopping draft
Verifying token 0: verify_id=7329 ( surface), draft_id=13 (.), is_last=False, is_eos=False
Token 0 verification failed, accepting up to this token. is_last: False, is_eos: False, is_mismatch: True

Draft step 0: in_token=tensor([[7329]], device='cuda:6'), in_token_decoded= surface, end_index: 8691
predicted_token: 13, predict_score: 0.38704022765159607, token : .

Draft step 1: in_token=tensor([[13]], device='cuda:6'), in_token_decoded=., end_index: 8692
Draft step 1, token ., predict_score 0.38704022765159607 < threshold 0.6, stopping draft
Verifying token 0: verify_id=11 (,), draft_id=13 (.), is_last=False, is_eos=False
Token 0 verification failed, accepting up to this token. is_last: False, is_eos: False, is_mismatch: True

Draft step 0: in_token=tensor([[11]], device='cuda:6'), in_token_decoded=,, end_index: 8692
predicted_token: 323, predict_score: 0.21926628053188324, token :  and

Draft step 1: in_token=tensor([[323]], device='cuda:6'), in_token_decoded= and, end_index: 8693
Draft step 1, token  and, predict_score 0.21926628053188324 < threshold 0.6, stopping draft
Verifying token 0: verify_id=448 ( with), draft_id=323 ( and), is_last=False, is_eos=False
Token 0 verification failed, accepting up to this token. is_last: False, is_eos: False, is_mismatch: True

Draft step 0: in_token=tensor([[448]], device='cuda:6'), in_token_decoded= with, end_index: 8693
predicted_token: 279, predict_score: 0.48403388261795044, token :  the

Draft step 1: in_token=tensor([[279]], device='cuda:6'), in_token_decoded= the, end_index: 8694
Draft step 1, token  the, predict_score 0.48403388261795044 < threshold 0.6, stopping draft
Verifying token 0: verify_id=1008 ( other), draft_id=279 ( the), is_last=False, is_eos=False
Token 0 verification failed, accepting up to this token. is_last: False, is_eos: False, is_mismatch: True

Draft step 0: in_token=tensor([[1008]], device='cuda:6'), in_token_decoded= other, end_index: 8694
predicted_token: 1424, predict_score: 0.17698152363300323, token :  hand

Draft step 1: in_token=tensor([[1424]], device='cuda:6'), in_token_decoded= hand, end_index: 8695
Draft step 1, token  hand, predict_score 0.17698152363300323 < threshold 0.6, stopping draft
Verifying token 0: verify_id=9666 ( pieces), draft_id=1424 ( hand), is_last=False, is_eos=False
Token 0 verification failed, accepting up to this token. is_last: False, is_eos: False, is_mismatch: True

Draft step 0: in_token=tensor([[9666]], device='cuda:6'), in_token_decoded= pieces, end_index: 8695
predicted_token: 315, predict_score: 0.5221752524375916, token :  of

Draft step 1: in_token=tensor([[315]], device='cuda:6'), in_token_decoded= of, end_index: 8696
Draft step 1, token  of, predict_score 0.5221752524375916 < threshold 0.6, stopping draft
Verifying token 0: verify_id=315 ( of), draft_id=315 ( of), is_last=False, is_eos=False
Verifying token 1: verify_id=30352 ( dough), draft_id=None (None), is_last=True, is_eos=False
Token 1 verification failed, accepting up to this token. is_last: True, is_eos: False, is_mismatch: False

Draft step 0: in_token=tensor([[30352]], device='cuda:6'), in_token_decoded= dough, end_index: 8697
predicted_token: 504, predict_score: 0.40810784697532654, token :  from

Draft step 1: in_token=tensor([[504]], device='cuda:6'), in_token_decoded= from, end_index: 8698
Draft step 1, token  from, predict_score 0.40810784697532654 < threshold 0.6, stopping draft
Verifying token 0: verify_id=323 ( and), draft_id=504 ( from), is_last=False, is_eos=False
Token 0 verification failed, accepting up to this token. is_last: False, is_eos: False, is_mismatch: True

Draft step 0: in_token=tensor([[323]], device='cuda:6'), in_token_decoded= and, end_index: 8698
predicted_token: 2182, predict_score: 0.09605956822633743, token :  put

Draft step 1: in_token=tensor([[2182]], device='cuda:6'), in_token_decoded= put, end_index: 8699
Draft step 1, token  put, predict_score 0.09605956822633743 < threshold 0.6, stopping draft
Verifying token 0: verify_id=264 ( a), draft_id=2182 ( put), is_last=False, is_eos=False
Token 0 verification failed, accepting up to this token. is_last: False, is_eos: False, is_mismatch: True

Draft step 0: in_token=tensor([[264]], device='cuda:6'), in_token_decoded= a, end_index: 8699
predicted_token: 21430, predict_score: 0.1334604173898697, token :  knife

Draft step 1: in_token=tensor([[21430]], device='cuda:6'), in_token_decoded= knife, end_index: 8700
Draft step 1, token  knife, predict_score 0.1334604173898697 < threshold 0.6, stopping draft
Verifying token 0: verify_id=2613 ( small), draft_id=21430 ( knife), is_last=False, is_eos=False
Token 0 verification failed, accepting up to this token. is_last: False, is_eos: False, is_mismatch: True

Draft step 0: in_token=tensor([[2613]], device='cuda:6'), in_token_decoded= small, end_index: 8700
predicted_token: 3311, predict_score: 0.1257532835006714, token :  amount

Draft step 1: in_token=tensor([[3311]], device='cuda:6'), in_token_decoded= amount, end_index: 8701
Draft step 1, token  amount, predict_score 0.1257532835006714 < threshold 0.6, stopping draft
Verifying token 0: verify_id=5476 ( container), draft_id=3311 ( amount), is_last=False, is_eos=False
Token 0 verification failed, accepting up to this token. is_last: False, is_eos: False, is_mismatch: True

Draft step 0: in_token=tensor([[5476]], device='cuda:6'), in_token_decoded= container, end_index: 8701
predicted_token: 13, predict_score: 0.762847900390625, token : .

Draft step 1: in_token=tensor([[13]], device='cuda:6'), in_token_decoded=., end_index: 8702
predicted_token: 151645, predict_score: 0.9883536100387573, token : <|im_end|>
Verifying token 0: verify_id=14046 ( nearby), draft_id=13 (.), is_last=False, is_eos=False
Token 0 verification failed, accepting up to this token. is_last: False, is_eos: False, is_mismatch: True

Draft step 0: in_token=tensor([[14046]], device='cuda:6'), in_token_decoded= nearby, end_index: 8702
predicted_token: 13, predict_score: 0.6144805550575256, token : .

Draft step 1: in_token=tensor([[13]], device='cuda:6'), in_token_decoded=., end_index: 8703
predicted_token: 151645, predict_score: 0.9866958856582642, token : <|im_end|>
Verifying token 0: verify_id=11 (,), draft_id=13 (.), is_last=False, is_eos=False
Token 0 verification failed, accepting up to this token. is_last: False, is_eos: False, is_mismatch: True

Draft step 0: in_token=tensor([[11]], device='cuda:6'), in_token_decoded=,, end_index: 8703
predicted_token: 323, predict_score: 0.26863956451416016, token :  and

Draft step 1: in_token=tensor([[323]], device='cuda:6'), in_token_decoded= and, end_index: 8704
Draft step 1, token  and, predict_score 0.26863956451416016 < threshold 0.6, stopping draft
Verifying token 0: verify_id=323 ( and), draft_id=323 ( and), is_last=False, is_eos=False
Verifying token 1: verify_id=279 ( the), draft_id=None (None), is_last=True, is_eos=False
Token 1 verification failed, accepting up to this token. is_last: True, is_eos: False, is_mismatch: False

Draft step 0: in_token=tensor([[279]], device='cuda:6'), in_token_decoded= the, end_index: 8705
predicted_token: 30352, predict_score: 0.34034743905067444, token :  dough

Draft step 1: in_token=tensor([[30352]], device='cuda:6'), in_token_decoded= dough, end_index: 8706
Draft step 1, token  dough, predict_score 0.34034743905067444 < threshold 0.6, stopping draft
Verifying token 0: verify_id=1697 ( person), draft_id=30352 ( dough), is_last=False, is_eos=False
Token 0 verification failed, accepting up to this token. is_last: False, is_eos: False, is_mismatch: True

Draft step 0: in_token=tensor([[1697]], device='cuda:6'), in_token_decoded= person, end_index: 8706
predicted_token: 374, predict_score: 0.18297672271728516, token :  is

Draft step 1: in_token=tensor([[374]], device='cuda:6'), in_token_decoded= is, end_index: 8707
Draft step 1, token  is, predict_score 0.18297672271728516 < threshold 0.6, stopping draft
Verifying token 0: verify_id=9539 ( continues), draft_id=374 ( is), is_last=False, is_eos=False
Token 0 verification failed, accepting up to this token. is_last: False, is_eos: False, is_mismatch: True

Draft step 0: in_token=tensor([[9539]], device='cuda:6'), in_token_decoded= continues, end_index: 8707
predicted_token: 311, predict_score: 0.7793420553207397, token :  to

Draft step 1: in_token=tensor([[311]], device='cuda:6'), in_token_decoded= to, end_index: 8708
predicted_token: 3931, predict_score: 0.13536080718040466, token :  cut

Draft step 2: in_token=tensor([[3931]], device='cuda:6'), in_token_decoded= cut, end_index: 8709
Draft step 2, token  cut, predict_score 0.13536080718040466 < threshold 0.6, stopping draft
Verifying token 0: verify_id=311 ( to), draft_id=311 ( to), is_last=False, is_eos=False
Verifying token 1: verify_id=13853 ( kne), draft_id=3931 ( cut), is_last=False, is_eos=False
Token 1 verification failed, accepting up to this token. is_last: False, is_eos: False, is_mismatch: True

Draft step 0: in_token=tensor([[13853]], device='cuda:6'), in_token_decoded= kne, end_index: 8709
predicted_token: 453, predict_score: 0.11370638757944107, token : op

Draft step 1: in_token=tensor([[453]], device='cuda:6'), in_token_decoded=op, end_index: 8710
Draft step 1, token op, predict_score 0.11370638757944107 < threshold 0.6, stopping draft
Verifying token 0: verify_id=329 (ad), draft_id=453 (op), is_last=False, is_eos=False
Token 0 verification failed, accepting up to this token. is_last: False, is_eos: False, is_mismatch: True

Draft step 0: in_token=tensor([[329]], device='cuda:6'), in_token_decoded=ad, end_index: 8710
predicted_token: 279, predict_score: 0.867582380771637, token :  the

Draft step 1: in_token=tensor([[279]], device='cuda:6'), in_token_decoded= the, end_index: 8711
predicted_token: 30352, predict_score: 0.7038760781288147, token :  dough

Draft step 2: in_token=tensor([[30352]], device='cuda:6'), in_token_decoded= dough, end_index: 8712
predicted_token: 13, predict_score: 0.32654908299446106, token : .

Draft step 3: in_token=tensor([[13]], device='cuda:6'), in_token_decoded=., end_index: 8713
Draft step 3, token ., predict_score 0.32654908299446106 < threshold 0.6, stopping draft
Verifying token 0: verify_id=279 ( the), draft_id=279 ( the), is_last=False, is_eos=False
Verifying token 1: verify_id=30352 ( dough), draft_id=30352 ( dough), is_last=False, is_eos=False
Verifying token 2: verify_id=389 ( on), draft_id=13 (.), is_last=False, is_eos=False
Token 2 verification failed, accepting up to this token. is_last: False, is_eos: False, is_mismatch: True

Draft step 0: in_token=tensor([[389]], device='cuda:6'), in_token_decoded= on, end_index: 8713
predicted_token: 279, predict_score: 0.9512711763381958, token :  the

Draft step 1: in_token=tensor([[279]], device='cuda:6'), in_token_decoded= the, end_index: 8714
predicted_token: 1965, predict_score: 0.3549705743789673, token :  table

Draft step 2: in_token=tensor([[1965]], device='cuda:6'), in_token_decoded= table, end_index: 8715
Draft step 2, token  table, predict_score 0.3549705743789673 < threshold 0.6, stopping draft
Verifying token 0: verify_id=279 ( the), draft_id=279 ( the), is_last=False, is_eos=False
Verifying token 1: verify_id=9317 ( metal), draft_id=1965 ( table), is_last=False, is_eos=False
Token 1 verification failed, accepting up to this token. is_last: False, is_eos: False, is_mismatch: True

Draft step 0: in_token=tensor([[9317]], device='cuda:6'), in_token_decoded= metal, end_index: 8715
predicted_token: 13, predict_score: 0.4744786024093628, token : .

Draft step 1: in_token=tensor([[13]], device='cuda:6'), in_token_decoded=., end_index: 8716
Draft step 1, token ., predict_score 0.4744786024093628 < threshold 0.6, stopping draft
Verifying token 0: verify_id=7329 ( surface), draft_id=13 (.), is_last=False, is_eos=False
Token 0 verification failed, accepting up to this token. is_last: False, is_eos: False, is_mismatch: True

Draft step 0: in_token=tensor([[7329]], device='cuda:6'), in_token_decoded= surface, end_index: 8716
predicted_token: 13, predict_score: 0.6291026473045349, token : .

Draft step 1: in_token=tensor([[13]], device='cuda:6'), in_token_decoded=., end_index: 8717
predicted_token: 151645, predict_score: 0.9828280210494995, token : <|im_end|>
Verifying token 0: verify_id=13 (.), draft_id=13 (.), is_last=False, is_eos=False
Verifying token 1: verify_id=151645 (<|im_end|>), draft_id=151645 (<|im_end|>), is_last=False, is_eos=True
Token 1 verification failed, accepting up to this token. is_last: False, is_eos: True, is_mismatch: False
New tokens: ["The dough is kneaded by pressing and folding it, then placed into a dough mixer, and the person's hands continue to work it inside the mixer, with the mixer's blades turning to further knead the dough, and the person then picks up a piece of dough and places it on the metal surface, with other pieces of dough and a small container nearby, and the person continues to knead the dough on the metal surface.<|im_end|>"]
Total new tokens generated: 88
[Spec] avg_accept=1.32 | tokens=88 | context_len=8630
[Adapter] acc=22/80 (27.5%) | avg_confidence=0.427 | context_len=8630
\n===== Lossless Check =====
Speculative output: The dough is kneaded by pressing and folding it, then placed into a dough mixer, and the person's hands continue to work it inside the mixer, with the mixer's blades turning to further knead the dough, and the person then picks up a piece of dough and places it on the metal surface, with other pieces of dough and a small container nearby, and the person continues to knead the dough on the metal surface.
AR manual output:   The dough is kneaded by pressing and folding it, then placed into a dough mixer, and the person's hands continue to work it inside the mixer, with the mixer's blades turning to further knead the dough, and the person then picks up a piece of dough and places it on the metal surface, with other pieces of dough and a small container nearby, and the person continues to knead the dough on the metal surface.
Exact match: True
OK: Outputs match. Speculative decoding is lossless.
Speedup: 1.10x
Speedup_decode: 1.05x
Spec decode tok/s: 31.14
AR decode tok/s:   29.55
 first token :NO

Draft step 0: in_token=tensor([[8996]], device='cuda:6'), in_token_decoded=NO, end_index: 8780
predicted_token: 8996, predict_score: 0.05261958763003349, token : NO

Draft step 1: in_token=tensor([[8996]], device='cuda:6'), in_token_decoded=NO, end_index: 8781
Draft step 1, token NO, predict_score 0.05261958763003349 < threshold 0.6, stopping draft
Verifying token 0: verify_id=3596 ( RE), draft_id=8996 (NO), is_last=False, is_eos=False
Token 0 verification failed, accepting up to this token. is_last: False, is_eos: False, is_mismatch: True

Draft step 0: in_token=tensor([[3596]], device='cuda:6'), in_token_decoded= RE, end_index: 8781
predicted_token: 453, predict_score: 0.03864920511841774, token : op

Draft step 1: in_token=tensor([[453]], device='cuda:6'), in_token_decoded=op, end_index: 8782
Draft step 1, token op, predict_score 0.03864920511841774 < threshold 0.6, stopping draft
Verifying token 0: verify_id=24834 (PLY), draft_id=453 (op), is_last=False, is_eos=False
Token 0 verification failed, accepting up to this token. is_last: False, is_eos: False, is_mismatch: True

Draft step 0: in_token=tensor([[24834]], device='cuda:6'), in_token_decoded=PLY, end_index: 8782
predicted_token: 949, predict_score: 0.17527897655963898, token :  part

Draft step 1: in_token=tensor([[949]], device='cuda:6'), in_token_decoded= part, end_index: 8783
Draft step 1, token  part, predict_score 0.17527897655963898 < threshold 0.6, stopping draft
Verifying token 0: verify_id=151645 (<|im_end|>), draft_id=949 ( part), is_last=False, is_eos=True
Token 0 verification failed, accepting up to this token. is_last: False, is_eos: True, is_mismatch: True
New tokens: ['NO REPLY<|im_end|>']
Total new tokens generated: 4
[Spec] avg_accept=1.00 | tokens=4 | context_len=8779
[Adapter] acc=0/3 (0.0%) | avg_confidence=0.089 | context_len=8779
\n===== Lossless Check =====
Speculative output: NO REPLY
AR manual output:   NO REPLY
Exact match: True
OK: Outputs match. Speculative decoding is lossless.
Speedup: 0.65x
Speedup_decode: 0.57x
Spec decode tok/s: 22.20
AR decode tok/s:   38.95
 first token :NO

Draft step 0: in_token=tensor([[8996]], device='cuda:6'), in_token_decoded=NO, end_index: 8845
predicted_token: 8996, predict_score: 0.03597801551222801, token : NO

Draft step 1: in_token=tensor([[8996]], device='cuda:6'), in_token_decoded=NO, end_index: 8846
Draft step 1, token NO, predict_score 0.03597801551222801 < threshold 0.6, stopping draft
Verifying token 0: verify_id=3596 ( RE), draft_id=8996 (NO), is_last=False, is_eos=False
Token 0 verification failed, accepting up to this token. is_last: False, is_eos: False, is_mismatch: True

Draft step 0: in_token=tensor([[3596]], device='cuda:6'), in_token_decoded= RE, end_index: 8846
predicted_token: 453, predict_score: 0.03915788605809212, token : op

Draft step 1: in_token=tensor([[453]], device='cuda:6'), in_token_decoded=op, end_index: 8847
Draft step 1, token op, predict_score 0.03915788605809212 < threshold 0.6, stopping draft
Verifying token 0: verify_id=24834 (PLY), draft_id=453 (op), is_last=False, is_eos=False
Token 0 verification failed, accepting up to this token. is_last: False, is_eos: False, is_mismatch: True

Draft step 0: in_token=tensor([[24834]], device='cuda:6'), in_token_decoded=PLY, end_index: 8847
predicted_token: 315, predict_score: 0.1899123340845108, token :  of

Draft step 1: in_token=tensor([[315]], device='cuda:6'), in_token_decoded= of, end_index: 8848
Draft step 1, token  of, predict_score 0.1899123340845108 < threshold 0.6, stopping draft
Verifying token 0: verify_id=151645 (<|im_end|>), draft_id=315 ( of), is_last=False, is_eos=True
Token 0 verification failed, accepting up to this token. is_last: False, is_eos: True, is_mismatch: True
New tokens: ['NO REPLY<|im_end|>']
Total new tokens generated: 4
[Spec] avg_accept=1.00 | tokens=4 | context_len=8844
[Adapter] acc=0/3 (0.0%) | avg_confidence=0.088 | context_len=8844
\n===== Lossless Check =====
Speculative output: NO REPLY
AR manual output:   NO REPLY
Exact match: True
OK: Outputs match. Speculative decoding is lossless.
Speedup: 0.66x
Speedup_decode: 0.62x
Spec decode tok/s: 23.86
AR decode tok/s:   38.74
 first token :The

Draft step 0: in_token=tensor([[785]], device='cuda:6'), in_token_decoded=The, end_index: 8910
predicted_token: 30352, predict_score: 0.5237498879432678, token :  dough

Draft step 1: in_token=tensor([[30352]], device='cuda:6'), in_token_decoded= dough, end_index: 8911
Draft step 1, token  dough, predict_score 0.5237498879432678 < threshold 0.6, stopping draft
Verifying token 0: verify_id=30352 ( dough), draft_id=30352 ( dough), is_last=False, is_eos=False
Verifying token 1: verify_id=374 ( is), draft_id=None (None), is_last=True, is_eos=False
Token 1 verification failed, accepting up to this token. is_last: True, is_eos: False, is_mismatch: False

Draft step 0: in_token=tensor([[374]], device='cuda:6'), in_token_decoded= is, end_index: 8912
predicted_token: 9099, predict_score: 0.35520660877227783, token :  placed

Draft step 1: in_token=tensor([[9099]], device='cuda:6'), in_token_decoded= placed, end_index: 8913
Draft step 1, token  placed, predict_score 0.35520660877227783 < threshold 0.6, stopping draft
Verifying token 0: verify_id=13853 ( kne), draft_id=9099 ( placed), is_last=False, is_eos=False
Token 0 verification failed, accepting up to this token. is_last: False, is_eos: False, is_mismatch: True

Draft step 0: in_token=tensor([[13853]], device='cuda:6'), in_token_decoded= kne, end_index: 8913
predicted_token: 329, predict_score: 0.03015720844268799, token : ad

Draft step 1: in_token=tensor([[329]], device='cuda:6'), in_token_decoded=ad, end_index: 8914
Draft step 1, token ad, predict_score 0.03015720844268799 < threshold 0.6, stopping draft
Verifying token 0: verify_id=14255 (aded), draft_id=329 (ad), is_last=False, is_eos=False
Token 0 verification failed, accepting up to this token. is_last: False, is_eos: False, is_mismatch: True

Draft step 0: in_token=tensor([[14255]], device='cuda:6'), in_token_decoded=aded, end_index: 8914
predicted_token: 448, predict_score: 0.3086850643157959, token :  with

Draft step 1: in_token=tensor([[448]], device='cuda:6'), in_token_decoded= with, end_index: 8915
Draft step 1, token  with, predict_score 0.3086850643157959 < threshold 0.6, stopping draft
Verifying token 0: verify_id=553 ( by), draft_id=448 ( with), is_last=False, is_eos=False
Token 0 verification failed, accepting up to this token. is_last: False, is_eos: False, is_mismatch: True

Draft step 0: in_token=tensor([[553]], device='cuda:6'), in_token_decoded= by, end_index: 8915
predicted_token: 9963, predict_score: 0.16352395713329315, token :  holding

Draft step 1: in_token=tensor([[9963]], device='cuda:6'), in_token_decoded= holding, end_index: 8916
Draft step 1, token  holding, predict_score 0.16352395713329315 < threshold 0.6, stopping draft
Verifying token 0: verify_id=25352 ( pressing), draft_id=9963 ( holding), is_last=False, is_eos=False
Token 0 verification failed, accepting up to this token. is_last: False, is_eos: False, is_mismatch: True

Draft step 0: in_token=tensor([[25352]], device='cuda:6'), in_token_decoded= pressing, end_index: 8916
predicted_token: 279, predict_score: 0.5668732523918152, token :  the

Draft step 1: in_token=tensor([[279]], device='cuda:6'), in_token_decoded= the, end_index: 8917
Draft step 1, token  the, predict_score 0.5668732523918152 < threshold 0.6, stopping draft
Verifying token 0: verify_id=323 ( and), draft_id=279 ( the), is_last=False, is_eos=False
Token 0 verification failed, accepting up to this token. is_last: False, is_eos: False, is_mismatch: True

Draft step 0: in_token=tensor([[323]], device='cuda:6'), in_token_decoded= and, end_index: 8917
predicted_token: 2115, predict_score: 0.1286504566669464, token :  left

Draft step 1: in_token=tensor([[2115]], device='cuda:6'), in_token_decoded= left, end_index: 8918
Draft step 1, token  left, predict_score 0.1286504566669464 < threshold 0.6, stopping draft
Verifying token 0: verify_id=44742 ( folding), draft_id=2115 ( left), is_last=False, is_eos=False
Token 0 verification failed, accepting up to this token. is_last: False, is_eos: False, is_mismatch: True

Draft step 0: in_token=tensor([[44742]], device='cuda:6'), in_token_decoded= folding, end_index: 8918
predicted_token: 432, predict_score: 0.11390891671180725, token :  it

Draft step 1: in_token=tensor([[432]], device='cuda:6'), in_token_decoded= it, end_index: 8919
Draft step 1, token  it, predict_score 0.11390891671180725 < threshold 0.6, stopping draft
Verifying token 0: verify_id=432 ( it), draft_id=432 ( it), is_last=False, is_eos=False
Verifying token 1: verify_id=11 (,), draft_id=None (None), is_last=True, is_eos=False
Token 1 verification failed, accepting up to this token. is_last: True, is_eos: False, is_mismatch: False

Draft step 0: in_token=tensor([[11]], device='cuda:6'), in_token_decoded=,, end_index: 8920
predicted_token: 448, predict_score: 0.24741682410240173, token :  with

Draft step 1: in_token=tensor([[448]], device='cuda:6'), in_token_decoded= with, end_index: 8921
Draft step 1, token  with, predict_score 0.24741682410240173 < threshold 0.6, stopping draft
Verifying token 0: verify_id=1221 ( then), draft_id=448 ( with), is_last=False, is_eos=False
Token 0 verification failed, accepting up to this token. is_last: False, is_eos: False, is_mismatch: True

Draft step 0: in_token=tensor([[1221]], device='cuda:6'), in_token_decoded= then, end_index: 8921
predicted_token: 2182, predict_score: 0.17006446421146393, token :  put

Draft step 1: in_token=tensor([[2182]], device='cuda:6'), in_token_decoded= put, end_index: 8922
Draft step 1, token  put, predict_score 0.17006446421146393 < threshold 0.6, stopping draft
Verifying token 0: verify_id=9099 ( placed), draft_id=2182 ( put), is_last=False, is_eos=False
Token 0 verification failed, accepting up to this token. is_last: False, is_eos: False, is_mismatch: True

Draft step 0: in_token=tensor([[9099]], device='cuda:6'), in_token_decoded= placed, end_index: 8922
predicted_token: 389, predict_score: 0.8518563508987427, token :  on

Draft step 1: in_token=tensor([[389]], device='cuda:6'), in_token_decoded= on, end_index: 8923
predicted_token: 279, predict_score: 0.8479820489883423, token :  the

Draft step 2: in_token=tensor([[279]], device='cuda:6'), in_token_decoded= the, end_index: 8924
predicted_token: 14376, predict_score: 0.18539473414421082, token :  cutting

Draft step 3: in_token=tensor([[14376]], device='cuda:6'), in_token_decoded= cutting, end_index: 8925
Draft step 3, token  cutting, predict_score 0.18539473414421082 < threshold 0.6, stopping draft
Verifying token 0: verify_id=1119 ( into), draft_id=389 ( on), is_last=False, is_eos=False
Token 0 verification failed, accepting up to this token. is_last: False, is_eos: False, is_mismatch: True

Draft step 0: in_token=tensor([[1119]], device='cuda:6'), in_token_decoded= into, end_index: 8923
predicted_token: 264, predict_score: 0.7937137484550476, token :  a

Draft step 1: in_token=tensor([[264]], device='cuda:6'), in_token_decoded= a, end_index: 8924
predicted_token: 19212, predict_score: 0.36271074414253235, token :  bowl

Draft step 2: in_token=tensor([[19212]], device='cuda:6'), in_token_decoded= bowl, end_index: 8925
Draft step 2, token  bowl, predict_score 0.36271074414253235 < threshold 0.6, stopping draft
Verifying token 0: verify_id=264 ( a), draft_id=264 ( a), is_last=False, is_eos=False
Verifying token 1: verify_id=30352 ( dough), draft_id=19212 ( bowl), is_last=False, is_eos=False
Token 1 verification failed, accepting up to this token. is_last: False, is_eos: False, is_mismatch: True

Draft step 0: in_token=tensor([[30352]], device='cuda:6'), in_token_decoded= dough, end_index: 8925
predicted_token: 13, predict_score: 0.5976166129112244, token : .

Draft step 1: in_token=tensor([[13]], device='cuda:6'), in_token_decoded=., end_index: 8926
Draft step 1, token ., predict_score 0.5976166129112244 < threshold 0.6, stopping draft
Verifying token 0: verify_id=37778 ( mixer), draft_id=13 (.), is_last=False, is_eos=False
Token 0 verification failed, accepting up to this token. is_last: False, is_eos: False, is_mismatch: True

Draft step 0: in_token=tensor([[37778]], device='cuda:6'), in_token_decoded= mixer, end_index: 8926
predicted_token: 11, predict_score: 0.3004646301269531, token : ,

Draft step 1: in_token=tensor([[11]], device='cuda:6'), in_token_decoded=,, end_index: 8927
Draft step 1, token ,, predict_score 0.3004646301269531 < threshold 0.6, stopping draft
Verifying token 0: verify_id=11 (,), draft_id=11 (,), is_last=False, is_eos=False
Verifying token 1: verify_id=323 ( and), draft_id=None (None), is_last=True, is_eos=False
Token 1 verification failed, accepting up to this token. is_last: True, is_eos: False, is_mismatch: False

Draft step 0: in_token=tensor([[323]], device='cuda:6'), in_token_decoded= and, end_index: 8928
predicted_token: 1221, predict_score: 0.10493680834770203, token :  then

Draft step 1: in_token=tensor([[1221]], device='cuda:6'), in_token_decoded= then, end_index: 8929
Draft step 1, token  then, predict_score 0.10493680834770203 < threshold 0.6, stopping draft
Verifying token 0: verify_id=279 ( the), draft_id=1221 ( then), is_last=False, is_eos=False
Token 0 verification failed, accepting up to this token. is_last: False, is_eos: False, is_mismatch: True

Draft step 0: in_token=tensor([[279]], device='cuda:6'), in_token_decoded= the, end_index: 8929
predicted_token: 30352, predict_score: 0.2753547430038452, token :  dough

Draft step 1: in_token=tensor([[30352]], device='cuda:6'), in_token_decoded= dough, end_index: 8930
Draft step 1, token  dough, predict_score 0.2753547430038452 < threshold 0.6, stopping draft
Verifying token 0: verify_id=1697 ( person), draft_id=30352 ( dough), is_last=False, is_eos=False
Token 0 verification failed, accepting up to this token. is_last: False, is_eos: False, is_mismatch: True

Draft step 0: in_token=tensor([[1697]], device='cuda:6'), in_token_decoded= person, end_index: 8930
predicted_token: 374, predict_score: 0.5105449557304382, token :  is

Draft step 1: in_token=tensor([[374]], device='cuda:6'), in_token_decoded= is, end_index: 8931
Draft step 1, token  is, predict_score 0.5105449557304382 < threshold 0.6, stopping draft
Verifying token 0: verify_id=594 ('s), draft_id=374 ( is), is_last=False, is_eos=False
Token 0 verification failed, accepting up to this token. is_last: False, is_eos: False, is_mismatch: True

Draft step 0: in_token=tensor([[594]], device='cuda:6'), in_token_decoded='s, end_index: 8931
predicted_token: 30352, predict_score: 0.1173635795712471, token :  dough

Draft step 1: in_token=tensor([[30352]], device='cuda:6'), in_token_decoded= dough, end_index: 8932
Draft step 1, token  dough, predict_score 0.1173635795712471 < threshold 0.6, stopping draft
Verifying token 0: verify_id=6078 ( hands), draft_id=30352 ( dough), is_last=False, is_eos=False
Token 0 verification failed, accepting up to this token. is_last: False, is_eos: False, is_mismatch: True

Draft step 0: in_token=tensor([[6078]], device='cuda:6'), in_token_decoded= hands, end_index: 8932
predicted_token: 13, predict_score: 0.2312014400959015, token : .

Draft step 1: in_token=tensor([[13]], device='cuda:6'), in_token_decoded=., end_index: 8933
Draft step 1, token ., predict_score 0.2312014400959015 < threshold 0.6, stopping draft
Verifying token 0: verify_id=3060 ( continue), draft_id=13 (.), is_last=False, is_eos=False
Token 0 verification failed, accepting up to this token. is_last: False, is_eos: False, is_mismatch: True

Draft step 0: in_token=tensor([[3060]], device='cuda:6'), in_token_decoded= continue, end_index: 8933
predicted_token: 311, predict_score: 0.20989881455898285, token :  to

Draft step 1: in_token=tensor([[311]], device='cuda:6'), in_token_decoded= to, end_index: 8934
Draft step 1, token  to, predict_score 0.20989881455898285 < threshold 0.6, stopping draft
Verifying token 0: verify_id=311 ( to), draft_id=311 ( to), is_last=False, is_eos=False
Verifying token 1: verify_id=975 ( work), draft_id=None (None), is_last=True, is_eos=False
Token 1 verification failed, accepting up to this token. is_last: True, is_eos: False, is_mismatch: False

Draft step 0: in_token=tensor([[975]], device='cuda:6'), in_token_decoded= work, end_index: 8935
predicted_token: 13, predict_score: 0.6942709684371948, token : .

Draft step 1: in_token=tensor([[13]], device='cuda:6'), in_token_decoded=., end_index: 8936
predicted_token: 151645, predict_score: 0.8605464696884155, token : <|im_end|>
Verifying token 0: verify_id=432 ( it), draft_id=13 (.), is_last=False, is_eos=False
Token 0 verification failed, accepting up to this token. is_last: False, is_eos: False, is_mismatch: True

Draft step 0: in_token=tensor([[432]], device='cuda:6'), in_token_decoded= it, end_index: 8936
predicted_token: 26, predict_score: 0.4139691889286041, token : ;

Draft step 1: in_token=tensor([[26]], device='cuda:6'), in_token_decoded=;, end_index: 8937
Draft step 1, token ;, predict_score 0.4139691889286041 < threshold 0.6, stopping draft
Verifying token 0: verify_id=4766 ( inside), draft_id=26 (;), is_last=False, is_eos=False
Token 0 verification failed, accepting up to this token. is_last: False, is_eos: False, is_mismatch: True

Draft step 0: in_token=tensor([[4766]], device='cuda:6'), in_token_decoded= inside, end_index: 8937
predicted_token: 13, predict_score: 0.5479864478111267, token : .

Draft step 1: in_token=tensor([[13]], device='cuda:6'), in_token_decoded=., end_index: 8938
Draft step 1, token ., predict_score 0.5479864478111267 < threshold 0.6, stopping draft
Verifying token 0: verify_id=279 ( the), draft_id=13 (.), is_last=False, is_eos=False
Token 0 verification failed, accepting up to this token. is_last: False, is_eos: False, is_mismatch: True

Draft step 0: in_token=tensor([[279]], device='cuda:6'), in_token_decoded= the, end_index: 8938
predicted_token: 57209, predict_score: 0.28118473291397095, token :  basin

Draft step 1: in_token=tensor([[57209]], device='cuda:6'), in_token_decoded= basin, end_index: 8939
Draft step 1, token  basin, predict_score 0.28118473291397095 < threshold 0.6, stopping draft
Verifying token 0: verify_id=37778 ( mixer), draft_id=57209 ( basin), is_last=False, is_eos=False
Token 0 verification failed, accepting up to this token. is_last: False, is_eos: False, is_mismatch: True

Draft step 0: in_token=tensor([[37778]], device='cuda:6'), in_token_decoded= mixer, end_index: 8939
predicted_token: 13, predict_score: 0.235667884349823, token : .

Draft step 1: in_token=tensor([[13]], device='cuda:6'), in_token_decoded=., end_index: 8940
Draft step 1, token ., predict_score 0.235667884349823 < threshold 0.6, stopping draft
Verifying token 0: verify_id=11 (,), draft_id=13 (.), is_last=False, is_eos=False
Token 0 verification failed, accepting up to this token. is_last: False, is_eos: False, is_mismatch: True

Draft step 0: in_token=tensor([[11]], device='cuda:6'), in_token_decoded=,, end_index: 8940
predicted_token: 323, predict_score: 0.3374134302139282, token :  and

Draft step 1: in_token=tensor([[323]], device='cuda:6'), in_token_decoded= and, end_index: 8941
Draft step 1, token  and, predict_score 0.3374134302139282 < threshold 0.6, stopping draft
Verifying token 0: verify_id=448 ( with), draft_id=323 ( and), is_last=False, is_eos=False
Token 0 verification failed, accepting up to this token. is_last: False, is_eos: False, is_mismatch: True

Draft step 0: in_token=tensor([[448]], device='cuda:6'), in_token_decoded= with, end_index: 8941
predicted_token: 279, predict_score: 0.5688793063163757, token :  the

Draft step 1: in_token=tensor([[279]], device='cuda:6'), in_token_decoded= the, end_index: 8942
Draft step 1, token  the, predict_score 0.5688793063163757 < threshold 0.6, stopping draft
Verifying token 0: verify_id=279 ( the), draft_id=279 ( the), is_last=False, is_eos=False
Verifying token 1: verify_id=37778 ( mixer), draft_id=None (None), is_last=True, is_eos=False
Token 1 verification failed, accepting up to this token. is_last: True, is_eos: False, is_mismatch: False

Draft step 0: in_token=tensor([[37778]], device='cuda:6'), in_token_decoded= mixer, end_index: 8943
predicted_token: 374, predict_score: 0.14833033084869385, token :  is

Draft step 1: in_token=tensor([[374]], device='cuda:6'), in_token_decoded= is, end_index: 8944
Draft step 1, token  is, predict_score 0.14833033084869385 < threshold 0.6, stopping draft
Verifying token 0: verify_id=594 ('s), draft_id=374 ( is), is_last=False, is_eos=False
Token 0 verification failed, accepting up to this token. is_last: False, is_eos: False, is_mismatch: True

Draft step 0: in_token=tensor([[594]], device='cuda:6'), in_token_decoded='s, end_index: 8944
predicted_token: 6787, predict_score: 0.08355610072612762, token :  skin

Draft step 1: in_token=tensor([[6787]], device='cuda:6'), in_token_decoded= skin, end_index: 8945
Draft step 1, token  skin, predict_score 0.08355610072612762 < threshold 0.6, stopping draft
Verifying token 0: verify_id=41642 ( blades), draft_id=6787 ( skin), is_last=False, is_eos=False
Token 0 verification failed, accepting up to this token. is_last: False, is_eos: False, is_mismatch: True

Draft step 0: in_token=tensor([[41642]], device='cuda:6'), in_token_decoded= blades, end_index: 8945
predicted_token: 323, predict_score: 0.36197590827941895, token :  and

Draft step 1: in_token=tensor([[323]], device='cuda:6'), in_token_decoded= and, end_index: 8946
Draft step 1, token  and, predict_score 0.36197590827941895 < threshold 0.6, stopping draft
Verifying token 0: verify_id=13054 ( turning), draft_id=323 ( and), is_last=False, is_eos=False
Token 0 verification failed, accepting up to this token. is_last: False, is_eos: False, is_mismatch: True

Draft step 0: in_token=tensor([[13054]], device='cuda:6'), in_token_decoded= turning, end_index: 8946
predicted_token: 389, predict_score: 0.4514162242412567, token :  on

Draft step 1: in_token=tensor([[389]], device='cuda:6'), in_token_decoded= on, end_index: 8947
Draft step 1, token  on, predict_score 0.4514162242412567 < threshold 0.6, stopping draft
Verifying token 0: verify_id=311 ( to), draft_id=389 ( on), is_last=False, is_eos=False
Token 0 verification failed, accepting up to this token. is_last: False, is_eos: False, is_mismatch: True

Draft step 0: in_token=tensor([[311]], device='cuda:6'), in_token_decoded= to, end_index: 8947
predicted_token: 279, predict_score: 0.3659539222717285, token :  the

Draft step 1: in_token=tensor([[279]], device='cuda:6'), in_token_decoded= the, end_index: 8948
Draft step 1, token  the, predict_score 0.3659539222717285 < threshold 0.6, stopping draft
Verifying token 0: verify_id=4623 ( further), draft_id=279 ( the), is_last=False, is_eos=False
Token 0 verification failed, accepting up to this token. is_last: False, is_eos: False, is_mismatch: True

Draft step 0: in_token=tensor([[4623]], device='cuda:6'), in_token_decoded= further, end_index: 8948
predicted_token: 374, predict_score: 0.10642515867948532, token :  is

Draft step 1: in_token=tensor([[374]], device='cuda:6'), in_token_decoded= is, end_index: 8949
Draft step 1, token  is, predict_score 0.10642515867948532 < threshold 0.6, stopping draft
Verifying token 0: verify_id=13853 ( kne), draft_id=374 ( is), is_last=False, is_eos=False
Token 0 verification failed, accepting up to this token. is_last: False, is_eos: False, is_mismatch: True

Draft step 0: in_token=tensor([[13853]], device='cuda:6'), in_token_decoded= kne, end_index: 8949
predicted_token: 453, predict_score: 0.09425580501556396, token : op

Draft step 1: in_token=tensor([[453]], device='cuda:6'), in_token_decoded=op, end_index: 8950
Draft step 1, token op, predict_score 0.09425580501556396 < threshold 0.6, stopping draft
Verifying token 0: verify_id=329 (ad), draft_id=453 (op), is_last=False, is_eos=False
Token 0 verification failed, accepting up to this token. is_last: False, is_eos: False, is_mismatch: True

Draft step 0: in_token=tensor([[329]], device='cuda:6'), in_token_decoded=ad, end_index: 8950
predicted_token: 279, predict_score: 0.7670037746429443, token :  the

Draft step 1: in_token=tensor([[279]], device='cuda:6'), in_token_decoded= the, end_index: 8951
predicted_token: 30352, predict_score: 0.6250172257423401, token :  dough

Draft step 2: in_token=tensor([[30352]], device='cuda:6'), in_token_decoded= dough, end_index: 8952
predicted_token: 323, predict_score: 0.18395256996154785, token :  and

Draft step 3: in_token=tensor([[323]], device='cuda:6'), in_token_decoded= and, end_index: 8953
Draft step 3, token  and, predict_score 0.18395256996154785 < threshold 0.6, stopping draft
Verifying token 0: verify_id=279 ( the), draft_id=279 ( the), is_last=False, is_eos=False
Verifying token 1: verify_id=30352 ( dough), draft_id=30352 ( dough), is_last=False, is_eos=False
Verifying token 2: verify_id=11 (,), draft_id=323 ( and), is_last=False, is_eos=False
Token 2 verification failed, accepting up to this token. is_last: False, is_eos: False, is_mismatch: True

Draft step 0: in_token=tensor([[11]], device='cuda:6'), in_token_decoded=,, end_index: 8953
predicted_token: 323, predict_score: 0.506316065788269, token :  and

Draft step 1: in_token=tensor([[323]], device='cuda:6'), in_token_decoded= and, end_index: 8954
Draft step 1, token  and, predict_score 0.506316065788269 < threshold 0.6, stopping draft
Verifying token 0: verify_id=323 ( and), draft_id=323 ( and), is_last=False, is_eos=False
Verifying token 1: verify_id=279 ( the), draft_id=None (None), is_last=True, is_eos=False
Token 1 verification failed, accepting up to this token. is_last: True, is_eos: False, is_mismatch: False

Draft step 0: in_token=tensor([[279]], device='cuda:6'), in_token_decoded= the, end_index: 8955
predicted_token: 30352, predict_score: 0.263623982667923, token :  dough

Draft step 1: in_token=tensor([[30352]], device='cuda:6'), in_token_decoded= dough, end_index: 8956
Draft step 1, token  dough, predict_score 0.263623982667923 < threshold 0.6, stopping draft
Verifying token 0: verify_id=1697 ( person), draft_id=30352 ( dough), is_last=False, is_eos=False
Token 0 verification failed, accepting up to this token. is_last: False, is_eos: False, is_mismatch: True

Draft step 0: in_token=tensor([[1697]], device='cuda:6'), in_token_decoded= person, end_index: 8956
predicted_token: 374, predict_score: 0.16333900392055511, token :  is

Draft step 1: in_token=tensor([[374]], device='cuda:6'), in_token_decoded= is, end_index: 8957
Draft step 1, token  is, predict_score 0.16333900392055511 < threshold 0.6, stopping draft
Verifying token 0: verify_id=1221 ( then), draft_id=374 ( is), is_last=False, is_eos=False
Token 0 verification failed, accepting up to this token. is_last: False, is_eos: False, is_mismatch: True

Draft step 0: in_token=tensor([[1221]], device='cuda:6'), in_token_decoded= then, end_index: 8957
predicted_token: 2182, predict_score: 0.11486674100160599, token :  put

Draft step 1: in_token=tensor([[2182]], device='cuda:6'), in_token_decoded= put, end_index: 8958
Draft step 1, token  put, predict_score 0.11486674100160599 < threshold 0.6, stopping draft
Verifying token 0: verify_id=21895 ( picks), draft_id=2182 ( put), is_last=False, is_eos=False
Token 0 verification failed, accepting up to this token. is_last: False, is_eos: False, is_mismatch: True

Draft step 0: in_token=tensor([[21895]], device='cuda:6'), in_token_decoded= picks, end_index: 8958
predicted_token: 705, predict_score: 0.936322808265686, token :  up

Draft step 1: in_token=tensor([[705]], device='cuda:6'), in_token_decoded= up, end_index: 8959
predicted_token: 279, predict_score: 0.6388775706291199, token :  the

Draft step 2: in_token=tensor([[279]], device='cuda:6'), in_token_decoded= the, end_index: 8960
predicted_token: 30352, predict_score: 0.25591713190078735, token :  dough

Draft step 3: in_token=tensor([[30352]], device='cuda:6'), in_token_decoded= dough, end_index: 8961
Draft step 3, token  dough, predict_score 0.25591713190078735 < threshold 0.6, stopping draft
Verifying token 0: verify_id=705 ( up), draft_id=705 ( up), is_last=False, is_eos=False
Verifying token 1: verify_id=264 ( a), draft_id=279 ( the), is_last=False, is_eos=False
Token 1 verification failed, accepting up to this token. is_last: False, is_eos: False, is_mismatch: True

Draft step 0: in_token=tensor([[264]], device='cuda:6'), in_token_decoded= a, end_index: 8960
predicted_token: 30352, predict_score: 0.20911893248558044, token :  dough

Draft step 1: in_token=tensor([[30352]], device='cuda:6'), in_token_decoded= dough, end_index: 8961
Draft step 1, token  dough, predict_score 0.20911893248558044 < threshold 0.6, stopping draft
Verifying token 0: verify_id=6573 ( piece), draft_id=30352 ( dough), is_last=False, is_eos=False
Token 0 verification failed, accepting up to this token. is_last: False, is_eos: False, is_mismatch: True

Draft step 0: in_token=tensor([[6573]], device='cuda:6'), in_token_decoded= piece, end_index: 8961
predicted_token: 315, predict_score: 0.9046428799629211, token :  of

Draft step 1: in_token=tensor([[315]], device='cuda:6'), in_token_decoded= of, end_index: 8962
predicted_token: 30352, predict_score: 0.6459359526634216, token :  dough

Draft step 2: in_token=tensor([[30352]], device='cuda:6'), in_token_decoded= dough, end_index: 8963
predicted_token: 11, predict_score: 0.4344319999217987, token : ,

Draft step 3: in_token=tensor([[11]], device='cuda:6'), in_token_decoded=,, end_index: 8964
Draft step 3, token ,, predict_score 0.4344319999217987 < threshold 0.6, stopping draft
Verifying token 0: verify_id=315 ( of), draft_id=315 ( of), is_last=False, is_eos=False
Verifying token 1: verify_id=30352 ( dough), draft_id=30352 ( dough), is_last=False, is_eos=False
Verifying token 2: verify_id=323 ( and), draft_id=11 (,), is_last=False, is_eos=False
Token 2 verification failed, accepting up to this token. is_last: False, is_eos: False, is_mismatch: True

Draft step 0: in_token=tensor([[323]], device='cuda:6'), in_token_decoded= and, end_index: 8964
predicted_token: 279, predict_score: 0.15891781449317932, token :  the

Draft step 1: in_token=tensor([[279]], device='cuda:6'), in_token_decoded= the, end_index: 8965
Draft step 1, token  the, predict_score 0.15891781449317932 < threshold 0.6, stopping draft
Verifying token 0: verify_id=7482 ( places), draft_id=279 ( the), is_last=False, is_eos=False
Token 0 verification failed, accepting up to this token. is_last: False, is_eos: False, is_mismatch: True

Draft step 0: in_token=tensor([[7482]], device='cuda:6'), in_token_decoded= places, end_index: 8965
predicted_token: 279, predict_score: 0.705511212348938, token :  the

Draft step 1: in_token=tensor([[279]], device='cuda:6'), in_token_decoded= the, end_index: 8966
predicted_token: 30352, predict_score: 0.30096399784088135, token :  dough

Draft step 2: in_token=tensor([[30352]], device='cuda:6'), in_token_decoded= dough, end_index: 8967
Draft step 2, token  dough, predict_score 0.30096399784088135 < threshold 0.6, stopping draft
Verifying token 0: verify_id=432 ( it), draft_id=279 ( the), is_last=False, is_eos=False
Token 0 verification failed, accepting up to this token. is_last: False, is_eos: False, is_mismatch: True

Draft step 0: in_token=tensor([[432]], device='cuda:6'), in_token_decoded= it, end_index: 8966
predicted_token: 389, predict_score: 0.7421279549598694, token :  on

Draft step 1: in_token=tensor([[389]], device='cuda:6'), in_token_decoded= on, end_index: 8967
predicted_token: 279, predict_score: 0.9121800065040588, token :  the

Draft step 2: in_token=tensor([[279]], device='cuda:6'), in_token_decoded= the, end_index: 8968
predicted_token: 1965, predict_score: 0.2773192226886749, token :  table

Draft step 3: in_token=tensor([[1965]], device='cuda:6'), in_token_decoded= table, end_index: 8969
Draft step 3, token  table, predict_score 0.2773192226886749 < threshold 0.6, stopping draft
Verifying token 0: verify_id=389 ( on), draft_id=389 ( on), is_last=False, is_eos=False
Verifying token 1: verify_id=279 ( the), draft_id=279 ( the), is_last=False, is_eos=False
Verifying token 2: verify_id=9317 ( metal), draft_id=1965 ( table), is_last=False, is_eos=False
Token 2 verification failed, accepting up to this token. is_last: False, is_eos: False, is_mismatch: True

Draft step 0: in_token=tensor([[9317]], device='cuda:6'), in_token_decoded= metal, end_index: 8969
predicted_token: 13, predict_score: 0.7563851475715637, token : .

Draft step 1: in_token=tensor([[13]], device='cuda:6'), in_token_decoded=., end_index: 8970
predicted_token: 151645, predict_score: 0.9966055154800415, token : <|im_end|>
Verifying token 0: verify_id=7329 ( surface), draft_id=13 (.), is_last=False, is_eos=False
Token 0 verification failed, accepting up to this token. is_last: False, is_eos: False, is_mismatch: True

Draft step 0: in_token=tensor([[7329]], device='cuda:6'), in_token_decoded= surface, end_index: 8970
predicted_token: 13, predict_score: 0.43616604804992676, token : .

Draft step 1: in_token=tensor([[13]], device='cuda:6'), in_token_decoded=., end_index: 8971
Draft step 1, token ., predict_score 0.43616604804992676 < threshold 0.6, stopping draft
Verifying token 0: verify_id=11 (,), draft_id=13 (.), is_last=False, is_eos=False
Token 0 verification failed, accepting up to this token. is_last: False, is_eos: False, is_mismatch: True

Draft step 0: in_token=tensor([[11]], device='cuda:6'), in_token_decoded=,, end_index: 8971
predicted_token: 323, predict_score: 0.3192419409751892, token :  and

Draft step 1: in_token=tensor([[323]], device='cuda:6'), in_token_decoded= and, end_index: 8972
Draft step 1, token  and, predict_score 0.3192419409751892 < threshold 0.6, stopping draft
Verifying token 0: verify_id=448 ( with), draft_id=323 ( and), is_last=False, is_eos=False
Token 0 verification failed, accepting up to this token. is_last: False, is_eos: False, is_mismatch: True

Draft step 0: in_token=tensor([[448]], device='cuda:6'), in_token_decoded= with, end_index: 8972
predicted_token: 279, predict_score: 0.7087415456771851, token :  the

Draft step 1: in_token=tensor([[279]], device='cuda:6'), in_token_decoded= the, end_index: 8973
predicted_token: 21430, predict_score: 0.15191663801670074, token :  knife

Draft step 2: in_token=tensor([[21430]], device='cuda:6'), in_token_decoded= knife, end_index: 8974
Draft step 2, token  knife, predict_score 0.15191663801670074 < threshold 0.6, stopping draft
Verifying token 0: verify_id=1008 ( other), draft_id=279 ( the), is_last=False, is_eos=False
Token 0 verification failed, accepting up to this token. is_last: False, is_eos: False, is_mismatch: True

Draft step 0: in_token=tensor([[1008]], device='cuda:6'), in_token_decoded= other, end_index: 8973
predicted_token: 1424, predict_score: 0.23665238916873932, token :  hand

Draft step 1: in_token=tensor([[1424]], device='cuda:6'), in_token_decoded= hand, end_index: 8974
Draft step 1, token  hand, predict_score 0.23665238916873932 < threshold 0.6, stopping draft
Verifying token 0: verify_id=9666 ( pieces), draft_id=1424 ( hand), is_last=False, is_eos=False
Token 0 verification failed, accepting up to this token. is_last: False, is_eos: False, is_mismatch: True

Draft step 0: in_token=tensor([[9666]], device='cuda:6'), in_token_decoded= pieces, end_index: 8974
predicted_token: 374, predict_score: 0.2670184075832367, token :  is

Draft step 1: in_token=tensor([[374]], device='cuda:6'), in_token_decoded= is, end_index: 8975
Draft step 1, token  is, predict_score 0.2670184075832367 < threshold 0.6, stopping draft
Verifying token 0: verify_id=315 ( of), draft_id=374 ( is), is_last=False, is_eos=False
Token 0 verification failed, accepting up to this token. is_last: False, is_eos: False, is_mismatch: True

Draft step 0: in_token=tensor([[315]], device='cuda:6'), in_token_decoded= of, end_index: 8975
predicted_token: 30352, predict_score: 0.6428382396697998, token :  dough

Draft step 1: in_token=tensor([[30352]], device='cuda:6'), in_token_decoded= dough, end_index: 8976
predicted_token: 11, predict_score: 0.39497607946395874, token : ,

Draft step 2: in_token=tensor([[11]], device='cuda:6'), in_token_decoded=,, end_index: 8977
Draft step 2, token ,, predict_score 0.39497607946395874 < threshold 0.6, stopping draft
Verifying token 0: verify_id=30352 ( dough), draft_id=30352 ( dough), is_last=False, is_eos=False
Verifying token 1: verify_id=323 ( and), draft_id=11 (,), is_last=False, is_eos=False
Token 1 verification failed, accepting up to this token. is_last: False, is_eos: False, is_mismatch: True

Draft step 0: in_token=tensor([[323]], device='cuda:6'), in_token_decoded= and, end_index: 8977
predicted_token: 279, predict_score: 0.22031646966934204, token :  the

Draft step 1: in_token=tensor([[279]], device='cuda:6'), in_token_decoded= the, end_index: 8978
Draft step 1, token  the, predict_score 0.22031646966934204 < threshold 0.6, stopping draft
Verifying token 0: verify_id=264 ( a), draft_id=279 ( the), is_last=False, is_eos=False
Token 0 verification failed, accepting up to this token. is_last: False, is_eos: False, is_mismatch: True

Draft step 0: in_token=tensor([[264]], device='cuda:6'), in_token_decoded= a, end_index: 8978
predicted_token: 21430, predict_score: 0.24505606293678284, token :  knife

Draft step 1: in_token=tensor([[21430]], device='cuda:6'), in_token_decoded= knife, end_index: 8979
Draft step 1, token  knife, predict_score 0.24505606293678284 < threshold 0.6, stopping draft
Verifying token 0: verify_id=2613 ( small), draft_id=21430 ( knife), is_last=False, is_eos=False
Token 0 verification failed, accepting up to this token. is_last: False, is_eos: False, is_mismatch: True

Draft step 0: in_token=tensor([[2613]], device='cuda:6'), in_token_decoded= small, end_index: 8979
predicted_token: 3311, predict_score: 0.30160972476005554, token :  amount

Draft step 1: in_token=tensor([[3311]], device='cuda:6'), in_token_decoded= amount, end_index: 8980
Draft step 1, token  amount, predict_score 0.30160972476005554 < threshold 0.6, stopping draft
Verifying token 0: verify_id=5476 ( container), draft_id=3311 ( amount), is_last=False, is_eos=False
Token 0 verification failed, accepting up to this token. is_last: False, is_eos: False, is_mismatch: True

Draft step 0: in_token=tensor([[5476]], device='cuda:6'), in_token_decoded= container, end_index: 8980
predicted_token: 13, predict_score: 0.5487955808639526, token : .

Draft step 1: in_token=tensor([[13]], device='cuda:6'), in_token_decoded=., end_index: 8981
Draft step 1, token ., predict_score 0.5487955808639526 < threshold 0.6, stopping draft
Verifying token 0: verify_id=14046 ( nearby), draft_id=13 (.), is_last=False, is_eos=False
Token 0 verification failed, accepting up to this token. is_last: False, is_eos: False, is_mismatch: True

Draft step 0: in_token=tensor([[14046]], device='cuda:6'), in_token_decoded= nearby, end_index: 8981
predicted_token: 13, predict_score: 0.3384317457675934, token : .

Draft step 1: in_token=tensor([[13]], device='cuda:6'), in_token_decoded=., end_index: 8982
Draft step 1, token ., predict_score 0.3384317457675934 < threshold 0.6, stopping draft
Verifying token 0: verify_id=11 (,), draft_id=13 (.), is_last=False, is_eos=False
Token 0 verification failed, accepting up to this token. is_last: False, is_eos: False, is_mismatch: True

Draft step 0: in_token=tensor([[11]], device='cuda:6'), in_token_decoded=,, end_index: 8982
predicted_token: 1221, predict_score: 0.10426576435565948, token :  then

Draft step 1: in_token=tensor([[1221]], device='cuda:6'), in_token_decoded= then, end_index: 8983
Draft step 1, token  then, predict_score 0.10426576435565948 < threshold 0.6, stopping draft
Verifying token 0: verify_id=323 ( and), draft_id=1221 ( then), is_last=False, is_eos=False
Token 0 verification failed, accepting up to this token. is_last: False, is_eos: False, is_mismatch: True

Draft step 0: in_token=tensor([[323]], device='cuda:6'), in_token_decoded= and, end_index: 8983
predicted_token: 1992, predict_score: 0.10607456415891647, token :  place

Draft step 1: in_token=tensor([[1992]], device='cuda:6'), in_token_decoded= place, end_index: 8984
Draft step 1, token  place, predict_score 0.10607456415891647 < threshold 0.6, stopping draft
Verifying token 0: verify_id=279 ( the), draft_id=1992 ( place), is_last=False, is_eos=False
Token 0 verification failed, accepting up to this token. is_last: False, is_eos: False, is_mismatch: True

Draft step 0: in_token=tensor([[279]], device='cuda:6'), in_token_decoded= the, end_index: 8984
predicted_token: 57209, predict_score: 0.1889311522245407, token :  basin

Draft step 1: in_token=tensor([[57209]], device='cuda:6'), in_token_decoded= basin, end_index: 8985
Draft step 1, token  basin, predict_score 0.1889311522245407 < threshold 0.6, stopping draft
Verifying token 0: verify_id=1697 ( person), draft_id=57209 ( basin), is_last=False, is_eos=False
Token 0 verification failed, accepting up to this token. is_last: False, is_eos: False, is_mismatch: True

Draft step 0: in_token=tensor([[1697]], device='cuda:6'), in_token_decoded= person, end_index: 8985
predicted_token: 374, predict_score: 0.5318299531936646, token :  is

Draft step 1: in_token=tensor([[374]], device='cuda:6'), in_token_decoded= is, end_index: 8986
Draft step 1, token  is, predict_score 0.5318299531936646 < threshold 0.6, stopping draft
Verifying token 0: verify_id=9539 ( continues), draft_id=374 ( is), is_last=False, is_eos=False
Token 0 verification failed, accepting up to this token. is_last: False, is_eos: False, is_mismatch: True

Draft step 0: in_token=tensor([[9539]], device='cuda:6'), in_token_decoded= continues, end_index: 8986
predicted_token: 311, predict_score: 0.947344958782196, token :  to

Draft step 1: in_token=tensor([[311]], device='cuda:6'), in_token_decoded= to, end_index: 8987
predicted_token: 3931, predict_score: 0.05944555625319481, token :  cut

Draft step 2: in_token=tensor([[3931]], device='cuda:6'), in_token_decoded= cut, end_index: 8988
Draft step 2, token  cut, predict_score 0.05944555625319481 < threshold 0.6, stopping draft
Verifying token 0: verify_id=311 ( to), draft_id=311 ( to), is_last=False, is_eos=False
Verifying token 1: verify_id=13853 ( kne), draft_id=3931 ( cut), is_last=False, is_eos=False
Token 1 verification failed, accepting up to this token. is_last: False, is_eos: False, is_mismatch: True

Draft step 0: in_token=tensor([[13853]], device='cuda:6'), in_token_decoded= kne, end_index: 8988
predicted_token: 273, predict_score: 0.205826535820961, token : le

Draft step 1: in_token=tensor([[273]], device='cuda:6'), in_token_decoded=le, end_index: 8989
Draft step 1, token le, predict_score 0.205826535820961 < threshold 0.6, stopping draft
Verifying token 0: verify_id=329 (ad), draft_id=273 (le), is_last=False, is_eos=False
Token 0 verification failed, accepting up to this token. is_last: False, is_eos: False, is_mismatch: True

Draft step 0: in_token=tensor([[329]], device='cuda:6'), in_token_decoded=ad, end_index: 8989
predicted_token: 279, predict_score: 0.9325541257858276, token :  the

Draft step 1: in_token=tensor([[279]], device='cuda:6'), in_token_decoded= the, end_index: 8990
predicted_token: 30352, predict_score: 0.585138201713562, token :  dough

Draft step 2: in_token=tensor([[30352]], device='cuda:6'), in_token_decoded= dough, end_index: 8991
Draft step 2, token  dough, predict_score 0.585138201713562 < threshold 0.6, stopping draft
Verifying token 0: verify_id=279 ( the), draft_id=279 ( the), is_last=False, is_eos=False
Verifying token 1: verify_id=30352 ( dough), draft_id=30352 ( dough), is_last=False, is_eos=False
Verifying token 2: verify_id=389 ( on), draft_id=None (None), is_last=True, is_eos=False
Token 2 verification failed, accepting up to this token. is_last: True, is_eos: False, is_mismatch: False

Draft step 0: in_token=tensor([[389]], device='cuda:6'), in_token_decoded= on, end_index: 8992
predicted_token: 279, predict_score: 0.985569179058075, token :  the

Draft step 1: in_token=tensor([[279]], device='cuda:6'), in_token_decoded= the, end_index: 8993
predicted_token: 1965, predict_score: 0.17618906497955322, token :  table

Draft step 2: in_token=tensor([[1965]], device='cuda:6'), in_token_decoded= table, end_index: 8994
Draft step 2, token  table, predict_score 0.17618906497955322 < threshold 0.6, stopping draft
Verifying token 0: verify_id=279 ( the), draft_id=279 ( the), is_last=False, is_eos=False
Verifying token 1: verify_id=9317 ( metal), draft_id=1965 ( table), is_last=False, is_eos=False
Token 1 verification failed, accepting up to this token. is_last: False, is_eos: False, is_mismatch: True

Draft step 0: in_token=tensor([[9317]], device='cuda:6'), in_token_decoded= metal, end_index: 8994
predicted_token: 13, predict_score: 0.7086353898048401, token : .

Draft step 1: in_token=tensor([[13]], device='cuda:6'), in_token_decoded=., end_index: 8995
predicted_token: 151645, predict_score: 0.9956498742103577, token : <|im_end|>
Verifying token 0: verify_id=7329 ( surface), draft_id=13 (.), is_last=False, is_eos=False
Token 0 verification failed, accepting up to this token. is_last: False, is_eos: False, is_mismatch: True

Draft step 0: in_token=tensor([[7329]], device='cuda:6'), in_token_decoded= surface, end_index: 8995
predicted_token: 13, predict_score: 0.37952613830566406, token : .

Draft step 1: in_token=tensor([[13]], device='cuda:6'), in_token_decoded=., end_index: 8996
Draft step 1, token ., predict_score 0.37952613830566406 < threshold 0.6, stopping draft
Verifying token 0: verify_id=11 (,), draft_id=13 (.), is_last=False, is_eos=False
Token 0 verification failed, accepting up to this token. is_last: False, is_eos: False, is_mismatch: True

Draft step 0: in_token=tensor([[11]], device='cuda:6'), in_token_decoded=,, end_index: 8996
predicted_token: 323, predict_score: 0.09022124111652374, token :  and

Draft step 1: in_token=tensor([[323]], device='cuda:6'), in_token_decoded= and, end_index: 8997
Draft step 1, token  and, predict_score 0.09022124111652374 < threshold 0.6, stopping draft
Verifying token 0: verify_id=448 ( with), draft_id=323 ( and), is_last=False, is_eos=False
Token 0 verification failed, accepting up to this token. is_last: False, is_eos: False, is_mismatch: True

Draft step 0: in_token=tensor([[448]], device='cuda:6'), in_token_decoded= with, end_index: 8997
predicted_token: 279, predict_score: 0.24790255725383759, token :  the

Draft step 1: in_token=tensor([[279]], device='cuda:6'), in_token_decoded= the, end_index: 8998
Draft step 1, token  the, predict_score 0.24790255725383759 < threshold 0.6, stopping draft
Verifying token 0: verify_id=279 ( the), draft_id=279 ( the), is_last=False, is_eos=False
Verifying token 1: verify_id=30352 ( dough), draft_id=None (None), is_last=True, is_eos=False
Token 1 verification failed, accepting up to this token. is_last: True, is_eos: False, is_mismatch: False

Draft step 0: in_token=tensor([[30352]], device='cuda:6'), in_token_decoded= dough, end_index: 8999
predicted_token: 389, predict_score: 0.13064265251159668, token :  on

Draft step 1: in_token=tensor([[389]], device='cuda:6'), in_token_decoded= on, end_index: 9000
Draft step 1, token  on, predict_score 0.13064265251159668 < threshold 0.6, stopping draft
Verifying token 0: verify_id=25377 ( appearing), draft_id=389 ( on), is_last=False, is_eos=False
Token 0 verification failed, accepting up to this token. is_last: False, is_eos: False, is_mismatch: True

Draft step 0: in_token=tensor([[25377]], device='cuda:6'), in_token_decoded= appearing, end_index: 9000
predicted_token: 369, predict_score: 0.16886067390441895, token :  for

Draft step 1: in_token=tensor([[369]], device='cuda:6'), in_token_decoded= for, end_index: 9001
Draft step 1, token  for, predict_score 0.16886067390441895 < threshold 0.6, stopping draft
Verifying token 0: verify_id=1632 ( well), draft_id=369 ( for), is_last=False, is_eos=False
Token 0 verification failed, accepting up to this token. is_last: False, is_eos: False, is_mismatch: True

Draft step 0: in_token=tensor([[1632]], device='cuda:6'), in_token_decoded= well, end_index: 9001
predicted_token: 11, predict_score: 0.29809609055519104, token : ,

Draft step 1: in_token=tensor([[11]], device='cuda:6'), in_token_decoded=,, end_index: 9002
Draft step 1, token ,, predict_score 0.29809609055519104 < threshold 0.6, stopping draft
Verifying token 0: verify_id=12646 (-k), draft_id=11 (,), is_last=False, is_eos=False
Token 0 verification failed, accepting up to this token. is_last: False, is_eos: False, is_mismatch: True

Draft step 0: in_token=tensor([[12646]], device='cuda:6'), in_token_decoded=-k, end_index: 9002
predicted_token: 13, predict_score: 0.178096204996109, token : .

Draft step 1: in_token=tensor([[13]], device='cuda:6'), in_token_decoded=., end_index: 9003
Draft step 1, token ., predict_score 0.178096204996109 < threshold 0.6, stopping draft
Verifying token 0: verify_id=811 (ne), draft_id=13 (.), is_last=False, is_eos=False
Token 0 verification failed, accepting up to this token. is_last: False, is_eos: False, is_mismatch: True

Draft step 0: in_token=tensor([[811]], device='cuda:6'), in_token_decoded=ne, end_index: 9003
predicted_token: 453, predict_score: 0.01498438697308302, token : op

Draft step 1: in_token=tensor([[453]], device='cuda:6'), in_token_decoded=op, end_index: 9004
Draft step 1, token op, predict_score 0.01498438697308302 < threshold 0.6, stopping draft
Verifying token 0: verify_id=14255 (aded), draft_id=453 (op), is_last=False, is_eos=False
Token 0 verification failed, accepting up to this token. is_last: False, is_eos: False, is_mismatch: True

Draft step 0: in_token=tensor([[14255]], device='cuda:6'), in_token_decoded=aded, end_index: 9004
predicted_token: 311, predict_score: 0.2386680245399475, token :  to

Draft step 1: in_token=tensor([[311]], device='cuda:6'), in_token_decoded= to, end_index: 9005
Draft step 1, token  to, predict_score 0.2386680245399475 < threshold 0.6, stopping draft
Verifying token 0: verify_id=323 ( and), draft_id=311 ( to), is_last=False, is_eos=False
Token 0 verification failed, accepting up to this token. is_last: False, is_eos: False, is_mismatch: True

Draft step 0: in_token=tensor([[323]], device='cuda:6'), in_token_decoded= and, end_index: 9005
predicted_token: 6519, predict_score: 0.17247143387794495, token :  turned

Draft step 1: in_token=tensor([[6519]], device='cuda:6'), in_token_decoded= turned, end_index: 9006
Draft step 1, token  turned, predict_score 0.17247143387794495 < threshold 0.6, stopping draft
Verifying token 0: verify_id=10876 ( smooth), draft_id=6519 ( turned), is_last=False, is_eos=False
Token 0 verification failed, accepting up to this token. is_last: False, is_eos: False, is_mismatch: True

Draft step 0: in_token=tensor([[10876]], device='cuda:6'), in_token_decoded= smooth, end_index: 9006
predicted_token: 9666, predict_score: 0.23717612028121948, token :  pieces

Draft step 1: in_token=tensor([[9666]], device='cuda:6'), in_token_decoded= pieces, end_index: 9007
Draft step 1, token  pieces, predict_score 0.23717612028121948 < threshold 0.6, stopping draft
Verifying token 0: verify_id=13 (.), draft_id=9666 ( pieces), is_last=False, is_eos=False
Token 0 verification failed, accepting up to this token. is_last: False, is_eos: False, is_mismatch: True

Draft step 0: in_token=tensor([[13]], device='cuda:6'), in_token_decoded=., end_index: 9007
predicted_token: 151645, predict_score: 0.993811845779419, token : <|im_end|>
Verifying token 0: verify_id=151645 (<|im_end|>), draft_id=151645 (<|im_end|>), is_last=False, is_eos=True
Token 0 verification failed, accepting up to this token. is_last: False, is_eos: True, is_mismatch: False
New tokens: ["The dough is kneaded by pressing and folding it, then placed into a dough mixer, and the person's hands continue to work it inside the mixer, with the mixer's blades turning to further knead the dough, and the person then picks up a piece of dough and places it on the metal surface, with other pieces of dough and a small container nearby, and the person continues to knead the dough on the metal surface, with the dough appearing well-kneaded and smooth.<|im_end|>"]
Total new tokens generated: 99
[Spec] avg_accept=1.26 | tokens=99 | context_len=8909
[Adapter] acc=21/90 (23.3%) | avg_confidence=0.403 | context_len=8909
\n===== Lossless Check =====
Speculative output: The dough is kneaded by pressing and folding it, then placed into a dough mixer, and the person's hands continue to work it inside the mixer, with the mixer's blades turning to further knead the dough, and the person then picks up a piece of dough and places it on the metal surface, with other pieces of dough and a small container nearby, and the person continues to knead the dough on the metal surface, with the dough appearing well-kneaded and smooth.
AR manual output:   The dough is kneaded by pressing and folding it, then placed into a dough mixer, and the person's hands continue to work it inside the mixer, with the mixer's blades turning to further knead the dough, and the person then picks up a piece of dough and places it on the metal surface, with other pieces of dough and a small container nearby, and the person continues to knead the dough on the metal surface, with the dough appearing well-kneaded and smooth.
Exact match: True
OK: Outputs match. Speculative decoding is lossless.
Speedup: 1.04x
Speedup_decode: 1.01x
Spec decode tok/s: 30.17
AR decode tok/s:   29.93
 first token :NO

Draft step 0: in_token=tensor([[8996]], device='cuda:6'), in_token_decoded=NO, end_index: 9070
predicted_token: 8996, predict_score: 0.4722570776939392, token : NO

Draft step 1: in_token=tensor([[8996]], device='cuda:6'), in_token_decoded=NO, end_index: 9071
Draft step 1, token NO, predict_score 0.4722570776939392 < threshold 0.6, stopping draft
Verifying token 0: verify_id=3596 ( RE), draft_id=8996 (NO), is_last=False, is_eos=False
Token 0 verification failed, accepting up to this token. is_last: False, is_eos: False, is_mismatch: True

Draft step 0: in_token=tensor([[3596]], device='cuda:6'), in_token_decoded= RE, end_index: 9071
predicted_token: 453, predict_score: 0.029574180021882057, token : op

Draft step 1: in_token=tensor([[453]], device='cuda:6'), in_token_decoded=op, end_index: 9072
Draft step 1, token op, predict_score 0.029574180021882057 < threshold 0.6, stopping draft
Verifying token 0: verify_id=24834 (PLY), draft_id=453 (op), is_last=False, is_eos=False
Token 0 verification failed, accepting up to this token. is_last: False, is_eos: False, is_mismatch: True

Draft step 0: in_token=tensor([[24834]], device='cuda:6'), in_token_decoded=PLY, end_index: 9072
predicted_token: 315, predict_score: 0.07172209024429321, token :  of

Draft step 1: in_token=tensor([[315]], device='cuda:6'), in_token_decoded= of, end_index: 9073
Draft step 1, token  of, predict_score 0.07172209024429321 < threshold 0.6, stopping draft
Verifying token 0: verify_id=151645 (<|im_end|>), draft_id=315 ( of), is_last=False, is_eos=True
Token 0 verification failed, accepting up to this token. is_last: False, is_eos: True, is_mismatch: True
New tokens: ['NO REPLY<|im_end|>']
Total new tokens generated: 4
[Spec] avg_accept=1.00 | tokens=4 | context_len=9069
[Adapter] acc=0/3 (0.0%) | avg_confidence=0.191 | context_len=9069
\n===== Lossless Check =====
Speculative output: NO REPLY
AR manual output:   NO REPLY
Exact match: True
OK: Outputs match. Speculative decoding is lossless.
Speedup: 0.65x
Speedup_decode: 0.59x
Spec decode tok/s: 22.74
AR decode tok/s:   38.84
 first token :NO

Draft step 0: in_token=tensor([[8996]], device='cuda:6'), in_token_decoded=NO, end_index: 9135
predicted_token: 8996, predict_score: 0.384178102016449, token : NO

Draft step 1: in_token=tensor([[8996]], device='cuda:6'), in_token_decoded=NO, end_index: 9136
Draft step 1, token NO, predict_score 0.384178102016449 < threshold 0.6, stopping draft
Verifying token 0: verify_id=3596 ( RE), draft_id=8996 (NO), is_last=False, is_eos=False
Token 0 verification failed, accepting up to this token. is_last: False, is_eos: False, is_mismatch: True

Draft step 0: in_token=tensor([[3596]], device='cuda:6'), in_token_decoded= RE, end_index: 9136
predicted_token: 453, predict_score: 0.025768015533685684, token : op

Draft step 1: in_token=tensor([[453]], device='cuda:6'), in_token_decoded=op, end_index: 9137
Draft step 1, token op, predict_score 0.025768015533685684 < threshold 0.6, stopping draft
Verifying token 0: verify_id=24834 (PLY), draft_id=453 (op), is_last=False, is_eos=False
Token 0 verification failed, accepting up to this token. is_last: False, is_eos: False, is_mismatch: True

Draft step 0: in_token=tensor([[24834]], device='cuda:6'), in_token_decoded=PLY, end_index: 9137
predicted_token: 315, predict_score: 0.10980699956417084, token :  of

Draft step 1: in_token=tensor([[315]], device='cuda:6'), in_token_decoded= of, end_index: 9138
Draft step 1, token  of, predict_score 0.10980699956417084 < threshold 0.6, stopping draft
Verifying token 0: verify_id=151645 (<|im_end|>), draft_id=315 ( of), is_last=False, is_eos=True
Token 0 verification failed, accepting up to this token. is_last: False, is_eos: True, is_mismatch: True
New tokens: ['NO REPLY<|im_end|>']
Total new tokens generated: 4
[Spec] avg_accept=1.00 | tokens=4 | context_len=9134
[Adapter] acc=0/3 (0.0%) | avg_confidence=0.173 | context_len=9134
\n===== Lossless Check =====
Speculative output: NO REPLY
AR manual output:   NO REPLY
Exact match: True
OK: Outputs match. Speculative decoding is lossless.
Speedup: 0.65x
Speedup_decode: 0.60x
Spec decode tok/s: 23.18
AR decode tok/s:   38.92
 first token :NO

Draft step 0: in_token=tensor([[8996]], device='cuda:6'), in_token_decoded=NO, end_index: 9200
predicted_token: 8996, predict_score: 0.10129958391189575, token : NO

Draft step 1: in_token=tensor([[8996]], device='cuda:6'), in_token_decoded=NO, end_index: 9201
Draft step 1, token NO, predict_score 0.10129958391189575 < threshold 0.6, stopping draft
Verifying token 0: verify_id=3596 ( RE), draft_id=8996 (NO), is_last=False, is_eos=False
Token 0 verification failed, accepting up to this token. is_last: False, is_eos: False, is_mismatch: True

Draft step 0: in_token=tensor([[3596]], device='cuda:6'), in_token_decoded= RE, end_index: 9201
predicted_token: 453, predict_score: 0.02014550007879734, token : op

Draft step 1: in_token=tensor([[453]], device='cuda:6'), in_token_decoded=op, end_index: 9202
Draft step 1, token op, predict_score 0.02014550007879734 < threshold 0.6, stopping draft
Verifying token 0: verify_id=24834 (PLY), draft_id=453 (op), is_last=False, is_eos=False
Token 0 verification failed, accepting up to this token. is_last: False, is_eos: False, is_mismatch: True

Draft step 0: in_token=tensor([[24834]], device='cuda:6'), in_token_decoded=PLY, end_index: 9202
predicted_token: 315, predict_score: 0.08615336567163467, token :  of

Draft step 1: in_token=tensor([[315]], device='cuda:6'), in_token_decoded= of, end_index: 9203
Draft step 1, token  of, predict_score 0.08615336567163467 < threshold 0.6, stopping draft
Verifying token 0: verify_id=151645 (<|im_end|>), draft_id=315 ( of), is_last=False, is_eos=True
Token 0 verification failed, accepting up to this token. is_last: False, is_eos: True, is_mismatch: True
New tokens: ['NO REPLY<|im_end|>']
Total new tokens generated: 4
[Spec] avg_accept=1.00 | tokens=4 | context_len=9199
[Adapter] acc=0/3 (0.0%) | avg_confidence=0.069 | context_len=9199
\n===== Lossless Check =====
Speculative output: NO REPLY
AR manual output:   NO REPLY
Exact match: True
OK: Outputs match. Speculative decoding is lossless.
Speedup: 0.65x
Speedup_decode: 0.56x
Spec decode tok/s: 21.68
AR decode tok/s:   39.04
 first token :NO

Draft step 0: in_token=tensor([[8996]], device='cuda:6'), in_token_decoded=NO, end_index: 9265
predicted_token: 8996, predict_score: 0.07649164646863937, token : NO

Draft step 1: in_token=tensor([[8996]], device='cuda:6'), in_token_decoded=NO, end_index: 9266
Draft step 1, token NO, predict_score 0.07649164646863937 < threshold 0.6, stopping draft
Verifying token 0: verify_id=3596 ( RE), draft_id=8996 (NO), is_last=False, is_eos=False
Token 0 verification failed, accepting up to this token. is_last: False, is_eos: False, is_mismatch: True

Draft step 0: in_token=tensor([[3596]], device='cuda:6'), in_token_decoded= RE, end_index: 9266
predicted_token: 586, predict_score: 0.03792519122362137, token : ve

Draft step 1: in_token=tensor([[586]], device='cuda:6'), in_token_decoded=ve, end_index: 9267
Draft step 1, token ve, predict_score 0.03792519122362137 < threshold 0.6, stopping draft
Verifying token 0: verify_id=24834 (PLY), draft_id=586 (ve), is_last=False, is_eos=False
Token 0 verification failed, accepting up to this token. is_last: False, is_eos: False, is_mismatch: True

Draft step 0: in_token=tensor([[24834]], device='cuda:6'), in_token_decoded=PLY, end_index: 9267
predicted_token: 315, predict_score: 0.08206285536289215, token :  of

Draft step 1: in_token=tensor([[315]], device='cuda:6'), in_token_decoded= of, end_index: 9268
Draft step 1, token  of, predict_score 0.08206285536289215 < threshold 0.6, stopping draft
Verifying token 0: verify_id=151645 (<|im_end|>), draft_id=315 ( of), is_last=False, is_eos=True
Token 0 verification failed, accepting up to this token. is_last: False, is_eos: True, is_mismatch: True
New tokens: ['NO REPLY<|im_end|>']
Total new tokens generated: 4
[Spec] avg_accept=1.00 | tokens=4 | context_len=9264
[Adapter] acc=0/3 (0.0%) | avg_confidence=0.065 | context_len=9264
\n===== Lossless Check =====
Speculative output: NO REPLY
AR manual output:   NO REPLY
Exact match: True
OK: Outputs match. Speculative decoding is lossless.
Speedup: 0.65x
Speedup_decode: 0.61x
Spec decode tok/s: 23.76
AR decode tok/s:   38.90
 first token :The

Draft step 0: in_token=tensor([[785]], device='cuda:6'), in_token_decoded=The, end_index: 9330
predicted_token: 30352, predict_score: 0.7180294990539551, token :  dough

Draft step 1: in_token=tensor([[30352]], device='cuda:6'), in_token_decoded= dough, end_index: 9331
predicted_token: 389, predict_score: 0.17220985889434814, token :  on

Draft step 2: in_token=tensor([[389]], device='cuda:6'), in_token_decoded= on, end_index: 9332
Draft step 2, token  on, predict_score 0.17220985889434814 < threshold 0.6, stopping draft
Verifying token 0: verify_id=30352 ( dough), draft_id=30352 ( dough), is_last=False, is_eos=False
Verifying token 1: verify_id=374 ( is), draft_id=389 ( on), is_last=False, is_eos=False
Token 1 verification failed, accepting up to this token. is_last: False, is_eos: False, is_mismatch: True

Draft step 0: in_token=tensor([[374]], device='cuda:6'), in_token_decoded= is, end_index: 9332
predicted_token: 1483, predict_score: 0.19733646512031555, token :  used

Draft step 1: in_token=tensor([[1483]], device='cuda:6'), in_token_decoded= used, end_index: 9333
Draft step 1, token  used, predict_score 0.19733646512031555 < threshold 0.6, stopping draft
Verifying token 0: verify_id=13853 ( kne), draft_id=1483 ( used), is_last=False, is_eos=False
Token 0 verification failed, accepting up to this token. is_last: False, is_eos: False, is_mismatch: True

Draft step 0: in_token=tensor([[13853]], device='cuda:6'), in_token_decoded= kne, end_index: 9333
predicted_token: 832, predict_score: 0.03458157181739807, token : led

Draft step 1: in_token=tensor([[832]], device='cuda:6'), in_token_decoded=led, end_index: 9334
Draft step 1, token led, predict_score 0.03458157181739807 < threshold 0.6, stopping draft
Verifying token 0: verify_id=14255 (aded), draft_id=832 (led), is_last=False, is_eos=False
Token 0 verification failed, accepting up to this token. is_last: False, is_eos: False, is_mismatch: True

Draft step 0: in_token=tensor([[14255]], device='cuda:6'), in_token_decoded=aded, end_index: 9334
predicted_token: 323, predict_score: 0.24686779081821442, token :  and

Draft step 1: in_token=tensor([[323]], device='cuda:6'), in_token_decoded= and, end_index: 9335
Draft step 1, token  and, predict_score 0.24686779081821442 < threshold 0.6, stopping draft
Verifying token 0: verify_id=553 ( by), draft_id=323 ( and), is_last=False, is_eos=False
Token 0 verification failed, accepting up to this token. is_last: False, is_eos: False, is_mismatch: True

Draft step 0: in_token=tensor([[553]], device='cuda:6'), in_token_decoded= by, end_index: 9335
predicted_token: 9963, predict_score: 0.1650480479001999, token :  holding

Draft step 1: in_token=tensor([[9963]], device='cuda:6'), in_token_decoded= holding, end_index: 9336
Draft step 1, token  holding, predict_score 0.1650480479001999 < threshold 0.6, stopping draft
Verifying token 0: verify_id=25352 ( pressing), draft_id=9963 ( holding), is_last=False, is_eos=False
Token 0 verification failed, accepting up to this token. is_last: False, is_eos: False, is_mismatch: True

Draft step 0: in_token=tensor([[25352]], device='cuda:6'), in_token_decoded= pressing, end_index: 9336
predicted_token: 279, predict_score: 0.6078639626502991, token :  the

Draft step 1: in_token=tensor([[279]], device='cuda:6'), in_token_decoded= the, end_index: 9337
predicted_token: 30352, predict_score: 0.5826343297958374, token :  dough

Draft step 2: in_token=tensor([[30352]], device='cuda:6'), in_token_decoded= dough, end_index: 9338
Draft step 2, token  dough, predict_score 0.5826343297958374 < threshold 0.6, stopping draft
Verifying token 0: verify_id=323 ( and), draft_id=279 ( the), is_last=False, is_eos=False
Token 0 verification failed, accepting up to this token. is_last: False, is_eos: False, is_mismatch: True

Draft step 0: in_token=tensor([[323]], device='cuda:6'), in_token_decoded= and, end_index: 9337
predicted_token: 1221, predict_score: 0.12084133177995682, token :  then

Draft step 1: in_token=tensor([[1221]], device='cuda:6'), in_token_decoded= then, end_index: 9338
Draft step 1, token  then, predict_score 0.12084133177995682 < threshold 0.6, stopping draft
Verifying token 0: verify_id=44742 ( folding), draft_id=1221 ( then), is_last=False, is_eos=False
Token 0 verification failed, accepting up to this token. is_last: False, is_eos: False, is_mismatch: True

Draft step 0: in_token=tensor([[44742]], device='cuda:6'), in_token_decoded= folding, end_index: 9338
predicted_token: 30352, predict_score: 0.16418656706809998, token :  dough

Draft step 1: in_token=tensor([[30352]], device='cuda:6'), in_token_decoded= dough, end_index: 9339
Draft step 1, token  dough, predict_score 0.16418656706809998 < threshold 0.6, stopping draft
Verifying token 0: verify_id=432 ( it), draft_id=30352 ( dough), is_last=False, is_eos=False
Token 0 verification failed, accepting up to this token. is_last: False, is_eos: False, is_mismatch: True

Draft step 0: in_token=tensor([[432]], device='cuda:6'), in_token_decoded= it, end_index: 9339
predicted_token: 13, predict_score: 0.3677334189414978, token : .

Draft step 1: in_token=tensor([[13]], device='cuda:6'), in_token_decoded=., end_index: 9340
Draft step 1, token ., predict_score 0.3677334189414978 < threshold 0.6, stopping draft
Verifying token 0: verify_id=11 (,), draft_id=13 (.), is_last=False, is_eos=False
Token 0 verification failed, accepting up to this token. is_last: False, is_eos: False, is_mismatch: True

Draft step 0: in_token=tensor([[11]], device='cuda:6'), in_token_decoded=,, end_index: 9340
predicted_token: 1221, predict_score: 0.4473651349544525, token :  then

Draft step 1: in_token=tensor([[1221]], device='cuda:6'), in_token_decoded= then, end_index: 9341
Draft step 1, token  then, predict_score 0.4473651349544525 < threshold 0.6, stopping draft
Verifying token 0: verify_id=1221 ( then), draft_id=1221 ( then), is_last=False, is_eos=False
Verifying token 1: verify_id=9099 ( placed), draft_id=None (None), is_last=True, is_eos=False
Token 1 verification failed, accepting up to this token. is_last: True, is_eos: False, is_mismatch: False

Draft step 0: in_token=tensor([[9099]], device='cuda:6'), in_token_decoded= placed, end_index: 9342
predicted_token: 389, predict_score: 0.2993486225605011, token :  on

Draft step 1: in_token=tensor([[389]], device='cuda:6'), in_token_decoded= on, end_index: 9343
Draft step 1, token  on, predict_score 0.2993486225605011 < threshold 0.6, stopping draft
Verifying token 0: verify_id=1119 ( into), draft_id=389 ( on), is_last=False, is_eos=False
Token 0 verification failed, accepting up to this token. is_last: False, is_eos: False, is_mismatch: True

Draft step 0: in_token=tensor([[1119]], device='cuda:6'), in_token_decoded= into, end_index: 9343
predicted_token: 264, predict_score: 0.9108553528785706, token :  a

Draft step 1: in_token=tensor([[264]], device='cuda:6'), in_token_decoded= a, end_index: 9344
predicted_token: 19212, predict_score: 0.4043886065483093, token :  bowl

Draft step 2: in_token=tensor([[19212]], device='cuda:6'), in_token_decoded= bowl, end_index: 9345
Draft step 2, token  bowl, predict_score 0.4043886065483093 < threshold 0.6, stopping draft
Verifying token 0: verify_id=264 ( a), draft_id=264 ( a), is_last=False, is_eos=False
Verifying token 1: verify_id=30352 ( dough), draft_id=19212 ( bowl), is_last=False, is_eos=False
Token 1 verification failed, accepting up to this token. is_last: False, is_eos: False, is_mismatch: True

Draft step 0: in_token=tensor([[30352]], device='cuda:6'), in_token_decoded= dough, end_index: 9345
predicted_token: 13, predict_score: 0.5731551647186279, token : .

Draft step 1: in_token=tensor([[13]], device='cuda:6'), in_token_decoded=., end_index: 9346
Draft step 1, token ., predict_score 0.5731551647186279 < threshold 0.6, stopping draft
Verifying token 0: verify_id=37778 ( mixer), draft_id=13 (.), is_last=False, is_eos=False
Token 0 verification failed, accepting up to this token. is_last: False, is_eos: False, is_mismatch: True

Draft step 0: in_token=tensor([[37778]], device='cuda:6'), in_token_decoded= mixer, end_index: 9346
predicted_token: 11, predict_score: 0.1538590043783188, token : ,

Draft step 1: in_token=tensor([[11]], device='cuda:6'), in_token_decoded=,, end_index: 9347
Draft step 1, token ,, predict_score 0.1538590043783188 < threshold 0.6, stopping draft
Verifying token 0: verify_id=11 (,), draft_id=11 (,), is_last=False, is_eos=False
Verifying token 1: verify_id=323 ( and), draft_id=None (None), is_last=True, is_eos=False
Token 1 verification failed, accepting up to this token. is_last: True, is_eos: False, is_mismatch: False

Draft step 0: in_token=tensor([[323]], device='cuda:6'), in_token_decoded= and, end_index: 9348
predicted_token: 1221, predict_score: 0.16004028916358948, token :  then

Draft step 1: in_token=tensor([[1221]], device='cuda:6'), in_token_decoded= then, end_index: 9349
Draft step 1, token  then, predict_score 0.16004028916358948 < threshold 0.6, stopping draft
Verifying token 0: verify_id=279 ( the), draft_id=1221 ( then), is_last=False, is_eos=False
Token 0 verification failed, accepting up to this token. is_last: False, is_eos: False, is_mismatch: True

Draft step 0: in_token=tensor([[279]], device='cuda:6'), in_token_decoded= the, end_index: 9349
predicted_token: 30352, predict_score: 0.401289701461792, token :  dough

Draft step 1: in_token=tensor([[30352]], device='cuda:6'), in_token_decoded= dough, end_index: 9350
Draft step 1, token  dough, predict_score 0.401289701461792 < threshold 0.6, stopping draft
Verifying token 0: verify_id=1697 ( person), draft_id=30352 ( dough), is_last=False, is_eos=False
Token 0 verification failed, accepting up to this token. is_last: False, is_eos: False, is_mismatch: True

Draft step 0: in_token=tensor([[1697]], device='cuda:6'), in_token_decoded= person, end_index: 9350
predicted_token: 374, predict_score: 0.8027087450027466, token :  is

Draft step 1: in_token=tensor([[374]], device='cuda:6'), in_token_decoded= is, end_index: 9351
predicted_token: 2182, predict_score: 0.20998463034629822, token :  put

Draft step 2: in_token=tensor([[2182]], device='cuda:6'), in_token_decoded= put, end_index: 9352
Draft step 2, token  put, predict_score 0.20998463034629822 < threshold 0.6, stopping draft
Verifying token 0: verify_id=594 ('s), draft_id=374 ( is), is_last=False, is_eos=False
Token 0 verification failed, accepting up to this token. is_last: False, is_eos: False, is_mismatch: True

Draft step 0: in_token=tensor([[594]], device='cuda:6'), in_token_decoded='s, end_index: 9351
predicted_token: 30352, predict_score: 0.13536661863327026, token :  dough

Draft step 1: in_token=tensor([[30352]], device='cuda:6'), in_token_decoded= dough, end_index: 9352
Draft step 1, token  dough, predict_score 0.13536661863327026 < threshold 0.6, stopping draft
Verifying token 0: verify_id=6078 ( hands), draft_id=30352 ( dough), is_last=False, is_eos=False
Token 0 verification failed, accepting up to this token. is_last: False, is_eos: False, is_mismatch: True

Draft step 0: in_token=tensor([[6078]], device='cuda:6'), in_token_decoded= hands, end_index: 9352
predicted_token: 13, predict_score: 0.31227004528045654, token : .

Draft step 1: in_token=tensor([[13]], device='cuda:6'), in_token_decoded=., end_index: 9353
Draft step 1, token ., predict_score 0.31227004528045654 < threshold 0.6, stopping draft
Verifying token 0: verify_id=3060 ( continue), draft_id=13 (.), is_last=False, is_eos=False
Token 0 verification failed, accepting up to this token. is_last: False, is_eos: False, is_mismatch: True

Draft step 0: in_token=tensor([[3060]], device='cuda:6'), in_token_decoded= continue, end_index: 9353
predicted_token: 311, predict_score: 0.7787114381790161, token :  to

Draft step 1: in_token=tensor([[311]], device='cuda:6'), in_token_decoded= to, end_index: 9354
predicted_token: 3493, predict_score: 0.08445898443460464, token :  press

Draft step 2: in_token=tensor([[3493]], device='cuda:6'), in_token_decoded= press, end_index: 9355
Draft step 2, token  press, predict_score 0.08445898443460464 < threshold 0.6, stopping draft
Verifying token 0: verify_id=311 ( to), draft_id=311 ( to), is_last=False, is_eos=False
Verifying token 1: verify_id=975 ( work), draft_id=3493 ( press), is_last=False, is_eos=False
Token 1 verification failed, accepting up to this token. is_last: False, is_eos: False, is_mismatch: True

Draft step 0: in_token=tensor([[975]], device='cuda:6'), in_token_decoded= work, end_index: 9355
predicted_token: 13, predict_score: 0.2904376685619354, token : .

Draft step 1: in_token=tensor([[13]], device='cuda:6'), in_token_decoded=., end_index: 9356
Draft step 1, token ., predict_score 0.2904376685619354 < threshold 0.6, stopping draft
Verifying token 0: verify_id=432 ( it), draft_id=13 (.), is_last=False, is_eos=False
Token 0 verification failed, accepting up to this token. is_last: False, is_eos: False, is_mismatch: True

Draft step 0: in_token=tensor([[432]], device='cuda:6'), in_token_decoded= it, end_index: 9356
predicted_token: 13, predict_score: 0.4799678921699524, token : .

Draft step 1: in_token=tensor([[13]], device='cuda:6'), in_token_decoded=., end_index: 9357
Draft step 1, token ., predict_score 0.4799678921699524 < threshold 0.6, stopping draft
Verifying token 0: verify_id=4766 ( inside), draft_id=13 (.), is_last=False, is_eos=False
Token 0 verification failed, accepting up to this token. is_last: False, is_eos: False, is_mismatch: True

Draft step 0: in_token=tensor([[4766]], device='cuda:6'), in_token_decoded= inside, end_index: 9357
predicted_token: 279, predict_score: 0.327225923538208, token :  the

Draft step 1: in_token=tensor([[279]], device='cuda:6'), in_token_decoded= the, end_index: 9358
Draft step 1, token  the, predict_score 0.327225923538208 < threshold 0.6, stopping draft
Verifying token 0: verify_id=279 ( the), draft_id=279 ( the), is_last=False, is_eos=False
Verifying token 1: verify_id=37778 ( mixer), draft_id=None (None), is_last=True, is_eos=False
Token 1 verification failed, accepting up to this token. is_last: True, is_eos: False, is_mismatch: False

Draft step 0: in_token=tensor([[37778]], device='cuda:6'), in_token_decoded= mixer, end_index: 9359
predicted_token: 13, predict_score: 0.3927780091762543, token : .

Draft step 1: in_token=tensor([[13]], device='cuda:6'), in_token_decoded=., end_index: 9360
Draft step 1, token ., predict_score 0.3927780091762543 < threshold 0.6, stopping draft
Verifying token 0: verify_id=11 (,), draft_id=13 (.), is_last=False, is_eos=False
Token 0 verification failed, accepting up to this token. is_last: False, is_eos: False, is_mismatch: True

Draft step 0: in_token=tensor([[11]], device='cuda:6'), in_token_decoded=,, end_index: 9360
predicted_token: 323, predict_score: 0.34938567876815796, token :  and

Draft step 1: in_token=tensor([[323]], device='cuda:6'), in_token_decoded= and, end_index: 9361
Draft step 1, token  and, predict_score 0.34938567876815796 < threshold 0.6, stopping draft
Verifying token 0: verify_id=448 ( with), draft_id=323 ( and), is_last=False, is_eos=False
Token 0 verification failed, accepting up to this token. is_last: False, is_eos: False, is_mismatch: True

Draft step 0: in_token=tensor([[448]], device='cuda:6'), in_token_decoded= with, end_index: 9361
predicted_token: 19828, predict_score: 0.5657942891120911, token :  flour

Draft step 1: in_token=tensor([[19828]], device='cuda:6'), in_token_decoded= flour, end_index: 9362
Draft step 1, token  flour, predict_score 0.5657942891120911 < threshold 0.6, stopping draft
Verifying token 0: verify_id=279 ( the), draft_id=19828 ( flour), is_last=False, is_eos=False
Token 0 verification failed, accepting up to this token. is_last: False, is_eos: False, is_mismatch: True

Draft step 0: in_token=tensor([[279]], device='cuda:6'), in_token_decoded= the, end_index: 9362
predicted_token: 57209, predict_score: 0.14145854115486145, token :  basin

Draft step 1: in_token=tensor([[57209]], device='cuda:6'), in_token_decoded= basin, end_index: 9363
Draft step 1, token  basin, predict_score 0.14145854115486145 < threshold 0.6, stopping draft
Verifying token 0: verify_id=37778 ( mixer), draft_id=57209 ( basin), is_last=False, is_eos=False
Token 0 verification failed, accepting up to this token. is_last: False, is_eos: False, is_mismatch: True

Draft step 0: in_token=tensor([[37778]], device='cuda:6'), in_token_decoded= mixer, end_index: 9363
predicted_token: 389, predict_score: 0.1123853251338005, token :  on

Draft step 1: in_token=tensor([[389]], device='cuda:6'), in_token_decoded= on, end_index: 9364
Draft step 1, token  on, predict_score 0.1123853251338005 < threshold 0.6, stopping draft
Verifying token 0: verify_id=594 ('s), draft_id=389 ( on), is_last=False, is_eos=False
Token 0 verification failed, accepting up to this token. is_last: False, is_eos: False, is_mismatch: True

Draft step 0: in_token=tensor([[594]], device='cuda:6'), in_token_decoded='s, end_index: 9364
predicted_token: 6787, predict_score: 0.052865415811538696, token :  skin

Draft step 1: in_token=tensor([[6787]], device='cuda:6'), in_token_decoded= skin, end_index: 9365
Draft step 1, token  skin, predict_score 0.052865415811538696 < threshold 0.6, stopping draft
Verifying token 0: verify_id=41642 ( blades), draft_id=6787 ( skin), is_last=False, is_eos=False
Token 0 verification failed, accepting up to this token. is_last: False, is_eos: False, is_mismatch: True

Draft step 0: in_token=tensor([[41642]], device='cuda:6'), in_token_decoded= blades, end_index: 9365
predicted_token: 311, predict_score: 0.45550063252449036, token :  to

Draft step 1: in_token=tensor([[311]], device='cuda:6'), in_token_decoded= to, end_index: 9366
Draft step 1, token  to, predict_score 0.45550063252449036 < threshold 0.6, stopping draft
Verifying token 0: verify_id=13054 ( turning), draft_id=311 ( to), is_last=False, is_eos=False
Token 0 verification failed, accepting up to this token. is_last: False, is_eos: False, is_mismatch: True

Draft step 0: in_token=tensor([[13054]], device='cuda:6'), in_token_decoded= turning, end_index: 9366
predicted_token: 389, predict_score: 0.7906372547149658, token :  on

Draft step 1: in_token=tensor([[389]], device='cuda:6'), in_token_decoded= on, end_index: 9367
predicted_token: 279, predict_score: 0.9225641489028931, token :  the

Draft step 2: in_token=tensor([[279]], device='cuda:6'), in_token_decoded= the, end_index: 9368
predicted_token: 71453, predict_score: 0.33934706449508667, token :  faucet

Draft step 3: in_token=tensor([[71453]], device='cuda:6'), in_token_decoded= faucet, end_index: 9369
Draft step 3, token  faucet, predict_score 0.33934706449508667 < threshold 0.6, stopping draft
Verifying token 0: verify_id=311 ( to), draft_id=389 ( on), is_last=False, is_eos=False
Token 0 verification failed, accepting up to this token. is_last: False, is_eos: False, is_mismatch: True

Draft step 0: in_token=tensor([[311]], device='cuda:6'), in_token_decoded= to, end_index: 9367
predicted_token: 279, predict_score: 0.2792830467224121, token :  the

Draft step 1: in_token=tensor([[279]], device='cuda:6'), in_token_decoded= the, end_index: 9368
Draft step 1, token  the, predict_score 0.2792830467224121 < threshold 0.6, stopping draft
Verifying token 0: verify_id=4623 ( further), draft_id=279 ( the), is_last=False, is_eos=False
Token 0 verification failed, accepting up to this token. is_last: False, is_eos: False, is_mismatch: True

Draft step 0: in_token=tensor([[4623]], device='cuda:6'), in_token_decoded= further, end_index: 9368
predicted_token: 3015, predict_score: 0.3043440282344818, token :  water

Draft step 1: in_token=tensor([[3015]], device='cuda:6'), in_token_decoded= water, end_index: 9369
Draft step 1, token  water, predict_score 0.3043440282344818 < threshold 0.6, stopping draft
Verifying token 0: verify_id=13853 ( kne), draft_id=3015 ( water), is_last=False, is_eos=False
Token 0 verification failed, accepting up to this token. is_last: False, is_eos: False, is_mismatch: True

Draft step 0: in_token=tensor([[13853]], device='cuda:6'), in_token_decoded= kne, end_index: 9369
predicted_token: 13, predict_score: 0.12133510410785675, token : .

Draft step 1: in_token=tensor([[13]], device='cuda:6'), in_token_decoded=., end_index: 9370
Draft step 1, token ., predict_score 0.12133510410785675 < threshold 0.6, stopping draft
Verifying token 0: verify_id=329 (ad), draft_id=13 (.), is_last=False, is_eos=False
Token 0 verification failed, accepting up to this token. is_last: False, is_eos: False, is_mismatch: True

Draft step 0: in_token=tensor([[329]], device='cuda:6'), in_token_decoded=ad, end_index: 9370
predicted_token: 279, predict_score: 0.6698718070983887, token :  the

Draft step 1: in_token=tensor([[279]], device='cuda:6'), in_token_decoded= the, end_index: 9371
predicted_token: 30352, predict_score: 0.5450402498245239, token :  dough

Draft step 2: in_token=tensor([[30352]], device='cuda:6'), in_token_decoded= dough, end_index: 9372
Draft step 2, token  dough, predict_score 0.5450402498245239 < threshold 0.6, stopping draft
Verifying token 0: verify_id=279 ( the), draft_id=279 ( the), is_last=False, is_eos=False
Verifying token 1: verify_id=30352 ( dough), draft_id=30352 ( dough), is_last=False, is_eos=False
Verifying token 2: verify_id=11 (,), draft_id=None (None), is_last=True, is_eos=False
Token 2 verification failed, accepting up to this token. is_last: True, is_eos: False, is_mismatch: False

Draft step 0: in_token=tensor([[11]], device='cuda:6'), in_token_decoded=,, end_index: 9373
predicted_token: 323, predict_score: 0.1718280166387558, token :  and

Draft step 1: in_token=tensor([[323]], device='cuda:6'), in_token_decoded= and, end_index: 9374
Draft step 1, token  and, predict_score 0.1718280166387558 < threshold 0.6, stopping draft
Verifying token 0: verify_id=323 ( and), draft_id=323 ( and), is_last=False, is_eos=False
Verifying token 1: verify_id=279 ( the), draft_id=None (None), is_last=True, is_eos=False
Token 1 verification failed, accepting up to this token. is_last: True, is_eos: False, is_mismatch: False

Draft step 0: in_token=tensor([[279]], device='cuda:6'), in_token_decoded= the, end_index: 9375
predicted_token: 57209, predict_score: 0.23936232924461365, token :  basin

Draft step 1: in_token=tensor([[57209]], device='cuda:6'), in_token_decoded= basin, end_index: 9376
Draft step 1, token  basin, predict_score 0.23936232924461365 < threshold 0.6, stopping draft
Verifying token 0: verify_id=1697 ( person), draft_id=57209 ( basin), is_last=False, is_eos=False
Token 0 verification failed, accepting up to this token. is_last: False, is_eos: False, is_mismatch: True

Draft step 0: in_token=tensor([[1697]], device='cuda:6'), in_token_decoded= person, end_index: 9376
predicted_token: 374, predict_score: 0.7906025052070618, token :  is

Draft step 1: in_token=tensor([[374]], device='cuda:6'), in_token_decoded= is, end_index: 9377
predicted_token: 2182, predict_score: 0.3874138295650482, token :  put

Draft step 2: in_token=tensor([[2182]], device='cuda:6'), in_token_decoded= put, end_index: 9378
Draft step 2, token  put, predict_score 0.3874138295650482 < threshold 0.6, stopping draft
Verifying token 0: verify_id=1221 ( then), draft_id=374 ( is), is_last=False, is_eos=False
Token 0 verification failed, accepting up to this token. is_last: False, is_eos: False, is_mismatch: True

Draft step 0: in_token=tensor([[1221]], device='cuda:6'), in_token_decoded= then, end_index: 9377
predicted_token: 3493, predict_score: 0.08142847567796707, token :  press

Draft step 1: in_token=tensor([[3493]], device='cuda:6'), in_token_decoded= press, end_index: 9378
Draft step 1, token  press, predict_score 0.08142847567796707 < threshold 0.6, stopping draft
Verifying token 0: verify_id=21895 ( picks), draft_id=3493 ( press), is_last=False, is_eos=False
Token 0 verification failed, accepting up to this token. is_last: False, is_eos: False, is_mismatch: True

Draft step 0: in_token=tensor([[21895]], device='cuda:6'), in_token_decoded= picks, end_index: 9378
predicted_token: 705, predict_score: 0.970377504825592, token :  up

Draft step 1: in_token=tensor([[705]], device='cuda:6'), in_token_decoded= up, end_index: 9379
predicted_token: 279, predict_score: 0.5548920035362244, token :  the

Draft step 2: in_token=tensor([[279]], device='cuda:6'), in_token_decoded= the, end_index: 9380
Draft step 2, token  the, predict_score 0.5548920035362244 < threshold 0.6, stopping draft
Verifying token 0: verify_id=705 ( up), draft_id=705 ( up), is_last=False, is_eos=False
Verifying token 1: verify_id=264 ( a), draft_id=279 ( the), is_last=False, is_eos=False
Token 1 verification failed, accepting up to this token. is_last: False, is_eos: False, is_mismatch: True

Draft step 0: in_token=tensor([[264]], device='cuda:6'), in_token_decoded= a, end_index: 9380
predicted_token: 19212, predict_score: 0.13173134624958038, token :  bowl

Draft step 1: in_token=tensor([[19212]], device='cuda:6'), in_token_decoded= bowl, end_index: 9381
Draft step 1, token  bowl, predict_score 0.13173134624958038 < threshold 0.6, stopping draft
Verifying token 0: verify_id=6573 ( piece), draft_id=19212 ( bowl), is_last=False, is_eos=False
Token 0 verification failed, accepting up to this token. is_last: False, is_eos: False, is_mismatch: True

Draft step 0: in_token=tensor([[6573]], device='cuda:6'), in_token_decoded= piece, end_index: 9381
predicted_token: 315, predict_score: 0.7330008149147034, token :  of

Draft step 1: in_token=tensor([[315]], device='cuda:6'), in_token_decoded= of, end_index: 9382
predicted_token: 30352, predict_score: 0.6010322570800781, token :  dough

Draft step 2: in_token=tensor([[30352]], device='cuda:6'), in_token_decoded= dough, end_index: 9383
predicted_token: 13, predict_score: 0.31395742297172546, token : .

Draft step 3: in_token=tensor([[13]], device='cuda:6'), in_token_decoded=., end_index: 9384
Draft step 3, token ., predict_score 0.31395742297172546 < threshold 0.6, stopping draft
Verifying token 0: verify_id=315 ( of), draft_id=315 ( of), is_last=False, is_eos=False
Verifying token 1: verify_id=30352 ( dough), draft_id=30352 ( dough), is_last=False, is_eos=False
Verifying token 2: verify_id=323 ( and), draft_id=13 (.), is_last=False, is_eos=False
Token 2 verification failed, accepting up to this token. is_last: False, is_eos: False, is_mismatch: True

Draft step 0: in_token=tensor([[323]], device='cuda:6'), in_token_decoded= and, end_index: 9384
predicted_token: 279, predict_score: 0.09069940447807312, token :  the

Draft step 1: in_token=tensor([[279]], device='cuda:6'), in_token_decoded= the, end_index: 9385
Draft step 1, token  the, predict_score 0.09069940447807312 < threshold 0.6, stopping draft
Verifying token 0: verify_id=7482 ( places), draft_id=279 ( the), is_last=False, is_eos=False
Token 0 verification failed, accepting up to this token. is_last: False, is_eos: False, is_mismatch: True

Draft step 0: in_token=tensor([[7482]], device='cuda:6'), in_token_decoded= places, end_index: 9385
predicted_token: 279, predict_score: 0.834470808506012, token :  the

Draft step 1: in_token=tensor([[279]], device='cuda:6'), in_token_decoded= the, end_index: 9386
predicted_token: 30352, predict_score: 0.3386226296424866, token :  dough

Draft step 2: in_token=tensor([[30352]], device='cuda:6'), in_token_decoded= dough, end_index: 9387
Draft step 2, token  dough, predict_score 0.3386226296424866 < threshold 0.6, stopping draft
Verifying token 0: verify_id=432 ( it), draft_id=279 ( the), is_last=False, is_eos=False
Token 0 verification failed, accepting up to this token. is_last: False, is_eos: False, is_mismatch: True

Draft step 0: in_token=tensor([[432]], device='cuda:6'), in_token_decoded= it, end_index: 9386
predicted_token: 389, predict_score: 0.7230871915817261, token :  on

Draft step 1: in_token=tensor([[389]], device='cuda:6'), in_token_decoded= on, end_index: 9387
predicted_token: 279, predict_score: 0.9271836876869202, token :  the

Draft step 2: in_token=tensor([[279]], device='cuda:6'), in_token_decoded= the, end_index: 9388
predicted_token: 1965, predict_score: 0.35910990834236145, token :  table

Draft step 3: in_token=tensor([[1965]], device='cuda:6'), in_token_decoded= table, end_index: 9389
Draft step 3, token  table, predict_score 0.35910990834236145 < threshold 0.6, stopping draft
Verifying token 0: verify_id=389 ( on), draft_id=389 ( on), is_last=False, is_eos=False
Verifying token 1: verify_id=279 ( the), draft_id=279 ( the), is_last=False, is_eos=False
Verifying token 2: verify_id=9317 ( metal), draft_id=1965 ( table), is_last=False, is_eos=False
Token 2 verification failed, accepting up to this token. is_last: False, is_eos: False, is_mismatch: True

Draft step 0: in_token=tensor([[9317]], device='cuda:6'), in_token_decoded= metal, end_index: 9389
predicted_token: 13, predict_score: 0.7047827243804932, token : .

Draft step 1: in_token=tensor([[13]], device='cuda:6'), in_token_decoded=., end_index: 9390
predicted_token: 151645, predict_score: 0.9815912246704102, token : <|im_end|>
Verifying token 0: verify_id=7329 ( surface), draft_id=13 (.), is_last=False, is_eos=False
Token 0 verification failed, accepting up to this token. is_last: False, is_eos: False, is_mismatch: True

Draft step 0: in_token=tensor([[7329]], device='cuda:6'), in_token_decoded= surface, end_index: 9390
predicted_token: 13, predict_score: 0.6138188242912292, token : .

Draft step 1: in_token=tensor([[13]], device='cuda:6'), in_token_decoded=., end_index: 9391
predicted_token: 151645, predict_score: 0.9819210171699524, token : <|im_end|>
Verifying token 0: verify_id=11 (,), draft_id=13 (.), is_last=False, is_eos=False
Token 0 verification failed, accepting up to this token. is_last: False, is_eos: False, is_mismatch: True

Draft step 0: in_token=tensor([[11]], device='cuda:6'), in_token_decoded=,, end_index: 9391
predicted_token: 323, predict_score: 0.22854012250900269, token :  and

Draft step 1: in_token=tensor([[323]], device='cuda:6'), in_token_decoded= and, end_index: 9392
Draft step 1, token  and, predict_score 0.22854012250900269 < threshold 0.6, stopping draft
Verifying token 0: verify_id=448 ( with), draft_id=323 ( and), is_last=False, is_eos=False
Token 0 verification failed, accepting up to this token. is_last: False, is_eos: False, is_mismatch: True

Draft step 0: in_token=tensor([[448]], device='cuda:6'), in_token_decoded= with, end_index: 9392
predicted_token: 19828, predict_score: 0.4564182162284851, token :  flour

Draft step 1: in_token=tensor([[19828]], device='cuda:6'), in_token_decoded= flour, end_index: 9393
Draft step 1, token  flour, predict_score 0.4564182162284851 < threshold 0.6, stopping draft
Verifying token 0: verify_id=1008 ( other), draft_id=19828 ( flour), is_last=False, is_eos=False
Token 0 verification failed, accepting up to this token. is_last: False, is_eos: False, is_mismatch: True

Draft step 0: in_token=tensor([[1008]], device='cuda:6'), in_token_decoded= other, end_index: 9393
predicted_token: 6078, predict_score: 0.2305261492729187, token :  hands

Draft step 1: in_token=tensor([[6078]], device='cuda:6'), in_token_decoded= hands, end_index: 9394
Draft step 1, token  hands, predict_score 0.2305261492729187 < threshold 0.6, stopping draft
Verifying token 0: verify_id=9666 ( pieces), draft_id=6078 ( hands), is_last=False, is_eos=False
Token 0 verification failed, accepting up to this token. is_last: False, is_eos: False, is_mismatch: True

Draft step 0: in_token=tensor([[9666]], device='cuda:6'), in_token_decoded= pieces, end_index: 9394
predicted_token: 315, predict_score: 0.6375624537467957, token :  of

Draft step 1: in_token=tensor([[315]], device='cuda:6'), in_token_decoded= of, end_index: 9395
predicted_token: 30352, predict_score: 0.4453068673610687, token :  dough

Draft step 2: in_token=tensor([[30352]], device='cuda:6'), in_token_decoded= dough, end_index: 9396
Draft step 2, token  dough, predict_score 0.4453068673610687 < threshold 0.6, stopping draft
Verifying token 0: verify_id=315 ( of), draft_id=315 ( of), is_last=False, is_eos=False
Verifying token 1: verify_id=30352 ( dough), draft_id=30352 ( dough), is_last=False, is_eos=False
Verifying token 2: verify_id=323 ( and), draft_id=None (None), is_last=True, is_eos=False
Token 2 verification failed, accepting up to this token. is_last: True, is_eos: False, is_mismatch: False

Draft step 0: in_token=tensor([[323]], device='cuda:6'), in_token_decoded= and, end_index: 9397
predicted_token: 2484, predict_score: 0.294187992811203, token :  turn

Draft step 1: in_token=tensor([[2484]], device='cuda:6'), in_token_decoded= turn, end_index: 9398
Draft step 1, token  turn, predict_score 0.294187992811203 < threshold 0.6, stopping draft
Verifying token 0: verify_id=264 ( a), draft_id=2484 ( turn), is_last=False, is_eos=False
Token 0 verification failed, accepting up to this token. is_last: False, is_eos: False, is_mismatch: True

Draft step 0: in_token=tensor([[264]], device='cuda:6'), in_token_decoded= a, end_index: 9398
predicted_token: 21430, predict_score: 0.27443021535873413, token :  knife

Draft step 1: in_token=tensor([[21430]], device='cuda:6'), in_token_decoded= knife, end_index: 9399
Draft step 1, token  knife, predict_score 0.27443021535873413 < threshold 0.6, stopping draft
Verifying token 0: verify_id=2613 ( small), draft_id=21430 ( knife), is_last=False, is_eos=False
Token 0 verification failed, accepting up to this token. is_last: False, is_eos: False, is_mismatch: True

Draft step 0: in_token=tensor([[2613]], device='cuda:6'), in_token_decoded= small, end_index: 9399
predicted_token: 19212, predict_score: 0.2124435305595398, token :  bowl

Draft step 1: in_token=tensor([[19212]], device='cuda:6'), in_token_decoded= bowl, end_index: 9400
Draft step 1, token  bowl, predict_score 0.2124435305595398 < threshold 0.6, stopping draft
Verifying token 0: verify_id=5476 ( container), draft_id=19212 ( bowl), is_last=False, is_eos=False
Token 0 verification failed, accepting up to this token. is_last: False, is_eos: False, is_mismatch: True

Draft step 0: in_token=tensor([[5476]], device='cuda:6'), in_token_decoded= container, end_index: 9400
predicted_token: 13, predict_score: 0.6532014012336731, token : .

Draft step 1: in_token=tensor([[13]], device='cuda:6'), in_token_decoded=., end_index: 9401
predicted_token: 151645, predict_score: 0.9947196245193481, token : <|im_end|>
Verifying token 0: verify_id=14046 ( nearby), draft_id=13 (.), is_last=False, is_eos=False
Token 0 verification failed, accepting up to this token. is_last: False, is_eos: False, is_mismatch: True

Draft step 0: in_token=tensor([[14046]], device='cuda:6'), in_token_decoded= nearby, end_index: 9401
predicted_token: 11, predict_score: 0.5251865983009338, token : ,

Draft step 1: in_token=tensor([[11]], device='cuda:6'), in_token_decoded=,, end_index: 9402
Draft step 1, token ,, predict_score 0.5251865983009338 < threshold 0.6, stopping draft
Verifying token 0: verify_id=11 (,), draft_id=11 (,), is_last=False, is_eos=False
Verifying token 1: verify_id=323 ( and), draft_id=None (None), is_last=True, is_eos=False
Token 1 verification failed, accepting up to this token. is_last: True, is_eos: False, is_mismatch: False

Draft step 0: in_token=tensor([[323]], device='cuda:6'), in_token_decoded= and, end_index: 9403
predicted_token: 1992, predict_score: 0.271428644657135, token :  place

Draft step 1: in_token=tensor([[1992]], device='cuda:6'), in_token_decoded= place, end_index: 9404
Draft step 1, token  place, predict_score 0.271428644657135 < threshold 0.6, stopping draft
Verifying token 0: verify_id=279 ( the), draft_id=1992 ( place), is_last=False, is_eos=False
Token 0 verification failed, accepting up to this token. is_last: False, is_eos: False, is_mismatch: True

Draft step 0: in_token=tensor([[279]], device='cuda:6'), in_token_decoded= the, end_index: 9404
predicted_token: 3421, predict_score: 0.03667021170258522, token :  cover

Draft step 1: in_token=tensor([[3421]], device='cuda:6'), in_token_decoded= cover, end_index: 9405
Draft step 1, token  cover, predict_score 0.03667021170258522 < threshold 0.6, stopping draft
Verifying token 0: verify_id=1697 ( person), draft_id=3421 ( cover), is_last=False, is_eos=False
Token 0 verification failed, accepting up to this token. is_last: False, is_eos: False, is_mismatch: True

Draft step 0: in_token=tensor([[1697]], device='cuda:6'), in_token_decoded= person, end_index: 9405
predicted_token: 374, predict_score: 0.33139967918395996, token :  is

Draft step 1: in_token=tensor([[374]], device='cuda:6'), in_token_decoded= is, end_index: 9406
Draft step 1, token  is, predict_score 0.33139967918395996 < threshold 0.6, stopping draft
Verifying token 0: verify_id=9539 ( continues), draft_id=374 ( is), is_last=False, is_eos=False
Token 0 verification failed, accepting up to this token. is_last: False, is_eos: False, is_mismatch: True

Draft step 0: in_token=tensor([[9539]], device='cuda:6'), in_token_decoded= continues, end_index: 9406
predicted_token: 311, predict_score: 0.44883373379707336, token :  to

Draft step 1: in_token=tensor([[311]], device='cuda:6'), in_token_decoded= to, end_index: 9407
Draft step 1, token  to, predict_score 0.44883373379707336 < threshold 0.6, stopping draft
Verifying token 0: verify_id=311 ( to), draft_id=311 ( to), is_last=False, is_eos=False
Verifying token 1: verify_id=13853 ( kne), draft_id=None (None), is_last=True, is_eos=False
Token 1 verification failed, accepting up to this token. is_last: True, is_eos: False, is_mismatch: False

Draft step 0: in_token=tensor([[13853]], device='cuda:6'), in_token_decoded= kne, end_index: 9408
predicted_token: 453, predict_score: 0.08349549770355225, token : op

Draft step 1: in_token=tensor([[453]], device='cuda:6'), in_token_decoded=op, end_index: 9409
Draft step 1, token op, predict_score 0.08349549770355225 < threshold 0.6, stopping draft
Verifying token 0: verify_id=329 (ad), draft_id=453 (op), is_last=False, is_eos=False
Token 0 verification failed, accepting up to this token. is_last: False, is_eos: False, is_mismatch: True

Draft step 0: in_token=tensor([[329]], device='cuda:6'), in_token_decoded=ad, end_index: 9409
predicted_token: 279, predict_score: 0.9026608467102051, token :  the

Draft step 1: in_token=tensor([[279]], device='cuda:6'), in_token_decoded= the, end_index: 9410
predicted_token: 30352, predict_score: 0.24355395138263702, token :  dough

Draft step 2: in_token=tensor([[30352]], device='cuda:6'), in_token_decoded= dough, end_index: 9411
Draft step 2, token  dough, predict_score 0.24355395138263702 < threshold 0.6, stopping draft
Verifying token 0: verify_id=279 ( the), draft_id=279 ( the), is_last=False, is_eos=False
Verifying token 1: verify_id=30352 ( dough), draft_id=30352 ( dough), is_last=False, is_eos=False
Verifying token 2: verify_id=389 ( on), draft_id=None (None), is_last=True, is_eos=False
Token 2 verification failed, accepting up to this token. is_last: True, is_eos: False, is_mismatch: False

Draft step 0: in_token=tensor([[389]], device='cuda:6'), in_token_decoded= on, end_index: 9412
predicted_token: 279, predict_score: 0.9588078260421753, token :  the

Draft step 1: in_token=tensor([[279]], device='cuda:6'), in_token_decoded= the, end_index: 9413
predicted_token: 1965, predict_score: 0.28020015358924866, token :  table

Draft step 2: in_token=tensor([[1965]], device='cuda:6'), in_token_decoded= table, end_index: 9414
Draft step 2, token  table, predict_score 0.28020015358924866 < threshold 0.6, stopping draft
Verifying token 0: verify_id=279 ( the), draft_id=279 ( the), is_last=False, is_eos=False
Verifying token 1: verify_id=9317 ( metal), draft_id=1965 ( table), is_last=False, is_eos=False
Token 1 verification failed, accepting up to this token. is_last: False, is_eos: False, is_mismatch: True

Draft step 0: in_token=tensor([[9317]], device='cuda:6'), in_token_decoded= metal, end_index: 9414
predicted_token: 13, predict_score: 0.48575878143310547, token : .

Draft step 1: in_token=tensor([[13]], device='cuda:6'), in_token_decoded=., end_index: 9415
Draft step 1, token ., predict_score 0.48575878143310547 < threshold 0.6, stopping draft
Verifying token 0: verify_id=7329 ( surface), draft_id=13 (.), is_last=False, is_eos=False
Token 0 verification failed, accepting up to this token. is_last: False, is_eos: False, is_mismatch: True

Draft step 0: in_token=tensor([[7329]], device='cuda:6'), in_token_decoded= surface, end_index: 9415
predicted_token: 13, predict_score: 0.4750139117240906, token : .

Draft step 1: in_token=tensor([[13]], device='cuda:6'), in_token_decoded=., end_index: 9416
Draft step 1, token ., predict_score 0.4750139117240906 < threshold 0.6, stopping draft
Verifying token 0: verify_id=11 (,), draft_id=13 (.), is_last=False, is_eos=False
Token 0 verification failed, accepting up to this token. is_last: False, is_eos: False, is_mismatch: True

Draft step 0: in_token=tensor([[11]], device='cuda:6'), in_token_decoded=,, end_index: 9416
predicted_token: 323, predict_score: 0.3598492443561554, token :  and

Draft step 1: in_token=tensor([[323]], device='cuda:6'), in_token_decoded= and, end_index: 9417
Draft step 1, token  and, predict_score 0.3598492443561554 < threshold 0.6, stopping draft
Verifying token 0: verify_id=448 ( with), draft_id=323 ( and), is_last=False, is_eos=False
Token 0 verification failed, accepting up to this token. is_last: False, is_eos: False, is_mismatch: True

Draft step 0: in_token=tensor([[448]], device='cuda:6'), in_token_decoded= with, end_index: 9417
predicted_token: 279, predict_score: 0.5489906668663025, token :  the

Draft step 1: in_token=tensor([[279]], device='cuda:6'), in_token_decoded= the, end_index: 9418
Draft step 1, token  the, predict_score 0.5489906668663025 < threshold 0.6, stopping draft
Verifying token 0: verify_id=279 ( the), draft_id=279 ( the), is_last=False, is_eos=False
Verifying token 1: verify_id=30352 ( dough), draft_id=None (None), is_last=True, is_eos=False
Token 1 verification failed, accepting up to this token. is_last: True, is_eos: False, is_mismatch: False

Draft step 0: in_token=tensor([[30352]], device='cuda:6'), in_token_decoded= dough, end_index: 9419
predicted_token: 389, predict_score: 0.26076191663742065, token :  on

Draft step 1: in_token=tensor([[389]], device='cuda:6'), in_token_decoded= on, end_index: 9420
Draft step 1, token  on, predict_score 0.26076191663742065 < threshold 0.6, stopping draft
Verifying token 0: verify_id=25377 ( appearing), draft_id=389 ( on), is_last=False, is_eos=False
Token 0 verification failed, accepting up to this token. is_last: False, is_eos: False, is_mismatch: True

Draft step 0: in_token=tensor([[25377]], device='cuda:6'), in_token_decoded= appearing, end_index: 9420
predicted_token: 311, predict_score: 0.30290696024894714, token :  to

Draft step 1: in_token=tensor([[311]], device='cuda:6'), in_token_decoded= to, end_index: 9421
Draft step 1, token  to, predict_score 0.30290696024894714 < threshold 0.6, stopping draft
Verifying token 0: verify_id=1632 ( well), draft_id=311 ( to), is_last=False, is_eos=False
Token 0 verification failed, accepting up to this token. is_last: False, is_eos: False, is_mismatch: True

Draft step 0: in_token=tensor([[1632]], device='cuda:6'), in_token_decoded= well, end_index: 9421
predicted_token: 11, predict_score: 0.3869135081768036, token : ,

Draft step 1: in_token=tensor([[11]], device='cuda:6'), in_token_decoded=,, end_index: 9422
Draft step 1, token ,, predict_score 0.3869135081768036 < threshold 0.6, stopping draft
Verifying token 0: verify_id=12646 (-k), draft_id=11 (,), is_last=False, is_eos=False
Token 0 verification failed, accepting up to this token. is_last: False, is_eos: False, is_mismatch: True

Draft step 0: in_token=tensor([[12646]], device='cuda:6'), in_token_decoded=-k, end_index: 9422
predicted_token: 13, predict_score: 0.4740317463874817, token : .

Draft step 1: in_token=tensor([[13]], device='cuda:6'), in_token_decoded=., end_index: 9423
Draft step 1, token ., predict_score 0.4740317463874817 < threshold 0.6, stopping draft
Verifying token 0: verify_id=811 (ne), draft_id=13 (.), is_last=False, is_eos=False
Token 0 verification failed, accepting up to this token. is_last: False, is_eos: False, is_mismatch: True

Draft step 0: in_token=tensor([[811]], device='cuda:6'), in_token_decoded=ne, end_index: 9423
predicted_token: 586, predict_score: 0.034639641642570496, token : ve

Draft step 1: in_token=tensor([[586]], device='cuda:6'), in_token_decoded=ve, end_index: 9424
Draft step 1, token ve, predict_score 0.034639641642570496 < threshold 0.6, stopping draft
Verifying token 0: verify_id=14255 (aded), draft_id=586 (ve), is_last=False, is_eos=False
Token 0 verification failed, accepting up to this token. is_last: False, is_eos: False, is_mismatch: True

Draft step 0: in_token=tensor([[14255]], device='cuda:6'), in_token_decoded=aded, end_index: 9424
predicted_token: 13, predict_score: 0.18507398664951324, token : .

Draft step 1: in_token=tensor([[13]], device='cuda:6'), in_token_decoded=., end_index: 9425
Draft step 1, token ., predict_score 0.18507398664951324 < threshold 0.6, stopping draft
Verifying token 0: verify_id=323 ( and), draft_id=13 (.), is_last=False, is_eos=False
Token 0 verification failed, accepting up to this token. is_last: False, is_eos: False, is_mismatch: True

Draft step 0: in_token=tensor([[323]], device='cuda:6'), in_token_decoded= and, end_index: 9425
predicted_token: 15239, predict_score: 0.09048139303922653, token :  tap

Draft step 1: in_token=tensor([[15239]], device='cuda:6'), in_token_decoded= tap, end_index: 9426
Draft step 1, token  tap, predict_score 0.09048139303922653 < threshold 0.6, stopping draft
Verifying token 0: verify_id=10876 ( smooth), draft_id=15239 ( tap), is_last=False, is_eos=False
Token 0 verification failed, accepting up to this token. is_last: False, is_eos: False, is_mismatch: True

Draft step 0: in_token=tensor([[10876]], device='cuda:6'), in_token_decoded= smooth, end_index: 9426
predicted_token: 448, predict_score: 0.12749481201171875, token :  with

Draft step 1: in_token=tensor([[448]], device='cuda:6'), in_token_decoded= with, end_index: 9427
Draft step 1, token  with, predict_score 0.12749481201171875 < threshold 0.6, stopping draft
Verifying token 0: verify_id=11 (,), draft_id=448 ( with), is_last=False, is_eos=False
Token 0 verification failed, accepting up to this token. is_last: False, is_eos: False, is_mismatch: True

Draft step 0: in_token=tensor([[11]], device='cuda:6'), in_token_decoded=,, end_index: 9427
predicted_token: 1992, predict_score: 0.1390371024608612, token :  place

Draft step 1: in_token=tensor([[1992]], device='cuda:6'), in_token_decoded= place, end_index: 9428
Draft step 1, token  place, predict_score 0.1390371024608612 < threshold 0.6, stopping draft
Verifying token 0: verify_id=323 ( and), draft_id=1992 ( place), is_last=False, is_eos=False
Token 0 verification failed, accepting up to this token. is_last: False, is_eos: False, is_mismatch: True

Draft step 0: in_token=tensor([[323]], device='cuda:6'), in_token_decoded= and, end_index: 9428
predicted_token: 2484, predict_score: 0.1847575455904007, token :  turn

Draft step 1: in_token=tensor([[2484]], device='cuda:6'), in_token_decoded= turn, end_index: 9429
Draft step 1, token  turn, predict_score 0.1847575455904007 < threshold 0.6, stopping draft
Verifying token 0: verify_id=279 ( the), draft_id=2484 ( turn), is_last=False, is_eos=False
Token 0 verification failed, accepting up to this token. is_last: False, is_eos: False, is_mismatch: True

Draft step 0: in_token=tensor([[279]], device='cuda:6'), in_token_decoded= the, end_index: 9429
predicted_token: 30352, predict_score: 0.6399527788162231, token :  dough

Draft step 1: in_token=tensor([[30352]], device='cuda:6'), in_token_decoded= dough, end_index: 9430
predicted_token: 389, predict_score: 0.335774689912796, token :  on

Draft step 2: in_token=tensor([[389]], device='cuda:6'), in_token_decoded= on, end_index: 9431
Draft step 2, token  on, predict_score 0.335774689912796 < threshold 0.6, stopping draft
Verifying token 0: verify_id=1697 ( person), draft_id=30352 ( dough), is_last=False, is_eos=False
Token 0 verification failed, accepting up to this token. is_last: False, is_eos: False, is_mismatch: True

Draft step 0: in_token=tensor([[1697]], device='cuda:6'), in_token_decoded= person, end_index: 9430
predicted_token: 374, predict_score: 0.14297126233577728, token :  is

Draft step 1: in_token=tensor([[374]], device='cuda:6'), in_token_decoded= is, end_index: 9431
Draft step 1, token  is, predict_score 0.14297126233577728 < threshold 0.6, stopping draft
Verifying token 0: verify_id=374 ( is), draft_id=374 ( is), is_last=False, is_eos=False
Verifying token 1: verify_id=20045 ( preparing), draft_id=None (None), is_last=True, is_eos=False
Token 1 verification failed, accepting up to this token. is_last: True, is_eos: False, is_mismatch: False

Draft step 0: in_token=tensor([[20045]], device='cuda:6'), in_token_decoded= preparing, end_index: 9432
predicted_token: 311, predict_score: 0.5896018147468567, token :  to

Draft step 1: in_token=tensor([[311]], device='cuda:6'), in_token_decoded= to, end_index: 9433
Draft step 1, token  to, predict_score 0.5896018147468567 < threshold 0.6, stopping draft
Verifying token 0: verify_id=311 ( to), draft_id=311 ( to), is_last=False, is_eos=False
Verifying token 1: verify_id=1992 ( place), draft_id=None (None), is_last=True, is_eos=False
Token 1 verification failed, accepting up to this token. is_last: True, is_eos: False, is_mismatch: False

Draft step 0: in_token=tensor([[1992]], device='cuda:6'), in_token_decoded= place, end_index: 9434
predicted_token: 279, predict_score: 0.41154471039772034, token :  the

Draft step 1: in_token=tensor([[279]], device='cuda:6'), in_token_decoded= the, end_index: 9435
Draft step 1, token  the, predict_score 0.41154471039772034 < threshold 0.6, stopping draft
Verifying token 0: verify_id=279 ( the), draft_id=279 ( the), is_last=False, is_eos=False
Verifying token 1: verify_id=30352 ( dough), draft_id=None (None), is_last=True, is_eos=False
Token 1 verification failed, accepting up to this token. is_last: True, is_eos: False, is_mismatch: False

Draft step 0: in_token=tensor([[30352]], device='cuda:6'), in_token_decoded= dough, end_index: 9436
predicted_token: 11, predict_score: 0.3344542682170868, token : ,

Draft step 1: in_token=tensor([[11]], device='cuda:6'), in_token_decoded=,, end_index: 9437
Draft step 1, token ,, predict_score 0.3344542682170868 < threshold 0.6, stopping draft
Verifying token 0: verify_id=1119 ( into), draft_id=11 (,), is_last=False, is_eos=False
Token 0 verification failed, accepting up to this token. is_last: False, is_eos: False, is_mismatch: True

Draft step 0: in_token=tensor([[1119]], device='cuda:6'), in_token_decoded= into, end_index: 9437
predicted_token: 264, predict_score: 0.636775553226471, token :  a

Draft step 1: in_token=tensor([[264]], device='cuda:6'), in_token_decoded= a, end_index: 9438
predicted_token: 57209, predict_score: 0.4178210496902466, token :  basin

Draft step 2: in_token=tensor([[57209]], device='cuda:6'), in_token_decoded= basin, end_index: 9439
Draft step 2, token  basin, predict_score 0.4178210496902466 < threshold 0.6, stopping draft
Verifying token 0: verify_id=279 ( the), draft_id=264 ( a), is_last=False, is_eos=False
Token 0 verification failed, accepting up to this token. is_last: False, is_eos: False, is_mismatch: True

Draft step 0: in_token=tensor([[279]], device='cuda:6'), in_token_decoded= the, end_index: 9438
predicted_token: 57209, predict_score: 0.14762067794799805, token :  basin

Draft step 1: in_token=tensor([[57209]], device='cuda:6'), in_token_decoded= basin, end_index: 9439
Draft step 1, token  basin, predict_score 0.14762067794799805 < threshold 0.6, stopping draft
Verifying token 0: verify_id=23387 ( oven), draft_id=57209 ( basin), is_last=False, is_eos=False
Token 0 verification failed, accepting up to this token. is_last: False, is_eos: False, is_mismatch: True

Draft step 0: in_token=tensor([[23387]], device='cuda:6'), in_token_decoded= oven, end_index: 9439
predicted_token: 13, predict_score: 0.6259720921516418, token : .

Draft step 1: in_token=tensor([[13]], device='cuda:6'), in_token_decoded=., end_index: 9440
predicted_token: 151645, predict_score: 0.9908846020698547, token : <|im_end|>
Verifying token 0: verify_id=13 (.), draft_id=13 (.), is_last=False, is_eos=False
Verifying token 1: verify_id=151645 (<|im_end|>), draft_id=151645 (<|im_end|>), is_last=False, is_eos=True
Token 1 verification failed, accepting up to this token. is_last: False, is_eos: True, is_mismatch: False
New tokens: ["The dough is kneaded by pressing and folding it, then placed into a dough mixer, and the person's hands continue to work it inside the mixer, with the mixer's blades turning to further knead the dough, and the person then picks up a piece of dough and places it on the metal surface, with other pieces of dough and a small container nearby, and the person continues to knead the dough on the metal surface, with the dough appearing well-kneaded and smooth, and the person is preparing to place the dough into the oven.<|im_end|>"]
Total new tokens generated: 112
[Spec] avg_accept=1.31 | tokens=112 | context_len=9329
[Adapter] acc=27/98 (27.6%) | avg_confidence=0.418 | context_len=9329
\n===== Lossless Check =====
Speculative output: The dough is kneaded by pressing and folding it, then placed into a dough mixer, and the person's hands continue to work it inside the mixer, with the mixer's blades turning to further knead the dough, and the person then picks up a piece of dough and places it on the metal surface, with other pieces of dough and a small container nearby, and the person continues to knead the dough on the metal surface, with the dough appearing well-kneaded and smooth, and the person is preparing to place the dough into the oven.
AR manual output:   The dough is kneaded by pressing and folding it, then placed into a dough mixer, and the person's hands continue to work it inside the mixer, with the mixer's blades turning to further knead the dough, and the person then picks up a piece of dough and places it on the metal surface, with other pieces of dough and a small container nearby, and the person continues to knead the dough on the metal surface, with the dough appearing well-kneaded and smooth, and the person is preparing to place the dough into the oven.
Exact match: True
OK: Outputs match. Speculative decoding is lossless.
Speedup: 1.06x
Speedup_decode: 1.02x
Spec decode tok/s: 30.56
AR decode tok/s:   29.87
 first token :NO

Draft step 0: in_token=tensor([[8996]], device='cuda:6'), in_token_decoded=NO, end_index: 9503
predicted_token: 315, predict_score: 0.23682311177253723, token :  of

Draft step 1: in_token=tensor([[315]], device='cuda:6'), in_token_decoded= of, end_index: 9504
Draft step 1, token  of, predict_score 0.23682311177253723 < threshold 0.6, stopping draft
Verifying token 0: verify_id=3596 ( RE), draft_id=315 ( of), is_last=False, is_eos=False
Token 0 verification failed, accepting up to this token. is_last: False, is_eos: False, is_mismatch: True

Draft step 0: in_token=tensor([[3596]], device='cuda:6'), in_token_decoded= RE, end_index: 9504
predicted_token: 453, predict_score: 0.06603818386793137, token : op

Draft step 1: in_token=tensor([[453]], device='cuda:6'), in_token_decoded=op, end_index: 9505
Draft step 1, token op, predict_score 0.06603818386793137 < threshold 0.6, stopping draft
Verifying token 0: verify_id=24834 (PLY), draft_id=453 (op), is_last=False, is_eos=False
Token 0 verification failed, accepting up to this token. is_last: False, is_eos: False, is_mismatch: True

Draft step 0: in_token=tensor([[24834]], device='cuda:6'), in_token_decoded=PLY, end_index: 9505
predicted_token: 315, predict_score: 0.1989332139492035, token :  of

Draft step 1: in_token=tensor([[315]], device='cuda:6'), in_token_decoded= of, end_index: 9506
Draft step 1, token  of, predict_score 0.1989332139492035 < threshold 0.6, stopping draft
Verifying token 0: verify_id=151645 (<|im_end|>), draft_id=315 ( of), is_last=False, is_eos=True
Token 0 verification failed, accepting up to this token. is_last: False, is_eos: True, is_mismatch: True
New tokens: ['NO REPLY<|im_end|>']
Total new tokens generated: 4
[Spec] avg_accept=1.00 | tokens=4 | context_len=9502
[Adapter] acc=0/3 (0.0%) | avg_confidence=0.167 | context_len=9502
\n===== Lossless Check =====
Speculative output: NO REPLY
AR manual output:   NO REPLY
Exact match: True
OK: Outputs match. Speculative decoding is lossless.
Speedup: 0.48x
Speedup_decode: 0.55x
Spec decode tok/s: 21.57
AR decode tok/s:   38.95
 first token :NO

Draft step 0: in_token=tensor([[8996]], device='cuda:6'), in_token_decoded=NO, end_index: 9568
predicted_token: 315, predict_score: 0.22195175290107727, token :  of

Draft step 1: in_token=tensor([[315]], device='cuda:6'), in_token_decoded= of, end_index: 9569
Draft step 1, token  of, predict_score 0.22195175290107727 < threshold 0.6, stopping draft
Verifying token 0: verify_id=3596 ( RE), draft_id=315 ( of), is_last=False, is_eos=False
Token 0 verification failed, accepting up to this token. is_last: False, is_eos: False, is_mismatch: True

Draft step 0: in_token=tensor([[3596]], device='cuda:6'), in_token_decoded= RE, end_index: 9569
predicted_token: 453, predict_score: 0.06932740658521652, token : op

Draft step 1: in_token=tensor([[453]], device='cuda:6'), in_token_decoded=op, end_index: 9570
Draft step 1, token op, predict_score 0.06932740658521652 < threshold 0.6, stopping draft
Verifying token 0: verify_id=24834 (PLY), draft_id=453 (op), is_last=False, is_eos=False
Token 0 verification failed, accepting up to this token. is_last: False, is_eos: False, is_mismatch: True

Draft step 0: in_token=tensor([[24834]], device='cuda:6'), in_token_decoded=PLY, end_index: 9570
predicted_token: 315, predict_score: 0.29344722628593445, token :  of

Draft step 1: in_token=tensor([[315]], device='cuda:6'), in_token_decoded= of, end_index: 9571
Draft step 1, token  of, predict_score 0.29344722628593445 < threshold 0.6, stopping draft
Verifying token 0: verify_id=151645 (<|im_end|>), draft_id=315 ( of), is_last=False, is_eos=True
Token 0 verification failed, accepting up to this token. is_last: False, is_eos: True, is_mismatch: True
New tokens: ['NO REPLY<|im_end|>']
Total new tokens generated: 4
[Spec] avg_accept=1.00 | tokens=4 | context_len=9567
[Adapter] acc=0/3 (0.0%) | avg_confidence=0.195 | context_len=9567
\n===== Lossless Check =====
Speculative output: NO REPLY
AR manual output:   NO REPLY
Exact match: True
OK: Outputs match. Speculative decoding is lossless.
Speedup: 0.65x
Speedup_decode: 0.57x
Spec decode tok/s: 22.00
AR decode tok/s:   38.69
 first token :NO

Draft step 0: in_token=tensor([[8996]], device='cuda:6'), in_token_decoded=NO, end_index: 9633
predicted_token: 315, predict_score: 0.18042707443237305, token :  of

Draft step 1: in_token=tensor([[315]], device='cuda:6'), in_token_decoded= of, end_index: 9634
Draft step 1, token  of, predict_score 0.18042707443237305 < threshold 0.6, stopping draft
Verifying token 0: verify_id=3596 ( RE), draft_id=315 ( of), is_last=False, is_eos=False
Token 0 verification failed, accepting up to this token. is_last: False, is_eos: False, is_mismatch: True

Draft step 0: in_token=tensor([[3596]], device='cuda:6'), in_token_decoded= RE, end_index: 9634
predicted_token: 453, predict_score: 0.03951314091682434, token : op

Draft step 1: in_token=tensor([[453]], device='cuda:6'), in_token_decoded=op, end_index: 9635
Draft step 1, token op, predict_score 0.03951314091682434 < threshold 0.6, stopping draft
Verifying token 0: verify_id=24834 (PLY), draft_id=453 (op), is_last=False, is_eos=False
Token 0 verification failed, accepting up to this token. is_last: False, is_eos: False, is_mismatch: True

Draft step 0: in_token=tensor([[24834]], device='cuda:6'), in_token_decoded=PLY, end_index: 9635
predicted_token: 315, predict_score: 0.3533618152141571, token :  of

Draft step 1: in_token=tensor([[315]], device='cuda:6'), in_token_decoded= of, end_index: 9636
Draft step 1, token  of, predict_score 0.3533618152141571 < threshold 0.6, stopping draft
Verifying token 0: verify_id=151645 (<|im_end|>), draft_id=315 ( of), is_last=False, is_eos=True
Token 0 verification failed, accepting up to this token. is_last: False, is_eos: True, is_mismatch: True
New tokens: ['NO REPLY<|im_end|>']
Total new tokens generated: 4
[Spec] avg_accept=1.00 | tokens=4 | context_len=9632
[Adapter] acc=0/3 (0.0%) | avg_confidence=0.191 | context_len=9632
\n===== Lossless Check =====
Speculative output: NO REPLY
AR manual output:   NO REPLY
Exact match: True
OK: Outputs match. Speculative decoding is lossless.
Speedup: 0.65x
Speedup_decode: 0.61x
Spec decode tok/s: 23.49
AR decode tok/s:   38.75
 first token :NO

Draft step 0: in_token=tensor([[8996]], device='cuda:6'), in_token_decoded=NO, end_index: 9698
predicted_token: 8996, predict_score: 0.12484505772590637, token : NO

Draft step 1: in_token=tensor([[8996]], device='cuda:6'), in_token_decoded=NO, end_index: 9699
Draft step 1, token NO, predict_score 0.12484505772590637 < threshold 0.6, stopping draft
Verifying token 0: verify_id=3596 ( RE), draft_id=8996 (NO), is_last=False, is_eos=False
Token 0 verification failed, accepting up to this token. is_last: False, is_eos: False, is_mismatch: True

Draft step 0: in_token=tensor([[3596]], device='cuda:6'), in_token_decoded= RE, end_index: 9699
predicted_token: 453, predict_score: 0.044852837920188904, token : op

Draft step 1: in_token=tensor([[453]], device='cuda:6'), in_token_decoded=op, end_index: 9700
Draft step 1, token op, predict_score 0.044852837920188904 < threshold 0.6, stopping draft
Verifying token 0: verify_id=24834 (PLY), draft_id=453 (op), is_last=False, is_eos=False
Token 0 verification failed, accepting up to this token. is_last: False, is_eos: False, is_mismatch: True

Draft step 0: in_token=tensor([[24834]], device='cuda:6'), in_token_decoded=PLY, end_index: 9700
predicted_token: 315, predict_score: 0.20015881955623627, token :  of

Draft step 1: in_token=tensor([[315]], device='cuda:6'), in_token_decoded= of, end_index: 9701
Draft step 1, token  of, predict_score 0.20015881955623627 < threshold 0.6, stopping draft
Verifying token 0: verify_id=151645 (<|im_end|>), draft_id=315 ( of), is_last=False, is_eos=True
Token 0 verification failed, accepting up to this token. is_last: False, is_eos: True, is_mismatch: True
New tokens: ['NO REPLY<|im_end|>']
Total new tokens generated: 4
[Spec] avg_accept=1.00 | tokens=4 | context_len=9697
[Adapter] acc=0/3 (0.0%) | avg_confidence=0.123 | context_len=9697
\n===== Lossless Check =====
Speculative output: NO REPLY
AR manual output:   NO REPLY
Exact match: True
OK: Outputs match. Speculative decoding is lossless.
Speedup: 0.65x
Speedup_decode: 0.54x
Spec decode tok/s: 20.99
AR decode tok/s:   39.04
 first token :NO

Draft step 0: in_token=tensor([[8996]], device='cuda:6'), in_token_decoded=NO, end_index: 9763
predicted_token: 8996, predict_score: 0.10234540700912476, token : NO

Draft step 1: in_token=tensor([[8996]], device='cuda:6'), in_token_decoded=NO, end_index: 9764
Draft step 1, token NO, predict_score 0.10234540700912476 < threshold 0.6, stopping draft
Verifying token 0: verify_id=3596 ( RE), draft_id=8996 (NO), is_last=False, is_eos=False
Token 0 verification failed, accepting up to this token. is_last: False, is_eos: False, is_mismatch: True

Draft step 0: in_token=tensor([[3596]], device='cuda:6'), in_token_decoded= RE, end_index: 9764
predicted_token: 453, predict_score: 0.04236122965812683, token : op

Draft step 1: in_token=tensor([[453]], device='cuda:6'), in_token_decoded=op, end_index: 9765
Draft step 1, token op, predict_score 0.04236122965812683 < threshold 0.6, stopping draft
Verifying token 0: verify_id=24834 (PLY), draft_id=453 (op), is_last=False, is_eos=False
Token 0 verification failed, accepting up to this token. is_last: False, is_eos: False, is_mismatch: True

Draft step 0: in_token=tensor([[24834]], device='cuda:6'), in_token_decoded=PLY, end_index: 9765
predicted_token: 315, predict_score: 0.23540116846561432, token :  of

Draft step 1: in_token=tensor([[315]], device='cuda:6'), in_token_decoded= of, end_index: 9766
Draft step 1, token  of, predict_score 0.23540116846561432 < threshold 0.6, stopping draft
Verifying token 0: verify_id=151645 (<|im_end|>), draft_id=315 ( of), is_last=False, is_eos=True
Token 0 verification failed, accepting up to this token. is_last: False, is_eos: True, is_mismatch: True
New tokens: ['NO REPLY<|im_end|>']
Total new tokens generated: 4
[Spec] avg_accept=1.00 | tokens=4 | context_len=9762
[Adapter] acc=0/3 (0.0%) | avg_confidence=0.127 | context_len=9762
\n===== Lossless Check =====
Speculative output: NO REPLY
AR manual output:   NO REPLY
Exact match: True
OK: Outputs match. Speculative decoding is lossless.
Speedup: 0.65x
Speedup_decode: 0.59x
Spec decode tok/s: 22.90
AR decode tok/s:   38.93
 first token :NO

Draft step 0: in_token=tensor([[8996]], device='cuda:6'), in_token_decoded=NO, end_index: 9828
predicted_token: 315, predict_score: 0.12361939251422882, token :  of

Draft step 1: in_token=tensor([[315]], device='cuda:6'), in_token_decoded= of, end_index: 9829
Draft step 1, token  of, predict_score 0.12361939251422882 < threshold 0.6, stopping draft
Verifying token 0: verify_id=3596 ( RE), draft_id=315 ( of), is_last=False, is_eos=False
Token 0 verification failed, accepting up to this token. is_last: False, is_eos: False, is_mismatch: True

Draft step 0: in_token=tensor([[3596]], device='cuda:6'), in_token_decoded= RE, end_index: 9829
predicted_token: 453, predict_score: 0.037145137786865234, token : op

Draft step 1: in_token=tensor([[453]], device='cuda:6'), in_token_decoded=op, end_index: 9830
Draft step 1, token op, predict_score 0.037145137786865234 < threshold 0.6, stopping draft
Verifying token 0: verify_id=24834 (PLY), draft_id=453 (op), is_last=False, is_eos=False
Token 0 verification failed, accepting up to this token. is_last: False, is_eos: False, is_mismatch: True

Draft step 0: in_token=tensor([[24834]], device='cuda:6'), in_token_decoded=PLY, end_index: 9830
predicted_token: 315, predict_score: 0.2649705708026886, token :  of

Draft step 1: in_token=tensor([[315]], device='cuda:6'), in_token_decoded= of, end_index: 9831
Draft step 1, token  of, predict_score 0.2649705708026886 < threshold 0.6, stopping draft
Verifying token 0: verify_id=151645 (<|im_end|>), draft_id=315 ( of), is_last=False, is_eos=True
Token 0 verification failed, accepting up to this token. is_last: False, is_eos: True, is_mismatch: True
New tokens: ['NO REPLY<|im_end|>']
Total new tokens generated: 4
[Spec] avg_accept=1.00 | tokens=4 | context_len=9827
[Adapter] acc=0/3 (0.0%) | avg_confidence=0.142 | context_len=9827
\n===== Lossless Check =====
Speculative output: NO REPLY
AR manual output:   NO REPLY
Exact match: True
OK: Outputs match. Speculative decoding is lossless.
Speedup: 0.46x
Speedup_decode: 0.51x
Spec decode tok/s: 19.77
AR decode tok/s:   38.48
 first token :NO

Draft step 0: in_token=tensor([[8996]], device='cuda:6'), in_token_decoded=NO, end_index: 9893
predicted_token: 315, predict_score: 0.08932642638683319, token :  of

Draft step 1: in_token=tensor([[315]], device='cuda:6'), in_token_decoded= of, end_index: 9894
Draft step 1, token  of, predict_score 0.08932642638683319 < threshold 0.6, stopping draft
Verifying token 0: verify_id=3596 ( RE), draft_id=315 ( of), is_last=False, is_eos=False
Token 0 verification failed, accepting up to this token. is_last: False, is_eos: False, is_mismatch: True

Draft step 0: in_token=tensor([[3596]], device='cuda:6'), in_token_decoded= RE, end_index: 9894
predicted_token: 453, predict_score: 0.03962297365069389, token : op

Draft step 1: in_token=tensor([[453]], device='cuda:6'), in_token_decoded=op, end_index: 9895
Draft step 1, token op, predict_score 0.03962297365069389 < threshold 0.6, stopping draft
Verifying token 0: verify_id=24834 (PLY), draft_id=453 (op), is_last=False, is_eos=False
Token 0 verification failed, accepting up to this token. is_last: False, is_eos: False, is_mismatch: True

Draft step 0: in_token=tensor([[24834]], device='cuda:6'), in_token_decoded=PLY, end_index: 9895
predicted_token: 315, predict_score: 0.20075161755084991, token :  of

Draft step 1: in_token=tensor([[315]], device='cuda:6'), in_token_decoded= of, end_index: 9896
Draft step 1, token  of, predict_score 0.20075161755084991 < threshold 0.6, stopping draft
Verifying token 0: verify_id=151645 (<|im_end|>), draft_id=315 ( of), is_last=False, is_eos=True
Token 0 verification failed, accepting up to this token. is_last: False, is_eos: True, is_mismatch: True
New tokens: ['NO REPLY<|im_end|>']
Total new tokens generated: 4
[Spec] avg_accept=1.00 | tokens=4 | context_len=9892
[Adapter] acc=0/3 (0.0%) | avg_confidence=0.110 | context_len=9892
\n===== Lossless Check =====
Speculative output: NO REPLY
AR manual output:   NO REPLY
Exact match: True
OK: Outputs match. Speculative decoding is lossless.
Speedup: 0.65x
Speedup_decode: 0.59x
Spec decode tok/s: 22.80
AR decode tok/s:   38.58
 first token :NO

Draft step 0: in_token=tensor([[8996]], device='cuda:6'), in_token_decoded=NO, end_index: 9958
predicted_token: 315, predict_score: 0.0588078573346138, token :  of

Draft step 1: in_token=tensor([[315]], device='cuda:6'), in_token_decoded= of, end_index: 9959
Draft step 1, token  of, predict_score 0.0588078573346138 < threshold 0.6, stopping draft
Verifying token 0: verify_id=3596 ( RE), draft_id=315 ( of), is_last=False, is_eos=False
Token 0 verification failed, accepting up to this token. is_last: False, is_eos: False, is_mismatch: True

Draft step 0: in_token=tensor([[3596]], device='cuda:6'), in_token_decoded= RE, end_index: 9959
predicted_token: 453, predict_score: 0.03585134446620941, token : op

Draft step 1: in_token=tensor([[453]], device='cuda:6'), in_token_decoded=op, end_index: 9960
Draft step 1, token op, predict_score 0.03585134446620941 < threshold 0.6, stopping draft
Verifying token 0: verify_id=24834 (PLY), draft_id=453 (op), is_last=False, is_eos=False
Token 0 verification failed, accepting up to this token. is_last: False, is_eos: False, is_mismatch: True

Draft step 0: in_token=tensor([[24834]], device='cuda:6'), in_token_decoded=PLY, end_index: 9960
predicted_token: 315, predict_score: 0.2347274273633957, token :  of

Draft step 1: in_token=tensor([[315]], device='cuda:6'), in_token_decoded= of, end_index: 9961
Draft step 1, token  of, predict_score 0.2347274273633957 < threshold 0.6, stopping draft
Verifying token 0: verify_id=151645 (<|im_end|>), draft_id=315 ( of), is_last=False, is_eos=True
Token 0 verification failed, accepting up to this token. is_last: False, is_eos: True, is_mismatch: True
New tokens: ['NO REPLY<|im_end|>']
Total new tokens generated: 4
[Spec] avg_accept=1.00 | tokens=4 | context_len=9957
[Adapter] acc=0/3 (0.0%) | avg_confidence=0.110 | context_len=9957
\n===== Lossless Check =====
Speculative output: NO REPLY
AR manual output:   NO REPLY
Exact match: True
OK: Outputs match. Speculative decoding is lossless.
Speedup: 0.65x
Speedup_decode: 0.53x
Spec decode tok/s: 20.66
AR decode tok/s:   38.75
 first token :NO

Draft step 0: in_token=tensor([[8996]], device='cuda:6'), in_token_decoded=NO, end_index: 10023
predicted_token: 8996, predict_score: 0.10182836651802063, token : NO

Draft step 1: in_token=tensor([[8996]], device='cuda:6'), in_token_decoded=NO, end_index: 10024
Draft step 1, token NO, predict_score 0.10182836651802063 < threshold 0.6, stopping draft
Verifying token 0: verify_id=3596 ( RE), draft_id=8996 (NO), is_last=False, is_eos=False
Token 0 verification failed, accepting up to this token. is_last: False, is_eos: False, is_mismatch: True

Draft step 0: in_token=tensor([[3596]], device='cuda:6'), in_token_decoded= RE, end_index: 10024
predicted_token: 453, predict_score: 0.02716688998043537, token : op

Draft step 1: in_token=tensor([[453]], device='cuda:6'), in_token_decoded=op, end_index: 10025
Draft step 1, token op, predict_score 0.02716688998043537 < threshold 0.6, stopping draft
Verifying token 0: verify_id=24834 (PLY), draft_id=453 (op), is_last=False, is_eos=False
Token 0 verification failed, accepting up to this token. is_last: False, is_eos: False, is_mismatch: True

Draft step 0: in_token=tensor([[24834]], device='cuda:6'), in_token_decoded=PLY, end_index: 10025
predicted_token: 315, predict_score: 0.2192651331424713, token :  of

Draft step 1: in_token=tensor([[315]], device='cuda:6'), in_token_decoded= of, end_index: 10026
Draft step 1, token  of, predict_score 0.2192651331424713 < threshold 0.6, stopping draft
Verifying token 0: verify_id=151645 (<|im_end|>), draft_id=315 ( of), is_last=False, is_eos=True
Token 0 verification failed, accepting up to this token. is_last: False, is_eos: True, is_mismatch: True
New tokens: ['NO REPLY<|im_end|>']
Total new tokens generated: 4
[Spec] avg_accept=1.00 | tokens=4 | context_len=10022
[Adapter] acc=0/3 (0.0%) | avg_confidence=0.116 | context_len=10022
\n===== Lossless Check =====
Speculative output: NO REPLY
AR manual output:   NO REPLY
Exact match: True
OK: Outputs match. Speculative decoding is lossless.
Speedup: 0.65x
Speedup_decode: 0.57x
Spec decode tok/s: 22.11
AR decode tok/s:   39.04
 first token :NO

Draft step 0: in_token=tensor([[8996]], device='cuda:6'), in_token_decoded=NO, end_index: 10088
predicted_token: 8996, predict_score: 0.1353393793106079, token : NO

Draft step 1: in_token=tensor([[8996]], device='cuda:6'), in_token_decoded=NO, end_index: 10089
Draft step 1, token NO, predict_score 0.1353393793106079 < threshold 0.6, stopping draft
Verifying token 0: verify_id=3596 ( RE), draft_id=8996 (NO), is_last=False, is_eos=False
Token 0 verification failed, accepting up to this token. is_last: False, is_eos: False, is_mismatch: True

Draft step 0: in_token=tensor([[3596]], device='cuda:6'), in_token_decoded= RE, end_index: 10089
predicted_token: 453, predict_score: 0.02807272970676422, token : op

Draft step 1: in_token=tensor([[453]], device='cuda:6'), in_token_decoded=op, end_index: 10090
Draft step 1, token op, predict_score 0.02807272970676422 < threshold 0.6, stopping draft
Verifying token 0: verify_id=24834 (PLY), draft_id=453 (op), is_last=False, is_eos=False
Token 0 verification failed, accepting up to this token. is_last: False, is_eos: False, is_mismatch: True

Draft step 0: in_token=tensor([[24834]], device='cuda:6'), in_token_decoded=PLY, end_index: 10090
predicted_token: 13, predict_score: 0.1300463229417801, token : .

Draft step 1: in_token=tensor([[13]], device='cuda:6'), in_token_decoded=., end_index: 10091
Draft step 1, token ., predict_score 0.1300463229417801 < threshold 0.6, stopping draft
Verifying token 0: verify_id=151645 (<|im_end|>), draft_id=13 (.), is_last=False, is_eos=True
Token 0 verification failed, accepting up to this token. is_last: False, is_eos: True, is_mismatch: True
New tokens: ['NO REPLY<|im_end|>']
Total new tokens generated: 4
[Spec] avg_accept=1.00 | tokens=4 | context_len=10087
[Adapter] acc=0/3 (0.0%) | avg_confidence=0.098 | context_len=10087
\n===== Lossless Check =====
Speculative output: NO REPLY
AR manual output:   NO REPLY
Exact match: True
OK: Outputs match. Speculative decoding is lossless.
Speedup: 0.57x
Speedup_decode: 0.50x
Spec decode tok/s: 19.33
AR decode tok/s:   38.59
 first token :NO

Draft step 0: in_token=tensor([[8996]], device='cuda:6'), in_token_decoded=NO, end_index: 10153
predicted_token: 8996, predict_score: 0.2999902367591858, token : NO

Draft step 1: in_token=tensor([[8996]], device='cuda:6'), in_token_decoded=NO, end_index: 10154
Draft step 1, token NO, predict_score 0.2999902367591858 < threshold 0.6, stopping draft
Verifying token 0: verify_id=3596 ( RE), draft_id=8996 (NO), is_last=False, is_eos=False
Token 0 verification failed, accepting up to this token. is_last: False, is_eos: False, is_mismatch: True

Draft step 0: in_token=tensor([[3596]], device='cuda:6'), in_token_decoded= RE, end_index: 10154
predicted_token: 453, predict_score: 0.03774687647819519, token : op

Draft step 1: in_token=tensor([[453]], device='cuda:6'), in_token_decoded=op, end_index: 10155
Draft step 1, token op, predict_score 0.03774687647819519 < threshold 0.6, stopping draft
Verifying token 0: verify_id=24834 (PLY), draft_id=453 (op), is_last=False, is_eos=False
Token 0 verification failed, accepting up to this token. is_last: False, is_eos: False, is_mismatch: True

Draft step 0: in_token=tensor([[24834]], device='cuda:6'), in_token_decoded=PLY, end_index: 10155
predicted_token: 315, predict_score: 0.1683276891708374, token :  of

Draft step 1: in_token=tensor([[315]], device='cuda:6'), in_token_decoded= of, end_index: 10156
Draft step 1, token  of, predict_score 0.1683276891708374 < threshold 0.6, stopping draft
Verifying token 0: verify_id=151645 (<|im_end|>), draft_id=315 ( of), is_last=False, is_eos=True
Token 0 verification failed, accepting up to this token. is_last: False, is_eos: True, is_mismatch: True
New tokens: ['NO REPLY<|im_end|>']
Total new tokens generated: 4
[Spec] avg_accept=1.00 | tokens=4 | context_len=10152
[Adapter] acc=0/3 (0.0%) | avg_confidence=0.169 | context_len=10152
\n===== Lossless Check =====
Speculative output: NO REPLY
AR manual output:   NO REPLY
Exact match: True
OK: Outputs match. Speculative decoding is lossless.
Speedup: 0.48x
Speedup_decode: 0.56x
Spec decode tok/s: 21.30
AR decode tok/s:   38.32
 first token :NO

Draft step 0: in_token=tensor([[8996]], device='cuda:6'), in_token_decoded=NO, end_index: 10218
predicted_token: 8996, predict_score: 0.05722299963235855, token : NO

Draft step 1: in_token=tensor([[8996]], device='cuda:6'), in_token_decoded=NO, end_index: 10219
Draft step 1, token NO, predict_score 0.05722299963235855 < threshold 0.6, stopping draft
Verifying token 0: verify_id=3596 ( RE), draft_id=8996 (NO), is_last=False, is_eos=False
Token 0 verification failed, accepting up to this token. is_last: False, is_eos: False, is_mismatch: True

Draft step 0: in_token=tensor([[3596]], device='cuda:6'), in_token_decoded= RE, end_index: 10219
predicted_token: 453, predict_score: 0.034266915172338486, token : op

Draft step 1: in_token=tensor([[453]], device='cuda:6'), in_token_decoded=op, end_index: 10220
Draft step 1, token op, predict_score 0.034266915172338486 < threshold 0.6, stopping draft
Verifying token 0: verify_id=24834 (PLY), draft_id=453 (op), is_last=False, is_eos=False
Token 0 verification failed, accepting up to this token. is_last: False, is_eos: False, is_mismatch: True

Draft step 0: in_token=tensor([[24834]], device='cuda:6'), in_token_decoded=PLY, end_index: 10220
predicted_token: 315, predict_score: 0.14915674924850464, token :  of

Draft step 1: in_token=tensor([[315]], device='cuda:6'), in_token_decoded= of, end_index: 10221
Draft step 1, token  of, predict_score 0.14915674924850464 < threshold 0.6, stopping draft
Verifying token 0: verify_id=151645 (<|im_end|>), draft_id=315 ( of), is_last=False, is_eos=True
Token 0 verification failed, accepting up to this token. is_last: False, is_eos: True, is_mismatch: True
New tokens: ['NO REPLY<|im_end|>']
Total new tokens generated: 4
[Spec] avg_accept=1.00 | tokens=4 | context_len=10217
[Adapter] acc=0/3 (0.0%) | avg_confidence=0.080 | context_len=10217
\n===== Lossless Check =====
Speculative output: NO REPLY
AR manual output:   NO REPLY
Exact match: True
OK: Outputs match. Speculative decoding is lossless.
Speedup: 0.64x
Speedup_decode: 0.53x
Spec decode tok/s: 20.35
AR decode tok/s:   38.04
 first token :NO

Draft step 0: in_token=tensor([[8996]], device='cuda:6'), in_token_decoded=NO, end_index: 10283
predicted_token: 13, predict_score: 0.07831084728240967, token : .

Draft step 1: in_token=tensor([[13]], device='cuda:6'), in_token_decoded=., end_index: 10284
Draft step 1, token ., predict_score 0.07831084728240967 < threshold 0.6, stopping draft
Verifying token 0: verify_id=3596 ( RE), draft_id=13 (.), is_last=False, is_eos=False
Token 0 verification failed, accepting up to this token. is_last: False, is_eos: False, is_mismatch: True

Draft step 0: in_token=tensor([[3596]], device='cuda:6'), in_token_decoded= RE, end_index: 10284
predicted_token: 3137, predict_score: 0.03024529293179512, token :  button

Draft step 1: in_token=tensor([[3137]], device='cuda:6'), in_token_decoded= button, end_index: 10285
Draft step 1, token  button, predict_score 0.03024529293179512 < threshold 0.6, stopping draft
Verifying token 0: verify_id=24834 (PLY), draft_id=3137 ( button), is_last=False, is_eos=False
Token 0 verification failed, accepting up to this token. is_last: False, is_eos: False, is_mismatch: True

Draft step 0: in_token=tensor([[24834]], device='cuda:6'), in_token_decoded=PLY, end_index: 10285
predicted_token: 315, predict_score: 0.15400882065296173, token :  of

Draft step 1: in_token=tensor([[315]], device='cuda:6'), in_token_decoded= of, end_index: 10286
Draft step 1, token  of, predict_score 0.15400882065296173 < threshold 0.6, stopping draft
Verifying token 0: verify_id=151645 (<|im_end|>), draft_id=315 ( of), is_last=False, is_eos=True
Token 0 verification failed, accepting up to this token. is_last: False, is_eos: True, is_mismatch: True
New tokens: ['NO REPLY<|im_end|>']
Total new tokens generated: 4
[Spec] avg_accept=1.00 | tokens=4 | context_len=10282
[Adapter] acc=0/3 (0.0%) | avg_confidence=0.088 | context_len=10282
\n===== Lossless Check =====
Speculative output: NO REPLY
AR manual output:   NO REPLY
Exact match: True
OK: Outputs match. Speculative decoding is lossless.
Speedup: 0.66x
Speedup_decode: 0.56x
Spec decode tok/s: 21.61
AR decode tok/s:   38.35
 first token :NO

Draft step 0: in_token=tensor([[8996]], device='cuda:6'), in_token_decoded=NO, end_index: 10348
predicted_token: 315, predict_score: 0.04145052656531334, token :  of

Draft step 1: in_token=tensor([[315]], device='cuda:6'), in_token_decoded= of, end_index: 10349
Draft step 1, token  of, predict_score 0.04145052656531334 < threshold 0.6, stopping draft
Verifying token 0: verify_id=3596 ( RE), draft_id=315 ( of), is_last=False, is_eos=False
Token 0 verification failed, accepting up to this token. is_last: False, is_eos: False, is_mismatch: True

Draft step 0: in_token=tensor([[3596]], device='cuda:6'), in_token_decoded= RE, end_index: 10349
predicted_token: 26646, predict_score: 0.0196143239736557, token :  twist

Draft step 1: in_token=tensor([[26646]], device='cuda:6'), in_token_decoded= twist, end_index: 10350
Draft step 1, token  twist, predict_score 0.0196143239736557 < threshold 0.6, stopping draft
Verifying token 0: verify_id=24834 (PLY), draft_id=26646 ( twist), is_last=False, is_eos=False
Token 0 verification failed, accepting up to this token. is_last: False, is_eos: False, is_mismatch: True

Draft step 0: in_token=tensor([[24834]], device='cuda:6'), in_token_decoded=PLY, end_index: 10350
predicted_token: 315, predict_score: 0.15039533376693726, token :  of

Draft step 1: in_token=tensor([[315]], device='cuda:6'), in_token_decoded= of, end_index: 10351
Draft step 1, token  of, predict_score 0.15039533376693726 < threshold 0.6, stopping draft
Verifying token 0: verify_id=151645 (<|im_end|>), draft_id=315 ( of), is_last=False, is_eos=True
Token 0 verification failed, accepting up to this token. is_last: False, is_eos: True, is_mismatch: True
New tokens: ['NO REPLY<|im_end|>']
Total new tokens generated: 4
[Spec] avg_accept=1.00 | tokens=4 | context_len=10347
[Adapter] acc=0/3 (0.0%) | avg_confidence=0.070 | context_len=10347
\n===== Lossless Check =====
Speculative output: NO REPLY
AR manual output:   NO REPLY
Exact match: True
OK: Outputs match. Speculative decoding is lossless.
Speedup: 0.66x
Speedup_decode: 0.52x
Spec decode tok/s: 19.94
AR decode tok/s:   38.13
 first token :NO

Draft step 0: in_token=tensor([[8996]], device='cuda:6'), in_token_decoded=NO, end_index: 10413
predicted_token: 13, predict_score: 0.1448611170053482, token : .

Draft step 1: in_token=tensor([[13]], device='cuda:6'), in_token_decoded=., end_index: 10414
Draft step 1, token ., predict_score 0.1448611170053482 < threshold 0.6, stopping draft
Verifying token 0: verify_id=3596 ( RE), draft_id=13 (.), is_last=False, is_eos=False
Token 0 verification failed, accepting up to this token. is_last: False, is_eos: False, is_mismatch: True

Draft step 0: in_token=tensor([[3596]], device='cuda:6'), in_token_decoded= RE, end_index: 10414
predicted_token: 3137, predict_score: 0.02652621828019619, token :  button

Draft step 1: in_token=tensor([[3137]], device='cuda:6'), in_token_decoded= button, end_index: 10415
Draft step 1, token  button, predict_score 0.02652621828019619 < threshold 0.6, stopping draft
Verifying token 0: verify_id=24834 (PLY), draft_id=3137 ( button), is_last=False, is_eos=False
Token 0 verification failed, accepting up to this token. is_last: False, is_eos: False, is_mismatch: True

Draft step 0: in_token=tensor([[24834]], device='cuda:6'), in_token_decoded=PLY, end_index: 10415
predicted_token: 315, predict_score: 0.09301719814538956, token :  of

Draft step 1: in_token=tensor([[315]], device='cuda:6'), in_token_decoded= of, end_index: 10416
Draft step 1, token  of, predict_score 0.09301719814538956 < threshold 0.6, stopping draft
Verifying token 0: verify_id=151645 (<|im_end|>), draft_id=315 ( of), is_last=False, is_eos=True
Token 0 verification failed, accepting up to this token. is_last: False, is_eos: True, is_mismatch: True
New tokens: ['NO REPLY<|im_end|>']
Total new tokens generated: 4
[Spec] avg_accept=1.00 | tokens=4 | context_len=10412
[Adapter] acc=0/3 (0.0%) | avg_confidence=0.088 | context_len=10412
\n===== Lossless Check =====
Speculative output: NO REPLY
AR manual output:   NO REPLY
Exact match: True
OK: Outputs match. Speculative decoding is lossless.
Speedup: 0.60x
Speedup_decode: 0.66x
Spec decode tok/s: 25.52
AR decode tok/s:   38.78
 first token :NO

Draft step 0: in_token=tensor([[8996]], device='cuda:6'), in_token_decoded=NO, end_index: 10478
predicted_token: 13, predict_score: 0.1410391926765442, token : .

Draft step 1: in_token=tensor([[13]], device='cuda:6'), in_token_decoded=., end_index: 10479
Draft step 1, token ., predict_score 0.1410391926765442 < threshold 0.6, stopping draft
Verifying token 0: verify_id=3596 ( RE), draft_id=13 (.), is_last=False, is_eos=False
Token 0 verification failed, accepting up to this token. is_last: False, is_eos: False, is_mismatch: True

Draft step 0: in_token=tensor([[3596]], device='cuda:6'), in_token_decoded= RE, end_index: 10479
predicted_token: 453, predict_score: 0.02828049100935459, token : op

Draft step 1: in_token=tensor([[453]], device='cuda:6'), in_token_decoded=op, end_index: 10480
Draft step 1, token op, predict_score 0.02828049100935459 < threshold 0.6, stopping draft
Verifying token 0: verify_id=24834 (PLY), draft_id=453 (op), is_last=False, is_eos=False
Token 0 verification failed, accepting up to this token. is_last: False, is_eos: False, is_mismatch: True

Draft step 0: in_token=tensor([[24834]], device='cuda:6'), in_token_decoded=PLY, end_index: 10480
predicted_token: 315, predict_score: 0.14028087258338928, token :  of

Draft step 1: in_token=tensor([[315]], device='cuda:6'), in_token_decoded= of, end_index: 10481
Draft step 1, token  of, predict_score 0.14028087258338928 < threshold 0.6, stopping draft
Verifying token 0: verify_id=151645 (<|im_end|>), draft_id=315 ( of), is_last=False, is_eos=True
Token 0 verification failed, accepting up to this token. is_last: False, is_eos: True, is_mismatch: True
New tokens: ['NO REPLY<|im_end|>']
Total new tokens generated: 4
[Spec] avg_accept=1.00 | tokens=4 | context_len=10477
[Adapter] acc=0/3 (0.0%) | avg_confidence=0.103 | context_len=10477
\n===== Lossless Check =====
Speculative output: NO REPLY
AR manual output:   NO REPLY
Exact match: True
OK: Outputs match. Speculative decoding is lossless.
Speedup: 0.64x
Speedup_decode: 0.52x
Spec decode tok/s: 20.21
AR decode tok/s:   38.86
 first token :NO

Draft step 0: in_token=tensor([[8996]], device='cuda:6'), in_token_decoded=NO, end_index: 10543
predicted_token: 13, predict_score: 0.1429881751537323, token : .

Draft step 1: in_token=tensor([[13]], device='cuda:6'), in_token_decoded=., end_index: 10544
Draft step 1, token ., predict_score 0.1429881751537323 < threshold 0.6, stopping draft
Verifying token 0: verify_id=3596 ( RE), draft_id=13 (.), is_last=False, is_eos=False
Token 0 verification failed, accepting up to this token. is_last: False, is_eos: False, is_mismatch: True

Draft step 0: in_token=tensor([[3596]], device='cuda:6'), in_token_decoded= RE, end_index: 10544
predicted_token: 389, predict_score: 0.028855063021183014, token :  on

Draft step 1: in_token=tensor([[389]], device='cuda:6'), in_token_decoded= on, end_index: 10545
Draft step 1, token  on, predict_score 0.028855063021183014 < threshold 0.6, stopping draft
Verifying token 0: verify_id=24834 (PLY), draft_id=389 ( on), is_last=False, is_eos=False
Token 0 verification failed, accepting up to this token. is_last: False, is_eos: False, is_mismatch: True

Draft step 0: in_token=tensor([[24834]], device='cuda:6'), in_token_decoded=PLY, end_index: 10545
predicted_token: 279, predict_score: 0.14322316646575928, token :  the

Draft step 1: in_token=tensor([[279]], device='cuda:6'), in_token_decoded= the, end_index: 10546
Draft step 1, token  the, predict_score 0.14322316646575928 < threshold 0.6, stopping draft
Verifying token 0: verify_id=151645 (<|im_end|>), draft_id=279 ( the), is_last=False, is_eos=True
Token 0 verification failed, accepting up to this token. is_last: False, is_eos: True, is_mismatch: True
New tokens: ['NO REPLY<|im_end|>']
Total new tokens generated: 4
[Spec] avg_accept=1.00 | tokens=4 | context_len=10542
[Adapter] acc=0/3 (0.0%) | avg_confidence=0.105 | context_len=10542
\n===== Lossless Check =====
Speculative output: NO REPLY
AR manual output:   NO REPLY
Exact match: True
OK: Outputs match. Speculative decoding is lossless.
Speedup: 0.65x
Speedup_decode: 0.55x
Spec decode tok/s: 20.96
AR decode tok/s:   38.22
 first token :NO

Draft step 0: in_token=tensor([[8996]], device='cuda:6'), in_token_decoded=NO, end_index: 10608
predicted_token: 13, predict_score: 0.07764670997858047, token : .

Draft step 1: in_token=tensor([[13]], device='cuda:6'), in_token_decoded=., end_index: 10609
Draft step 1, token ., predict_score 0.07764670997858047 < threshold 0.6, stopping draft
Verifying token 0: verify_id=3596 ( RE), draft_id=13 (.), is_last=False, is_eos=False
Token 0 verification failed, accepting up to this token. is_last: False, is_eos: False, is_mismatch: True

Draft step 0: in_token=tensor([[3596]], device='cuda:6'), in_token_decoded= RE, end_index: 10609
predicted_token: 453, predict_score: 0.026283446699380875, token : op

Draft step 1: in_token=tensor([[453]], device='cuda:6'), in_token_decoded=op, end_index: 10610
Draft step 1, token op, predict_score 0.026283446699380875 < threshold 0.6, stopping draft
Verifying token 0: verify_id=24834 (PLY), draft_id=453 (op), is_last=False, is_eos=False
Token 0 verification failed, accepting up to this token. is_last: False, is_eos: False, is_mismatch: True

Draft step 0: in_token=tensor([[24834]], device='cuda:6'), in_token_decoded=PLY, end_index: 10610
predicted_token: 315, predict_score: 0.11517257243394852, token :  of

Draft step 1: in_token=tensor([[315]], device='cuda:6'), in_token_decoded= of, end_index: 10611
Draft step 1, token  of, predict_score 0.11517257243394852 < threshold 0.6, stopping draft
Verifying token 0: verify_id=151645 (<|im_end|>), draft_id=315 ( of), is_last=False, is_eos=True
Token 0 verification failed, accepting up to this token. is_last: False, is_eos: True, is_mismatch: True
New tokens: ['NO REPLY<|im_end|>']
Total new tokens generated: 4
[Spec] avg_accept=1.00 | tokens=4 | context_len=10607
[Adapter] acc=0/3 (0.0%) | avg_confidence=0.073 | context_len=10607
\n===== Lossless Check =====
Speculative output: NO REPLY
AR manual output:   NO REPLY
Exact match: True
OK: Outputs match. Speculative decoding is lossless.
Speedup: 0.65x
Speedup_decode: 0.51x
Spec decode tok/s: 19.73
AR decode tok/s:   38.41
 first token :NO

Draft step 0: in_token=tensor([[8996]], device='cuda:6'), in_token_decoded=NO, end_index: 10673
predicted_token: 13, predict_score: 0.10284620523452759, token : .

Draft step 1: in_token=tensor([[13]], device='cuda:6'), in_token_decoded=., end_index: 10674
Draft step 1, token ., predict_score 0.10284620523452759 < threshold 0.6, stopping draft
Verifying token 0: verify_id=3596 ( RE), draft_id=13 (.), is_last=False, is_eos=False
Token 0 verification failed, accepting up to this token. is_last: False, is_eos: False, is_mismatch: True

Draft step 0: in_token=tensor([[3596]], device='cuda:6'), in_token_decoded= RE, end_index: 10674
predicted_token: 453, predict_score: 0.026389870792627335, token : op

Draft step 1: in_token=tensor([[453]], device='cuda:6'), in_token_decoded=op, end_index: 10675
Draft step 1, token op, predict_score 0.026389870792627335 < threshold 0.6, stopping draft
Verifying token 0: verify_id=24834 (PLY), draft_id=453 (op), is_last=False, is_eos=False
Token 0 verification failed, accepting up to this token. is_last: False, is_eos: False, is_mismatch: True

Draft step 0: in_token=tensor([[24834]], device='cuda:6'), in_token_decoded=PLY, end_index: 10675
predicted_token: 315, predict_score: 0.12653641402721405, token :  of

Draft step 1: in_token=tensor([[315]], device='cuda:6'), in_token_decoded= of, end_index: 10676
Draft step 1, token  of, predict_score 0.12653641402721405 < threshold 0.6, stopping draft
Verifying token 0: verify_id=151645 (<|im_end|>), draft_id=315 ( of), is_last=False, is_eos=True
Token 0 verification failed, accepting up to this token. is_last: False, is_eos: True, is_mismatch: True
New tokens: ['NO REPLY<|im_end|>']
Total new tokens generated: 4
[Spec] avg_accept=1.00 | tokens=4 | context_len=10672
[Adapter] acc=0/3 (0.0%) | avg_confidence=0.085 | context_len=10672
\n===== Lossless Check =====
Speculative output: NO REPLY
AR manual output:   NO REPLY
Exact match: True
OK: Outputs match. Speculative decoding is lossless.
Speedup: 0.61x
Speedup_decode: 0.67x
Spec decode tok/s: 26.05
AR decode tok/s:   38.64
 first token :NO

Draft step 0: in_token=tensor([[8996]], device='cuda:6'), in_token_decoded=NO, end_index: 10738
predicted_token: 13, predict_score: 0.1001819595694542, token : .

Draft step 1: in_token=tensor([[13]], device='cuda:6'), in_token_decoded=., end_index: 10739
Draft step 1, token ., predict_score 0.1001819595694542 < threshold 0.6, stopping draft
Verifying token 0: verify_id=3596 ( RE), draft_id=13 (.), is_last=False, is_eos=False
Token 0 verification failed, accepting up to this token. is_last: False, is_eos: False, is_mismatch: True

Draft step 0: in_token=tensor([[3596]], device='cuda:6'), in_token_decoded= RE, end_index: 10739
predicted_token: 453, predict_score: 0.035121120512485504, token : op

Draft step 1: in_token=tensor([[453]], device='cuda:6'), in_token_decoded=op, end_index: 10740
Draft step 1, token op, predict_score 0.035121120512485504 < threshold 0.6, stopping draft
Verifying token 0: verify_id=24834 (PLY), draft_id=453 (op), is_last=False, is_eos=False
Token 0 verification failed, accepting up to this token. is_last: False, is_eos: False, is_mismatch: True

Draft step 0: in_token=tensor([[24834]], device='cuda:6'), in_token_decoded=PLY, end_index: 10740
predicted_token: 315, predict_score: 0.13645631074905396, token :  of

Draft step 1: in_token=tensor([[315]], device='cuda:6'), in_token_decoded= of, end_index: 10741
Draft step 1, token  of, predict_score 0.13645631074905396 < threshold 0.6, stopping draft
Verifying token 0: verify_id=151645 (<|im_end|>), draft_id=315 ( of), is_last=False, is_eos=True
Token 0 verification failed, accepting up to this token. is_last: False, is_eos: True, is_mismatch: True
New tokens: ['NO REPLY<|im_end|>']
Total new tokens generated: 4
[Spec] avg_accept=1.00 | tokens=4 | context_len=10737
[Adapter] acc=0/3 (0.0%) | avg_confidence=0.091 | context_len=10737
\n===== Lossless Check =====
Speculative output: NO REPLY
AR manual output:   NO REPLY
Exact match: True
OK: Outputs match. Speculative decoding is lossless.
Speedup: 0.64x
Speedup_decode: 0.51x
Spec decode tok/s: 19.88
AR decode tok/s:   38.63
 first token :NO

Draft step 0: in_token=tensor([[8996]], device='cuda:6'), in_token_decoded=NO, end_index: 10803
predicted_token: 13, predict_score: 0.0765092670917511, token : .

Draft step 1: in_token=tensor([[13]], device='cuda:6'), in_token_decoded=., end_index: 10804
Draft step 1, token ., predict_score 0.0765092670917511 < threshold 0.6, stopping draft
Verifying token 0: verify_id=3596 ( RE), draft_id=13 (.), is_last=False, is_eos=False
Token 0 verification failed, accepting up to this token. is_last: False, is_eos: False, is_mismatch: True

Draft step 0: in_token=tensor([[3596]], device='cuda:6'), in_token_decoded= RE, end_index: 10804
predicted_token: 453, predict_score: 0.02840373106300831, token : op

Draft step 1: in_token=tensor([[453]], device='cuda:6'), in_token_decoded=op, end_index: 10805
Draft step 1, token op, predict_score 0.02840373106300831 < threshold 0.6, stopping draft
Verifying token 0: verify_id=24834 (PLY), draft_id=453 (op), is_last=False, is_eos=False
Token 0 verification failed, accepting up to this token. is_last: False, is_eos: False, is_mismatch: True

Draft step 0: in_token=tensor([[24834]], device='cuda:6'), in_token_decoded=PLY, end_index: 10805
predicted_token: 13, predict_score: 0.1068708524107933, token : .

Draft step 1: in_token=tensor([[13]], device='cuda:6'), in_token_decoded=., end_index: 10806
Draft step 1, token ., predict_score 0.1068708524107933 < threshold 0.6, stopping draft
Verifying token 0: verify_id=151645 (<|im_end|>), draft_id=13 (.), is_last=False, is_eos=True
Token 0 verification failed, accepting up to this token. is_last: False, is_eos: True, is_mismatch: True
New tokens: ['NO REPLY<|im_end|>']
Total new tokens generated: 4
[Spec] avg_accept=1.00 | tokens=4 | context_len=10802
[Adapter] acc=0/3 (0.0%) | avg_confidence=0.071 | context_len=10802
\n===== Lossless Check =====
Speculative output: NO REPLY
AR manual output:   NO REPLY
Exact match: True
OK: Outputs match. Speculative decoding is lossless.
Speedup: 0.65x
Speedup_decode: 0.54x
Spec decode tok/s: 20.94
AR decode tok/s:   38.71
 first token :NO

Draft step 0: in_token=tensor([[8996]], device='cuda:6'), in_token_decoded=NO, end_index: 10868
predicted_token: 13, predict_score: 0.07825910300016403, token : .

Draft step 1: in_token=tensor([[13]], device='cuda:6'), in_token_decoded=., end_index: 10869
Draft step 1, token ., predict_score 0.07825910300016403 < threshold 0.6, stopping draft
Verifying token 0: verify_id=3596 ( RE), draft_id=13 (.), is_last=False, is_eos=False
Token 0 verification failed, accepting up to this token. is_last: False, is_eos: False, is_mismatch: True

Draft step 0: in_token=tensor([[3596]], device='cuda:6'), in_token_decoded= RE, end_index: 10869
predicted_token: 26646, predict_score: 0.02893689274787903, token :  twist

Draft step 1: in_token=tensor([[26646]], device='cuda:6'), in_token_decoded= twist, end_index: 10870
Draft step 1, token  twist, predict_score 0.02893689274787903 < threshold 0.6, stopping draft
Verifying token 0: verify_id=24834 (PLY), draft_id=26646 ( twist), is_last=False, is_eos=False
Token 0 verification failed, accepting up to this token. is_last: False, is_eos: False, is_mismatch: True

Draft step 0: in_token=tensor([[24834]], device='cuda:6'), in_token_decoded=PLY, end_index: 10870
predicted_token: 315, predict_score: 0.09898185729980469, token :  of

Draft step 1: in_token=tensor([[315]], device='cuda:6'), in_token_decoded= of, end_index: 10871
Draft step 1, token  of, predict_score 0.09898185729980469 < threshold 0.6, stopping draft
Verifying token 0: verify_id=151645 (<|im_end|>), draft_id=315 ( of), is_last=False, is_eos=True
Token 0 verification failed, accepting up to this token. is_last: False, is_eos: True, is_mismatch: True
New tokens: ['NO REPLY<|im_end|>']
Total new tokens generated: 4
[Spec] avg_accept=1.00 | tokens=4 | context_len=10867
[Adapter] acc=0/3 (0.0%) | avg_confidence=0.069 | context_len=10867
\n===== Lossless Check =====
Speculative output: NO REPLY
AR manual output:   NO REPLY
Exact match: True
OK: Outputs match. Speculative decoding is lossless.
Speedup: 0.65x
Speedup_decode: 0.53x
Spec decode tok/s: 20.26
AR decode tok/s:   38.51
 first token :NO

Draft step 0: in_token=tensor([[8996]], device='cuda:6'), in_token_decoded=NO, end_index: 10933
predicted_token: 13, predict_score: 0.07744984328746796, token : .

Draft step 1: in_token=tensor([[13]], device='cuda:6'), in_token_decoded=., end_index: 10934
Draft step 1, token ., predict_score 0.07744984328746796 < threshold 0.6, stopping draft
Verifying token 0: verify_id=3596 ( RE), draft_id=13 (.), is_last=False, is_eos=False
Token 0 verification failed, accepting up to this token. is_last: False, is_eos: False, is_mismatch: True

Draft step 0: in_token=tensor([[3596]], device='cuda:6'), in_token_decoded= RE, end_index: 10934
predicted_token: 26646, predict_score: 0.027178971096873283, token :  twist

Draft step 1: in_token=tensor([[26646]], device='cuda:6'), in_token_decoded= twist, end_index: 10935
Draft step 1, token  twist, predict_score 0.027178971096873283 < threshold 0.6, stopping draft
Verifying token 0: verify_id=24834 (PLY), draft_id=26646 ( twist), is_last=False, is_eos=False
Token 0 verification failed, accepting up to this token. is_last: False, is_eos: False, is_mismatch: True

Draft step 0: in_token=tensor([[24834]], device='cuda:6'), in_token_decoded=PLY, end_index: 10935
predicted_token: 315, predict_score: 0.09964102506637573, token :  of

Draft step 1: in_token=tensor([[315]], device='cuda:6'), in_token_decoded= of, end_index: 10936
Draft step 1, token  of, predict_score 0.09964102506637573 < threshold 0.6, stopping draft
Verifying token 0: verify_id=151645 (<|im_end|>), draft_id=315 ( of), is_last=False, is_eos=True
Token 0 verification failed, accepting up to this token. is_last: False, is_eos: True, is_mismatch: True
New tokens: ['NO REPLY<|im_end|>']
Total new tokens generated: 4
[Spec] avg_accept=1.00 | tokens=4 | context_len=10932
[Adapter] acc=0/3 (0.0%) | avg_confidence=0.068 | context_len=10932
\n===== Lossless Check =====
Speculative output: NO REPLY
AR manual output:   NO REPLY
Exact match: True
OK: Outputs match. Speculative decoding is lossless.
Speedup: 0.50x
Speedup_decode: 0.57x
Spec decode tok/s: 21.56
AR decode tok/s:   37.92
 first token :NO

Draft step 0: in_token=tensor([[8996]], device='cuda:6'), in_token_decoded=NO, end_index: 10998
predicted_token: 13, predict_score: 0.08639689534902573, token : .

Draft step 1: in_token=tensor([[13]], device='cuda:6'), in_token_decoded=., end_index: 10999
Draft step 1, token ., predict_score 0.08639689534902573 < threshold 0.6, stopping draft
Verifying token 0: verify_id=3596 ( RE), draft_id=13 (.), is_last=False, is_eos=False
Token 0 verification failed, accepting up to this token. is_last: False, is_eos: False, is_mismatch: True

Draft step 0: in_token=tensor([[3596]], device='cuda:6'), in_token_decoded= RE, end_index: 10999
predicted_token: 26646, predict_score: 0.027587927877902985, token :  twist

Draft step 1: in_token=tensor([[26646]], device='cuda:6'), in_token_decoded= twist, end_index: 11000
Draft step 1, token  twist, predict_score 0.027587927877902985 < threshold 0.6, stopping draft
Verifying token 0: verify_id=24834 (PLY), draft_id=26646 ( twist), is_last=False, is_eos=False
Token 0 verification failed, accepting up to this token. is_last: False, is_eos: False, is_mismatch: True

Draft step 0: in_token=tensor([[24834]], device='cuda:6'), in_token_decoded=PLY, end_index: 11000
predicted_token: 315, predict_score: 0.08290594071149826, token :  of

Draft step 1: in_token=tensor([[315]], device='cuda:6'), in_token_decoded= of, end_index: 11001
Draft step 1, token  of, predict_score 0.08290594071149826 < threshold 0.6, stopping draft
Verifying token 0: verify_id=151645 (<|im_end|>), draft_id=315 ( of), is_last=False, is_eos=True
Token 0 verification failed, accepting up to this token. is_last: False, is_eos: True, is_mismatch: True
New tokens: ['NO REPLY<|im_end|>']
Total new tokens generated: 4
[Spec] avg_accept=1.00 | tokens=4 | context_len=10997
[Adapter] acc=0/3 (0.0%) | avg_confidence=0.066 | context_len=10997
\n===== Lossless Check =====
Speculative output: NO REPLY
AR manual output:   NO REPLY
Exact match: True
OK: Outputs match. Speculative decoding is lossless.
Speedup: 0.64x
Speedup_decode: 0.50x
Spec decode tok/s: 19.32
AR decode tok/s:   38.57
 first token :NO

Draft step 0: in_token=tensor([[8996]], device='cuda:6'), in_token_decoded=NO, end_index: 11063
predicted_token: 13, predict_score: 0.04489792883396149, token : .

Draft step 1: in_token=tensor([[13]], device='cuda:6'), in_token_decoded=., end_index: 11064
Draft step 1, token ., predict_score 0.04489792883396149 < threshold 0.6, stopping draft
Verifying token 0: verify_id=3596 ( RE), draft_id=13 (.), is_last=False, is_eos=False
Token 0 verification failed, accepting up to this token. is_last: False, is_eos: False, is_mismatch: True

Draft step 0: in_token=tensor([[3596]], device='cuda:6'), in_token_decoded= RE, end_index: 11064
predicted_token: 26646, predict_score: 0.04012436792254448, token :  twist

Draft step 1: in_token=tensor([[26646]], device='cuda:6'), in_token_decoded= twist, end_index: 11065
Draft step 1, token  twist, predict_score 0.04012436792254448 < threshold 0.6, stopping draft
Verifying token 0: verify_id=24834 (PLY), draft_id=26646 ( twist), is_last=False, is_eos=False
Token 0 verification failed, accepting up to this token. is_last: False, is_eos: False, is_mismatch: True

Draft step 0: in_token=tensor([[24834]], device='cuda:6'), in_token_decoded=PLY, end_index: 11065
predicted_token: 315, predict_score: 0.2509381175041199, token :  of

Draft step 1: in_token=tensor([[315]], device='cuda:6'), in_token_decoded= of, end_index: 11066
Draft step 1, token  of, predict_score 0.2509381175041199 < threshold 0.6, stopping draft
Verifying token 0: verify_id=151645 (<|im_end|>), draft_id=315 ( of), is_last=False, is_eos=True
Token 0 verification failed, accepting up to this token. is_last: False, is_eos: True, is_mismatch: True
New tokens: ['NO REPLY<|im_end|>']
Total new tokens generated: 4
[Spec] avg_accept=1.00 | tokens=4 | context_len=11062
[Adapter] acc=0/3 (0.0%) | avg_confidence=0.112 | context_len=11062
\n===== Lossless Check =====
Speculative output: NO REPLY
AR manual output:   NO REPLY
Exact match: True
OK: Outputs match. Speculative decoding is lossless.
Speedup: 0.65x
Speedup_decode: 0.54x
Spec decode tok/s: 20.39
AR decode tok/s:   38.09
 first token :NO

Draft step 0: in_token=tensor([[8996]], device='cuda:6'), in_token_decoded=NO, end_index: 11128
predicted_token: 13, predict_score: 0.04828036576509476, token : .

Draft step 1: in_token=tensor([[13]], device='cuda:6'), in_token_decoded=., end_index: 11129
Draft step 1, token ., predict_score 0.04828036576509476 < threshold 0.6, stopping draft
Verifying token 0: verify_id=3596 ( RE), draft_id=13 (.), is_last=False, is_eos=False
Token 0 verification failed, accepting up to this token. is_last: False, is_eos: False, is_mismatch: True

Draft step 0: in_token=tensor([[3596]], device='cuda:6'), in_token_decoded= RE, end_index: 11129
predicted_token: 26646, predict_score: 0.038633592426776886, token :  twist

Draft step 1: in_token=tensor([[26646]], device='cuda:6'), in_token_decoded= twist, end_index: 11130
Draft step 1, token  twist, predict_score 0.038633592426776886 < threshold 0.6, stopping draft
Verifying token 0: verify_id=24834 (PLY), draft_id=26646 ( twist), is_last=False, is_eos=False
Token 0 verification failed, accepting up to this token. is_last: False, is_eos: False, is_mismatch: True

Draft step 0: in_token=tensor([[24834]], device='cuda:6'), in_token_decoded=PLY, end_index: 11130
predicted_token: 315, predict_score: 0.21059401333332062, token :  of

Draft step 1: in_token=tensor([[315]], device='cuda:6'), in_token_decoded= of, end_index: 11131
Draft step 1, token  of, predict_score 0.21059401333332062 < threshold 0.6, stopping draft
Verifying token 0: verify_id=151645 (<|im_end|>), draft_id=315 ( of), is_last=False, is_eos=True
Token 0 verification failed, accepting up to this token. is_last: False, is_eos: True, is_mismatch: True
New tokens: ['NO REPLY<|im_end|>']
Total new tokens generated: 4
[Spec] avg_accept=1.00 | tokens=4 | context_len=11127
[Adapter] acc=0/3 (0.0%) | avg_confidence=0.099 | context_len=11127
\n===== Lossless Check =====
Speculative output: NO REPLY
AR manual output:   NO REPLY
Exact match: True
OK: Outputs match. Speculative decoding is lossless.
Speedup: 0.52x
Speedup_decode: 0.55x
Spec decode tok/s: 20.94
AR decode tok/s:   38.38
 first token :NO

Draft step 0: in_token=tensor([[8996]], device='cuda:6'), in_token_decoded=NO, end_index: 11193
predicted_token: 13, predict_score: 0.03885844722390175, token : .

Draft step 1: in_token=tensor([[13]], device='cuda:6'), in_token_decoded=., end_index: 11194
Draft step 1, token ., predict_score 0.03885844722390175 < threshold 0.6, stopping draft
Verifying token 0: verify_id=3596 ( RE), draft_id=13 (.), is_last=False, is_eos=False
Token 0 verification failed, accepting up to this token. is_last: False, is_eos: False, is_mismatch: True

Draft step 0: in_token=tensor([[3596]], device='cuda:6'), in_token_decoded= RE, end_index: 11194
predicted_token: 26646, predict_score: 0.05641719698905945, token :  twist

Draft step 1: in_token=tensor([[26646]], device='cuda:6'), in_token_decoded= twist, end_index: 11195
Draft step 1, token  twist, predict_score 0.05641719698905945 < threshold 0.6, stopping draft
Verifying token 0: verify_id=24834 (PLY), draft_id=26646 ( twist), is_last=False, is_eos=False
Token 0 verification failed, accepting up to this token. is_last: False, is_eos: False, is_mismatch: True

Draft step 0: in_token=tensor([[24834]], device='cuda:6'), in_token_decoded=PLY, end_index: 11195
predicted_token: 315, predict_score: 0.3390338718891144, token :  of

Draft step 1: in_token=tensor([[315]], device='cuda:6'), in_token_decoded= of, end_index: 11196
Draft step 1, token  of, predict_score 0.3390338718891144 < threshold 0.6, stopping draft
Verifying token 0: verify_id=151645 (<|im_end|>), draft_id=315 ( of), is_last=False, is_eos=True
Token 0 verification failed, accepting up to this token. is_last: False, is_eos: True, is_mismatch: True
New tokens: ['NO REPLY<|im_end|>']
Total new tokens generated: 4
[Spec] avg_accept=1.00 | tokens=4 | context_len=11192
[Adapter] acc=0/3 (0.0%) | avg_confidence=0.145 | context_len=11192
\n===== Lossless Check =====
Speculative output: NO REPLY
AR manual output:   NO REPLY
Exact match: True
OK: Outputs match. Speculative decoding is lossless.
Speedup: 0.66x
Speedup_decode: 0.58x
Spec decode tok/s: 21.97
AR decode tok/s:   37.99
 first token :NO

Draft step 0: in_token=tensor([[8996]], device='cuda:6'), in_token_decoded=NO, end_index: 11258
predicted_token: 315, predict_score: 0.06380567699670792, token :  of

Draft step 1: in_token=tensor([[315]], device='cuda:6'), in_token_decoded= of, end_index: 11259
Draft step 1, token  of, predict_score 0.06380567699670792 < threshold 0.6, stopping draft
Verifying token 0: verify_id=3596 ( RE), draft_id=315 ( of), is_last=False, is_eos=False
Token 0 verification failed, accepting up to this token. is_last: False, is_eos: False, is_mismatch: True

Draft step 0: in_token=tensor([[3596]], device='cuda:6'), in_token_decoded= RE, end_index: 11259
predicted_token: 26646, predict_score: 0.08409347385168076, token :  twist

Draft step 1: in_token=tensor([[26646]], device='cuda:6'), in_token_decoded= twist, end_index: 11260
Draft step 1, token  twist, predict_score 0.08409347385168076 < threshold 0.6, stopping draft
Verifying token 0: verify_id=24834 (PLY), draft_id=26646 ( twist), is_last=False, is_eos=False
Token 0 verification failed, accepting up to this token. is_last: False, is_eos: False, is_mismatch: True

Draft step 0: in_token=tensor([[24834]], device='cuda:6'), in_token_decoded=PLY, end_index: 11260
predicted_token: 315, predict_score: 0.2197614163160324, token :  of

Draft step 1: in_token=tensor([[315]], device='cuda:6'), in_token_decoded= of, end_index: 11261
Draft step 1, token  of, predict_score 0.2197614163160324 < threshold 0.6, stopping draft
Verifying token 0: verify_id=151645 (<|im_end|>), draft_id=315 ( of), is_last=False, is_eos=True
Token 0 verification failed, accepting up to this token. is_last: False, is_eos: True, is_mismatch: True
New tokens: ['NO REPLY<|im_end|>']
Total new tokens generated: 4
[Spec] avg_accept=1.00 | tokens=4 | context_len=11257
[Adapter] acc=0/3 (0.0%) | avg_confidence=0.123 | context_len=11257
\n===== Lossless Check =====
Speculative output: NO REPLY
AR manual output:   NO REPLY
Exact match: True
OK: Outputs match. Speculative decoding is lossless.
Speedup: 0.57x
Speedup_decode: 0.45x
Spec decode tok/s: 17.19
AR decode tok/s:   38.37
 first token :NO

Draft step 0: in_token=tensor([[8996]], device='cuda:6'), in_token_decoded=NO, end_index: 11323
predicted_token: 315, predict_score: 0.03649910166859627, token :  of

Draft step 1: in_token=tensor([[315]], device='cuda:6'), in_token_decoded= of, end_index: 11324
Draft step 1, token  of, predict_score 0.03649910166859627 < threshold 0.6, stopping draft
Verifying token 0: verify_id=3596 ( RE), draft_id=315 ( of), is_last=False, is_eos=False
Token 0 verification failed, accepting up to this token. is_last: False, is_eos: False, is_mismatch: True

Draft step 0: in_token=tensor([[3596]], device='cuda:6'), in_token_decoded= RE, end_index: 11324
predicted_token: 26646, predict_score: 0.04747728630900383, token :  twist

Draft step 1: in_token=tensor([[26646]], device='cuda:6'), in_token_decoded= twist, end_index: 11325
Draft step 1, token  twist, predict_score 0.04747728630900383 < threshold 0.6, stopping draft
Verifying token 0: verify_id=24834 (PLY), draft_id=26646 ( twist), is_last=False, is_eos=False
Token 0 verification failed, accepting up to this token. is_last: False, is_eos: False, is_mismatch: True

Draft step 0: in_token=tensor([[24834]], device='cuda:6'), in_token_decoded=PLY, end_index: 11325
predicted_token: 825, predict_score: 0.13753747940063477, token :  one

Draft step 1: in_token=tensor([[825]], device='cuda:6'), in_token_decoded= one, end_index: 11326
Draft step 1, token  one, predict_score 0.13753747940063477 < threshold 0.6, stopping draft
Verifying token 0: verify_id=151645 (<|im_end|>), draft_id=825 ( one), is_last=False, is_eos=True
Token 0 verification failed, accepting up to this token. is_last: False, is_eos: True, is_mismatch: True
New tokens: ['NO REPLY<|im_end|>']
Total new tokens generated: 4
[Spec] avg_accept=1.00 | tokens=4 | context_len=11322
[Adapter] acc=0/3 (0.0%) | avg_confidence=0.074 | context_len=11322
\n===== Lossless Check =====
Speculative output: NO REPLY
AR manual output:   NO REPLY
Exact match: True
OK: Outputs match. Speculative decoding is lossless.
Speedup: 0.52x
Speedup_decode: 0.56x
Spec decode tok/s: 21.46
AR decode tok/s:   38.40
 first token :NO

Draft step 0: in_token=tensor([[8996]], device='cuda:6'), in_token_decoded=NO, end_index: 11388
predicted_token: 315, predict_score: 0.03341565653681755, token :  of

Draft step 1: in_token=tensor([[315]], device='cuda:6'), in_token_decoded= of, end_index: 11389
Draft step 1, token  of, predict_score 0.03341565653681755 < threshold 0.6, stopping draft
Verifying token 0: verify_id=3596 ( RE), draft_id=315 ( of), is_last=False, is_eos=False
Token 0 verification failed, accepting up to this token. is_last: False, is_eos: False, is_mismatch: True

Draft step 0: in_token=tensor([[3596]], device='cuda:6'), in_token_decoded= RE, end_index: 11389
predicted_token: 3398, predict_score: 0.045848358422517776, token :  switch

Draft step 1: in_token=tensor([[3398]], device='cuda:6'), in_token_decoded= switch, end_index: 11390
Draft step 1, token  switch, predict_score 0.045848358422517776 < threshold 0.6, stopping draft
Verifying token 0: verify_id=24834 (PLY), draft_id=3398 ( switch), is_last=False, is_eos=False
Token 0 verification failed, accepting up to this token. is_last: False, is_eos: False, is_mismatch: True

Draft step 0: in_token=tensor([[24834]], device='cuda:6'), in_token_decoded=PLY, end_index: 11390
predicted_token: 315, predict_score: 0.109817735850811, token :  of

Draft step 1: in_token=tensor([[315]], device='cuda:6'), in_token_decoded= of, end_index: 11391
Draft step 1, token  of, predict_score 0.109817735850811 < threshold 0.6, stopping draft
Verifying token 0: verify_id=151645 (<|im_end|>), draft_id=315 ( of), is_last=False, is_eos=True
Token 0 verification failed, accepting up to this token. is_last: False, is_eos: True, is_mismatch: True
New tokens: ['NO REPLY<|im_end|>']
Total new tokens generated: 4
[Spec] avg_accept=1.00 | tokens=4 | context_len=11387
[Adapter] acc=0/3 (0.0%) | avg_confidence=0.063 | context_len=11387
\n===== Lossless Check =====
Speculative output: NO REPLY
AR manual output:   NO REPLY
Exact match: True
OK: Outputs match. Speculative decoding is lossless.
Speedup: 0.64x
Speedup_decode: 0.48x
Spec decode tok/s: 18.71
AR decode tok/s:   38.60
 first token :NO

Draft step 0: in_token=tensor([[8996]], device='cuda:6'), in_token_decoded=NO, end_index: 11453
predicted_token: 315, predict_score: 0.039862729609012604, token :  of

Draft step 1: in_token=tensor([[315]], device='cuda:6'), in_token_decoded= of, end_index: 11454
Draft step 1, token  of, predict_score 0.039862729609012604 < threshold 0.6, stopping draft
Verifying token 0: verify_id=3596 ( RE), draft_id=315 ( of), is_last=False, is_eos=False
Token 0 verification failed, accepting up to this token. is_last: False, is_eos: False, is_mismatch: True

Draft step 0: in_token=tensor([[3596]], device='cuda:6'), in_token_decoded= RE, end_index: 11454
predicted_token: 453, predict_score: 0.05502501130104065, token : op

Draft step 1: in_token=tensor([[453]], device='cuda:6'), in_token_decoded=op, end_index: 11455
Draft step 1, token op, predict_score 0.05502501130104065 < threshold 0.6, stopping draft
Verifying token 0: verify_id=24834 (PLY), draft_id=453 (op), is_last=False, is_eos=False
Token 0 verification failed, accepting up to this token. is_last: False, is_eos: False, is_mismatch: True

Draft step 0: in_token=tensor([[24834]], device='cuda:6'), in_token_decoded=PLY, end_index: 11455
predicted_token: 315, predict_score: 0.1373215764760971, token :  of

Draft step 1: in_token=tensor([[315]], device='cuda:6'), in_token_decoded= of, end_index: 11456
Draft step 1, token  of, predict_score 0.1373215764760971 < threshold 0.6, stopping draft
Verifying token 0: verify_id=151645 (<|im_end|>), draft_id=315 ( of), is_last=False, is_eos=True
Token 0 verification failed, accepting up to this token. is_last: False, is_eos: True, is_mismatch: True
New tokens: ['NO REPLY<|im_end|>']
Total new tokens generated: 4
[Spec] avg_accept=1.00 | tokens=4 | context_len=11452
[Adapter] acc=0/3 (0.0%) | avg_confidence=0.077 | context_len=11452
\n===== Lossless Check =====
Speculative output: NO REPLY
AR manual output:   NO REPLY
Exact match: True
OK: Outputs match. Speculative decoding is lossless.
Speedup: 0.62x
Speedup_decode: 0.51x
Spec decode tok/s: 19.30
AR decode tok/s:   37.59
 first token :NO

Draft step 0: in_token=tensor([[8996]], device='cuda:6'), in_token_decoded=NO, end_index: 11518
predicted_token: 315, predict_score: 0.04089409485459328, token :  of

Draft step 1: in_token=tensor([[315]], device='cuda:6'), in_token_decoded= of, end_index: 11519
Draft step 1, token  of, predict_score 0.04089409485459328 < threshold 0.6, stopping draft
Verifying token 0: verify_id=3596 ( RE), draft_id=315 ( of), is_last=False, is_eos=False
Token 0 verification failed, accepting up to this token. is_last: False, is_eos: False, is_mismatch: True

Draft step 0: in_token=tensor([[3596]], device='cuda:6'), in_token_decoded= RE, end_index: 11519
predicted_token: 26646, predict_score: 0.04340426251292229, token :  twist

Draft step 1: in_token=tensor([[26646]], device='cuda:6'), in_token_decoded= twist, end_index: 11520
Draft step 1, token  twist, predict_score 0.04340426251292229 < threshold 0.6, stopping draft
Verifying token 0: verify_id=24834 (PLY), draft_id=26646 ( twist), is_last=False, is_eos=False
Token 0 verification failed, accepting up to this token. is_last: False, is_eos: False, is_mismatch: True

Draft step 0: in_token=tensor([[24834]], device='cuda:6'), in_token_decoded=PLY, end_index: 11520
predicted_token: 315, predict_score: 0.2094503492116928, token :  of

Draft step 1: in_token=tensor([[315]], device='cuda:6'), in_token_decoded= of, end_index: 11521
Draft step 1, token  of, predict_score 0.2094503492116928 < threshold 0.6, stopping draft
Verifying token 0: verify_id=151645 (<|im_end|>), draft_id=315 ( of), is_last=False, is_eos=True
Token 0 verification failed, accepting up to this token. is_last: False, is_eos: True, is_mismatch: True
New tokens: ['NO REPLY<|im_end|>']
Total new tokens generated: 4
[Spec] avg_accept=1.00 | tokens=4 | context_len=11517
[Adapter] acc=0/3 (0.0%) | avg_confidence=0.098 | context_len=11517
\n===== Lossless Check =====
Speculative output: NO REPLY
AR manual output:   NO REPLY
Exact match: True
OK: Outputs match. Speculative decoding is lossless.
Speedup: 0.55x
Speedup_decode: 0.57x
Spec decode tok/s: 21.04
AR decode tok/s:   37.03
 first token :NO

Draft step 0: in_token=tensor([[8996]], device='cuda:6'), in_token_decoded=NO, end_index: 11583
predicted_token: 315, predict_score: 0.03854000195860863, token :  of

Draft step 1: in_token=tensor([[315]], device='cuda:6'), in_token_decoded= of, end_index: 11584
Draft step 1, token  of, predict_score 0.03854000195860863 < threshold 0.6, stopping draft
Verifying token 0: verify_id=3596 ( RE), draft_id=315 ( of), is_last=False, is_eos=False
Token 0 verification failed, accepting up to this token. is_last: False, is_eos: False, is_mismatch: True

Draft step 0: in_token=tensor([[3596]], device='cuda:6'), in_token_decoded= RE, end_index: 11584
predicted_token: 453, predict_score: 0.05157100781798363, token : op

Draft step 1: in_token=tensor([[453]], device='cuda:6'), in_token_decoded=op, end_index: 11585
Draft step 1, token op, predict_score 0.05157100781798363 < threshold 0.6, stopping draft
Verifying token 0: verify_id=24834 (PLY), draft_id=453 (op), is_last=False, is_eos=False
Token 0 verification failed, accepting up to this token. is_last: False, is_eos: False, is_mismatch: True

Draft step 0: in_token=tensor([[24834]], device='cuda:6'), in_token_decoded=PLY, end_index: 11585
predicted_token: 315, predict_score: 0.1319066286087036, token :  of

Draft step 1: in_token=tensor([[315]], device='cuda:6'), in_token_decoded= of, end_index: 11586
Draft step 1, token  of, predict_score 0.1319066286087036 < threshold 0.6, stopping draft
Verifying token 0: verify_id=151645 (<|im_end|>), draft_id=315 ( of), is_last=False, is_eos=True
Token 0 verification failed, accepting up to this token. is_last: False, is_eos: True, is_mismatch: True
New tokens: ['NO REPLY<|im_end|>']
Total new tokens generated: 4
[Spec] avg_accept=1.00 | tokens=4 | context_len=11582
[Adapter] acc=0/3 (0.0%) | avg_confidence=0.074 | context_len=11582
\n===== Lossless Check =====
Speculative output: NO REPLY
AR manual output:   NO REPLY
Exact match: True
OK: Outputs match. Speculative decoding is lossless.
Speedup: 0.57x
Speedup_decode: 0.49x
Spec decode tok/s: 18.53
AR decode tok/s:   37.88
 first token :NO

Draft step 0: in_token=tensor([[8996]], device='cuda:6'), in_token_decoded=NO, end_index: 11648
predicted_token: 315, predict_score: 0.06926342844963074, token :  of

Draft step 1: in_token=tensor([[315]], device='cuda:6'), in_token_decoded= of, end_index: 11649
Draft step 1, token  of, predict_score 0.06926342844963074 < threshold 0.6, stopping draft
Verifying token 0: verify_id=3596 ( RE), draft_id=315 ( of), is_last=False, is_eos=False
Token 0 verification failed, accepting up to this token. is_last: False, is_eos: False, is_mismatch: True

Draft step 0: in_token=tensor([[3596]], device='cuda:6'), in_token_decoded= RE, end_index: 11649
predicted_token: 453, predict_score: 0.054098084568977356, token : op

Draft step 1: in_token=tensor([[453]], device='cuda:6'), in_token_decoded=op, end_index: 11650
Draft step 1, token op, predict_score 0.054098084568977356 < threshold 0.6, stopping draft
Verifying token 0: verify_id=24834 (PLY), draft_id=453 (op), is_last=False, is_eos=False
Token 0 verification failed, accepting up to this token. is_last: False, is_eos: False, is_mismatch: True

Draft step 0: in_token=tensor([[24834]], device='cuda:6'), in_token_decoded=PLY, end_index: 11650
predicted_token: 315, predict_score: 0.13564440608024597, token :  of

Draft step 1: in_token=tensor([[315]], device='cuda:6'), in_token_decoded= of, end_index: 11651
Draft step 1, token  of, predict_score 0.13564440608024597 < threshold 0.6, stopping draft
Verifying token 0: verify_id=151645 (<|im_end|>), draft_id=315 ( of), is_last=False, is_eos=True
Token 0 verification failed, accepting up to this token. is_last: False, is_eos: True, is_mismatch: True
New tokens: ['NO REPLY<|im_end|>']
Total new tokens generated: 4
[Spec] avg_accept=1.00 | tokens=4 | context_len=11647
[Adapter] acc=0/3 (0.0%) | avg_confidence=0.086 | context_len=11647
\n===== Lossless Check =====
Speculative output: NO REPLY
AR manual output:   NO REPLY
Exact match: True
OK: Outputs match. Speculative decoding is lossless.
Speedup: 0.66x
Speedup_decode: 0.48x
Spec decode tok/s: 18.62
AR decode tok/s:   38.45
 first token :NO

Draft step 0: in_token=tensor([[8996]], device='cuda:6'), in_token_decoded=NO, end_index: 11713
predicted_token: 13, predict_score: 0.06637844443321228, token : .

Draft step 1: in_token=tensor([[13]], device='cuda:6'), in_token_decoded=., end_index: 11714
Draft step 1, token ., predict_score 0.06637844443321228 < threshold 0.6, stopping draft
Verifying token 0: verify_id=3596 ( RE), draft_id=13 (.), is_last=False, is_eos=False
Token 0 verification failed, accepting up to this token. is_last: False, is_eos: False, is_mismatch: True

Draft step 0: in_token=tensor([[3596]], device='cuda:6'), in_token_decoded= RE, end_index: 11714
predicted_token: 453, predict_score: 0.0663895383477211, token : op

Draft step 1: in_token=tensor([[453]], device='cuda:6'), in_token_decoded=op, end_index: 11715
Draft step 1, token op, predict_score 0.0663895383477211 < threshold 0.6, stopping draft
Verifying token 0: verify_id=24834 (PLY), draft_id=453 (op), is_last=False, is_eos=False
Token 0 verification failed, accepting up to this token. is_last: False, is_eos: False, is_mismatch: True

Draft step 0: in_token=tensor([[24834]], device='cuda:6'), in_token_decoded=PLY, end_index: 11715
predicted_token: 315, predict_score: 0.1668483018875122, token :  of

Draft step 1: in_token=tensor([[315]], device='cuda:6'), in_token_decoded= of, end_index: 11716
Draft step 1, token  of, predict_score 0.1668483018875122 < threshold 0.6, stopping draft
Verifying token 0: verify_id=151645 (<|im_end|>), draft_id=315 ( of), is_last=False, is_eos=True
Token 0 verification failed, accepting up to this token. is_last: False, is_eos: True, is_mismatch: True
New tokens: ['NO REPLY<|im_end|>']
Total new tokens generated: 4
[Spec] avg_accept=1.00 | tokens=4 | context_len=11712
[Adapter] acc=0/3 (0.0%) | avg_confidence=0.100 | context_len=11712
\n===== Lossless Check =====
Speculative output: NO REPLY
AR manual output:   NO REPLY
Exact match: True
OK: Outputs match. Speculative decoding is lossless.
Speedup: 0.49x
Speedup_decode: 0.55x
Spec decode tok/s: 21.52
AR decode tok/s:   38.88
 first token :NO

Draft step 0: in_token=tensor([[8996]], device='cuda:6'), in_token_decoded=NO, end_index: 11778
predicted_token: 13, predict_score: 0.0810047835111618, token : .

Draft step 1: in_token=tensor([[13]], device='cuda:6'), in_token_decoded=., end_index: 11779
Draft step 1, token ., predict_score 0.0810047835111618 < threshold 0.6, stopping draft
Verifying token 0: verify_id=3596 ( RE), draft_id=13 (.), is_last=False, is_eos=False
Token 0 verification failed, accepting up to this token. is_last: False, is_eos: False, is_mismatch: True

Draft step 0: in_token=tensor([[3596]], device='cuda:6'), in_token_decoded= RE, end_index: 11779
predicted_token: 453, predict_score: 0.04746447503566742, token : op

Draft step 1: in_token=tensor([[453]], device='cuda:6'), in_token_decoded=op, end_index: 11780
Draft step 1, token op, predict_score 0.04746447503566742 < threshold 0.6, stopping draft
Verifying token 0: verify_id=24834 (PLY), draft_id=453 (op), is_last=False, is_eos=False
Token 0 verification failed, accepting up to this token. is_last: False, is_eos: False, is_mismatch: True

Draft step 0: in_token=tensor([[24834]], device='cuda:6'), in_token_decoded=PLY, end_index: 11780
predicted_token: 315, predict_score: 0.1646111160516739, token :  of

Draft step 1: in_token=tensor([[315]], device='cuda:6'), in_token_decoded= of, end_index: 11781
Draft step 1, token  of, predict_score 0.1646111160516739 < threshold 0.6, stopping draft
Verifying token 0: verify_id=151645 (<|im_end|>), draft_id=315 ( of), is_last=False, is_eos=True
Token 0 verification failed, accepting up to this token. is_last: False, is_eos: True, is_mismatch: True
New tokens: ['NO REPLY<|im_end|>']
Total new tokens generated: 4
[Spec] avg_accept=1.00 | tokens=4 | context_len=11777
[Adapter] acc=0/3 (0.0%) | avg_confidence=0.098 | context_len=11777
\n===== Lossless Check =====
Speculative output: NO REPLY
AR manual output:   NO REPLY
Exact match: True
OK: Outputs match. Speculative decoding is lossless.
Speedup: 0.65x
Speedup_decode: 0.48x
Spec decode tok/s: 18.54
AR decode tok/s:   38.63
 first token :NO

Draft step 0: in_token=tensor([[8996]], device='cuda:6'), in_token_decoded=NO, end_index: 11843
predicted_token: 13, predict_score: 0.06148643419146538, token : .

Draft step 1: in_token=tensor([[13]], device='cuda:6'), in_token_decoded=., end_index: 11844
Draft step 1, token ., predict_score 0.06148643419146538 < threshold 0.6, stopping draft
Verifying token 0: verify_id=3596 ( RE), draft_id=13 (.), is_last=False, is_eos=False
Token 0 verification failed, accepting up to this token. is_last: False, is_eos: False, is_mismatch: True

Draft step 0: in_token=tensor([[3596]], device='cuda:6'), in_token_decoded= RE, end_index: 11844
predicted_token: 26646, predict_score: 0.04699230566620827, token :  twist

Draft step 1: in_token=tensor([[26646]], device='cuda:6'), in_token_decoded= twist, end_index: 11845
Draft step 1, token  twist, predict_score 0.04699230566620827 < threshold 0.6, stopping draft
Verifying token 0: verify_id=24834 (PLY), draft_id=26646 ( twist), is_last=False, is_eos=False
Token 0 verification failed, accepting up to this token. is_last: False, is_eos: False, is_mismatch: True

Draft step 0: in_token=tensor([[24834]], device='cuda:6'), in_token_decoded=PLY, end_index: 11845
predicted_token: 315, predict_score: 0.14276836812496185, token :  of

Draft step 1: in_token=tensor([[315]], device='cuda:6'), in_token_decoded= of, end_index: 11846
Draft step 1, token  of, predict_score 0.14276836812496185 < threshold 0.6, stopping draft
Verifying token 0: verify_id=151645 (<|im_end|>), draft_id=315 ( of), is_last=False, is_eos=True
Token 0 verification failed, accepting up to this token. is_last: False, is_eos: True, is_mismatch: True
New tokens: ['NO REPLY<|im_end|>']
Total new tokens generated: 4
[Spec] avg_accept=1.00 | tokens=4 | context_len=11842
[Adapter] acc=0/3 (0.0%) | avg_confidence=0.084 | context_len=11842
\n===== Lossless Check =====
Speculative output: NO REPLY
AR manual output:   NO REPLY
Exact match: True
OK: Outputs match. Speculative decoding is lossless.
Speedup: 0.65x
Speedup_decode: 0.52x
Spec decode tok/s: 20.08
AR decode tok/s:   38.64
 first token :NO

Draft step 0: in_token=tensor([[8996]], device='cuda:6'), in_token_decoded=NO, end_index: 11908
predicted_token: 13, predict_score: 0.10435115545988083, token : .

Draft step 1: in_token=tensor([[13]], device='cuda:6'), in_token_decoded=., end_index: 11909
Draft step 1, token ., predict_score 0.10435115545988083 < threshold 0.6, stopping draft
Verifying token 0: verify_id=3596 ( RE), draft_id=13 (.), is_last=False, is_eos=False
Token 0 verification failed, accepting up to this token. is_last: False, is_eos: False, is_mismatch: True

Draft step 0: in_token=tensor([[3596]], device='cuda:6'), in_token_decoded= RE, end_index: 11909
predicted_token: 453, predict_score: 0.04277379438281059, token : op

Draft step 1: in_token=tensor([[453]], device='cuda:6'), in_token_decoded=op, end_index: 11910
Draft step 1, token op, predict_score 0.04277379438281059 < threshold 0.6, stopping draft
Verifying token 0: verify_id=24834 (PLY), draft_id=453 (op), is_last=False, is_eos=False
Token 0 verification failed, accepting up to this token. is_last: False, is_eos: False, is_mismatch: True

Draft step 0: in_token=tensor([[24834]], device='cuda:6'), in_token_decoded=PLY, end_index: 11910
predicted_token: 315, predict_score: 0.20930205285549164, token :  of

Draft step 1: in_token=tensor([[315]], device='cuda:6'), in_token_decoded= of, end_index: 11911
Draft step 1, token  of, predict_score 0.20930205285549164 < threshold 0.6, stopping draft
Verifying token 0: verify_id=151645 (<|im_end|>), draft_id=315 ( of), is_last=False, is_eos=True
Token 0 verification failed, accepting up to this token. is_last: False, is_eos: True, is_mismatch: True
New tokens: ['NO REPLY<|im_end|>']
Total new tokens generated: 4
[Spec] avg_accept=1.00 | tokens=4 | context_len=11907
[Adapter] acc=0/3 (0.0%) | avg_confidence=0.119 | context_len=11907
\n===== Lossless Check =====
Speculative output: NO REPLY
AR manual output:   NO REPLY
Exact match: True
OK: Outputs match. Speculative decoding is lossless.
Speedup: 0.57x
Speedup_decode: 0.58x
Spec decode tok/s: 21.08
AR decode tok/s:   36.07
 first token :NO

Draft step 0: in_token=tensor([[8996]], device='cuda:6'), in_token_decoded=NO, end_index: 11973
predicted_token: 13, predict_score: 0.11820103228092194, token : .

Draft step 1: in_token=tensor([[13]], device='cuda:6'), in_token_decoded=., end_index: 11974
Draft step 1, token ., predict_score 0.11820103228092194 < threshold 0.6, stopping draft
Verifying token 0: verify_id=3596 ( RE), draft_id=13 (.), is_last=False, is_eos=False
Token 0 verification failed, accepting up to this token. is_last: False, is_eos: False, is_mismatch: True

Draft step 0: in_token=tensor([[3596]], device='cuda:6'), in_token_decoded= RE, end_index: 11974
predicted_token: 26646, predict_score: 0.05918361619114876, token :  twist

Draft step 1: in_token=tensor([[26646]], device='cuda:6'), in_token_decoded= twist, end_index: 11975
Draft step 1, token  twist, predict_score 0.05918361619114876 < threshold 0.6, stopping draft
Verifying token 0: verify_id=24834 (PLY), draft_id=26646 ( twist), is_last=False, is_eos=False
Token 0 verification failed, accepting up to this token. is_last: False, is_eos: False, is_mismatch: True

Draft step 0: in_token=tensor([[24834]], device='cuda:6'), in_token_decoded=PLY, end_index: 11975
predicted_token: 315, predict_score: 0.170075461268425, token :  of

Draft step 1: in_token=tensor([[315]], device='cuda:6'), in_token_decoded= of, end_index: 11976
Draft step 1, token  of, predict_score 0.170075461268425 < threshold 0.6, stopping draft
Verifying token 0: verify_id=151645 (<|im_end|>), draft_id=315 ( of), is_last=False, is_eos=True
Token 0 verification failed, accepting up to this token. is_last: False, is_eos: True, is_mismatch: True
New tokens: ['NO REPLY<|im_end|>']
Total new tokens generated: 4
[Spec] avg_accept=1.00 | tokens=4 | context_len=11972
[Adapter] acc=0/3 (0.0%) | avg_confidence=0.116 | context_len=11972
\n===== Lossless Check =====
Speculative output: NO REPLY
AR manual output:   NO REPLY
Exact match: True
OK: Outputs match. Speculative decoding is lossless.
Speedup: 0.65x
Speedup_decode: 0.51x
Spec decode tok/s: 19.46
AR decode tok/s:   38.48
 first token :NO

Draft step 0: in_token=tensor([[8996]], device='cuda:6'), in_token_decoded=NO, end_index: 12038
predicted_token: 13, predict_score: 0.05286817625164986, token : .

Draft step 1: in_token=tensor([[13]], device='cuda:6'), in_token_decoded=., end_index: 12039
Draft step 1, token ., predict_score 0.05286817625164986 < threshold 0.6, stopping draft
Verifying token 0: verify_id=3596 ( RE), draft_id=13 (.), is_last=False, is_eos=False
Token 0 verification failed, accepting up to this token. is_last: False, is_eos: False, is_mismatch: True

Draft step 0: in_token=tensor([[3596]], device='cuda:6'), in_token_decoded= RE, end_index: 12039
predicted_token: 453, predict_score: 0.050716832280159, token : op

Draft step 1: in_token=tensor([[453]], device='cuda:6'), in_token_decoded=op, end_index: 12040
Draft step 1, token op, predict_score 0.050716832280159 < threshold 0.6, stopping draft
Verifying token 0: verify_id=24834 (PLY), draft_id=453 (op), is_last=False, is_eos=False
Token 0 verification failed, accepting up to this token. is_last: False, is_eos: False, is_mismatch: True

Draft step 0: in_token=tensor([[24834]], device='cuda:6'), in_token_decoded=PLY, end_index: 12040
predicted_token: 825, predict_score: 0.12839645147323608, token :  one

Draft step 1: in_token=tensor([[825]], device='cuda:6'), in_token_decoded= one, end_index: 12041
Draft step 1, token  one, predict_score 0.12839645147323608 < threshold 0.6, stopping draft
Verifying token 0: verify_id=151645 (<|im_end|>), draft_id=825 ( one), is_last=False, is_eos=True
Token 0 verification failed, accepting up to this token. is_last: False, is_eos: True, is_mismatch: True
New tokens: ['NO REPLY<|im_end|>']
Total new tokens generated: 4
[Spec] avg_accept=1.00 | tokens=4 | context_len=12037
[Adapter] acc=0/3 (0.0%) | avg_confidence=0.077 | context_len=12037
\n===== Lossless Check =====
Speculative output: NO REPLY
AR manual output:   NO REPLY
Exact match: True
OK: Outputs match. Speculative decoding is lossless.
Speedup: 0.67x
Speedup_decode: 0.50x
Spec decode tok/s: 18.52
AR decode tok/s:   37.32
 first token :NO

Draft step 0: in_token=tensor([[8996]], device='cuda:6'), in_token_decoded=NO, end_index: 12103
predicted_token: 13, predict_score: 0.041706398129463196, token : .

Draft step 1: in_token=tensor([[13]], device='cuda:6'), in_token_decoded=., end_index: 12104
Draft step 1, token ., predict_score 0.041706398129463196 < threshold 0.6, stopping draft
Verifying token 0: verify_id=3596 ( RE), draft_id=13 (.), is_last=False, is_eos=False
Token 0 verification failed, accepting up to this token. is_last: False, is_eos: False, is_mismatch: True

Draft step 0: in_token=tensor([[3596]], device='cuda:6'), in_token_decoded= RE, end_index: 12104
predicted_token: 26646, predict_score: 0.08458797633647919, token :  twist

Draft step 1: in_token=tensor([[26646]], device='cuda:6'), in_token_decoded= twist, end_index: 12105
Draft step 1, token  twist, predict_score 0.08458797633647919 < threshold 0.6, stopping draft
Verifying token 0: verify_id=24834 (PLY), draft_id=26646 ( twist), is_last=False, is_eos=False
Token 0 verification failed, accepting up to this token. is_last: False, is_eos: False, is_mismatch: True

Draft step 0: in_token=tensor([[24834]], device='cuda:6'), in_token_decoded=PLY, end_index: 12105
predicted_token: 825, predict_score: 0.12527666985988617, token :  one

Draft step 1: in_token=tensor([[825]], device='cuda:6'), in_token_decoded= one, end_index: 12106
Draft step 1, token  one, predict_score 0.12527666985988617 < threshold 0.6, stopping draft
Verifying token 0: verify_id=151645 (<|im_end|>), draft_id=825 ( one), is_last=False, is_eos=True
Token 0 verification failed, accepting up to this token. is_last: False, is_eos: True, is_mismatch: True
New tokens: ['NO REPLY<|im_end|>']
Total new tokens generated: 4
[Spec] avg_accept=1.00 | tokens=4 | context_len=12102
[Adapter] acc=0/3 (0.0%) | avg_confidence=0.084 | context_len=12102
\n===== Lossless Check =====
Speculative output: NO REPLY
AR manual output:   NO REPLY
Exact match: True
OK: Outputs match. Speculative decoding is lossless.
Speedup: 0.50x
Speedup_decode: 0.54x
Spec decode tok/s: 20.93
AR decode tok/s:   39.10
 first token :NO

Draft step 0: in_token=tensor([[8996]], device='cuda:6'), in_token_decoded=NO, end_index: 12168
predicted_token: 13, predict_score: 0.05609393119812012, token : .

Draft step 1: in_token=tensor([[13]], device='cuda:6'), in_token_decoded=., end_index: 12169
Draft step 1, token ., predict_score 0.05609393119812012 < threshold 0.6, stopping draft
Verifying token 0: verify_id=3596 ( RE), draft_id=13 (.), is_last=False, is_eos=False
Token 0 verification failed, accepting up to this token. is_last: False, is_eos: False, is_mismatch: True

Draft step 0: in_token=tensor([[3596]], device='cuda:6'), in_token_decoded= RE, end_index: 12169
predicted_token: 26646, predict_score: 0.059059079736471176, token :  twist

Draft step 1: in_token=tensor([[26646]], device='cuda:6'), in_token_decoded= twist, end_index: 12170
Draft step 1, token  twist, predict_score 0.059059079736471176 < threshold 0.6, stopping draft
Verifying token 0: verify_id=24834 (PLY), draft_id=26646 ( twist), is_last=False, is_eos=False
Token 0 verification failed, accepting up to this token. is_last: False, is_eos: False, is_mismatch: True

Draft step 0: in_token=tensor([[24834]], device='cuda:6'), in_token_decoded=PLY, end_index: 12170
predicted_token: 369, predict_score: 0.12147721648216248, token :  for

Draft step 1: in_token=tensor([[369]], device='cuda:6'), in_token_decoded= for, end_index: 12171
Draft step 1, token  for, predict_score 0.12147721648216248 < threshold 0.6, stopping draft
Verifying token 0: verify_id=151645 (<|im_end|>), draft_id=369 ( for), is_last=False, is_eos=True
Token 0 verification failed, accepting up to this token. is_last: False, is_eos: True, is_mismatch: True
New tokens: ['NO REPLY<|im_end|>']
Total new tokens generated: 4
[Spec] avg_accept=1.00 | tokens=4 | context_len=12167
[Adapter] acc=0/3 (0.0%) | avg_confidence=0.079 | context_len=12167
\n===== Lossless Check =====
Speculative output: NO REPLY
AR manual output:   NO REPLY
Exact match: True
OK: Outputs match. Speculative decoding is lossless.
Speedup: 0.71x
Speedup_decode: 0.38x
Spec decode tok/s: 13.54
AR decode tok/s:   35.38
 first token :NO

Draft step 0: in_token=tensor([[8996]], device='cuda:6'), in_token_decoded=NO, end_index: 12233
predicted_token: 13, predict_score: 0.04035008326172829, token : .

Draft step 1: in_token=tensor([[13]], device='cuda:6'), in_token_decoded=., end_index: 12234
Draft step 1, token ., predict_score 0.04035008326172829 < threshold 0.6, stopping draft
Verifying token 0: verify_id=3596 ( RE), draft_id=13 (.), is_last=False, is_eos=False
Token 0 verification failed, accepting up to this token. is_last: False, is_eos: False, is_mismatch: True

Draft step 0: in_token=tensor([[3596]], device='cuda:6'), in_token_decoded= RE, end_index: 12234
predicted_token: 453, predict_score: 0.04030673950910568, token : op

Draft step 1: in_token=tensor([[453]], device='cuda:6'), in_token_decoded=op, end_index: 12235
Draft step 1, token op, predict_score 0.04030673950910568 < threshold 0.6, stopping draft
Verifying token 0: verify_id=24834 (PLY), draft_id=453 (op), is_last=False, is_eos=False
Token 0 verification failed, accepting up to this token. is_last: False, is_eos: False, is_mismatch: True

Draft step 0: in_token=tensor([[24834]], device='cuda:6'), in_token_decoded=PLY, end_index: 12235
predicted_token: 825, predict_score: 0.13142520189285278, token :  one

Draft step 1: in_token=tensor([[825]], device='cuda:6'), in_token_decoded= one, end_index: 12236
Draft step 1, token  one, predict_score 0.13142520189285278 < threshold 0.6, stopping draft
Verifying token 0: verify_id=151645 (<|im_end|>), draft_id=825 ( one), is_last=False, is_eos=True
Token 0 verification failed, accepting up to this token. is_last: False, is_eos: True, is_mismatch: True
New tokens: ['NO REPLY<|im_end|>']
Total new tokens generated: 4
[Spec] avg_accept=1.00 | tokens=4 | context_len=12232
[Adapter] acc=0/3 (0.0%) | avg_confidence=0.071 | context_len=12232
\n===== Lossless Check =====
Speculative output: NO REPLY
AR manual output:   NO REPLY
Exact match: True
OK: Outputs match. Speculative decoding is lossless.
Speedup: 0.64x
Speedup_decode: 0.56x
Spec decode tok/s: 21.59
AR decode tok/s:   38.87
 first token :NO

Draft step 0: in_token=tensor([[8996]], device='cuda:6'), in_token_decoded=NO, end_index: 12298
predicted_token: 13, predict_score: 0.029617346823215485, token : .

Draft step 1: in_token=tensor([[13]], device='cuda:6'), in_token_decoded=., end_index: 12299
Draft step 1, token ., predict_score 0.029617346823215485 < threshold 0.6, stopping draft
Verifying token 0: verify_id=3596 ( RE), draft_id=13 (.), is_last=False, is_eos=False
Token 0 verification failed, accepting up to this token. is_last: False, is_eos: False, is_mismatch: True

Draft step 0: in_token=tensor([[3596]], device='cuda:6'), in_token_decoded= RE, end_index: 12299
predicted_token: 26646, predict_score: 0.031704436987638474, token :  twist

Draft step 1: in_token=tensor([[26646]], device='cuda:6'), in_token_decoded= twist, end_index: 12300
Draft step 1, token  twist, predict_score 0.031704436987638474 < threshold 0.6, stopping draft
Verifying token 0: verify_id=24834 (PLY), draft_id=26646 ( twist), is_last=False, is_eos=False
Token 0 verification failed, accepting up to this token. is_last: False, is_eos: False, is_mismatch: True

Draft step 0: in_token=tensor([[24834]], device='cuda:6'), in_token_decoded=PLY, end_index: 12300
predicted_token: 825, predict_score: 0.14898894727230072, token :  one

Draft step 1: in_token=tensor([[825]], device='cuda:6'), in_token_decoded= one, end_index: 12301
Draft step 1, token  one, predict_score 0.14898894727230072 < threshold 0.6, stopping draft
Verifying token 0: verify_id=151645 (<|im_end|>), draft_id=825 ( one), is_last=False, is_eos=True
Token 0 verification failed, accepting up to this token. is_last: False, is_eos: True, is_mismatch: True
New tokens: ['NO REPLY<|im_end|>']
Total new tokens generated: 4
[Spec] avg_accept=1.00 | tokens=4 | context_len=12297
[Adapter] acc=0/3 (0.0%) | avg_confidence=0.070 | context_len=12297
\n===== Lossless Check =====
Speculative output: NO REPLY
AR manual output:   NO REPLY
Exact match: True
OK: Outputs match. Speculative decoding is lossless.
Speedup: 0.60x
Speedup_decode: 0.56x
Spec decode tok/s: 21.27
AR decode tok/s:   38.29
 first token :NO

Draft step 0: in_token=tensor([[8996]], device='cuda:6'), in_token_decoded=NO, end_index: 12363
predicted_token: 13, predict_score: 0.027351228520274162, token : .

Draft step 1: in_token=tensor([[13]], device='cuda:6'), in_token_decoded=., end_index: 12364
Draft step 1, token ., predict_score 0.027351228520274162 < threshold 0.6, stopping draft
Verifying token 0: verify_id=3596 ( RE), draft_id=13 (.), is_last=False, is_eos=False
Token 0 verification failed, accepting up to this token. is_last: False, is_eos: False, is_mismatch: True

Draft step 0: in_token=tensor([[3596]], device='cuda:6'), in_token_decoded= RE, end_index: 12364
predicted_token: 26646, predict_score: 0.03323700278997421, token :  twist

Draft step 1: in_token=tensor([[26646]], device='cuda:6'), in_token_decoded= twist, end_index: 12365
Draft step 1, token  twist, predict_score 0.03323700278997421 < threshold 0.6, stopping draft
Verifying token 0: verify_id=24834 (PLY), draft_id=26646 ( twist), is_last=False, is_eos=False
Token 0 verification failed, accepting up to this token. is_last: False, is_eos: False, is_mismatch: True

Draft step 0: in_token=tensor([[24834]], device='cuda:6'), in_token_decoded=PLY, end_index: 12365
predicted_token: 825, predict_score: 0.10163003206253052, token :  one

Draft step 1: in_token=tensor([[825]], device='cuda:6'), in_token_decoded= one, end_index: 12366
Draft step 1, token  one, predict_score 0.10163003206253052 < threshold 0.6, stopping draft
Verifying token 0: verify_id=151645 (<|im_end|>), draft_id=825 ( one), is_last=False, is_eos=True
Token 0 verification failed, accepting up to this token. is_last: False, is_eos: True, is_mismatch: True
New tokens: ['NO REPLY<|im_end|>']
Total new tokens generated: 4
[Spec] avg_accept=1.00 | tokens=4 | context_len=12362
[Adapter] acc=0/3 (0.0%) | avg_confidence=0.054 | context_len=12362
\n===== Lossless Check =====
Speculative output: NO REPLY
AR manual output:   NO REPLY
Exact match: True
OK: Outputs match. Speculative decoding is lossless.
Speedup: 0.66x
Speedup_decode: 0.51x
Spec decode tok/s: 19.09
AR decode tok/s:   37.72
 first token :NO

Draft step 0: in_token=tensor([[8996]], device='cuda:6'), in_token_decoded=NO, end_index: 12428
predicted_token: 13, predict_score: 0.03022306226193905, token : .

Draft step 1: in_token=tensor([[13]], device='cuda:6'), in_token_decoded=., end_index: 12429
Draft step 1, token ., predict_score 0.03022306226193905 < threshold 0.6, stopping draft
Verifying token 0: verify_id=3596 ( RE), draft_id=13 (.), is_last=False, is_eos=False
Token 0 verification failed, accepting up to this token. is_last: False, is_eos: False, is_mismatch: True

Draft step 0: in_token=tensor([[3596]], device='cuda:6'), in_token_decoded= RE, end_index: 12429
predicted_token: 13, predict_score: 0.028986865654587746, token : .

Draft step 1: in_token=tensor([[13]], device='cuda:6'), in_token_decoded=., end_index: 12430
Draft step 1, token ., predict_score 0.028986865654587746 < threshold 0.6, stopping draft
Verifying token 0: verify_id=24834 (PLY), draft_id=13 (.), is_last=False, is_eos=False
Token 0 verification failed, accepting up to this token. is_last: False, is_eos: False, is_mismatch: True

Draft step 0: in_token=tensor([[24834]], device='cuda:6'), in_token_decoded=PLY, end_index: 12430
predicted_token: 825, predict_score: 0.12778566777706146, token :  one

Draft step 1: in_token=tensor([[825]], device='cuda:6'), in_token_decoded= one, end_index: 12431
Draft step 1, token  one, predict_score 0.12778566777706146 < threshold 0.6, stopping draft
Verifying token 0: verify_id=151645 (<|im_end|>), draft_id=825 ( one), is_last=False, is_eos=True
Token 0 verification failed, accepting up to this token. is_last: False, is_eos: True, is_mismatch: True
New tokens: ['NO REPLY<|im_end|>']
Total new tokens generated: 4
[Spec] avg_accept=1.00 | tokens=4 | context_len=12427
[Adapter] acc=0/3 (0.0%) | avg_confidence=0.062 | context_len=12427
\n===== Lossless Check =====
Speculative output: NO REPLY
AR manual output:   NO REPLY
Exact match: True
OK: Outputs match. Speculative decoding is lossless.
Speedup: 0.64x
Speedup_decode: 0.61x
Spec decode tok/s: 23.37
AR decode tok/s:   38.08

--- Question c2d06df7-5d3a-4116-9edb-f1c81a4f669b-0-360.mp4 Summary (181 turns) ---
Avg accept: 1.01 | Avg draft accept: 0.01
Spec: 27.3 tok/s | AR: 33.5 tok/s | Speedup: 0.82x
Match: 179/181
Short reply avg confidence: 0.094 (170 turns)
Long reply avg confidence: 0.408 (11 turns)
  0%|          | 1/326 [06:23<34:34:56, 383.07s/it]  0%|          | 1/326 [06:23<34:34:56, 383.07s/it]

============================================================
AGGREGATE RESULTS (181 turns)
============================================================
Avg accept length: 1.01
Avg draft accept length: 0.01
Spec decode: 1366 tokens / 50.00s = 27.3 tok/s
AR decode:   1372 tokens / 40.98s = 33.5 tok/s
Overall decode speedup: 0.82x
Avg speedup: 0.66x
Lossless match rate: 179/181 (98.9%)
Short reply: acc=0/510 (0.0%) | avg_confidence=0.094 (170 turns)
Long reply: acc=138/612 (22.5%) | avg_confidence=0.408 (11 turns)
