set MAX_PIXELS: 25088
set VIDEO_MAX_PIXELS: 602112
set FPS: 2.0
set FPS_MAX_FRAMES: 768
set VIDEO_TOTAL_PIXELS: 90316800
Hello! You are loading qwen_vl_utils from: /data/wangzhichao/projects/SSD_full_history/qwen_vl_utils/__init__.py
Hello! You are loading Qwen2.5-VL model from: /data/wangzhichao/projects/SSD_full_history/model/__init__.py
Namespace(llm_pretrained='/data/wangzhichao/projects/MMDuet2/ckpt/MMDuet2_ckpt', attn_implementation='flash_attention_2', system_prompt='You are a helpful assistant. Your task is to answer questions based on continuously incoming video frames. Your responses should include information from the video since your last reply (if any). If the information in this segment of the video cannot answer the question, output "NO REPLY".', input_assistant_turns=False, test_fname='./data/annotations/2fps/ego_dataset.json', output_fname='./outputs/2fps/preds_auto_full_20_no_reply.jsonl', start_idx=0, end_idx=1, max_turns=None, device='cuda:6', do_sample=False, temperature=1.0, top_k=40, use_speculative_decoding=True, compare_AR_SSD=True, adapter_path='/data/wangzhichao/projects/SSD_full_history/adapter_checkpoints/20_no_reply/epochs/epoch023_acc0.9220_accept0.9247_loss0.7106', exit_layer=2, speculative_threshold=0.6, speculative_steps=6)
found 0 existing question ids in ./outputs/2fps/preds_auto_full_20_no_reply.jsonl
You are attempting to use Flash Attention 2.0 with a model not initialized on GPU. Make sure to move the model to GPU after initializing it on CPU with `model.to('cuda')`.
model load debug: loaded all keep masks for Qwen2_5_VLModel
Loading checkpoint shards:   0%|          | 0/2 [00:00<?, ?it/s]Loading checkpoint shards:  50%|█████     | 1/2 [00:00<00:00,  4.80it/s]Loading checkpoint shards: 100%|██████████| 2/2 [00:00<00:00,  5.66it/s]Loading checkpoint shards: 100%|██████████| 2/2 [00:00<00:00,  5.51it/s]
/data/wangzhichao/projects/SSD_full_history/kangaroo_model.py:60: FutureWarning: You are using `torch.load` with `weights_only=False` (the current default value), which uses the default pickle module implicitly. It is possible to construct malicious pickle data which will execute arbitrary code during unpickling (See https://github.com/pytorch/pytorch/blob/main/SECURITY.md#untrusted-models for more details). In a future release, the default value for `weights_only` will be flipped to `True`. This limits the functions that could be executed during unpickling. Arbitrary objects will no longer be allowed to be loaded via this mode unless they are explicitly allowlisted by the user via `torch.serialization.add_safe_globals`. We recommend you start setting `weights_only=True` for any use case where you don't have full control of the loaded file. Please open an issue on GitHub for any issues related to this experimental feature.
  state_dict = torch.load(adapter_ckpt, map_location='cpu')
Loaded adapter weights from /data/wangzhichao/projects/SSD_full_history/adapter_checkpoints/20_no_reply/epochs/epoch023_acc0.9220_accept0.9247_loss0.7106/adapter_model.bin (all 9 keys matched)
Using a slow image processor as `use_fast` is unset and a slow processor was saved with this model. `use_fast=True` will be the default behavior in v4.48, even if the model was saved with a slow processor. This will result in minor differences in outputs. You'll still be able to use a slow processor with `use_fast=False`.
setting frame_interval=1.0 for testing on args.test_fname='./data/annotations/2fps/ego_dataset.json'
  0%|          | 0/326 [00:00<?, ?it/s] first token :NO

Draft step 0: in_token=tensor([[8996]], device='cuda:6'), in_token_decoded=NO, end_index: 86
predicted_token: 3596, predict_score: 0.9997393488883972, token :  RE

Draft step 1: in_token=tensor([[3596]], device='cuda:6'), in_token_decoded= RE, end_index: 87
predicted_token: 24834, predict_score: 0.9998630285263062, token : PLY

Draft step 2: in_token=tensor([[24834]], device='cuda:6'), in_token_decoded=PLY, end_index: 88
predicted_token: 151645, predict_score: 0.9983031749725342, token : <|im_end|>
Verifying token 0: verify_id=3596 ( RE), draft_id=3596 ( RE), is_last=False, is_eos=False
Verifying token 1: verify_id=24834 (PLY), draft_id=24834 (PLY), is_last=False, is_eos=False
Verifying token 2: verify_id=151645 (<|im_end|>), draft_id=151645 (<|im_end|>), is_last=False, is_eos=True
Token 2 verification failed, accepting up to this token. is_last: False, is_eos: True, is_mismatch: False
New tokens: ['NO REPLY<|im_end|>']
Total new tokens generated: 4
[Spec] avg_accept=3.00 | tokens=4 | context_len=85
[Adapter] acc=3/3 (100.0%) | avg_confidence=0.999 | context_len=85
\n===== Lossless Check =====
Speculative output: NO REPLY
AR manual output:   NO REPLY
Exact match: True
OK: Outputs match. Speculative decoding is lossless.
Speedup: 0.81x
Speedup_decode: 1.02x
Spec decode tok/s: 38.57
AR decode tok/s:   37.77
 first token :NO

Draft step 0: in_token=tensor([[8996]], device='cuda:6'), in_token_decoded=NO, end_index: 151
predicted_token: 3596, predict_score: 0.9999938011169434, token :  RE

Draft step 1: in_token=tensor([[3596]], device='cuda:6'), in_token_decoded= RE, end_index: 152
predicted_token: 24834, predict_score: 0.9999957084655762, token : PLY

Draft step 2: in_token=tensor([[24834]], device='cuda:6'), in_token_decoded=PLY, end_index: 153
predicted_token: 151645, predict_score: 0.9995160102844238, token : <|im_end|>
Verifying token 0: verify_id=3596 ( RE), draft_id=3596 ( RE), is_last=False, is_eos=False
Verifying token 1: verify_id=24834 (PLY), draft_id=24834 (PLY), is_last=False, is_eos=False
Verifying token 2: verify_id=151645 (<|im_end|>), draft_id=151645 (<|im_end|>), is_last=False, is_eos=True
Token 2 verification failed, accepting up to this token. is_last: False, is_eos: True, is_mismatch: False
New tokens: ['NO REPLY<|im_end|>']
Total new tokens generated: 4
[Spec] avg_accept=3.00 | tokens=4 | context_len=150
[Adapter] acc=3/3 (100.0%) | avg_confidence=1.000 | context_len=150
\n===== Lossless Check =====
Speculative output: NO REPLY
AR manual output:   NO REPLY
Exact match: True
OK: Outputs match. Speculative decoding is lossless.
Speedup: 1.43x
Speedup_decode: 1.90x
Spec decode tok/s: 68.36
AR decode tok/s:   36.06
 first token :NO

Draft step 0: in_token=tensor([[8996]], device='cuda:6'), in_token_decoded=NO, end_index: 216
predicted_token: 3596, predict_score: 0.9999905824661255, token :  RE

Draft step 1: in_token=tensor([[3596]], device='cuda:6'), in_token_decoded= RE, end_index: 217
predicted_token: 24834, predict_score: 0.9999974966049194, token : PLY

Draft step 2: in_token=tensor([[24834]], device='cuda:6'), in_token_decoded=PLY, end_index: 218
predicted_token: 151645, predict_score: 0.9995633959770203, token : <|im_end|>
Verifying token 0: verify_id=3596 ( RE), draft_id=3596 ( RE), is_last=False, is_eos=False
Verifying token 1: verify_id=24834 (PLY), draft_id=24834 (PLY), is_last=False, is_eos=False
Verifying token 2: verify_id=151645 (<|im_end|>), draft_id=151645 (<|im_end|>), is_last=False, is_eos=True
Token 2 verification failed, accepting up to this token. is_last: False, is_eos: True, is_mismatch: False
New tokens: ['NO REPLY<|im_end|>']
Total new tokens generated: 4
[Spec] avg_accept=3.00 | tokens=4 | context_len=215
[Adapter] acc=3/3 (100.0%) | avg_confidence=1.000 | context_len=215
\n===== Lossless Check =====
Speculative output: NO REPLY
AR manual output:   NO REPLY
Exact match: True
OK: Outputs match. Speculative decoding is lossless.
Speedup: 1.70x
Speedup_decode: 2.24x
Spec decode tok/s: 80.76
AR decode tok/s:   36.06
 first token :NO

Draft step 0: in_token=tensor([[8996]], device='cuda:6'), in_token_decoded=NO, end_index: 281
predicted_token: 3596, predict_score: 0.999987006187439, token :  RE

Draft step 1: in_token=tensor([[3596]], device='cuda:6'), in_token_decoded= RE, end_index: 282
predicted_token: 24834, predict_score: 0.9999964237213135, token : PLY

Draft step 2: in_token=tensor([[24834]], device='cuda:6'), in_token_decoded=PLY, end_index: 283
predicted_token: 151645, predict_score: 0.9996228218078613, token : <|im_end|>
Verifying token 0: verify_id=3596 ( RE), draft_id=3596 ( RE), is_last=False, is_eos=False
Verifying token 1: verify_id=24834 (PLY), draft_id=24834 (PLY), is_last=False, is_eos=False
Verifying token 2: verify_id=151645 (<|im_end|>), draft_id=151645 (<|im_end|>), is_last=False, is_eos=True
Token 2 verification failed, accepting up to this token. is_last: False, is_eos: True, is_mismatch: False
New tokens: ['NO REPLY<|im_end|>']
Total new tokens generated: 4
[Spec] avg_accept=3.00 | tokens=4 | context_len=280
[Adapter] acc=3/3 (100.0%) | avg_confidence=1.000 | context_len=280
\n===== Lossless Check =====
Speculative output: NO REPLY
AR manual output:   NO REPLY
Exact match: True
OK: Outputs match. Speculative decoding is lossless.
Speedup: 1.70x
Speedup_decode: 2.25x
Spec decode tok/s: 79.96
AR decode tok/s:   35.55
 first token :NO

Draft step 0: in_token=tensor([[8996]], device='cuda:6'), in_token_decoded=NO, end_index: 346
predicted_token: 3596, predict_score: 0.9999912977218628, token :  RE

Draft step 1: in_token=tensor([[3596]], device='cuda:6'), in_token_decoded= RE, end_index: 347
predicted_token: 24834, predict_score: 0.9999960660934448, token : PLY

Draft step 2: in_token=tensor([[24834]], device='cuda:6'), in_token_decoded=PLY, end_index: 348
predicted_token: 151645, predict_score: 0.9996032118797302, token : <|im_end|>
Verifying token 0: verify_id=3596 ( RE), draft_id=3596 ( RE), is_last=False, is_eos=False
Verifying token 1: verify_id=24834 (PLY), draft_id=24834 (PLY), is_last=False, is_eos=False
Verifying token 2: verify_id=151645 (<|im_end|>), draft_id=151645 (<|im_end|>), is_last=False, is_eos=True
Token 2 verification failed, accepting up to this token. is_last: False, is_eos: True, is_mismatch: False
New tokens: ['NO REPLY<|im_end|>']
Total new tokens generated: 4
[Spec] avg_accept=3.00 | tokens=4 | context_len=345
[Adapter] acc=3/3 (100.0%) | avg_confidence=1.000 | context_len=345
\n===== Lossless Check =====
Speculative output: NO REPLY
AR manual output:   NO REPLY
Exact match: True
OK: Outputs match. Speculative decoding is lossless.
Speedup: 1.57x
Speedup_decode: 2.08x
Spec decode tok/s: 74.75
AR decode tok/s:   36.00
 first token :NO

Draft step 0: in_token=tensor([[8996]], device='cuda:6'), in_token_decoded=NO, end_index: 411
predicted_token: 3596, predict_score: 0.9999842643737793, token :  RE

Draft step 1: in_token=tensor([[3596]], device='cuda:6'), in_token_decoded= RE, end_index: 412
predicted_token: 24834, predict_score: 0.9999933242797852, token : PLY

Draft step 2: in_token=tensor([[24834]], device='cuda:6'), in_token_decoded=PLY, end_index: 413
predicted_token: 151645, predict_score: 0.9995935559272766, token : <|im_end|>
Verifying token 0: verify_id=3596 ( RE), draft_id=3596 ( RE), is_last=False, is_eos=False
Verifying token 1: verify_id=24834 (PLY), draft_id=24834 (PLY), is_last=False, is_eos=False
Verifying token 2: verify_id=151645 (<|im_end|>), draft_id=151645 (<|im_end|>), is_last=False, is_eos=True
Token 2 verification failed, accepting up to this token. is_last: False, is_eos: True, is_mismatch: False
New tokens: ['NO REPLY<|im_end|>']
Total new tokens generated: 4
[Spec] avg_accept=3.00 | tokens=4 | context_len=410
[Adapter] acc=3/3 (100.0%) | avg_confidence=1.000 | context_len=410
\n===== Lossless Check =====
Speculative output: NO REPLY
AR manual output:   NO REPLY
Exact match: True
OK: Outputs match. Speculative decoding is lossless.
Speedup: 1.67x
Speedup_decode: 2.20x
Spec decode tok/s: 80.08
AR decode tok/s:   36.34
 first token :NO

Draft step 0: in_token=tensor([[8996]], device='cuda:6'), in_token_decoded=NO, end_index: 476
predicted_token: 3596, predict_score: 0.99998939037323, token :  RE

Draft step 1: in_token=tensor([[3596]], device='cuda:6'), in_token_decoded= RE, end_index: 477
predicted_token: 24834, predict_score: 0.9999927282333374, token : PLY

Draft step 2: in_token=tensor([[24834]], device='cuda:6'), in_token_decoded=PLY, end_index: 478
predicted_token: 151645, predict_score: 0.9996401071548462, token : <|im_end|>
Verifying token 0: verify_id=3596 ( RE), draft_id=3596 ( RE), is_last=False, is_eos=False
Verifying token 1: verify_id=24834 (PLY), draft_id=24834 (PLY), is_last=False, is_eos=False
Verifying token 2: verify_id=151645 (<|im_end|>), draft_id=151645 (<|im_end|>), is_last=False, is_eos=True
Token 2 verification failed, accepting up to this token. is_last: False, is_eos: True, is_mismatch: False
New tokens: ['NO REPLY<|im_end|>']
Total new tokens generated: 4
[Spec] avg_accept=3.00 | tokens=4 | context_len=475
[Adapter] acc=3/3 (100.0%) | avg_confidence=1.000 | context_len=475
\n===== Lossless Check =====
Speculative output: NO REPLY
AR manual output:   NO REPLY
Exact match: True
OK: Outputs match. Speculative decoding is lossless.
Speedup: 1.69x
Speedup_decode: 2.24x
Spec decode tok/s: 80.85
AR decode tok/s:   36.17
 first token :NO

Draft step 0: in_token=tensor([[8996]], device='cuda:6'), in_token_decoded=NO, end_index: 541
predicted_token: 3596, predict_score: 0.9999892711639404, token :  RE

Draft step 1: in_token=tensor([[3596]], device='cuda:6'), in_token_decoded= RE, end_index: 542
predicted_token: 24834, predict_score: 0.9999921321868896, token : PLY

Draft step 2: in_token=tensor([[24834]], device='cuda:6'), in_token_decoded=PLY, end_index: 543
predicted_token: 151645, predict_score: 0.9996546506881714, token : <|im_end|>
Verifying token 0: verify_id=3596 ( RE), draft_id=3596 ( RE), is_last=False, is_eos=False
Verifying token 1: verify_id=24834 (PLY), draft_id=24834 (PLY), is_last=False, is_eos=False
Verifying token 2: verify_id=151645 (<|im_end|>), draft_id=151645 (<|im_end|>), is_last=False, is_eos=True
Token 2 verification failed, accepting up to this token. is_last: False, is_eos: True, is_mismatch: False
New tokens: ['NO REPLY<|im_end|>']
Total new tokens generated: 4
[Spec] avg_accept=3.00 | tokens=4 | context_len=540
[Adapter] acc=3/3 (100.0%) | avg_confidence=1.000 | context_len=540
\n===== Lossless Check =====
Speculative output: NO REPLY
AR manual output:   NO REPLY
Exact match: True
OK: Outputs match. Speculative decoding is lossless.
Speedup: 1.67x
Speedup_decode: 2.20x
Spec decode tok/s: 79.29
AR decode tok/s:   36.04
 first token :NO

Draft step 0: in_token=tensor([[8996]], device='cuda:6'), in_token_decoded=NO, end_index: 606
predicted_token: 3596, predict_score: 0.9999847412109375, token :  RE

Draft step 1: in_token=tensor([[3596]], device='cuda:6'), in_token_decoded= RE, end_index: 607
predicted_token: 24834, predict_score: 0.9999909400939941, token : PLY

Draft step 2: in_token=tensor([[24834]], device='cuda:6'), in_token_decoded=PLY, end_index: 608
predicted_token: 151645, predict_score: 0.9996175765991211, token : <|im_end|>
Verifying token 0: verify_id=3596 ( RE), draft_id=3596 ( RE), is_last=False, is_eos=False
Verifying token 1: verify_id=24834 (PLY), draft_id=24834 (PLY), is_last=False, is_eos=False
Verifying token 2: verify_id=151645 (<|im_end|>), draft_id=151645 (<|im_end|>), is_last=False, is_eos=True
Token 2 verification failed, accepting up to this token. is_last: False, is_eos: True, is_mismatch: False
New tokens: ['NO REPLY<|im_end|>']
Total new tokens generated: 4
[Spec] avg_accept=3.00 | tokens=4 | context_len=605
[Adapter] acc=3/3 (100.0%) | avg_confidence=1.000 | context_len=605
\n===== Lossless Check =====
Speculative output: NO REPLY
AR manual output:   NO REPLY
Exact match: True
OK: Outputs match. Speculative decoding is lossless.
Speedup: 1.66x
Speedup_decode: 2.19x
Spec decode tok/s: 79.58
AR decode tok/s:   36.29
 first token :NO

Draft step 0: in_token=tensor([[8996]], device='cuda:6'), in_token_decoded=NO, end_index: 671
predicted_token: 3596, predict_score: 0.9999850988388062, token :  RE

Draft step 1: in_token=tensor([[3596]], device='cuda:6'), in_token_decoded= RE, end_index: 672
predicted_token: 24834, predict_score: 0.9999904632568359, token : PLY

Draft step 2: in_token=tensor([[24834]], device='cuda:6'), in_token_decoded=PLY, end_index: 673
predicted_token: 151645, predict_score: 0.9996346235275269, token : <|im_end|>
Verifying token 0: verify_id=3596 ( RE), draft_id=3596 ( RE), is_last=False, is_eos=False
Verifying token 1: verify_id=24834 (PLY), draft_id=24834 (PLY), is_last=False, is_eos=False
Verifying token 2: verify_id=151645 (<|im_end|>), draft_id=151645 (<|im_end|>), is_last=False, is_eos=True
Token 2 verification failed, accepting up to this token. is_last: False, is_eos: True, is_mismatch: False
New tokens: ['NO REPLY<|im_end|>']
Total new tokens generated: 4
[Spec] avg_accept=3.00 | tokens=4 | context_len=670
[Adapter] acc=3/3 (100.0%) | avg_confidence=1.000 | context_len=670
\n===== Lossless Check =====
Speculative output: NO REPLY
AR manual output:   NO REPLY
Exact match: True
OK: Outputs match. Speculative decoding is lossless.
Speedup: 1.69x
Speedup_decode: 2.24x
Spec decode tok/s: 80.52
AR decode tok/s:   35.96
 first token :NO

Draft step 0: in_token=tensor([[8996]], device='cuda:6'), in_token_decoded=NO, end_index: 736
predicted_token: 3596, predict_score: 0.999987006187439, token :  RE

Draft step 1: in_token=tensor([[3596]], device='cuda:6'), in_token_decoded= RE, end_index: 737
predicted_token: 24834, predict_score: 0.9999865293502808, token : PLY

Draft step 2: in_token=tensor([[24834]], device='cuda:6'), in_token_decoded=PLY, end_index: 738
predicted_token: 151645, predict_score: 0.9995645880699158, token : <|im_end|>
Verifying token 0: verify_id=3596 ( RE), draft_id=3596 ( RE), is_last=False, is_eos=False
Verifying token 1: verify_id=24834 (PLY), draft_id=24834 (PLY), is_last=False, is_eos=False
Verifying token 2: verify_id=151645 (<|im_end|>), draft_id=151645 (<|im_end|>), is_last=False, is_eos=True
Token 2 verification failed, accepting up to this token. is_last: False, is_eos: True, is_mismatch: False
New tokens: ['NO REPLY<|im_end|>']
Total new tokens generated: 4
[Spec] avg_accept=3.00 | tokens=4 | context_len=735
[Adapter] acc=3/3 (100.0%) | avg_confidence=1.000 | context_len=735
\n===== Lossless Check =====
Speculative output: NO REPLY
AR manual output:   NO REPLY
Exact match: True
OK: Outputs match. Speculative decoding is lossless.
Speedup: 1.67x
Speedup_decode: 2.21x
Spec decode tok/s: 79.09
AR decode tok/s:   35.83
 first token :NO

Draft step 0: in_token=tensor([[8996]], device='cuda:6'), in_token_decoded=NO, end_index: 801
predicted_token: 3596, predict_score: 0.9999781847000122, token :  RE

Draft step 1: in_token=tensor([[3596]], device='cuda:6'), in_token_decoded= RE, end_index: 802
predicted_token: 24834, predict_score: 0.9999854564666748, token : PLY

Draft step 2: in_token=tensor([[24834]], device='cuda:6'), in_token_decoded=PLY, end_index: 803
predicted_token: 151645, predict_score: 0.9996188879013062, token : <|im_end|>
Verifying token 0: verify_id=3596 ( RE), draft_id=3596 ( RE), is_last=False, is_eos=False
Verifying token 1: verify_id=24834 (PLY), draft_id=24834 (PLY), is_last=False, is_eos=False
Verifying token 2: verify_id=151645 (<|im_end|>), draft_id=151645 (<|im_end|>), is_last=False, is_eos=True
Token 2 verification failed, accepting up to this token. is_last: False, is_eos: True, is_mismatch: False
New tokens: ['NO REPLY<|im_end|>']
Total new tokens generated: 4
[Spec] avg_accept=3.00 | tokens=4 | context_len=800
[Adapter] acc=3/3 (100.0%) | avg_confidence=1.000 | context_len=800
\n===== Lossless Check =====
Speculative output: NO REPLY
AR manual output:   NO REPLY
Exact match: True
OK: Outputs match. Speculative decoding is lossless.
Speedup: 1.68x
Speedup_decode: 2.22x
Spec decode tok/s: 80.19
AR decode tok/s:   36.12
 first token :NO

Draft step 0: in_token=tensor([[8996]], device='cuda:6'), in_token_decoded=NO, end_index: 866
predicted_token: 3596, predict_score: 0.9999850988388062, token :  RE

Draft step 1: in_token=tensor([[3596]], device='cuda:6'), in_token_decoded= RE, end_index: 867
predicted_token: 24834, predict_score: 0.9999802112579346, token : PLY

Draft step 2: in_token=tensor([[24834]], device='cuda:6'), in_token_decoded=PLY, end_index: 868
predicted_token: 151645, predict_score: 0.9995872378349304, token : <|im_end|>
Verifying token 0: verify_id=3596 ( RE), draft_id=3596 ( RE), is_last=False, is_eos=False
Verifying token 1: verify_id=24834 (PLY), draft_id=24834 (PLY), is_last=False, is_eos=False
Verifying token 2: verify_id=151645 (<|im_end|>), draft_id=151645 (<|im_end|>), is_last=False, is_eos=True
Token 2 verification failed, accepting up to this token. is_last: False, is_eos: True, is_mismatch: False
New tokens: ['NO REPLY<|im_end|>']
Total new tokens generated: 4
[Spec] avg_accept=3.00 | tokens=4 | context_len=865
[Adapter] acc=3/3 (100.0%) | avg_confidence=1.000 | context_len=865
\n===== Lossless Check =====
Speculative output: NO REPLY
AR manual output:   NO REPLY
Exact match: True
OK: Outputs match. Speculative decoding is lossless.
Speedup: 1.62x
Speedup_decode: 2.13x
Spec decode tok/s: 64.50
AR decode tok/s:   30.31
 first token :NO

Draft step 0: in_token=tensor([[8996]], device='cuda:6'), in_token_decoded=NO, end_index: 931
predicted_token: 3596, predict_score: 0.9999810457229614, token :  RE

Draft step 1: in_token=tensor([[3596]], device='cuda:6'), in_token_decoded= RE, end_index: 932
predicted_token: 24834, predict_score: 0.9999617338180542, token : PLY

Draft step 2: in_token=tensor([[24834]], device='cuda:6'), in_token_decoded=PLY, end_index: 933
predicted_token: 151645, predict_score: 0.9995903372764587, token : <|im_end|>
Verifying token 0: verify_id=3596 ( RE), draft_id=3596 ( RE), is_last=False, is_eos=False
Verifying token 1: verify_id=24834 (PLY), draft_id=24834 (PLY), is_last=False, is_eos=False
Verifying token 2: verify_id=151645 (<|im_end|>), draft_id=151645 (<|im_end|>), is_last=False, is_eos=True
Token 2 verification failed, accepting up to this token. is_last: False, is_eos: True, is_mismatch: False
New tokens: ['NO REPLY<|im_end|>']
Total new tokens generated: 4
[Spec] avg_accept=3.00 | tokens=4 | context_len=930
[Adapter] acc=3/3 (100.0%) | avg_confidence=1.000 | context_len=930
\n===== Lossless Check =====
Speculative output: NO REPLY
AR manual output:   NO REPLY
Exact match: True
OK: Outputs match. Speculative decoding is lossless.
Speedup: 1.72x
Speedup_decode: 2.25x
Spec decode tok/s: 66.56
AR decode tok/s:   29.53
 first token :NO

Draft step 0: in_token=tensor([[8996]], device='cuda:6'), in_token_decoded=NO, end_index: 996
predicted_token: 3596, predict_score: 0.9999830722808838, token :  RE

Draft step 1: in_token=tensor([[3596]], device='cuda:6'), in_token_decoded= RE, end_index: 997
predicted_token: 24834, predict_score: 0.9999818801879883, token : PLY

Draft step 2: in_token=tensor([[24834]], device='cuda:6'), in_token_decoded=PLY, end_index: 998
predicted_token: 151645, predict_score: 0.9995697140693665, token : <|im_end|>
Verifying token 0: verify_id=3596 ( RE), draft_id=3596 ( RE), is_last=False, is_eos=False
Verifying token 1: verify_id=24834 (PLY), draft_id=24834 (PLY), is_last=False, is_eos=False
Verifying token 2: verify_id=151645 (<|im_end|>), draft_id=151645 (<|im_end|>), is_last=False, is_eos=True
Token 2 verification failed, accepting up to this token. is_last: False, is_eos: True, is_mismatch: False
New tokens: ['NO REPLY<|im_end|>']
Total new tokens generated: 4
[Spec] avg_accept=3.00 | tokens=4 | context_len=995
[Adapter] acc=3/3 (100.0%) | avg_confidence=1.000 | context_len=995
\n===== Lossless Check =====
Speculative output: NO REPLY
AR manual output:   NO REPLY
Exact match: True
OK: Outputs match. Speculative decoding is lossless.
Speedup: 1.66x
Speedup_decode: 2.17x
Spec decode tok/s: 63.88
AR decode tok/s:   29.42
 first token :NO

Draft step 0: in_token=tensor([[8996]], device='cuda:6'), in_token_decoded=NO, end_index: 1061
predicted_token: 3596, predict_score: 0.9999805688858032, token :  RE

Draft step 1: in_token=tensor([[3596]], device='cuda:6'), in_token_decoded= RE, end_index: 1062
predicted_token: 24834, predict_score: 0.9999752044677734, token : PLY

Draft step 2: in_token=tensor([[24834]], device='cuda:6'), in_token_decoded=PLY, end_index: 1063
predicted_token: 151645, predict_score: 0.9995988011360168, token : <|im_end|>
Verifying token 0: verify_id=3596 ( RE), draft_id=3596 ( RE), is_last=False, is_eos=False
Verifying token 1: verify_id=24834 (PLY), draft_id=24834 (PLY), is_last=False, is_eos=False
Verifying token 2: verify_id=151645 (<|im_end|>), draft_id=151645 (<|im_end|>), is_last=False, is_eos=True
Token 2 verification failed, accepting up to this token. is_last: False, is_eos: True, is_mismatch: False
New tokens: ['NO REPLY<|im_end|>']
Total new tokens generated: 4
[Spec] avg_accept=3.00 | tokens=4 | context_len=1060
[Adapter] acc=3/3 (100.0%) | avg_confidence=1.000 | context_len=1060
\n===== Lossless Check =====
Speculative output: NO REPLY
AR manual output:   NO REPLY
Exact match: True
OK: Outputs match. Speculative decoding is lossless.
Speedup: 1.67x
Speedup_decode: 2.18x
Spec decode tok/s: 79.07
AR decode tok/s:   36.20
 first token :NO

Draft step 0: in_token=tensor([[8996]], device='cuda:6'), in_token_decoded=NO, end_index: 1126
predicted_token: 3596, predict_score: 0.9999834299087524, token :  RE

Draft step 1: in_token=tensor([[3596]], device='cuda:6'), in_token_decoded= RE, end_index: 1127
predicted_token: 24834, predict_score: 0.9999781847000122, token : PLY

Draft step 2: in_token=tensor([[24834]], device='cuda:6'), in_token_decoded=PLY, end_index: 1128
predicted_token: 151645, predict_score: 0.9996199607849121, token : <|im_end|>
Verifying token 0: verify_id=3596 ( RE), draft_id=3596 ( RE), is_last=False, is_eos=False
Verifying token 1: verify_id=24834 (PLY), draft_id=24834 (PLY), is_last=False, is_eos=False
Verifying token 2: verify_id=151645 (<|im_end|>), draft_id=151645 (<|im_end|>), is_last=False, is_eos=True
Token 2 verification failed, accepting up to this token. is_last: False, is_eos: True, is_mismatch: False
New tokens: ['NO REPLY<|im_end|>']
Total new tokens generated: 4
[Spec] avg_accept=3.00 | tokens=4 | context_len=1125
[Adapter] acc=3/3 (100.0%) | avg_confidence=1.000 | context_len=1125
\n===== Lossless Check =====
Speculative output: NO REPLY
AR manual output:   NO REPLY
Exact match: True
OK: Outputs match. Speculative decoding is lossless.
Speedup: 1.72x
Speedup_decode: 2.23x
Spec decode tok/s: 78.01
AR decode tok/s:   34.94
 first token :NO

Draft step 0: in_token=tensor([[8996]], device='cuda:6'), in_token_decoded=NO, end_index: 1191
predicted_token: 3596, predict_score: 0.9999843835830688, token :  RE

Draft step 1: in_token=tensor([[3596]], device='cuda:6'), in_token_decoded= RE, end_index: 1192
predicted_token: 24834, predict_score: 0.9999692440032959, token : PLY

Draft step 2: in_token=tensor([[24834]], device='cuda:6'), in_token_decoded=PLY, end_index: 1193
predicted_token: 151645, predict_score: 0.999618649482727, token : <|im_end|>
Verifying token 0: verify_id=3596 ( RE), draft_id=3596 ( RE), is_last=False, is_eos=False
Verifying token 1: verify_id=24834 (PLY), draft_id=24834 (PLY), is_last=False, is_eos=False
Verifying token 2: verify_id=151645 (<|im_end|>), draft_id=151645 (<|im_end|>), is_last=False, is_eos=True
Token 2 verification failed, accepting up to this token. is_last: False, is_eos: True, is_mismatch: False
New tokens: ['NO REPLY<|im_end|>']
Total new tokens generated: 4
[Spec] avg_accept=3.00 | tokens=4 | context_len=1190
[Adapter] acc=3/3 (100.0%) | avg_confidence=1.000 | context_len=1190
\n===== Lossless Check =====
Speculative output: NO REPLY
AR manual output:   NO REPLY
Exact match: True
OK: Outputs match. Speculative decoding is lossless.
Speedup: 1.69x
Speedup_decode: 2.19x
Spec decode tok/s: 79.30
AR decode tok/s:   36.19
 first token :NO

Draft step 0: in_token=tensor([[8996]], device='cuda:6'), in_token_decoded=NO, end_index: 1256
predicted_token: 3596, predict_score: 0.999974250793457, token :  RE

Draft step 1: in_token=tensor([[3596]], device='cuda:6'), in_token_decoded= RE, end_index: 1257
predicted_token: 24834, predict_score: 0.9999831914901733, token : PLY

Draft step 2: in_token=tensor([[24834]], device='cuda:6'), in_token_decoded=PLY, end_index: 1258
predicted_token: 151645, predict_score: 0.9995933175086975, token : <|im_end|>
Verifying token 0: verify_id=3596 ( RE), draft_id=3596 ( RE), is_last=False, is_eos=False
Verifying token 1: verify_id=24834 (PLY), draft_id=24834 (PLY), is_last=False, is_eos=False
Verifying token 2: verify_id=151645 (<|im_end|>), draft_id=151645 (<|im_end|>), is_last=False, is_eos=True
Token 2 verification failed, accepting up to this token. is_last: False, is_eos: True, is_mismatch: False
New tokens: ['NO REPLY<|im_end|>']
Total new tokens generated: 4
[Spec] avg_accept=3.00 | tokens=4 | context_len=1255
[Adapter] acc=3/3 (100.0%) | avg_confidence=1.000 | context_len=1255
\n===== Lossless Check =====
Speculative output: NO REPLY
AR manual output:   NO REPLY
Exact match: True
OK: Outputs match. Speculative decoding is lossless.
Speedup: 1.71x
Speedup_decode: 2.21x
Spec decode tok/s: 78.49
AR decode tok/s:   35.47
 first token :NO

Draft step 0: in_token=tensor([[8996]], device='cuda:6'), in_token_decoded=NO, end_index: 1321
predicted_token: 3596, predict_score: 0.9999861717224121, token :  RE

Draft step 1: in_token=tensor([[3596]], device='cuda:6'), in_token_decoded= RE, end_index: 1322
predicted_token: 24834, predict_score: 0.9999802112579346, token : PLY

Draft step 2: in_token=tensor([[24834]], device='cuda:6'), in_token_decoded=PLY, end_index: 1323
predicted_token: 151645, predict_score: 0.99958735704422, token : <|im_end|>
Verifying token 0: verify_id=3596 ( RE), draft_id=3596 ( RE), is_last=False, is_eos=False
Verifying token 1: verify_id=24834 (PLY), draft_id=24834 (PLY), is_last=False, is_eos=False
Verifying token 2: verify_id=151645 (<|im_end|>), draft_id=151645 (<|im_end|>), is_last=False, is_eos=True
Token 2 verification failed, accepting up to this token. is_last: False, is_eos: True, is_mismatch: False
New tokens: ['NO REPLY<|im_end|>']
Total new tokens generated: 4
[Spec] avg_accept=3.00 | tokens=4 | context_len=1320
[Adapter] acc=3/3 (100.0%) | avg_confidence=1.000 | context_len=1320
\n===== Lossless Check =====
Speculative output: NO REPLY
AR manual output:   NO REPLY
Exact match: True
OK: Outputs match. Speculative decoding is lossless.
Speedup: 1.68x
Speedup_decode: 2.18x
Spec decode tok/s: 77.81
AR decode tok/s:   35.70
 first token :NO

Draft step 0: in_token=tensor([[8996]], device='cuda:6'), in_token_decoded=NO, end_index: 1386
predicted_token: 3596, predict_score: 0.9999804496765137, token :  RE

Draft step 1: in_token=tensor([[3596]], device='cuda:6'), in_token_decoded= RE, end_index: 1387
predicted_token: 24834, predict_score: 0.9999837875366211, token : PLY

Draft step 2: in_token=tensor([[24834]], device='cuda:6'), in_token_decoded=PLY, end_index: 1388
predicted_token: 151645, predict_score: 0.9996241331100464, token : <|im_end|>
Verifying token 0: verify_id=3596 ( RE), draft_id=3596 ( RE), is_last=False, is_eos=False
Verifying token 1: verify_id=24834 (PLY), draft_id=24834 (PLY), is_last=False, is_eos=False
Verifying token 2: verify_id=151645 (<|im_end|>), draft_id=151645 (<|im_end|>), is_last=False, is_eos=True
Token 2 verification failed, accepting up to this token. is_last: False, is_eos: True, is_mismatch: False
New tokens: ['NO REPLY<|im_end|>']
Total new tokens generated: 4
[Spec] avg_accept=3.00 | tokens=4 | context_len=1385
[Adapter] acc=3/3 (100.0%) | avg_confidence=1.000 | context_len=1385
\n===== Lossless Check =====
Speculative output: NO REPLY
AR manual output:   NO REPLY
Exact match: True
OK: Outputs match. Speculative decoding is lossless.
Speedup: 1.72x
Speedup_decode: 2.21x
Spec decode tok/s: 77.62
AR decode tok/s:   35.15
 first token :NO

Draft step 0: in_token=tensor([[8996]], device='cuda:6'), in_token_decoded=NO, end_index: 1451
predicted_token: 3596, predict_score: 0.9999845027923584, token :  RE

Draft step 1: in_token=tensor([[3596]], device='cuda:6'), in_token_decoded= RE, end_index: 1452
predicted_token: 24834, predict_score: 0.9999842643737793, token : PLY

Draft step 2: in_token=tensor([[24834]], device='cuda:6'), in_token_decoded=PLY, end_index: 1453
predicted_token: 151645, predict_score: 0.9996059536933899, token : <|im_end|>
Verifying token 0: verify_id=3596 ( RE), draft_id=3596 ( RE), is_last=False, is_eos=False
Verifying token 1: verify_id=24834 (PLY), draft_id=24834 (PLY), is_last=False, is_eos=False
Verifying token 2: verify_id=151645 (<|im_end|>), draft_id=151645 (<|im_end|>), is_last=False, is_eos=True
Token 2 verification failed, accepting up to this token. is_last: False, is_eos: True, is_mismatch: False
New tokens: ['NO REPLY<|im_end|>']
Total new tokens generated: 4
[Spec] avg_accept=3.00 | tokens=4 | context_len=1450
[Adapter] acc=3/3 (100.0%) | avg_confidence=1.000 | context_len=1450
\n===== Lossless Check =====
Speculative output: NO REPLY
AR manual output:   NO REPLY
Exact match: True
OK: Outputs match. Speculative decoding is lossless.
Speedup: 1.69x
Speedup_decode: 2.18x
Spec decode tok/s: 78.28
AR decode tok/s:   35.85
 first token :NO

Draft step 0: in_token=tensor([[8996]], device='cuda:6'), in_token_decoded=NO, end_index: 1516
predicted_token: 3596, predict_score: 0.9999885559082031, token :  RE

Draft step 1: in_token=tensor([[3596]], device='cuda:6'), in_token_decoded= RE, end_index: 1517
predicted_token: 24834, predict_score: 0.9999868869781494, token : PLY

Draft step 2: in_token=tensor([[24834]], device='cuda:6'), in_token_decoded=PLY, end_index: 1518
predicted_token: 151645, predict_score: 0.9995980858802795, token : <|im_end|>
Verifying token 0: verify_id=3596 ( RE), draft_id=3596 ( RE), is_last=False, is_eos=False
Verifying token 1: verify_id=24834 (PLY), draft_id=24834 (PLY), is_last=False, is_eos=False
Verifying token 2: verify_id=151645 (<|im_end|>), draft_id=151645 (<|im_end|>), is_last=False, is_eos=True
Token 2 verification failed, accepting up to this token. is_last: False, is_eos: True, is_mismatch: False
New tokens: ['NO REPLY<|im_end|>']
Total new tokens generated: 4
[Spec] avg_accept=3.00 | tokens=4 | context_len=1515
[Adapter] acc=3/3 (100.0%) | avg_confidence=1.000 | context_len=1515
\n===== Lossless Check =====
Speculative output: NO REPLY
AR manual output:   NO REPLY
Exact match: True
OK: Outputs match. Speculative decoding is lossless.
Speedup: 1.70x
Speedup_decode: 2.18x
Spec decode tok/s: 77.93
AR decode tok/s:   35.81
 first token :NO

Draft step 0: in_token=tensor([[8996]], device='cuda:6'), in_token_decoded=NO, end_index: 1581
predicted_token: 3596, predict_score: 0.9999880790710449, token :  RE

Draft step 1: in_token=tensor([[3596]], device='cuda:6'), in_token_decoded= RE, end_index: 1582
predicted_token: 24834, predict_score: 0.9999799728393555, token : PLY

Draft step 2: in_token=tensor([[24834]], device='cuda:6'), in_token_decoded=PLY, end_index: 1583
predicted_token: 151645, predict_score: 0.9996345043182373, token : <|im_end|>
Verifying token 0: verify_id=3596 ( RE), draft_id=3596 ( RE), is_last=False, is_eos=False
Verifying token 1: verify_id=24834 (PLY), draft_id=24834 (PLY), is_last=False, is_eos=False
Verifying token 2: verify_id=151645 (<|im_end|>), draft_id=151645 (<|im_end|>), is_last=False, is_eos=True
Token 2 verification failed, accepting up to this token. is_last: False, is_eos: True, is_mismatch: False
New tokens: ['NO REPLY<|im_end|>']
Total new tokens generated: 4
[Spec] avg_accept=3.00 | tokens=4 | context_len=1580
[Adapter] acc=3/3 (100.0%) | avg_confidence=1.000 | context_len=1580
\n===== Lossless Check =====
Speculative output: NO REPLY
AR manual output:   NO REPLY
Exact match: True
OK: Outputs match. Speculative decoding is lossless.
Speedup: 1.68x
Speedup_decode: 2.17x
Spec decode tok/s: 77.45
AR decode tok/s:   35.67
 first token :NO

Draft step 0: in_token=tensor([[8996]], device='cuda:6'), in_token_decoded=NO, end_index: 1646
predicted_token: 3596, predict_score: 0.9999850988388062, token :  RE

Draft step 1: in_token=tensor([[3596]], device='cuda:6'), in_token_decoded= RE, end_index: 1647
predicted_token: 24834, predict_score: 0.999988317489624, token : PLY

Draft step 2: in_token=tensor([[24834]], device='cuda:6'), in_token_decoded=PLY, end_index: 1648
predicted_token: 151645, predict_score: 0.9995750784873962, token : <|im_end|>
Verifying token 0: verify_id=3596 ( RE), draft_id=3596 ( RE), is_last=False, is_eos=False
Verifying token 1: verify_id=24834 (PLY), draft_id=24834 (PLY), is_last=False, is_eos=False
Verifying token 2: verify_id=151645 (<|im_end|>), draft_id=151645 (<|im_end|>), is_last=False, is_eos=True
Token 2 verification failed, accepting up to this token. is_last: False, is_eos: True, is_mismatch: False
New tokens: ['NO REPLY<|im_end|>']
Total new tokens generated: 4
[Spec] avg_accept=3.00 | tokens=4 | context_len=1645
[Adapter] acc=3/3 (100.0%) | avg_confidence=1.000 | context_len=1645
\n===== Lossless Check =====
Speculative output: NO REPLY
AR manual output:   NO REPLY
Exact match: True
OK: Outputs match. Speculative decoding is lossless.
Speedup: 1.72x
Speedup_decode: 1.32x
Spec decode tok/s: 45.80
AR decode tok/s:   34.70
 first token :NO

Draft step 0: in_token=tensor([[8996]], device='cuda:6'), in_token_decoded=NO, end_index: 1711
predicted_token: 3596, predict_score: 0.9999836683273315, token :  RE

Draft step 1: in_token=tensor([[3596]], device='cuda:6'), in_token_decoded= RE, end_index: 1712
predicted_token: 24834, predict_score: 0.9999901056289673, token : PLY

Draft step 2: in_token=tensor([[24834]], device='cuda:6'), in_token_decoded=PLY, end_index: 1713
predicted_token: 151645, predict_score: 0.9996036887168884, token : <|im_end|>
Verifying token 0: verify_id=3596 ( RE), draft_id=3596 ( RE), is_last=False, is_eos=False
Verifying token 1: verify_id=24834 (PLY), draft_id=24834 (PLY), is_last=False, is_eos=False
Verifying token 2: verify_id=151645 (<|im_end|>), draft_id=151645 (<|im_end|>), is_last=False, is_eos=True
Token 2 verification failed, accepting up to this token. is_last: False, is_eos: True, is_mismatch: False
New tokens: ['NO REPLY<|im_end|>']
Total new tokens generated: 4
[Spec] avg_accept=3.00 | tokens=4 | context_len=1710
[Adapter] acc=3/3 (100.0%) | avg_confidence=1.000 | context_len=1710
\n===== Lossless Check =====
Speculative output: NO REPLY
AR manual output:   NO REPLY
Exact match: True
OK: Outputs match. Speculative decoding is lossless.
Speedup: 1.66x
Speedup_decode: 2.12x
Spec decode tok/s: 76.57
AR decode tok/s:   36.06
 first token :NO

Draft step 0: in_token=tensor([[8996]], device='cuda:6'), in_token_decoded=NO, end_index: 1776
predicted_token: 3596, predict_score: 0.999981164932251, token :  RE

Draft step 1: in_token=tensor([[3596]], device='cuda:6'), in_token_decoded= RE, end_index: 1777
predicted_token: 24834, predict_score: 0.9999895095825195, token : PLY

Draft step 2: in_token=tensor([[24834]], device='cuda:6'), in_token_decoded=PLY, end_index: 1778
predicted_token: 151645, predict_score: 0.9995796084403992, token : <|im_end|>
Verifying token 0: verify_id=3596 ( RE), draft_id=3596 ( RE), is_last=False, is_eos=False
Verifying token 1: verify_id=24834 (PLY), draft_id=24834 (PLY), is_last=False, is_eos=False
Verifying token 2: verify_id=151645 (<|im_end|>), draft_id=151645 (<|im_end|>), is_last=False, is_eos=True
Token 2 verification failed, accepting up to this token. is_last: False, is_eos: True, is_mismatch: False
New tokens: ['NO REPLY<|im_end|>']
Total new tokens generated: 4
[Spec] avg_accept=3.00 | tokens=4 | context_len=1775
[Adapter] acc=3/3 (100.0%) | avg_confidence=1.000 | context_len=1775
\n===== Lossless Check =====
Speculative output: NO REPLY
AR manual output:   NO REPLY
Exact match: True
OK: Outputs match. Speculative decoding is lossless.
Speedup: 1.68x
Speedup_decode: 2.13x
Spec decode tok/s: 76.46
AR decode tok/s:   35.84
 first token :NO

Draft step 0: in_token=tensor([[8996]], device='cuda:6'), in_token_decoded=NO, end_index: 1841
predicted_token: 3596, predict_score: 0.999982476234436, token :  RE

Draft step 1: in_token=tensor([[3596]], device='cuda:6'), in_token_decoded= RE, end_index: 1842
predicted_token: 24834, predict_score: 0.9999901056289673, token : PLY

Draft step 2: in_token=tensor([[24834]], device='cuda:6'), in_token_decoded=PLY, end_index: 1843
predicted_token: 151645, predict_score: 0.9996256828308105, token : <|im_end|>
Verifying token 0: verify_id=3596 ( RE), draft_id=3596 ( RE), is_last=False, is_eos=False
Verifying token 1: verify_id=24834 (PLY), draft_id=24834 (PLY), is_last=False, is_eos=False
Verifying token 2: verify_id=151645 (<|im_end|>), draft_id=151645 (<|im_end|>), is_last=False, is_eos=True
Token 2 verification failed, accepting up to this token. is_last: False, is_eos: True, is_mismatch: False
New tokens: ['NO REPLY<|im_end|>']
Total new tokens generated: 4
[Spec] avg_accept=3.00 | tokens=4 | context_len=1840
[Adapter] acc=3/3 (100.0%) | avg_confidence=1.000 | context_len=1840
\n===== Lossless Check =====
Speculative output: NO REPLY
AR manual output:   NO REPLY
Exact match: True
OK: Outputs match. Speculative decoding is lossless.
Speedup: 1.67x
Speedup_decode: 2.14x
Spec decode tok/s: 76.42
AR decode tok/s:   35.75
 first token :NO

Draft step 0: in_token=tensor([[8996]], device='cuda:6'), in_token_decoded=NO, end_index: 1906
predicted_token: 3596, predict_score: 0.9999853372573853, token :  RE

Draft step 1: in_token=tensor([[3596]], device='cuda:6'), in_token_decoded= RE, end_index: 1907
predicted_token: 24834, predict_score: 0.999987006187439, token : PLY

Draft step 2: in_token=tensor([[24834]], device='cuda:6'), in_token_decoded=PLY, end_index: 1908
predicted_token: 151645, predict_score: 0.9996032118797302, token : <|im_end|>
Verifying token 0: verify_id=3596 ( RE), draft_id=3596 ( RE), is_last=False, is_eos=False
Verifying token 1: verify_id=24834 (PLY), draft_id=24834 (PLY), is_last=False, is_eos=False
Verifying token 2: verify_id=151645 (<|im_end|>), draft_id=151645 (<|im_end|>), is_last=False, is_eos=True
Token 2 verification failed, accepting up to this token. is_last: False, is_eos: True, is_mismatch: False
New tokens: ['NO REPLY<|im_end|>']
Total new tokens generated: 4
[Spec] avg_accept=3.00 | tokens=4 | context_len=1905
[Adapter] acc=3/3 (100.0%) | avg_confidence=1.000 | context_len=1905
\n===== Lossless Check =====
Speculative output: NO REPLY
AR manual output:   NO REPLY
Exact match: True
OK: Outputs match. Speculative decoding is lossless.
Speedup: 1.68x
Speedup_decode: 2.11x
Spec decode tok/s: 75.59
AR decode tok/s:   35.89
 first token :NO

Draft step 0: in_token=tensor([[8996]], device='cuda:6'), in_token_decoded=NO, end_index: 1971
predicted_token: 3596, predict_score: 0.9999783039093018, token :  RE

Draft step 1: in_token=tensor([[3596]], device='cuda:6'), in_token_decoded= RE, end_index: 1972
predicted_token: 24834, predict_score: 0.9999861717224121, token : PLY

Draft step 2: in_token=tensor([[24834]], device='cuda:6'), in_token_decoded=PLY, end_index: 1973
predicted_token: 151645, predict_score: 0.9996024966239929, token : <|im_end|>
Verifying token 0: verify_id=3596 ( RE), draft_id=3596 ( RE), is_last=False, is_eos=False
Verifying token 1: verify_id=24834 (PLY), draft_id=24834 (PLY), is_last=False, is_eos=False
Verifying token 2: verify_id=151645 (<|im_end|>), draft_id=151645 (<|im_end|>), is_last=False, is_eos=True
Token 2 verification failed, accepting up to this token. is_last: False, is_eos: True, is_mismatch: False
New tokens: ['NO REPLY<|im_end|>']
Total new tokens generated: 4
[Spec] avg_accept=3.00 | tokens=4 | context_len=1970
[Adapter] acc=3/3 (100.0%) | avg_confidence=1.000 | context_len=1970
\n===== Lossless Check =====
Speculative output: NO REPLY
AR manual output:   NO REPLY
Exact match: True
OK: Outputs match. Speculative decoding is lossless.
Speedup: 1.72x
Speedup_decode: 2.18x
Spec decode tok/s: 75.92
AR decode tok/s:   34.81
 first token :NO

Draft step 0: in_token=tensor([[8996]], device='cuda:6'), in_token_decoded=NO, end_index: 2036
predicted_token: 3596, predict_score: 0.9999845027923584, token :  RE

Draft step 1: in_token=tensor([[3596]], device='cuda:6'), in_token_decoded= RE, end_index: 2037
predicted_token: 24834, predict_score: 0.9999842643737793, token : PLY

Draft step 2: in_token=tensor([[24834]], device='cuda:6'), in_token_decoded=PLY, end_index: 2038
predicted_token: 151645, predict_score: 0.9996157884597778, token : <|im_end|>
Verifying token 0: verify_id=3596 ( RE), draft_id=3596 ( RE), is_last=False, is_eos=False
Verifying token 1: verify_id=24834 (PLY), draft_id=24834 (PLY), is_last=False, is_eos=False
Verifying token 2: verify_id=151645 (<|im_end|>), draft_id=151645 (<|im_end|>), is_last=False, is_eos=True
Token 2 verification failed, accepting up to this token. is_last: False, is_eos: True, is_mismatch: False
New tokens: ['NO REPLY<|im_end|>']
Total new tokens generated: 4
[Spec] avg_accept=3.00 | tokens=4 | context_len=2035
[Adapter] acc=3/3 (100.0%) | avg_confidence=1.000 | context_len=2035
\n===== Lossless Check =====
Speculative output: NO REPLY
AR manual output:   NO REPLY
Exact match: True
OK: Outputs match. Speculative decoding is lossless.
Speedup: 1.68x
Speedup_decode: 2.09x
Spec decode tok/s: 74.69
AR decode tok/s:   35.67
 first token :NO

Draft step 0: in_token=tensor([[8996]], device='cuda:6'), in_token_decoded=NO, end_index: 2101
predicted_token: 3596, predict_score: 0.9999798536300659, token :  RE

Draft step 1: in_token=tensor([[3596]], device='cuda:6'), in_token_decoded= RE, end_index: 2102
predicted_token: 24834, predict_score: 0.9999910593032837, token : PLY

Draft step 2: in_token=tensor([[24834]], device='cuda:6'), in_token_decoded=PLY, end_index: 2103
predicted_token: 151645, predict_score: 0.9996022582054138, token : <|im_end|>
Verifying token 0: verify_id=3596 ( RE), draft_id=3596 ( RE), is_last=False, is_eos=False
Verifying token 1: verify_id=24834 (PLY), draft_id=24834 (PLY), is_last=False, is_eos=False
Verifying token 2: verify_id=151645 (<|im_end|>), draft_id=151645 (<|im_end|>), is_last=False, is_eos=True
Token 2 verification failed, accepting up to this token. is_last: False, is_eos: True, is_mismatch: False
New tokens: ['NO REPLY<|im_end|>']
Total new tokens generated: 4
[Spec] avg_accept=3.00 | tokens=4 | context_len=2100
[Adapter] acc=3/3 (100.0%) | avg_confidence=1.000 | context_len=2100
\n===== Lossless Check =====
Speculative output: NO REPLY
AR manual output:   NO REPLY
Exact match: True
OK: Outputs match. Speculative decoding is lossless.
Speedup: 1.68x
Speedup_decode: 2.12x
Spec decode tok/s: 75.67
AR decode tok/s:   35.75
 first token :NO

Draft step 0: in_token=tensor([[8996]], device='cuda:6'), in_token_decoded=NO, end_index: 2166
predicted_token: 3596, predict_score: 0.9999836683273315, token :  RE

Draft step 1: in_token=tensor([[3596]], device='cuda:6'), in_token_decoded= RE, end_index: 2167
predicted_token: 24834, predict_score: 0.9999910593032837, token : PLY

Draft step 2: in_token=tensor([[24834]], device='cuda:6'), in_token_decoded=PLY, end_index: 2168
predicted_token: 151645, predict_score: 0.9996298551559448, token : <|im_end|>
Verifying token 0: verify_id=3596 ( RE), draft_id=3596 ( RE), is_last=False, is_eos=False
Verifying token 1: verify_id=24834 (PLY), draft_id=24834 (PLY), is_last=False, is_eos=False
Verifying token 2: verify_id=151645 (<|im_end|>), draft_id=151645 (<|im_end|>), is_last=False, is_eos=True
Token 2 verification failed, accepting up to this token. is_last: False, is_eos: True, is_mismatch: False
New tokens: ['NO REPLY<|im_end|>']
Total new tokens generated: 4
[Spec] avg_accept=3.00 | tokens=4 | context_len=2165
[Adapter] acc=3/3 (100.0%) | avg_confidence=1.000 | context_len=2165
\n===== Lossless Check =====
Speculative output: NO REPLY
AR manual output:   NO REPLY
Exact match: True
OK: Outputs match. Speculative decoding is lossless.
Speedup: 1.70x
Speedup_decode: 2.10x
Spec decode tok/s: 74.44
AR decode tok/s:   35.49
 first token :NO

Draft step 0: in_token=tensor([[8996]], device='cuda:6'), in_token_decoded=NO, end_index: 2231
predicted_token: 3596, predict_score: 0.999981164932251, token :  RE

Draft step 1: in_token=tensor([[3596]], device='cuda:6'), in_token_decoded= RE, end_index: 2232
predicted_token: 24834, predict_score: 0.9999916553497314, token : PLY

Draft step 2: in_token=tensor([[24834]], device='cuda:6'), in_token_decoded=PLY, end_index: 2233
predicted_token: 151645, predict_score: 0.9996114373207092, token : <|im_end|>
Verifying token 0: verify_id=3596 ( RE), draft_id=3596 ( RE), is_last=False, is_eos=False
Verifying token 1: verify_id=24834 (PLY), draft_id=24834 (PLY), is_last=False, is_eos=False
Verifying token 2: verify_id=151645 (<|im_end|>), draft_id=151645 (<|im_end|>), is_last=False, is_eos=True
Token 2 verification failed, accepting up to this token. is_last: False, is_eos: True, is_mismatch: False
New tokens: ['NO REPLY<|im_end|>']
Total new tokens generated: 4
[Spec] avg_accept=3.00 | tokens=4 | context_len=2230
[Adapter] acc=3/3 (100.0%) | avg_confidence=1.000 | context_len=2230
\n===== Lossless Check =====
Speculative output: NO REPLY
AR manual output:   NO REPLY
Exact match: True
OK: Outputs match. Speculative decoding is lossless.
Speedup: 1.72x
Speedup_decode: 2.14x
Spec decode tok/s: 75.36
AR decode tok/s:   35.20
 first token :NO

Draft step 0: in_token=tensor([[8996]], device='cuda:6'), in_token_decoded=NO, end_index: 2296
predicted_token: 3596, predict_score: 0.9999842643737793, token :  RE

Draft step 1: in_token=tensor([[3596]], device='cuda:6'), in_token_decoded= RE, end_index: 2297
predicted_token: 24834, predict_score: 0.9999881982803345, token : PLY

Draft step 2: in_token=tensor([[24834]], device='cuda:6'), in_token_decoded=PLY, end_index: 2298
predicted_token: 151645, predict_score: 0.9995805621147156, token : <|im_end|>
Verifying token 0: verify_id=3596 ( RE), draft_id=3596 ( RE), is_last=False, is_eos=False
Verifying token 1: verify_id=24834 (PLY), draft_id=24834 (PLY), is_last=False, is_eos=False
Verifying token 2: verify_id=151645 (<|im_end|>), draft_id=151645 (<|im_end|>), is_last=False, is_eos=True
Token 2 verification failed, accepting up to this token. is_last: False, is_eos: True, is_mismatch: False
New tokens: ['NO REPLY<|im_end|>']
Total new tokens generated: 4
[Spec] avg_accept=3.00 | tokens=4 | context_len=2295
[Adapter] acc=3/3 (100.0%) | avg_confidence=1.000 | context_len=2295
\n===== Lossless Check =====
Speculative output: NO REPLY
AR manual output:   NO REPLY
Exact match: True
OK: Outputs match. Speculative decoding is lossless.
Speedup: 1.68x
Speedup_decode: 2.06x
Spec decode tok/s: 72.33
AR decode tok/s:   35.12
 first token :NO

Draft step 0: in_token=tensor([[8996]], device='cuda:6'), in_token_decoded=NO, end_index: 2361
predicted_token: 3596, predict_score: 0.9999856948852539, token :  RE

Draft step 1: in_token=tensor([[3596]], device='cuda:6'), in_token_decoded= RE, end_index: 2362
predicted_token: 24834, predict_score: 0.9999910593032837, token : PLY

Draft step 2: in_token=tensor([[24834]], device='cuda:6'), in_token_decoded=PLY, end_index: 2363
predicted_token: 151645, predict_score: 0.9996114373207092, token : <|im_end|>
Verifying token 0: verify_id=3596 ( RE), draft_id=3596 ( RE), is_last=False, is_eos=False
Verifying token 1: verify_id=24834 (PLY), draft_id=24834 (PLY), is_last=False, is_eos=False
Verifying token 2: verify_id=151645 (<|im_end|>), draft_id=151645 (<|im_end|>), is_last=False, is_eos=True
Token 2 verification failed, accepting up to this token. is_last: False, is_eos: True, is_mismatch: False
New tokens: ['NO REPLY<|im_end|>']
Total new tokens generated: 4
[Spec] avg_accept=3.00 | tokens=4 | context_len=2360
[Adapter] acc=3/3 (100.0%) | avg_confidence=1.000 | context_len=2360
\n===== Lossless Check =====
Speculative output: NO REPLY
AR manual output:   NO REPLY
Exact match: True
OK: Outputs match. Speculative decoding is lossless.
Speedup: 1.71x
Speedup_decode: 2.14x
Spec decode tok/s: 75.70
AR decode tok/s:   35.36
 first token :NO

Draft step 0: in_token=tensor([[8996]], device='cuda:6'), in_token_decoded=NO, end_index: 2426
predicted_token: 3596, predict_score: 0.9999839067459106, token :  RE

Draft step 1: in_token=tensor([[3596]], device='cuda:6'), in_token_decoded= RE, end_index: 2427
predicted_token: 24834, predict_score: 0.9999891519546509, token : PLY

Draft step 2: in_token=tensor([[24834]], device='cuda:6'), in_token_decoded=PLY, end_index: 2428
predicted_token: 151645, predict_score: 0.9996175765991211, token : <|im_end|>
Verifying token 0: verify_id=3596 ( RE), draft_id=3596 ( RE), is_last=False, is_eos=False
Verifying token 1: verify_id=24834 (PLY), draft_id=24834 (PLY), is_last=False, is_eos=False
Verifying token 2: verify_id=151645 (<|im_end|>), draft_id=151645 (<|im_end|>), is_last=False, is_eos=True
Token 2 verification failed, accepting up to this token. is_last: False, is_eos: True, is_mismatch: False
New tokens: ['NO REPLY<|im_end|>']
Total new tokens generated: 4
[Spec] avg_accept=3.00 | tokens=4 | context_len=2425
[Adapter] acc=3/3 (100.0%) | avg_confidence=1.000 | context_len=2425
\n===== Lossless Check =====
Speculative output: NO REPLY
AR manual output:   NO REPLY
Exact match: True
OK: Outputs match. Speculative decoding is lossless.
Speedup: 1.67x
Speedup_decode: 2.04x
Spec decode tok/s: 72.49
AR decode tok/s:   35.56
 first token :NO

Draft step 0: in_token=tensor([[8996]], device='cuda:6'), in_token_decoded=NO, end_index: 2491
predicted_token: 3596, predict_score: 0.9999842643737793, token :  RE

Draft step 1: in_token=tensor([[3596]], device='cuda:6'), in_token_decoded= RE, end_index: 2492
predicted_token: 24834, predict_score: 0.9999910593032837, token : PLY

Draft step 2: in_token=tensor([[24834]], device='cuda:6'), in_token_decoded=PLY, end_index: 2493
predicted_token: 151645, predict_score: 0.9996293783187866, token : <|im_end|>
Verifying token 0: verify_id=3596 ( RE), draft_id=3596 ( RE), is_last=False, is_eos=False
Verifying token 1: verify_id=24834 (PLY), draft_id=24834 (PLY), is_last=False, is_eos=False
Verifying token 2: verify_id=151645 (<|im_end|>), draft_id=151645 (<|im_end|>), is_last=False, is_eos=True
Token 2 verification failed, accepting up to this token. is_last: False, is_eos: True, is_mismatch: False
New tokens: ['NO REPLY<|im_end|>']
Total new tokens generated: 4
[Spec] avg_accept=3.00 | tokens=4 | context_len=2490
[Adapter] acc=3/3 (100.0%) | avg_confidence=1.000 | context_len=2490
\n===== Lossless Check =====
Speculative output: NO REPLY
AR manual output:   NO REPLY
Exact match: True
OK: Outputs match. Speculative decoding is lossless.
Speedup: 1.68x
Speedup_decode: 2.07x
Spec decode tok/s: 73.97
AR decode tok/s:   35.69
 first token :NO

Draft step 0: in_token=tensor([[8996]], device='cuda:6'), in_token_decoded=NO, end_index: 2556
predicted_token: 3596, predict_score: 0.9999866485595703, token :  RE

Draft step 1: in_token=tensor([[3596]], device='cuda:6'), in_token_decoded= RE, end_index: 2557
predicted_token: 24834, predict_score: 0.999992847442627, token : PLY

Draft step 2: in_token=tensor([[24834]], device='cuda:6'), in_token_decoded=PLY, end_index: 2558
predicted_token: 151645, predict_score: 0.99962317943573, token : <|im_end|>
Verifying token 0: verify_id=3596 ( RE), draft_id=3596 ( RE), is_last=False, is_eos=False
Verifying token 1: verify_id=24834 (PLY), draft_id=24834 (PLY), is_last=False, is_eos=False
Verifying token 2: verify_id=151645 (<|im_end|>), draft_id=151645 (<|im_end|>), is_last=False, is_eos=True
Token 2 verification failed, accepting up to this token. is_last: False, is_eos: True, is_mismatch: False
New tokens: ['NO REPLY<|im_end|>']
Total new tokens generated: 4
[Spec] avg_accept=3.00 | tokens=4 | context_len=2555
[Adapter] acc=3/3 (100.0%) | avg_confidence=1.000 | context_len=2555
\n===== Lossless Check =====
Speculative output: NO REPLY
AR manual output:   NO REPLY
Exact match: True
OK: Outputs match. Speculative decoding is lossless.
Speedup: 1.64x
Speedup_decode: 1.99x
Spec decode tok/s: 71.46
AR decode tok/s:   35.97
 first token :NO

Draft step 0: in_token=tensor([[8996]], device='cuda:6'), in_token_decoded=NO, end_index: 2621
predicted_token: 3596, predict_score: 0.9999843835830688, token :  RE

Draft step 1: in_token=tensor([[3596]], device='cuda:6'), in_token_decoded= RE, end_index: 2622
predicted_token: 24834, predict_score: 0.9999933242797852, token : PLY

Draft step 2: in_token=tensor([[24834]], device='cuda:6'), in_token_decoded=PLY, end_index: 2623
predicted_token: 151645, predict_score: 0.9995943903923035, token : <|im_end|>
Verifying token 0: verify_id=3596 ( RE), draft_id=3596 ( RE), is_last=False, is_eos=False
Verifying token 1: verify_id=24834 (PLY), draft_id=24834 (PLY), is_last=False, is_eos=False
Verifying token 2: verify_id=151645 (<|im_end|>), draft_id=151645 (<|im_end|>), is_last=False, is_eos=True
Token 2 verification failed, accepting up to this token. is_last: False, is_eos: True, is_mismatch: False
New tokens: ['NO REPLY<|im_end|>']
Total new tokens generated: 4
[Spec] avg_accept=3.00 | tokens=4 | context_len=2620
[Adapter] acc=3/3 (100.0%) | avg_confidence=1.000 | context_len=2620
\n===== Lossless Check =====
Speculative output: NO REPLY
AR manual output:   NO REPLY
Exact match: True
OK: Outputs match. Speculative decoding is lossless.
Speedup: 1.69x
Speedup_decode: 2.08x
Spec decode tok/s: 74.65
AR decode tok/s:   35.81
 first token :NO

Draft step 0: in_token=tensor([[8996]], device='cuda:6'), in_token_decoded=NO, end_index: 2686
predicted_token: 3596, predict_score: 0.9999849796295166, token :  RE

Draft step 1: in_token=tensor([[3596]], device='cuda:6'), in_token_decoded= RE, end_index: 2687
predicted_token: 24834, predict_score: 0.9999903440475464, token : PLY

Draft step 2: in_token=tensor([[24834]], device='cuda:6'), in_token_decoded=PLY, end_index: 2688
predicted_token: 151645, predict_score: 0.9995530247688293, token : <|im_end|>
Verifying token 0: verify_id=3596 ( RE), draft_id=3596 ( RE), is_last=False, is_eos=False
Verifying token 1: verify_id=24834 (PLY), draft_id=24834 (PLY), is_last=False, is_eos=False
Verifying token 2: verify_id=151645 (<|im_end|>), draft_id=151645 (<|im_end|>), is_last=False, is_eos=True
Token 2 verification failed, accepting up to this token. is_last: False, is_eos: True, is_mismatch: False
New tokens: ['NO REPLY<|im_end|>']
Total new tokens generated: 4
[Spec] avg_accept=3.00 | tokens=4 | context_len=2685
[Adapter] acc=3/3 (100.0%) | avg_confidence=1.000 | context_len=2685
\n===== Lossless Check =====
Speculative output: NO REPLY
AR manual output:   NO REPLY
Exact match: True
OK: Outputs match. Speculative decoding is lossless.
Speedup: 1.67x
Speedup_decode: 0.73x
Spec decode tok/s: 26.17
AR decode tok/s:   35.80
 first token :NO

Draft step 0: in_token=tensor([[8996]], device='cuda:6'), in_token_decoded=NO, end_index: 2751
predicted_token: 3596, predict_score: 0.9999802112579346, token :  RE

Draft step 1: in_token=tensor([[3596]], device='cuda:6'), in_token_decoded= RE, end_index: 2752
predicted_token: 24834, predict_score: 0.9999920129776001, token : PLY

Draft step 2: in_token=tensor([[24834]], device='cuda:6'), in_token_decoded=PLY, end_index: 2753
predicted_token: 151645, predict_score: 0.9996297359466553, token : <|im_end|>
Verifying token 0: verify_id=3596 ( RE), draft_id=3596 ( RE), is_last=False, is_eos=False
Verifying token 1: verify_id=24834 (PLY), draft_id=24834 (PLY), is_last=False, is_eos=False
Verifying token 2: verify_id=151645 (<|im_end|>), draft_id=151645 (<|im_end|>), is_last=False, is_eos=True
Token 2 verification failed, accepting up to this token. is_last: False, is_eos: True, is_mismatch: False
New tokens: ['NO REPLY<|im_end|>']
Total new tokens generated: 4
[Spec] avg_accept=3.00 | tokens=4 | context_len=2750
[Adapter] acc=3/3 (100.0%) | avg_confidence=1.000 | context_len=2750
\n===== Lossless Check =====
Speculative output: NO REPLY
AR manual output:   NO REPLY
Exact match: True
OK: Outputs match. Speculative decoding is lossless.
Speedup: 1.69x
Speedup_decode: 2.06x
Spec decode tok/s: 72.37
AR decode tok/s:   35.20
 first token :NO

Draft step 0: in_token=tensor([[8996]], device='cuda:6'), in_token_decoded=NO, end_index: 2816
predicted_token: 3596, predict_score: 0.9999833106994629, token :  RE

Draft step 1: in_token=tensor([[3596]], device='cuda:6'), in_token_decoded= RE, end_index: 2817
predicted_token: 24834, predict_score: 0.9999897480010986, token : PLY

Draft step 2: in_token=tensor([[24834]], device='cuda:6'), in_token_decoded=PLY, end_index: 2818
predicted_token: 151645, predict_score: 0.9996213912963867, token : <|im_end|>
Verifying token 0: verify_id=3596 ( RE), draft_id=3596 ( RE), is_last=False, is_eos=False
Verifying token 1: verify_id=24834 (PLY), draft_id=24834 (PLY), is_last=False, is_eos=False
Verifying token 2: verify_id=151645 (<|im_end|>), draft_id=151645 (<|im_end|>), is_last=False, is_eos=True
Token 2 verification failed, accepting up to this token. is_last: False, is_eos: True, is_mismatch: False
New tokens: ['NO REPLY<|im_end|>']
Total new tokens generated: 4
[Spec] avg_accept=3.00 | tokens=4 | context_len=2815
[Adapter] acc=3/3 (100.0%) | avg_confidence=1.000 | context_len=2815
\n===== Lossless Check =====
Speculative output: NO REPLY
AR manual output:   NO REPLY
Exact match: True
OK: Outputs match. Speculative decoding is lossless.
Speedup: 1.68x
Speedup_decode: 2.00x
Spec decode tok/s: 71.58
AR decode tok/s:   35.74
 first token :NO

Draft step 0: in_token=tensor([[8996]], device='cuda:6'), in_token_decoded=NO, end_index: 2881
predicted_token: 3596, predict_score: 0.999974250793457, token :  RE

Draft step 1: in_token=tensor([[3596]], device='cuda:6'), in_token_decoded= RE, end_index: 2882
predicted_token: 24834, predict_score: 0.9999905824661255, token : PLY

Draft step 2: in_token=tensor([[24834]], device='cuda:6'), in_token_decoded=PLY, end_index: 2883
predicted_token: 151645, predict_score: 0.9996272325515747, token : <|im_end|>
Verifying token 0: verify_id=3596 ( RE), draft_id=3596 ( RE), is_last=False, is_eos=False
Verifying token 1: verify_id=24834 (PLY), draft_id=24834 (PLY), is_last=False, is_eos=False
Verifying token 2: verify_id=151645 (<|im_end|>), draft_id=151645 (<|im_end|>), is_last=False, is_eos=True
Token 2 verification failed, accepting up to this token. is_last: False, is_eos: True, is_mismatch: False
New tokens: ['NO REPLY<|im_end|>']
Total new tokens generated: 4
[Spec] avg_accept=3.00 | tokens=4 | context_len=2880
[Adapter] acc=3/3 (100.0%) | avg_confidence=1.000 | context_len=2880
\n===== Lossless Check =====
Speculative output: NO REPLY
AR manual output:   NO REPLY
Exact match: True
OK: Outputs match. Speculative decoding is lossless.
Speedup: 1.66x
Speedup_decode: 2.03x
Spec decode tok/s: 73.06
AR decode tok/s:   35.92
 first token :NO

Draft step 0: in_token=tensor([[8996]], device='cuda:6'), in_token_decoded=NO, end_index: 2946
predicted_token: 3596, predict_score: 0.9999858140945435, token :  RE

Draft step 1: in_token=tensor([[3596]], device='cuda:6'), in_token_decoded= RE, end_index: 2947
predicted_token: 24834, predict_score: 0.999988317489624, token : PLY

Draft step 2: in_token=tensor([[24834]], device='cuda:6'), in_token_decoded=PLY, end_index: 2948
predicted_token: 151645, predict_score: 0.9995999932289124, token : <|im_end|>
Verifying token 0: verify_id=3596 ( RE), draft_id=3596 ( RE), is_last=False, is_eos=False
Verifying token 1: verify_id=24834 (PLY), draft_id=24834 (PLY), is_last=False, is_eos=False
Verifying token 2: verify_id=151645 (<|im_end|>), draft_id=151645 (<|im_end|>), is_last=False, is_eos=True
Token 2 verification failed, accepting up to this token. is_last: False, is_eos: True, is_mismatch: False
New tokens: ['NO REPLY<|im_end|>']
Total new tokens generated: 4
[Spec] avg_accept=3.00 | tokens=4 | context_len=2945
[Adapter] acc=3/3 (100.0%) | avg_confidence=1.000 | context_len=2945
\n===== Lossless Check =====
Speculative output: NO REPLY
AR manual output:   NO REPLY
Exact match: True
OK: Outputs match. Speculative decoding is lossless.
Speedup: 1.67x
Speedup_decode: 1.96x
Spec decode tok/s: 69.92
AR decode tok/s:   35.73
 first token :NO

Draft step 0: in_token=tensor([[8996]], device='cuda:6'), in_token_decoded=NO, end_index: 3011
predicted_token: 3596, predict_score: 0.9999829530715942, token :  RE

Draft step 1: in_token=tensor([[3596]], device='cuda:6'), in_token_decoded= RE, end_index: 3012
predicted_token: 24834, predict_score: 0.9999891519546509, token : PLY

Draft step 2: in_token=tensor([[24834]], device='cuda:6'), in_token_decoded=PLY, end_index: 3013
predicted_token: 151645, predict_score: 0.9996196031570435, token : <|im_end|>
Verifying token 0: verify_id=3596 ( RE), draft_id=3596 ( RE), is_last=False, is_eos=False
Verifying token 1: verify_id=24834 (PLY), draft_id=24834 (PLY), is_last=False, is_eos=False
Verifying token 2: verify_id=151645 (<|im_end|>), draft_id=151645 (<|im_end|>), is_last=False, is_eos=True
Token 2 verification failed, accepting up to this token. is_last: False, is_eos: True, is_mismatch: False
New tokens: ['NO REPLY<|im_end|>']
Total new tokens generated: 4
[Spec] avg_accept=3.00 | tokens=4 | context_len=3010
[Adapter] acc=3/3 (100.0%) | avg_confidence=1.000 | context_len=3010
\n===== Lossless Check =====
Speculative output: NO REPLY
AR manual output:   NO REPLY
Exact match: True
OK: Outputs match. Speculative decoding is lossless.
Speedup: 1.72x
Speedup_decode: 2.06x
Spec decode tok/s: 71.94
AR decode tok/s:   34.95
 first token :NO

Draft step 0: in_token=tensor([[8996]], device='cuda:6'), in_token_decoded=NO, end_index: 3076
predicted_token: 3596, predict_score: 0.9999809265136719, token :  RE

Draft step 1: in_token=tensor([[3596]], device='cuda:6'), in_token_decoded= RE, end_index: 3077
predicted_token: 24834, predict_score: 0.9999850988388062, token : PLY

Draft step 2: in_token=tensor([[24834]], device='cuda:6'), in_token_decoded=PLY, end_index: 3078
predicted_token: 151645, predict_score: 0.9995958209037781, token : <|im_end|>
Verifying token 0: verify_id=3596 ( RE), draft_id=3596 ( RE), is_last=False, is_eos=False
Verifying token 1: verify_id=24834 (PLY), draft_id=24834 (PLY), is_last=False, is_eos=False
Verifying token 2: verify_id=151645 (<|im_end|>), draft_id=151645 (<|im_end|>), is_last=False, is_eos=True
Token 2 verification failed, accepting up to this token. is_last: False, is_eos: True, is_mismatch: False
New tokens: ['NO REPLY<|im_end|>']
Total new tokens generated: 4
[Spec] avg_accept=3.00 | tokens=4 | context_len=3075
[Adapter] acc=3/3 (100.0%) | avg_confidence=1.000 | context_len=3075
\n===== Lossless Check =====
Speculative output: NO REPLY
AR manual output:   NO REPLY
Exact match: True
OK: Outputs match. Speculative decoding is lossless.
Speedup: 1.68x
Speedup_decode: 1.95x
Spec decode tok/s: 69.94
AR decode tok/s:   35.89
 first token :NO

Draft step 0: in_token=tensor([[8996]], device='cuda:6'), in_token_decoded=NO, end_index: 3141
predicted_token: 3596, predict_score: 0.9999785423278809, token :  RE

Draft step 1: in_token=tensor([[3596]], device='cuda:6'), in_token_decoded= RE, end_index: 3142
predicted_token: 24834, predict_score: 0.9999833106994629, token : PLY

Draft step 2: in_token=tensor([[24834]], device='cuda:6'), in_token_decoded=PLY, end_index: 3143
predicted_token: 151645, predict_score: 0.9995998740196228, token : <|im_end|>
Verifying token 0: verify_id=3596 ( RE), draft_id=3596 ( RE), is_last=False, is_eos=False
Verifying token 1: verify_id=24834 (PLY), draft_id=24834 (PLY), is_last=False, is_eos=False
Verifying token 2: verify_id=151645 (<|im_end|>), draft_id=151645 (<|im_end|>), is_last=False, is_eos=True
Token 2 verification failed, accepting up to this token. is_last: False, is_eos: True, is_mismatch: False
New tokens: ['NO REPLY<|im_end|>']
Total new tokens generated: 4
[Spec] avg_accept=3.00 | tokens=4 | context_len=3140
[Adapter] acc=3/3 (100.0%) | avg_confidence=1.000 | context_len=3140
\n===== Lossless Check =====
Speculative output: NO REPLY
AR manual output:   NO REPLY
Exact match: True
OK: Outputs match. Speculative decoding is lossless.
Speedup: 1.70x
Speedup_decode: 2.03x
Spec decode tok/s: 72.01
AR decode tok/s:   35.42
 first token :NO

Draft step 0: in_token=tensor([[8996]], device='cuda:6'), in_token_decoded=NO, end_index: 3206
predicted_token: 3596, predict_score: 0.9999831914901733, token :  RE

Draft step 1: in_token=tensor([[3596]], device='cuda:6'), in_token_decoded= RE, end_index: 3207
predicted_token: 24834, predict_score: 0.999982476234436, token : PLY

Draft step 2: in_token=tensor([[24834]], device='cuda:6'), in_token_decoded=PLY, end_index: 3208
predicted_token: 151645, predict_score: 0.9995641112327576, token : <|im_end|>
Verifying token 0: verify_id=3596 ( RE), draft_id=3596 ( RE), is_last=False, is_eos=False
Verifying token 1: verify_id=24834 (PLY), draft_id=24834 (PLY), is_last=False, is_eos=False
Verifying token 2: verify_id=151645 (<|im_end|>), draft_id=151645 (<|im_end|>), is_last=False, is_eos=True
Token 2 verification failed, accepting up to this token. is_last: False, is_eos: True, is_mismatch: False
New tokens: ['NO REPLY<|im_end|>']
Total new tokens generated: 4
[Spec] avg_accept=3.00 | tokens=4 | context_len=3205
[Adapter] acc=3/3 (100.0%) | avg_confidence=1.000 | context_len=3205
\n===== Lossless Check =====
Speculative output: NO REPLY
AR manual output:   NO REPLY
Exact match: True
OK: Outputs match. Speculative decoding is lossless.
Speedup: 1.66x
Speedup_decode: 1.91x
Spec decode tok/s: 69.78
AR decode tok/s:   36.55
 first token :NO

Draft step 0: in_token=tensor([[8996]], device='cuda:6'), in_token_decoded=NO, end_index: 3271
predicted_token: 3596, predict_score: 0.9999788999557495, token :  RE

Draft step 1: in_token=tensor([[3596]], device='cuda:6'), in_token_decoded= RE, end_index: 3272
predicted_token: 24834, predict_score: 0.9999860525131226, token : PLY

Draft step 2: in_token=tensor([[24834]], device='cuda:6'), in_token_decoded=PLY, end_index: 3273
predicted_token: 151645, predict_score: 0.9995928406715393, token : <|im_end|>
Verifying token 0: verify_id=3596 ( RE), draft_id=3596 ( RE), is_last=False, is_eos=False
Verifying token 1: verify_id=24834 (PLY), draft_id=24834 (PLY), is_last=False, is_eos=False
Verifying token 2: verify_id=151645 (<|im_end|>), draft_id=151645 (<|im_end|>), is_last=False, is_eos=True
Token 2 verification failed, accepting up to this token. is_last: False, is_eos: True, is_mismatch: False
New tokens: ['NO REPLY<|im_end|>']
Total new tokens generated: 4
[Spec] avg_accept=3.00 | tokens=4 | context_len=3270
[Adapter] acc=3/3 (100.0%) | avg_confidence=1.000 | context_len=3270
\n===== Lossless Check =====
Speculative output: NO REPLY
AR manual output:   NO REPLY
Exact match: True
OK: Outputs match. Speculative decoding is lossless.
Speedup: 1.66x
Speedup_decode: 1.95x
Spec decode tok/s: 71.19
AR decode tok/s:   36.56
 first token :NO

Draft step 0: in_token=tensor([[8996]], device='cuda:6'), in_token_decoded=NO, end_index: 3336
predicted_token: 3596, predict_score: 0.9999817609786987, token :  RE

Draft step 1: in_token=tensor([[3596]], device='cuda:6'), in_token_decoded= RE, end_index: 3337
predicted_token: 24834, predict_score: 0.9999806880950928, token : PLY

Draft step 2: in_token=tensor([[24834]], device='cuda:6'), in_token_decoded=PLY, end_index: 3338
predicted_token: 151645, predict_score: 0.9996155500411987, token : <|im_end|>
Verifying token 0: verify_id=3596 ( RE), draft_id=3596 ( RE), is_last=False, is_eos=False
Verifying token 1: verify_id=24834 (PLY), draft_id=24834 (PLY), is_last=False, is_eos=False
Verifying token 2: verify_id=151645 (<|im_end|>), draft_id=151645 (<|im_end|>), is_last=False, is_eos=True
Token 2 verification failed, accepting up to this token. is_last: False, is_eos: True, is_mismatch: False
New tokens: ['NO REPLY<|im_end|>']
Total new tokens generated: 4
[Spec] avg_accept=3.00 | tokens=4 | context_len=3335
[Adapter] acc=3/3 (100.0%) | avg_confidence=1.000 | context_len=3335
\n===== Lossless Check =====
Speculative output: NO REPLY
AR manual output:   NO REPLY
Exact match: True
OK: Outputs match. Speculative decoding is lossless.
Speedup: 1.65x
Speedup_decode: 1.86x
Spec decode tok/s: 69.55
AR decode tok/s:   37.31
 first token :NO

Draft step 0: in_token=tensor([[8996]], device='cuda:6'), in_token_decoded=NO, end_index: 3401
predicted_token: 3596, predict_score: 0.9999791383743286, token :  RE

Draft step 1: in_token=tensor([[3596]], device='cuda:6'), in_token_decoded= RE, end_index: 3402
predicted_token: 24834, predict_score: 0.9999821186065674, token : PLY

Draft step 2: in_token=tensor([[24834]], device='cuda:6'), in_token_decoded=PLY, end_index: 3403
predicted_token: 151645, predict_score: 0.9995595812797546, token : <|im_end|>
Verifying token 0: verify_id=3596 ( RE), draft_id=3596 ( RE), is_last=False, is_eos=False
Verifying token 1: verify_id=24834 (PLY), draft_id=24834 (PLY), is_last=False, is_eos=False
Verifying token 2: verify_id=151645 (<|im_end|>), draft_id=151645 (<|im_end|>), is_last=False, is_eos=True
Token 2 verification failed, accepting up to this token. is_last: False, is_eos: True, is_mismatch: False
New tokens: ['NO REPLY<|im_end|>']
Total new tokens generated: 4
[Spec] avg_accept=3.00 | tokens=4 | context_len=3400
[Adapter] acc=3/3 (100.0%) | avg_confidence=1.000 | context_len=3400
\n===== Lossless Check =====
Speculative output: NO REPLY
AR manual output:   NO REPLY
Exact match: True
OK: Outputs match. Speculative decoding is lossless.
Speedup: 1.69x
Speedup_decode: 1.99x
Spec decode tok/s: 73.76
AR decode tok/s:   37.12
 first token :NO

Draft step 0: in_token=tensor([[8996]], device='cuda:6'), in_token_decoded=NO, end_index: 3466
predicted_token: 3596, predict_score: 0.9999793767929077, token :  RE

Draft step 1: in_token=tensor([[3596]], device='cuda:6'), in_token_decoded= RE, end_index: 3467
predicted_token: 24834, predict_score: 0.9999814033508301, token : PLY

Draft step 2: in_token=tensor([[24834]], device='cuda:6'), in_token_decoded=PLY, end_index: 3468
predicted_token: 151645, predict_score: 0.9995703101158142, token : <|im_end|>
Verifying token 0: verify_id=3596 ( RE), draft_id=3596 ( RE), is_last=False, is_eos=False
Verifying token 1: verify_id=24834 (PLY), draft_id=24834 (PLY), is_last=False, is_eos=False
Verifying token 2: verify_id=151645 (<|im_end|>), draft_id=151645 (<|im_end|>), is_last=False, is_eos=True
Token 2 verification failed, accepting up to this token. is_last: False, is_eos: True, is_mismatch: False
New tokens: ['NO REPLY<|im_end|>']
Total new tokens generated: 4
[Spec] avg_accept=3.00 | tokens=4 | context_len=3465
[Adapter] acc=3/3 (100.0%) | avg_confidence=1.000 | context_len=3465
\n===== Lossless Check =====
Speculative output: NO REPLY
AR manual output:   NO REPLY
Exact match: True
OK: Outputs match. Speculative decoding is lossless.
Speedup: 1.67x
Speedup_decode: 1.87x
Spec decode tok/s: 68.98
AR decode tok/s:   36.87
 first token :NO

Draft step 0: in_token=tensor([[8996]], device='cuda:6'), in_token_decoded=NO, end_index: 3531
predicted_token: 3596, predict_score: 0.9999803304672241, token :  RE

Draft step 1: in_token=tensor([[3596]], device='cuda:6'), in_token_decoded= RE, end_index: 3532
predicted_token: 24834, predict_score: 0.9999774694442749, token : PLY

Draft step 2: in_token=tensor([[24834]], device='cuda:6'), in_token_decoded=PLY, end_index: 3533
predicted_token: 151645, predict_score: 0.9995686411857605, token : <|im_end|>
Verifying token 0: verify_id=3596 ( RE), draft_id=3596 ( RE), is_last=False, is_eos=False
Verifying token 1: verify_id=24834 (PLY), draft_id=24834 (PLY), is_last=False, is_eos=False
Verifying token 2: verify_id=151645 (<|im_end|>), draft_id=151645 (<|im_end|>), is_last=False, is_eos=True
Token 2 verification failed, accepting up to this token. is_last: False, is_eos: True, is_mismatch: False
New tokens: ['NO REPLY<|im_end|>']
Total new tokens generated: 4
[Spec] avg_accept=3.00 | tokens=4 | context_len=3530
[Adapter] acc=3/3 (100.0%) | avg_confidence=1.000 | context_len=3530
\n===== Lossless Check =====
Speculative output: NO REPLY
AR manual output:   NO REPLY
Exact match: True
OK: Outputs match. Speculative decoding is lossless.
Speedup: 1.67x
Speedup_decode: 1.91x
Spec decode tok/s: 71.11
AR decode tok/s:   37.27
 first token :NO

Draft step 0: in_token=tensor([[8996]], device='cuda:6'), in_token_decoded=NO, end_index: 3596
predicted_token: 3596, predict_score: 0.9999772310256958, token :  RE

Draft step 1: in_token=tensor([[3596]], device='cuda:6'), in_token_decoded= RE, end_index: 3597
predicted_token: 24834, predict_score: 0.999974250793457, token : PLY

Draft step 2: in_token=tensor([[24834]], device='cuda:6'), in_token_decoded=PLY, end_index: 3598
predicted_token: 151645, predict_score: 0.9995265007019043, token : <|im_end|>
Verifying token 0: verify_id=3596 ( RE), draft_id=3596 ( RE), is_last=False, is_eos=False
Verifying token 1: verify_id=24834 (PLY), draft_id=24834 (PLY), is_last=False, is_eos=False
Verifying token 2: verify_id=151645 (<|im_end|>), draft_id=151645 (<|im_end|>), is_last=False, is_eos=True
Token 2 verification failed, accepting up to this token. is_last: False, is_eos: True, is_mismatch: False
New tokens: ['NO REPLY<|im_end|>']
Total new tokens generated: 4
[Spec] avg_accept=3.00 | tokens=4 | context_len=3595
[Adapter] acc=3/3 (100.0%) | avg_confidence=1.000 | context_len=3595
\n===== Lossless Check =====
Speculative output: NO REPLY
AR manual output:   NO REPLY
Exact match: True
OK: Outputs match. Speculative decoding is lossless.
Speedup: 1.67x
Speedup_decode: 1.85x
Spec decode tok/s: 68.27
AR decode tok/s:   36.87
 first token :NO

Draft step 0: in_token=tensor([[8996]], device='cuda:6'), in_token_decoded=NO, end_index: 3661
predicted_token: 3596, predict_score: 0.9999740123748779, token :  RE

Draft step 1: in_token=tensor([[3596]], device='cuda:6'), in_token_decoded= RE, end_index: 3662
predicted_token: 24834, predict_score: 0.9999761581420898, token : PLY

Draft step 2: in_token=tensor([[24834]], device='cuda:6'), in_token_decoded=PLY, end_index: 3663
predicted_token: 151645, predict_score: 0.9995597004890442, token : <|im_end|>
Verifying token 0: verify_id=3596 ( RE), draft_id=3596 ( RE), is_last=False, is_eos=False
Verifying token 1: verify_id=24834 (PLY), draft_id=24834 (PLY), is_last=False, is_eos=False
Verifying token 2: verify_id=151645 (<|im_end|>), draft_id=151645 (<|im_end|>), is_last=False, is_eos=True
Token 2 verification failed, accepting up to this token. is_last: False, is_eos: True, is_mismatch: False
New tokens: ['NO REPLY<|im_end|>']
Total new tokens generated: 4
[Spec] avg_accept=3.00 | tokens=4 | context_len=3660
[Adapter] acc=3/3 (100.0%) | avg_confidence=1.000 | context_len=3660
\n===== Lossless Check =====
Speculative output: NO REPLY
AR manual output:   NO REPLY
Exact match: True
OK: Outputs match. Speculative decoding is lossless.
Speedup: 1.66x
Speedup_decode: 1.92x
Spec decode tok/s: 71.09
AR decode tok/s:   37.08
 first token :NO

Draft step 0: in_token=tensor([[8996]], device='cuda:6'), in_token_decoded=NO, end_index: 3726
predicted_token: 3596, predict_score: 0.999975323677063, token :  RE

Draft step 1: in_token=tensor([[3596]], device='cuda:6'), in_token_decoded= RE, end_index: 3727
predicted_token: 24834, predict_score: 0.9999796152114868, token : PLY

Draft step 2: in_token=tensor([[24834]], device='cuda:6'), in_token_decoded=PLY, end_index: 3728
predicted_token: 151645, predict_score: 0.9995456337928772, token : <|im_end|>
Verifying token 0: verify_id=3596 ( RE), draft_id=3596 ( RE), is_last=False, is_eos=False
Verifying token 1: verify_id=24834 (PLY), draft_id=24834 (PLY), is_last=False, is_eos=False
Verifying token 2: verify_id=151645 (<|im_end|>), draft_id=151645 (<|im_end|>), is_last=False, is_eos=True
Token 2 verification failed, accepting up to this token. is_last: False, is_eos: True, is_mismatch: False
New tokens: ['NO REPLY<|im_end|>']
Total new tokens generated: 4
[Spec] avg_accept=3.00 | tokens=4 | context_len=3725
[Adapter] acc=3/3 (100.0%) | avg_confidence=1.000 | context_len=3725
\n===== Lossless Check =====
Speculative output: NO REPLY
AR manual output:   NO REPLY
Exact match: True
OK: Outputs match. Speculative decoding is lossless.
Speedup: 1.68x
Speedup_decode: 1.84x
Spec decode tok/s: 66.29
AR decode tok/s:   35.93
 first token :NO

Draft step 0: in_token=tensor([[8996]], device='cuda:6'), in_token_decoded=NO, end_index: 3791
predicted_token: 3596, predict_score: 0.9999696016311646, token :  RE

Draft step 1: in_token=tensor([[3596]], device='cuda:6'), in_token_decoded= RE, end_index: 3792
predicted_token: 24834, predict_score: 0.9999748468399048, token : PLY

Draft step 2: in_token=tensor([[24834]], device='cuda:6'), in_token_decoded=PLY, end_index: 3793
predicted_token: 151645, predict_score: 0.9995638728141785, token : <|im_end|>
Verifying token 0: verify_id=3596 ( RE), draft_id=3596 ( RE), is_last=False, is_eos=False
Verifying token 1: verify_id=24834 (PLY), draft_id=24834 (PLY), is_last=False, is_eos=False
Verifying token 2: verify_id=151645 (<|im_end|>), draft_id=151645 (<|im_end|>), is_last=False, is_eos=True
Token 2 verification failed, accepting up to this token. is_last: False, is_eos: True, is_mismatch: False
New tokens: ['NO REPLY<|im_end|>']
Total new tokens generated: 4
[Spec] avg_accept=3.00 | tokens=4 | context_len=3790
[Adapter] acc=3/3 (100.0%) | avg_confidence=1.000 | context_len=3790
\n===== Lossless Check =====
Speculative output: NO REPLY
AR manual output:   NO REPLY
Exact match: True
OK: Outputs match. Speculative decoding is lossless.
Speedup: 1.70x
Speedup_decode: 1.91x
Spec decode tok/s: 68.34
AR decode tok/s:   35.78
 first token :NO

Draft step 0: in_token=tensor([[8996]], device='cuda:6'), in_token_decoded=NO, end_index: 3856
predicted_token: 3596, predict_score: 0.9999761581420898, token :  RE

Draft step 1: in_token=tensor([[3596]], device='cuda:6'), in_token_decoded= RE, end_index: 3857
predicted_token: 24834, predict_score: 0.9999775886535645, token : PLY

Draft step 2: in_token=tensor([[24834]], device='cuda:6'), in_token_decoded=PLY, end_index: 3858
predicted_token: 151645, predict_score: 0.9994958639144897, token : <|im_end|>
Verifying token 0: verify_id=3596 ( RE), draft_id=3596 ( RE), is_last=False, is_eos=False
Verifying token 1: verify_id=24834 (PLY), draft_id=24834 (PLY), is_last=False, is_eos=False
Verifying token 2: verify_id=151645 (<|im_end|>), draft_id=151645 (<|im_end|>), is_last=False, is_eos=True
Token 2 verification failed, accepting up to this token. is_last: False, is_eos: True, is_mismatch: False
New tokens: ['NO REPLY<|im_end|>']
Total new tokens generated: 4
[Spec] avg_accept=3.00 | tokens=4 | context_len=3855
[Adapter] acc=3/3 (100.0%) | avg_confidence=1.000 | context_len=3855
\n===== Lossless Check =====
Speculative output: NO REPLY
AR manual output:   NO REPLY
Exact match: True
OK: Outputs match. Speculative decoding is lossless.
Speedup: 1.68x
Speedup_decode: 1.80x
Spec decode tok/s: 66.70
AR decode tok/s:   37.09
 first token :NO

Draft step 0: in_token=tensor([[8996]], device='cuda:6'), in_token_decoded=NO, end_index: 3921
predicted_token: 3596, predict_score: 0.9999730587005615, token :  RE

Draft step 1: in_token=tensor([[3596]], device='cuda:6'), in_token_decoded= RE, end_index: 3922
predicted_token: 24834, predict_score: 0.9999781847000122, token : PLY

Draft step 2: in_token=tensor([[24834]], device='cuda:6'), in_token_decoded=PLY, end_index: 3923
predicted_token: 151645, predict_score: 0.9994986057281494, token : <|im_end|>
Verifying token 0: verify_id=3596 ( RE), draft_id=3596 ( RE), is_last=False, is_eos=False
Verifying token 1: verify_id=24834 (PLY), draft_id=24834 (PLY), is_last=False, is_eos=False
Verifying token 2: verify_id=151645 (<|im_end|>), draft_id=151645 (<|im_end|>), is_last=False, is_eos=True
Token 2 verification failed, accepting up to this token. is_last: False, is_eos: True, is_mismatch: False
New tokens: ['NO REPLY<|im_end|>']
Total new tokens generated: 4
[Spec] avg_accept=3.00 | tokens=4 | context_len=3920
[Adapter] acc=3/3 (100.0%) | avg_confidence=1.000 | context_len=3920
\n===== Lossless Check =====
Speculative output: NO REPLY
AR manual output:   NO REPLY
Exact match: True
OK: Outputs match. Speculative decoding is lossless.
Speedup: 1.69x
Speedup_decode: 1.92x
Spec decode tok/s: 70.32
AR decode tok/s:   36.69
 first token :NO

Draft step 0: in_token=tensor([[8996]], device='cuda:6'), in_token_decoded=NO, end_index: 3986
predicted_token: 3596, predict_score: 0.9999792575836182, token :  RE

Draft step 1: in_token=tensor([[3596]], device='cuda:6'), in_token_decoded= RE, end_index: 3987
predicted_token: 24834, predict_score: 0.9999792575836182, token : PLY

Draft step 2: in_token=tensor([[24834]], device='cuda:6'), in_token_decoded=PLY, end_index: 3988
predicted_token: 151645, predict_score: 0.9995110034942627, token : <|im_end|>
Verifying token 0: verify_id=3596 ( RE), draft_id=3596 ( RE), is_last=False, is_eos=False
Verifying token 1: verify_id=24834 (PLY), draft_id=24834 (PLY), is_last=False, is_eos=False
Verifying token 2: verify_id=151645 (<|im_end|>), draft_id=151645 (<|im_end|>), is_last=False, is_eos=True
Token 2 verification failed, accepting up to this token. is_last: False, is_eos: True, is_mismatch: False
New tokens: ['NO REPLY<|im_end|>']
Total new tokens generated: 4
[Spec] avg_accept=3.00 | tokens=4 | context_len=3985
[Adapter] acc=3/3 (100.0%) | avg_confidence=1.000 | context_len=3985
\n===== Lossless Check =====
Speculative output: NO REPLY
AR manual output:   NO REPLY
Exact match: True
OK: Outputs match. Speculative decoding is lossless.
Speedup: 1.71x
Speedup_decode: 1.81x
Spec decode tok/s: 66.08
AR decode tok/s:   36.57
 first token :NO

Draft step 0: in_token=tensor([[8996]], device='cuda:6'), in_token_decoded=NO, end_index: 4051
predicted_token: 3596, predict_score: 0.9999748468399048, token :  RE

Draft step 1: in_token=tensor([[3596]], device='cuda:6'), in_token_decoded= RE, end_index: 4052
predicted_token: 24834, predict_score: 0.9999823570251465, token : PLY

Draft step 2: in_token=tensor([[24834]], device='cuda:6'), in_token_decoded=PLY, end_index: 4053
predicted_token: 151645, predict_score: 0.9995701909065247, token : <|im_end|>
Verifying token 0: verify_id=3596 ( RE), draft_id=3596 ( RE), is_last=False, is_eos=False
Verifying token 1: verify_id=24834 (PLY), draft_id=24834 (PLY), is_last=False, is_eos=False
Verifying token 2: verify_id=151645 (<|im_end|>), draft_id=151645 (<|im_end|>), is_last=False, is_eos=True
Token 2 verification failed, accepting up to this token. is_last: False, is_eos: True, is_mismatch: False
New tokens: ['NO REPLY<|im_end|>']
Total new tokens generated: 4
[Spec] avg_accept=3.00 | tokens=4 | context_len=4050
[Adapter] acc=3/3 (100.0%) | avg_confidence=1.000 | context_len=4050
\n===== Lossless Check =====
Speculative output: NO REPLY
AR manual output:   NO REPLY
Exact match: True
OK: Outputs match. Speculative decoding is lossless.
Speedup: 1.67x
Speedup_decode: 1.84x
Spec decode tok/s: 67.79
AR decode tok/s:   36.80
 first token :NO

Draft step 0: in_token=tensor([[8996]], device='cuda:6'), in_token_decoded=NO, end_index: 4116
predicted_token: 3596, predict_score: 0.9999759197235107, token :  RE

Draft step 1: in_token=tensor([[3596]], device='cuda:6'), in_token_decoded= RE, end_index: 4117
predicted_token: 24834, predict_score: 0.999976634979248, token : PLY

Draft step 2: in_token=tensor([[24834]], device='cuda:6'), in_token_decoded=PLY, end_index: 4118
predicted_token: 151645, predict_score: 0.9995086193084717, token : <|im_end|>
Verifying token 0: verify_id=3596 ( RE), draft_id=3596 ( RE), is_last=False, is_eos=False
Verifying token 1: verify_id=24834 (PLY), draft_id=24834 (PLY), is_last=False, is_eos=False
Verifying token 2: verify_id=151645 (<|im_end|>), draft_id=151645 (<|im_end|>), is_last=False, is_eos=True
Token 2 verification failed, accepting up to this token. is_last: False, is_eos: True, is_mismatch: False
New tokens: ['NO REPLY<|im_end|>']
Total new tokens generated: 4
[Spec] avg_accept=3.00 | tokens=4 | context_len=4115
[Adapter] acc=3/3 (100.0%) | avg_confidence=1.000 | context_len=4115
\n===== Lossless Check =====
Speculative output: NO REPLY
AR manual output:   NO REPLY
Exact match: True
OK: Outputs match. Speculative decoding is lossless.
Speedup: 1.67x
Speedup_decode: 1.75x
Spec decode tok/s: 64.63
AR decode tok/s:   36.89
 first token :NO

Draft step 0: in_token=tensor([[8996]], device='cuda:6'), in_token_decoded=NO, end_index: 4181
predicted_token: 3596, predict_score: 0.9999769926071167, token :  RE

Draft step 1: in_token=tensor([[3596]], device='cuda:6'), in_token_decoded= RE, end_index: 4182
predicted_token: 24834, predict_score: 0.9999760389328003, token : PLY

Draft step 2: in_token=tensor([[24834]], device='cuda:6'), in_token_decoded=PLY, end_index: 4183
predicted_token: 151645, predict_score: 0.999472439289093, token : <|im_end|>
Verifying token 0: verify_id=3596 ( RE), draft_id=3596 ( RE), is_last=False, is_eos=False
Verifying token 1: verify_id=24834 (PLY), draft_id=24834 (PLY), is_last=False, is_eos=False
Verifying token 2: verify_id=151645 (<|im_end|>), draft_id=151645 (<|im_end|>), is_last=False, is_eos=True
Token 2 verification failed, accepting up to this token. is_last: False, is_eos: True, is_mismatch: False
New tokens: ['NO REPLY<|im_end|>']
Total new tokens generated: 4
[Spec] avg_accept=3.00 | tokens=4 | context_len=4180
[Adapter] acc=3/3 (100.0%) | avg_confidence=1.000 | context_len=4180
\n===== Lossless Check =====
Speculative output: NO REPLY
AR manual output:   NO REPLY
Exact match: True
OK: Outputs match. Speculative decoding is lossless.
Speedup: 1.68x
Speedup_decode: 1.85x
Spec decode tok/s: 68.26
AR decode tok/s:   36.97
 first token :NO

Draft step 0: in_token=tensor([[8996]], device='cuda:6'), in_token_decoded=NO, end_index: 4246
predicted_token: 3596, predict_score: 0.9999798536300659, token :  RE

Draft step 1: in_token=tensor([[3596]], device='cuda:6'), in_token_decoded= RE, end_index: 4247
predicted_token: 24834, predict_score: 0.9999709129333496, token : PLY

Draft step 2: in_token=tensor([[24834]], device='cuda:6'), in_token_decoded=PLY, end_index: 4248
predicted_token: 151645, predict_score: 0.999473512172699, token : <|im_end|>
Verifying token 0: verify_id=3596 ( RE), draft_id=3596 ( RE), is_last=False, is_eos=False
Verifying token 1: verify_id=24834 (PLY), draft_id=24834 (PLY), is_last=False, is_eos=False
Verifying token 2: verify_id=151645 (<|im_end|>), draft_id=151645 (<|im_end|>), is_last=False, is_eos=True
Token 2 verification failed, accepting up to this token. is_last: False, is_eos: True, is_mismatch: False
New tokens: ['NO REPLY<|im_end|>']
Total new tokens generated: 4
[Spec] avg_accept=3.00 | tokens=4 | context_len=4245
[Adapter] acc=3/3 (100.0%) | avg_confidence=1.000 | context_len=4245
\n===== Lossless Check =====
Speculative output: NO REPLY
AR manual output:   NO REPLY
Exact match: True
OK: Outputs match. Speculative decoding is lossless.
Speedup: 1.69x
Speedup_decode: 1.76x
Spec decode tok/s: 64.16
AR decode tok/s:   36.44
 first token :NO

Draft step 0: in_token=tensor([[8996]], device='cuda:6'), in_token_decoded=NO, end_index: 4311
predicted_token: 3596, predict_score: 0.9999781847000122, token :  RE

Draft step 1: in_token=tensor([[3596]], device='cuda:6'), in_token_decoded= RE, end_index: 4312
predicted_token: 24834, predict_score: 0.9999747276306152, token : PLY

Draft step 2: in_token=tensor([[24834]], device='cuda:6'), in_token_decoded=PLY, end_index: 4313
predicted_token: 151645, predict_score: 0.9994731545448303, token : <|im_end|>
Verifying token 0: verify_id=3596 ( RE), draft_id=3596 ( RE), is_last=False, is_eos=False
Verifying token 1: verify_id=24834 (PLY), draft_id=24834 (PLY), is_last=False, is_eos=False
Verifying token 2: verify_id=151645 (<|im_end|>), draft_id=151645 (<|im_end|>), is_last=False, is_eos=True
Token 2 verification failed, accepting up to this token. is_last: False, is_eos: True, is_mismatch: False
New tokens: ['NO REPLY<|im_end|>']
Total new tokens generated: 4
[Spec] avg_accept=3.00 | tokens=4 | context_len=4310
[Adapter] acc=3/3 (100.0%) | avg_confidence=1.000 | context_len=4310
\n===== Lossless Check =====
Speculative output: NO REPLY
AR manual output:   NO REPLY
Exact match: True
OK: Outputs match. Speculative decoding is lossless.
Speedup: 1.69x
Speedup_decode: 1.82x
Spec decode tok/s: 65.71
AR decode tok/s:   36.13
 first token :NO

Draft step 0: in_token=tensor([[8996]], device='cuda:6'), in_token_decoded=NO, end_index: 4376
predicted_token: 3596, predict_score: 0.9999760389328003, token :  RE

Draft step 1: in_token=tensor([[3596]], device='cuda:6'), in_token_decoded= RE, end_index: 4377
predicted_token: 24834, predict_score: 0.999977707862854, token : PLY

Draft step 2: in_token=tensor([[24834]], device='cuda:6'), in_token_decoded=PLY, end_index: 4378
predicted_token: 151645, predict_score: 0.9994816184043884, token : <|im_end|>
Verifying token 0: verify_id=3596 ( RE), draft_id=3596 ( RE), is_last=False, is_eos=False
Verifying token 1: verify_id=24834 (PLY), draft_id=24834 (PLY), is_last=False, is_eos=False
Verifying token 2: verify_id=151645 (<|im_end|>), draft_id=151645 (<|im_end|>), is_last=False, is_eos=True
Token 2 verification failed, accepting up to this token. is_last: False, is_eos: True, is_mismatch: False
New tokens: ['NO REPLY<|im_end|>']
Total new tokens generated: 4
[Spec] avg_accept=3.00 | tokens=4 | context_len=4375
[Adapter] acc=3/3 (100.0%) | avg_confidence=1.000 | context_len=4375
\n===== Lossless Check =====
Speculative output: NO REPLY
AR manual output:   NO REPLY
Exact match: True
OK: Outputs match. Speculative decoding is lossless.
Speedup: 1.69x
Speedup_decode: 1.73x
Spec decode tok/s: 63.64
AR decode tok/s:   36.75
 first token :NO

Draft step 0: in_token=tensor([[8996]], device='cuda:6'), in_token_decoded=NO, end_index: 4441
predicted_token: 3596, predict_score: 0.9999728202819824, token :  RE

Draft step 1: in_token=tensor([[3596]], device='cuda:6'), in_token_decoded= RE, end_index: 4442
predicted_token: 24834, predict_score: 0.9999821186065674, token : PLY

Draft step 2: in_token=tensor([[24834]], device='cuda:6'), in_token_decoded=PLY, end_index: 4443
predicted_token: 151645, predict_score: 0.9995096921920776, token : <|im_end|>
Verifying token 0: verify_id=3596 ( RE), draft_id=3596 ( RE), is_last=False, is_eos=False
Verifying token 1: verify_id=24834 (PLY), draft_id=24834 (PLY), is_last=False, is_eos=False
Verifying token 2: verify_id=151645 (<|im_end|>), draft_id=151645 (<|im_end|>), is_last=False, is_eos=True
Token 2 verification failed, accepting up to this token. is_last: False, is_eos: True, is_mismatch: False
New tokens: ['NO REPLY<|im_end|>']
Total new tokens generated: 4
[Spec] avg_accept=3.00 | tokens=4 | context_len=4440
[Adapter] acc=3/3 (100.0%) | avg_confidence=1.000 | context_len=4440
\n===== Lossless Check =====
Speculative output: NO REPLY
AR manual output:   NO REPLY
Exact match: True
OK: Outputs match. Speculative decoding is lossless.
Speedup: 1.76x
Speedup_decode: 1.93x
Spec decode tok/s: 65.17
AR decode tok/s:   33.72
 first token :NO

Draft step 0: in_token=tensor([[8996]], device='cuda:6'), in_token_decoded=NO, end_index: 4506
predicted_token: 3596, predict_score: 0.9999722242355347, token :  RE

Draft step 1: in_token=tensor([[3596]], device='cuda:6'), in_token_decoded= RE, end_index: 4507
predicted_token: 24834, predict_score: 0.9999711513519287, token : PLY

Draft step 2: in_token=tensor([[24834]], device='cuda:6'), in_token_decoded=PLY, end_index: 4508
predicted_token: 151645, predict_score: 0.9994878768920898, token : <|im_end|>
Verifying token 0: verify_id=3596 ( RE), draft_id=3596 ( RE), is_last=False, is_eos=False
Verifying token 1: verify_id=24834 (PLY), draft_id=24834 (PLY), is_last=False, is_eos=False
Verifying token 2: verify_id=151645 (<|im_end|>), draft_id=151645 (<|im_end|>), is_last=False, is_eos=True
Token 2 verification failed, accepting up to this token. is_last: False, is_eos: True, is_mismatch: False
New tokens: ['NO REPLY<|im_end|>']
Total new tokens generated: 4
[Spec] avg_accept=3.00 | tokens=4 | context_len=4505
[Adapter] acc=3/3 (100.0%) | avg_confidence=1.000 | context_len=4505
\n===== Lossless Check =====
Speculative output: NO REPLY
AR manual output:   NO REPLY
Exact match: True
OK: Outputs match. Speculative decoding is lossless.
Speedup: 1.68x
Speedup_decode: 1.71x
Spec decode tok/s: 60.12
AR decode tok/s:   35.08
 first token :NO

Draft step 0: in_token=tensor([[8996]], device='cuda:6'), in_token_decoded=NO, end_index: 4571
predicted_token: 3596, predict_score: 0.9999775886535645, token :  RE

Draft step 1: in_token=tensor([[3596]], device='cuda:6'), in_token_decoded= RE, end_index: 4572
predicted_token: 24834, predict_score: 0.9999735355377197, token : PLY

Draft step 2: in_token=tensor([[24834]], device='cuda:6'), in_token_decoded=PLY, end_index: 4573
predicted_token: 151645, predict_score: 0.9995286464691162, token : <|im_end|>
Verifying token 0: verify_id=3596 ( RE), draft_id=3596 ( RE), is_last=False, is_eos=False
Verifying token 1: verify_id=24834 (PLY), draft_id=24834 (PLY), is_last=False, is_eos=False
Verifying token 2: verify_id=151645 (<|im_end|>), draft_id=151645 (<|im_end|>), is_last=False, is_eos=True
Token 2 verification failed, accepting up to this token. is_last: False, is_eos: True, is_mismatch: False
New tokens: ['NO REPLY<|im_end|>']
Total new tokens generated: 4
[Spec] avg_accept=3.00 | tokens=4 | context_len=4570
[Adapter] acc=3/3 (100.0%) | avg_confidence=1.000 | context_len=4570
\n===== Lossless Check =====
Speculative output: NO REPLY
AR manual output:   NO REPLY
Exact match: True
OK: Outputs match. Speculative decoding is lossless.
Speedup: 1.70x
Speedup_decode: 1.82x
Spec decode tok/s: 64.31
AR decode tok/s:   35.29
 first token :NO

Draft step 0: in_token=tensor([[8996]], device='cuda:6'), in_token_decoded=NO, end_index: 4636
predicted_token: 3596, predict_score: 0.9999701976776123, token :  RE

Draft step 1: in_token=tensor([[3596]], device='cuda:6'), in_token_decoded= RE, end_index: 4637
predicted_token: 24834, predict_score: 0.9999740123748779, token : PLY

Draft step 2: in_token=tensor([[24834]], device='cuda:6'), in_token_decoded=PLY, end_index: 4638
predicted_token: 151645, predict_score: 0.9994885921478271, token : <|im_end|>
Verifying token 0: verify_id=3596 ( RE), draft_id=3596 ( RE), is_last=False, is_eos=False
Verifying token 1: verify_id=24834 (PLY), draft_id=24834 (PLY), is_last=False, is_eos=False
Verifying token 2: verify_id=151645 (<|im_end|>), draft_id=151645 (<|im_end|>), is_last=False, is_eos=True
Token 2 verification failed, accepting up to this token. is_last: False, is_eos: True, is_mismatch: False
New tokens: ['NO REPLY<|im_end|>']
Total new tokens generated: 4
[Spec] avg_accept=3.00 | tokens=4 | context_len=4635
[Adapter] acc=3/3 (100.0%) | avg_confidence=1.000 | context_len=4635
\n===== Lossless Check =====
Speculative output: NO REPLY
AR manual output:   NO REPLY
Exact match: True
OK: Outputs match. Speculative decoding is lossless.
Speedup: 1.70x
Speedup_decode: 1.73x
Spec decode tok/s: 60.10
AR decode tok/s:   34.71
 first token :NO

Draft step 0: in_token=tensor([[8996]], device='cuda:6'), in_token_decoded=NO, end_index: 4701
predicted_token: 3596, predict_score: 0.9999750852584839, token :  RE

Draft step 1: in_token=tensor([[3596]], device='cuda:6'), in_token_decoded= RE, end_index: 4702
predicted_token: 24834, predict_score: 0.9999761581420898, token : PLY

Draft step 2: in_token=tensor([[24834]], device='cuda:6'), in_token_decoded=PLY, end_index: 4703
predicted_token: 151645, predict_score: 0.9995299577713013, token : <|im_end|>
Verifying token 0: verify_id=3596 ( RE), draft_id=3596 ( RE), is_last=False, is_eos=False
Verifying token 1: verify_id=24834 (PLY), draft_id=24834 (PLY), is_last=False, is_eos=False
Verifying token 2: verify_id=151645 (<|im_end|>), draft_id=151645 (<|im_end|>), is_last=False, is_eos=True
Token 2 verification failed, accepting up to this token. is_last: False, is_eos: True, is_mismatch: False
New tokens: ['NO REPLY<|im_end|>']
Total new tokens generated: 4
[Spec] avg_accept=3.00 | tokens=4 | context_len=4700
[Adapter] acc=3/3 (100.0%) | avg_confidence=1.000 | context_len=4700
\n===== Lossless Check =====
Speculative output: NO REPLY
AR manual output:   NO REPLY
Exact match: True
OK: Outputs match. Speculative decoding is lossless.
Speedup: 1.67x
Speedup_decode: 1.79x
Spec decode tok/s: 63.67
AR decode tok/s:   35.54
 first token :NO

Draft step 0: in_token=tensor([[8996]], device='cuda:6'), in_token_decoded=NO, end_index: 4766
predicted_token: 3596, predict_score: 0.9999732971191406, token :  RE

Draft step 1: in_token=tensor([[3596]], device='cuda:6'), in_token_decoded= RE, end_index: 4767
predicted_token: 24834, predict_score: 0.9999701976776123, token : PLY

Draft step 2: in_token=tensor([[24834]], device='cuda:6'), in_token_decoded=PLY, end_index: 4768
predicted_token: 151645, predict_score: 0.9994669556617737, token : <|im_end|>
Verifying token 0: verify_id=3596 ( RE), draft_id=3596 ( RE), is_last=False, is_eos=False
Verifying token 1: verify_id=24834 (PLY), draft_id=24834 (PLY), is_last=False, is_eos=False
Verifying token 2: verify_id=151645 (<|im_end|>), draft_id=151645 (<|im_end|>), is_last=False, is_eos=True
Token 2 verification failed, accepting up to this token. is_last: False, is_eos: True, is_mismatch: False
New tokens: ['NO REPLY<|im_end|>']
Total new tokens generated: 4
[Spec] avg_accept=3.00 | tokens=4 | context_len=4765
[Adapter] acc=3/3 (100.0%) | avg_confidence=1.000 | context_len=4765
\n===== Lossless Check =====
Speculative output: NO REPLY
AR manual output:   NO REPLY
Exact match: True
OK: Outputs match. Speculative decoding is lossless.
Speedup: 1.69x
Speedup_decode: 1.70x
Spec decode tok/s: 60.47
AR decode tok/s:   35.49
 first token :NO

Draft step 0: in_token=tensor([[8996]], device='cuda:6'), in_token_decoded=NO, end_index: 4831
predicted_token: 3596, predict_score: 0.999974250793457, token :  RE

Draft step 1: in_token=tensor([[3596]], device='cuda:6'), in_token_decoded= RE, end_index: 4832
predicted_token: 24834, predict_score: 0.9999760389328003, token : PLY

Draft step 2: in_token=tensor([[24834]], device='cuda:6'), in_token_decoded=PLY, end_index: 4833
predicted_token: 151645, predict_score: 0.9994668364524841, token : <|im_end|>
Verifying token 0: verify_id=3596 ( RE), draft_id=3596 ( RE), is_last=False, is_eos=False
Verifying token 1: verify_id=24834 (PLY), draft_id=24834 (PLY), is_last=False, is_eos=False
Verifying token 2: verify_id=151645 (<|im_end|>), draft_id=151645 (<|im_end|>), is_last=False, is_eos=True
Token 2 verification failed, accepting up to this token. is_last: False, is_eos: True, is_mismatch: False
New tokens: ['NO REPLY<|im_end|>']
Total new tokens generated: 4
[Spec] avg_accept=3.00 | tokens=4 | context_len=4830
[Adapter] acc=3/3 (100.0%) | avg_confidence=1.000 | context_len=4830
\n===== Lossless Check =====
Speculative output: NO REPLY
AR manual output:   NO REPLY
Exact match: True
OK: Outputs match. Speculative decoding is lossless.
Speedup: 1.70x
Speedup_decode: 1.79x
Spec decode tok/s: 62.87
AR decode tok/s:   35.16
 first token :NO

Draft step 0: in_token=tensor([[8996]], device='cuda:6'), in_token_decoded=NO, end_index: 4896
predicted_token: 3596, predict_score: 0.9999724626541138, token :  RE

Draft step 1: in_token=tensor([[3596]], device='cuda:6'), in_token_decoded= RE, end_index: 4897
predicted_token: 24834, predict_score: 0.9999675750732422, token : PLY

Draft step 2: in_token=tensor([[24834]], device='cuda:6'), in_token_decoded=PLY, end_index: 4898
predicted_token: 151645, predict_score: 0.9994989633560181, token : <|im_end|>
Verifying token 0: verify_id=3596 ( RE), draft_id=3596 ( RE), is_last=False, is_eos=False
Verifying token 1: verify_id=24834 (PLY), draft_id=24834 (PLY), is_last=False, is_eos=False
Verifying token 2: verify_id=151645 (<|im_end|>), draft_id=151645 (<|im_end|>), is_last=False, is_eos=True
Token 2 verification failed, accepting up to this token. is_last: False, is_eos: True, is_mismatch: False
New tokens: ['NO REPLY<|im_end|>']
Total new tokens generated: 4
[Spec] avg_accept=3.00 | tokens=4 | context_len=4895
[Adapter] acc=3/3 (100.0%) | avg_confidence=1.000 | context_len=4895
\n===== Lossless Check =====
Speculative output: NO REPLY
AR manual output:   NO REPLY
Exact match: True
OK: Outputs match. Speculative decoding is lossless.
Speedup: 1.69x
Speedup_decode: 1.69x
Spec decode tok/s: 60.01
AR decode tok/s:   35.48
 first token :NO

Draft step 0: in_token=tensor([[8996]], device='cuda:6'), in_token_decoded=NO, end_index: 4961
predicted_token: 3596, predict_score: 0.9999721050262451, token :  RE

Draft step 1: in_token=tensor([[3596]], device='cuda:6'), in_token_decoded= RE, end_index: 4962
predicted_token: 24834, predict_score: 0.9999597072601318, token : PLY

Draft step 2: in_token=tensor([[24834]], device='cuda:6'), in_token_decoded=PLY, end_index: 4963
predicted_token: 151645, predict_score: 0.999497652053833, token : <|im_end|>
Verifying token 0: verify_id=3596 ( RE), draft_id=3596 ( RE), is_last=False, is_eos=False
Verifying token 1: verify_id=24834 (PLY), draft_id=24834 (PLY), is_last=False, is_eos=False
Verifying token 2: verify_id=151645 (<|im_end|>), draft_id=151645 (<|im_end|>), is_last=False, is_eos=True
Token 2 verification failed, accepting up to this token. is_last: False, is_eos: True, is_mismatch: False
New tokens: ['NO REPLY<|im_end|>']
Total new tokens generated: 4
[Spec] avg_accept=3.00 | tokens=4 | context_len=4960
[Adapter] acc=3/3 (100.0%) | avg_confidence=1.000 | context_len=4960
\n===== Lossless Check =====
Speculative output: NO REPLY
AR manual output:   NO REPLY
Exact match: True
OK: Outputs match. Speculative decoding is lossless.
Speedup: 1.68x
Speedup_decode: 1.81x
Spec decode tok/s: 63.97
AR decode tok/s:   35.36
 first token :NO

Draft step 0: in_token=tensor([[8996]], device='cuda:6'), in_token_decoded=NO, end_index: 5026
predicted_token: 3596, predict_score: 0.9999693632125854, token :  RE

Draft step 1: in_token=tensor([[3596]], device='cuda:6'), in_token_decoded= RE, end_index: 5027
predicted_token: 24834, predict_score: 0.9999678134918213, token : PLY

Draft step 2: in_token=tensor([[24834]], device='cuda:6'), in_token_decoded=PLY, end_index: 5028
predicted_token: 151645, predict_score: 0.9994435906410217, token : <|im_end|>
Verifying token 0: verify_id=3596 ( RE), draft_id=3596 ( RE), is_last=False, is_eos=False
Verifying token 1: verify_id=24834 (PLY), draft_id=24834 (PLY), is_last=False, is_eos=False
Verifying token 2: verify_id=151645 (<|im_end|>), draft_id=151645 (<|im_end|>), is_last=False, is_eos=True
Token 2 verification failed, accepting up to this token. is_last: False, is_eos: True, is_mismatch: False
New tokens: ['NO REPLY<|im_end|>']
Total new tokens generated: 4
[Spec] avg_accept=3.00 | tokens=4 | context_len=5025
[Adapter] acc=3/3 (100.0%) | avg_confidence=1.000 | context_len=5025
\n===== Lossless Check =====
Speculative output: NO REPLY
AR manual output:   NO REPLY
Exact match: True
OK: Outputs match. Speculative decoding is lossless.
Speedup: 1.69x
Speedup_decode: 1.67x
Spec decode tok/s: 58.64
AR decode tok/s:   35.12
 first token :NO

Draft step 0: in_token=tensor([[8996]], device='cuda:6'), in_token_decoded=NO, end_index: 5091
predicted_token: 3596, predict_score: 0.9999654293060303, token :  RE

Draft step 1: in_token=tensor([[3596]], device='cuda:6'), in_token_decoded= RE, end_index: 5092
predicted_token: 24834, predict_score: 0.9999656677246094, token : PLY

Draft step 2: in_token=tensor([[24834]], device='cuda:6'), in_token_decoded=PLY, end_index: 5093
predicted_token: 151645, predict_score: 0.9994577765464783, token : <|im_end|>
Verifying token 0: verify_id=3596 ( RE), draft_id=3596 ( RE), is_last=False, is_eos=False
Verifying token 1: verify_id=24834 (PLY), draft_id=24834 (PLY), is_last=False, is_eos=False
Verifying token 2: verify_id=151645 (<|im_end|>), draft_id=151645 (<|im_end|>), is_last=False, is_eos=True
Token 2 verification failed, accepting up to this token. is_last: False, is_eos: True, is_mismatch: False
New tokens: ['NO REPLY<|im_end|>']
Total new tokens generated: 4
[Spec] avg_accept=3.00 | tokens=4 | context_len=5090
[Adapter] acc=3/3 (100.0%) | avg_confidence=1.000 | context_len=5090
\n===== Lossless Check =====
Speculative output: NO REPLY
AR manual output:   NO REPLY
Exact match: True
OK: Outputs match. Speculative decoding is lossless.
Speedup: 1.33x
Speedup_decode: 1.72x
Spec decode tok/s: 64.28
AR decode tok/s:   37.31
 first token :NO

Draft step 0: in_token=tensor([[8996]], device='cuda:6'), in_token_decoded=NO, end_index: 5156
predicted_token: 3596, predict_score: 0.9999517202377319, token :  RE

Draft step 1: in_token=tensor([[3596]], device='cuda:6'), in_token_decoded= RE, end_index: 5157
predicted_token: 24834, predict_score: 0.9999619722366333, token : PLY

Draft step 2: in_token=tensor([[24834]], device='cuda:6'), in_token_decoded=PLY, end_index: 5158
predicted_token: 151645, predict_score: 0.9994540810585022, token : <|im_end|>
Verifying token 0: verify_id=3596 ( RE), draft_id=3596 ( RE), is_last=False, is_eos=False
Verifying token 1: verify_id=24834 (PLY), draft_id=24834 (PLY), is_last=False, is_eos=False
Verifying token 2: verify_id=151645 (<|im_end|>), draft_id=151645 (<|im_end|>), is_last=False, is_eos=True
Token 2 verification failed, accepting up to this token. is_last: False, is_eos: True, is_mismatch: False
New tokens: ['NO REPLY<|im_end|>']
Total new tokens generated: 4
[Spec] avg_accept=3.00 | tokens=4 | context_len=5155
[Adapter] acc=3/3 (100.0%) | avg_confidence=1.000 | context_len=5155
\n===== Lossless Check =====
Speculative output: NO REPLY
AR manual output:   NO REPLY
Exact match: True
OK: Outputs match. Speculative decoding is lossless.
Speedup: 1.67x
Speedup_decode: 1.83x
Spec decode tok/s: 68.69
AR decode tok/s:   37.53
 first token :The

Draft step 0: in_token=tensor([[785]], device='cuda:6'), in_token_decoded=The, end_index: 5221
predicted_token: 30352, predict_score: 0.883030116558075, token :  dough

Draft step 1: in_token=tensor([[30352]], device='cuda:6'), in_token_decoded= dough, end_index: 5222
predicted_token: 374, predict_score: 0.46698102355003357, token :  is

Draft step 2: in_token=tensor([[374]], device='cuda:6'), in_token_decoded= is, end_index: 5223
Draft step 2, token  is, predict_score 0.46698102355003357 < threshold 0.6, stopping draft
Verifying token 0: verify_id=30352 ( dough), draft_id=30352 ( dough), is_last=False, is_eos=False
Verifying token 1: verify_id=374 ( is), draft_id=374 ( is), is_last=False, is_eos=False
Verifying token 2: verify_id=13853 ( kne), draft_id=None (None), is_last=True, is_eos=False
Token 2 verification failed, accepting up to this token. is_last: True, is_eos: False, is_mismatch: False

Draft step 0: in_token=tensor([[13853]], device='cuda:6'), in_token_decoded= kne, end_index: 5224
predicted_token: 329, predict_score: 0.48693880438804626, token : ad

Draft step 1: in_token=tensor([[329]], device='cuda:6'), in_token_decoded=ad, end_index: 5225
Draft step 1, token ad, predict_score 0.48693880438804626 < threshold 0.6, stopping draft
Verifying token 0: verify_id=14255 (aded), draft_id=329 (ad), is_last=False, is_eos=False
Token 0 verification failed, accepting up to this token. is_last: False, is_eos: False, is_mismatch: True

Draft step 0: in_token=tensor([[14255]], device='cuda:6'), in_token_decoded=aded, end_index: 5225
predicted_token: 311, predict_score: 0.30037665367126465, token :  to

Draft step 1: in_token=tensor([[311]], device='cuda:6'), in_token_decoded= to, end_index: 5226
Draft step 1, token  to, predict_score 0.30037665367126465 < threshold 0.6, stopping draft
Verifying token 0: verify_id=553 ( by), draft_id=311 ( to), is_last=False, is_eos=False
Token 0 verification failed, accepting up to this token. is_last: False, is_eos: False, is_mismatch: True

Draft step 0: in_token=tensor([[553]], device='cuda:6'), in_token_decoded= by, end_index: 5226
predicted_token: 25352, predict_score: 0.2795126438140869, token :  pressing

Draft step 1: in_token=tensor([[25352]], device='cuda:6'), in_token_decoded= pressing, end_index: 5227
Draft step 1, token  pressing, predict_score 0.2795126438140869 < threshold 0.6, stopping draft
Verifying token 0: verify_id=25352 ( pressing), draft_id=25352 ( pressing), is_last=False, is_eos=False
Verifying token 1: verify_id=323 ( and), draft_id=None (None), is_last=True, is_eos=False
Token 1 verification failed, accepting up to this token. is_last: True, is_eos: False, is_mismatch: False

Draft step 0: in_token=tensor([[323]], device='cuda:6'), in_token_decoded= and, end_index: 5228
predicted_token: 1221, predict_score: 0.3977774977684021, token :  then

Draft step 1: in_token=tensor([[1221]], device='cuda:6'), in_token_decoded= then, end_index: 5229
Draft step 1, token  then, predict_score 0.3977774977684021 < threshold 0.6, stopping draft
Verifying token 0: verify_id=44742 ( folding), draft_id=1221 ( then), is_last=False, is_eos=False
Token 0 verification failed, accepting up to this token. is_last: False, is_eos: False, is_mismatch: True

Draft step 0: in_token=tensor([[44742]], device='cuda:6'), in_token_decoded= folding, end_index: 5229
predicted_token: 432, predict_score: 0.16909387707710266, token :  it

Draft step 1: in_token=tensor([[432]], device='cuda:6'), in_token_decoded= it, end_index: 5230
Draft step 1, token  it, predict_score 0.16909387707710266 < threshold 0.6, stopping draft
Verifying token 0: verify_id=432 ( it), draft_id=432 ( it), is_last=False, is_eos=False
Verifying token 1: verify_id=11 (,), draft_id=None (None), is_last=True, is_eos=False
Token 1 verification failed, accepting up to this token. is_last: True, is_eos: False, is_mismatch: False

Draft step 0: in_token=tensor([[11]], device='cuda:6'), in_token_decoded=,, end_index: 5231
predicted_token: 1221, predict_score: 0.4059664309024811, token :  then

Draft step 1: in_token=tensor([[1221]], device='cuda:6'), in_token_decoded= then, end_index: 5232
Draft step 1, token  then, predict_score 0.4059664309024811 < threshold 0.6, stopping draft
Verifying token 0: verify_id=448 ( with), draft_id=1221 ( then), is_last=False, is_eos=False
Token 0 verification failed, accepting up to this token. is_last: False, is_eos: False, is_mismatch: True

Draft step 0: in_token=tensor([[448]], device='cuda:6'), in_token_decoded= with, end_index: 5232
predicted_token: 279, predict_score: 0.34446272253990173, token :  the

Draft step 1: in_token=tensor([[279]], device='cuda:6'), in_token_decoded= the, end_index: 5233
Draft step 1, token  the, predict_score 0.34446272253990173 < threshold 0.6, stopping draft
Verifying token 0: verify_id=279 ( the), draft_id=279 ( the), is_last=False, is_eos=False
Verifying token 1: verify_id=1697 ( person), draft_id=None (None), is_last=True, is_eos=False
Token 1 verification failed, accepting up to this token. is_last: True, is_eos: False, is_mismatch: False

Draft step 0: in_token=tensor([[1697]], device='cuda:6'), in_token_decoded= person, end_index: 5234
predicted_token: 389, predict_score: 0.24100817739963531, token :  on

Draft step 1: in_token=tensor([[389]], device='cuda:6'), in_token_decoded= on, end_index: 5235
Draft step 1, token  on, predict_score 0.24100817739963531 < threshold 0.6, stopping draft
Verifying token 0: verify_id=594 ('s), draft_id=389 ( on), is_last=False, is_eos=False
Token 0 verification failed, accepting up to this token. is_last: False, is_eos: False, is_mismatch: True

Draft step 0: in_token=tensor([[594]], device='cuda:6'), in_token_decoded='s, end_index: 5235
predicted_token: 1290, predict_score: 0.07422949373722076, token :  right

Draft step 1: in_token=tensor([[1290]], device='cuda:6'), in_token_decoded= right, end_index: 5236
Draft step 1, token  right, predict_score 0.07422949373722076 < threshold 0.6, stopping draft
Verifying token 0: verify_id=6078 ( hands), draft_id=1290 ( right), is_last=False, is_eos=False
Token 0 verification failed, accepting up to this token. is_last: False, is_eos: False, is_mismatch: True

Draft step 0: in_token=tensor([[6078]], device='cuda:6'), in_token_decoded= hands, end_index: 5236
predicted_token: 11, predict_score: 0.3583061695098877, token : ,

Draft step 1: in_token=tensor([[11]], device='cuda:6'), in_token_decoded=,, end_index: 5237
Draft step 1, token ,, predict_score 0.3583061695098877 < threshold 0.6, stopping draft
Verifying token 0: verify_id=7218 ( moving), draft_id=11 (,), is_last=False, is_eos=False
Token 0 verification failed, accepting up to this token. is_last: False, is_eos: False, is_mismatch: True

Draft step 0: in_token=tensor([[7218]], device='cuda:6'), in_token_decoded= moving, end_index: 5237
predicted_token: 311, predict_score: 0.1788439005613327, token :  to

Draft step 1: in_token=tensor([[311]], device='cuda:6'), in_token_decoded= to, end_index: 5238
Draft step 1, token  to, predict_score 0.1788439005613327 < threshold 0.6, stopping draft
Verifying token 0: verify_id=432 ( it), draft_id=311 ( to), is_last=False, is_eos=False
Token 0 verification failed, accepting up to this token. is_last: False, is_eos: False, is_mismatch: True

Draft step 0: in_token=tensor([[432]], device='cuda:6'), in_token_decoded= it, end_index: 5238
predicted_token: 705, predict_score: 0.33257412910461426, token :  up

Draft step 1: in_token=tensor([[705]], device='cuda:6'), in_token_decoded= up, end_index: 5239
Draft step 1, token  up, predict_score 0.33257412910461426 < threshold 0.6, stopping draft
Verifying token 0: verify_id=1182 ( back), draft_id=705 ( up), is_last=False, is_eos=False
Token 0 verification failed, accepting up to this token. is_last: False, is_eos: False, is_mismatch: True

Draft step 0: in_token=tensor([[1182]], device='cuda:6'), in_token_decoded= back, end_index: 5239
predicted_token: 323, predict_score: 0.7546420693397522, token :  and

Draft step 1: in_token=tensor([[323]], device='cuda:6'), in_token_decoded= and, end_index: 5240
predicted_token: 13241, predict_score: 0.9706361293792725, token :  forth

Draft step 2: in_token=tensor([[13241]], device='cuda:6'), in_token_decoded= forth, end_index: 5241
predicted_token: 11, predict_score: 0.17479932308197021, token : ,

Draft step 3: in_token=tensor([[11]], device='cuda:6'), in_token_decoded=,, end_index: 5242
Draft step 3, token ,, predict_score 0.17479932308197021 < threshold 0.6, stopping draft
Verifying token 0: verify_id=323 ( and), draft_id=323 ( and), is_last=False, is_eos=False
Verifying token 1: verify_id=13241 ( forth), draft_id=13241 ( forth), is_last=False, is_eos=False
Verifying token 2: verify_id=311 ( to), draft_id=11 (,), is_last=False, is_eos=False
Token 2 verification failed, accepting up to this token. is_last: False, is_eos: False, is_mismatch: True

Draft step 0: in_token=tensor([[311]], device='cuda:6'), in_token_decoded= to, end_index: 5242
predicted_token: 1281, predict_score: 0.20186786353588104, token :  make

Draft step 1: in_token=tensor([[1281]], device='cuda:6'), in_token_decoded= make, end_index: 5243
Draft step 1, token  make, predict_score 0.20186786353588104 < threshold 0.6, stopping draft
Verifying token 0: verify_id=975 ( work), draft_id=1281 ( make), is_last=False, is_eos=False
Token 0 verification failed, accepting up to this token. is_last: False, is_eos: False, is_mismatch: True

Draft step 0: in_token=tensor([[975]], device='cuda:6'), in_token_decoded= work, end_index: 5243
predicted_token: 13, predict_score: 0.1249382495880127, token : .

Draft step 1: in_token=tensor([[13]], device='cuda:6'), in_token_decoded=., end_index: 5244
Draft step 1, token ., predict_score 0.1249382495880127 < threshold 0.6, stopping draft
Verifying token 0: verify_id=432 ( it), draft_id=13 (.), is_last=False, is_eos=False
Token 0 verification failed, accepting up to this token. is_last: False, is_eos: False, is_mismatch: True

Draft step 0: in_token=tensor([[432]], device='cuda:6'), in_token_decoded= it, end_index: 5244
predicted_token: 13, predict_score: 0.255304217338562, token : .

Draft step 1: in_token=tensor([[13]], device='cuda:6'), in_token_decoded=., end_index: 5245
Draft step 1, token ., predict_score 0.255304217338562 < threshold 0.6, stopping draft
Verifying token 0: verify_id=1119 ( into), draft_id=13 (.), is_last=False, is_eos=False
Token 0 verification failed, accepting up to this token. is_last: False, is_eos: False, is_mismatch: True

Draft step 0: in_token=tensor([[1119]], device='cuda:6'), in_token_decoded= into, end_index: 5245
predicted_token: 279, predict_score: 0.5038750767707825, token :  the

Draft step 1: in_token=tensor([[279]], device='cuda:6'), in_token_decoded= the, end_index: 5246
Draft step 1, token  the, predict_score 0.5038750767707825 < threshold 0.6, stopping draft
Verifying token 0: verify_id=264 ( a), draft_id=279 ( the), is_last=False, is_eos=False
Token 0 verification failed, accepting up to this token. is_last: False, is_eos: False, is_mismatch: True

Draft step 0: in_token=tensor([[264]], device='cuda:6'), in_token_decoded= a, end_index: 5246
predicted_token: 19212, predict_score: 0.179042249917984, token :  bowl

Draft step 1: in_token=tensor([[19212]], device='cuda:6'), in_token_decoded= bowl, end_index: 5247
Draft step 1, token  bowl, predict_score 0.179042249917984 < threshold 0.6, stopping draft
Verifying token 0: verify_id=803 ( more), draft_id=19212 ( bowl), is_last=False, is_eos=False
Token 0 verification failed, accepting up to this token. is_last: False, is_eos: False, is_mismatch: True

Draft step 0: in_token=tensor([[803]], device='cuda:6'), in_token_decoded= more, end_index: 5247
predicted_token: 2504, predict_score: 0.08929088711738586, token :  block

Draft step 1: in_token=tensor([[2504]], device='cuda:6'), in_token_decoded= block, end_index: 5248
Draft step 1, token  block, predict_score 0.08929088711738586 < threshold 0.6, stopping draft
Verifying token 0: verify_id=13794 ( uniform), draft_id=2504 ( block), is_last=False, is_eos=False
Token 0 verification failed, accepting up to this token. is_last: False, is_eos: False, is_mismatch: True

Draft step 0: in_token=tensor([[13794]], device='cuda:6'), in_token_decoded= uniform, end_index: 5248
predicted_token: 13, predict_score: 0.5341176390647888, token : .

Draft step 1: in_token=tensor([[13]], device='cuda:6'), in_token_decoded=., end_index: 5249
Draft step 1, token ., predict_score 0.5341176390647888 < threshold 0.6, stopping draft
Verifying token 0: verify_id=6083 ( shape), draft_id=13 (.), is_last=False, is_eos=False
Token 0 verification failed, accepting up to this token. is_last: False, is_eos: False, is_mismatch: True

Draft step 0: in_token=tensor([[6083]], device='cuda:6'), in_token_decoded= shape, end_index: 5249
predicted_token: 13, predict_score: 0.4903858006000519, token : .

Draft step 1: in_token=tensor([[13]], device='cuda:6'), in_token_decoded=., end_index: 5250
Draft step 1, token ., predict_score 0.4903858006000519 < threshold 0.6, stopping draft
Verifying token 0: verify_id=13 (.), draft_id=13 (.), is_last=False, is_eos=False
Verifying token 1: verify_id=151645 (<|im_end|>), draft_id=None (None), is_last=True, is_eos=True
Token 1 verification failed, accepting up to this token. is_last: True, is_eos: True, is_mismatch: False
New tokens: ["The dough is kneaded by pressing and folding it, with the person's hands moving it back and forth to work it into a more uniform shape.<|im_end|>"]
Total new tokens generated: 31
[Spec] avg_accept=1.36 | tokens=31 | context_len=5220
[Adapter] acc=8/25 (32.0%) | avg_confidence=0.368 | context_len=5220
\n===== Lossless Check =====
Speculative output: The dough is kneaded by pressing and folding it, with the person's hands moving it back and forth to work it into a more uniform shape.
AR manual output:   The dough is kneaded by pressing and folding it, with the person's hands moving it back and forth to work it into a more uniform shape.
Exact match: True
OK: Outputs match. Speculative decoding is lossless.
Speedup: 1.11x
Speedup_decode: 1.10x
Spec decode tok/s: 31.99
AR decode tok/s:   29.11
 first token :NO

Draft step 0: in_token=tensor([[8996]], device='cuda:6'), in_token_decoded=NO, end_index: 5313
predicted_token: 3596, predict_score: 0.9999802112579346, token :  RE

Draft step 1: in_token=tensor([[3596]], device='cuda:6'), in_token_decoded= RE, end_index: 5314
predicted_token: 24834, predict_score: 0.9999736547470093, token : PLY

Draft step 2: in_token=tensor([[24834]], device='cuda:6'), in_token_decoded=PLY, end_index: 5315
predicted_token: 151645, predict_score: 0.9995304346084595, token : <|im_end|>
Verifying token 0: verify_id=3596 ( RE), draft_id=3596 ( RE), is_last=False, is_eos=False
Verifying token 1: verify_id=24834 (PLY), draft_id=24834 (PLY), is_last=False, is_eos=False
Verifying token 2: verify_id=151645 (<|im_end|>), draft_id=151645 (<|im_end|>), is_last=False, is_eos=True
Token 2 verification failed, accepting up to this token. is_last: False, is_eos: True, is_mismatch: False
New tokens: ['NO REPLY<|im_end|>']
Total new tokens generated: 4
[Spec] avg_accept=3.00 | tokens=4 | context_len=5312
[Adapter] acc=3/3 (100.0%) | avg_confidence=1.000 | context_len=5312
\n===== Lossless Check =====
Speculative output: NO REPLY
AR manual output:   NO REPLY
Exact match: True
OK: Outputs match. Speculative decoding is lossless.
Speedup: 1.68x
Speedup_decode: 1.72x
Spec decode tok/s: 64.37
AR decode tok/s:   37.40
 first token :NO

Draft step 0: in_token=tensor([[8996]], device='cuda:6'), in_token_decoded=NO, end_index: 5378
predicted_token: 3596, predict_score: 0.99997878074646, token :  RE

Draft step 1: in_token=tensor([[3596]], device='cuda:6'), in_token_decoded= RE, end_index: 5379
predicted_token: 24834, predict_score: 0.9999480247497559, token : PLY

Draft step 2: in_token=tensor([[24834]], device='cuda:6'), in_token_decoded=PLY, end_index: 5380
predicted_token: 151645, predict_score: 0.9994823932647705, token : <|im_end|>
Verifying token 0: verify_id=3596 ( RE), draft_id=3596 ( RE), is_last=False, is_eos=False
Verifying token 1: verify_id=24834 (PLY), draft_id=24834 (PLY), is_last=False, is_eos=False
Verifying token 2: verify_id=151645 (<|im_end|>), draft_id=151645 (<|im_end|>), is_last=False, is_eos=True
Token 2 verification failed, accepting up to this token. is_last: False, is_eos: True, is_mismatch: False
New tokens: ['NO REPLY<|im_end|>']
Total new tokens generated: 4
[Spec] avg_accept=3.00 | tokens=4 | context_len=5377
[Adapter] acc=3/3 (100.0%) | avg_confidence=1.000 | context_len=5377
\n===== Lossless Check =====
Speculative output: NO REPLY
AR manual output:   NO REPLY
Exact match: True
OK: Outputs match. Speculative decoding is lossless.
Speedup: 1.67x
Speedup_decode: 1.53x
Spec decode tok/s: 56.78
AR decode tok/s:   37.13
 first token :NO

Draft step 0: in_token=tensor([[8996]], device='cuda:6'), in_token_decoded=NO, end_index: 5443
predicted_token: 3596, predict_score: 0.9999792575836182, token :  RE

Draft step 1: in_token=tensor([[3596]], device='cuda:6'), in_token_decoded= RE, end_index: 5444
predicted_token: 24834, predict_score: 0.9999672174453735, token : PLY

Draft step 2: in_token=tensor([[24834]], device='cuda:6'), in_token_decoded=PLY, end_index: 5445
predicted_token: 151645, predict_score: 0.9994181394577026, token : <|im_end|>
Verifying token 0: verify_id=3596 ( RE), draft_id=3596 ( RE), is_last=False, is_eos=False
Verifying token 1: verify_id=24834 (PLY), draft_id=24834 (PLY), is_last=False, is_eos=False
Verifying token 2: verify_id=151645 (<|im_end|>), draft_id=151645 (<|im_end|>), is_last=False, is_eos=True
Token 2 verification failed, accepting up to this token. is_last: False, is_eos: True, is_mismatch: False
New tokens: ['NO REPLY<|im_end|>']
Total new tokens generated: 4
[Spec] avg_accept=3.00 | tokens=4 | context_len=5442
[Adapter] acc=3/3 (100.0%) | avg_confidence=1.000 | context_len=5442
\n===== Lossless Check =====
Speculative output: NO REPLY
AR manual output:   NO REPLY
Exact match: True
OK: Outputs match. Speculative decoding is lossless.
Speedup: 1.69x
Speedup_decode: 1.63x
Spec decode tok/s: 60.87
AR decode tok/s:   37.28
 first token :The

Draft step 0: in_token=tensor([[785]], device='cuda:6'), in_token_decoded=The, end_index: 5508
predicted_token: 30352, predict_score: 0.8654305338859558, token :  dough

Draft step 1: in_token=tensor([[30352]], device='cuda:6'), in_token_decoded= dough, end_index: 5509
predicted_token: 374, predict_score: 0.48524388670921326, token :  is

Draft step 2: in_token=tensor([[374]], device='cuda:6'), in_token_decoded= is, end_index: 5510
Draft step 2, token  is, predict_score 0.48524388670921326 < threshold 0.6, stopping draft
Verifying token 0: verify_id=30352 ( dough), draft_id=30352 ( dough), is_last=False, is_eos=False
Verifying token 1: verify_id=374 ( is), draft_id=374 ( is), is_last=False, is_eos=False
Verifying token 2: verify_id=13853 ( kne), draft_id=None (None), is_last=True, is_eos=False
Token 2 verification failed, accepting up to this token. is_last: True, is_eos: False, is_mismatch: False

Draft step 0: in_token=tensor([[13853]], device='cuda:6'), in_token_decoded= kne, end_index: 5511
predicted_token: 329, predict_score: 0.5137341618537903, token : ad

Draft step 1: in_token=tensor([[329]], device='cuda:6'), in_token_decoded=ad, end_index: 5512
Draft step 1, token ad, predict_score 0.5137341618537903 < threshold 0.6, stopping draft
Verifying token 0: verify_id=14255 (aded), draft_id=329 (ad), is_last=False, is_eos=False
Token 0 verification failed, accepting up to this token. is_last: False, is_eos: False, is_mismatch: True

Draft step 0: in_token=tensor([[14255]], device='cuda:6'), in_token_decoded=aded, end_index: 5512
predicted_token: 311, predict_score: 0.2537538707256317, token :  to

Draft step 1: in_token=tensor([[311]], device='cuda:6'), in_token_decoded= to, end_index: 5513
Draft step 1, token  to, predict_score 0.2537538707256317 < threshold 0.6, stopping draft
Verifying token 0: verify_id=553 ( by), draft_id=311 ( to), is_last=False, is_eos=False
Token 0 verification failed, accepting up to this token. is_last: False, is_eos: False, is_mismatch: True

Draft step 0: in_token=tensor([[553]], device='cuda:6'), in_token_decoded= by, end_index: 5513
predicted_token: 25352, predict_score: 0.5587484836578369, token :  pressing

Draft step 1: in_token=tensor([[25352]], device='cuda:6'), in_token_decoded= pressing, end_index: 5514
Draft step 1, token  pressing, predict_score 0.5587484836578369 < threshold 0.6, stopping draft
Verifying token 0: verify_id=25352 ( pressing), draft_id=25352 ( pressing), is_last=False, is_eos=False
Verifying token 1: verify_id=323 ( and), draft_id=None (None), is_last=True, is_eos=False
Token 1 verification failed, accepting up to this token. is_last: True, is_eos: False, is_mismatch: False

Draft step 0: in_token=tensor([[323]], device='cuda:6'), in_token_decoded= and, end_index: 5515
predicted_token: 1221, predict_score: 0.25550559163093567, token :  then

Draft step 1: in_token=tensor([[1221]], device='cuda:6'), in_token_decoded= then, end_index: 5516
Draft step 1, token  then, predict_score 0.25550559163093567 < threshold 0.6, stopping draft
Verifying token 0: verify_id=44742 ( folding), draft_id=1221 ( then), is_last=False, is_eos=False
Token 0 verification failed, accepting up to this token. is_last: False, is_eos: False, is_mismatch: True

Draft step 0: in_token=tensor([[44742]], device='cuda:6'), in_token_decoded= folding, end_index: 5516
predicted_token: 432, predict_score: 0.18250688910484314, token :  it

Draft step 1: in_token=tensor([[432]], device='cuda:6'), in_token_decoded= it, end_index: 5517
Draft step 1, token  it, predict_score 0.18250688910484314 < threshold 0.6, stopping draft
Verifying token 0: verify_id=432 ( it), draft_id=432 ( it), is_last=False, is_eos=False
Verifying token 1: verify_id=11 (,), draft_id=None (None), is_last=True, is_eos=False
Token 1 verification failed, accepting up to this token. is_last: True, is_eos: False, is_mismatch: False

Draft step 0: in_token=tensor([[11]], device='cuda:6'), in_token_decoded=,, end_index: 5518
predicted_token: 323, predict_score: 0.5705245137214661, token :  and

Draft step 1: in_token=tensor([[323]], device='cuda:6'), in_token_decoded= and, end_index: 5519
Draft step 1, token  and, predict_score 0.5705245137214661 < threshold 0.6, stopping draft
Verifying token 0: verify_id=1221 ( then), draft_id=323 ( and), is_last=False, is_eos=False
Token 0 verification failed, accepting up to this token. is_last: False, is_eos: False, is_mismatch: True

Draft step 0: in_token=tensor([[1221]], device='cuda:6'), in_token_decoded= then, end_index: 5519
predicted_token: 9099, predict_score: 0.11453564465045929, token :  placed

Draft step 1: in_token=tensor([[9099]], device='cuda:6'), in_token_decoded= placed, end_index: 5520
Draft step 1, token  placed, predict_score 0.11453564465045929 < threshold 0.6, stopping draft
Verifying token 0: verify_id=9099 ( placed), draft_id=9099 ( placed), is_last=False, is_eos=False
Verifying token 1: verify_id=1119 ( into), draft_id=None (None), is_last=True, is_eos=False
Token 1 verification failed, accepting up to this token. is_last: True, is_eos: False, is_mismatch: False

Draft step 0: in_token=tensor([[1119]], device='cuda:6'), in_token_decoded= into, end_index: 5521
predicted_token: 264, predict_score: 0.6355374455451965, token :  a

Draft step 1: in_token=tensor([[264]], device='cuda:6'), in_token_decoded= a, end_index: 5522
predicted_token: 19212, predict_score: 0.29997944831848145, token :  bowl

Draft step 2: in_token=tensor([[19212]], device='cuda:6'), in_token_decoded= bowl, end_index: 5523
Draft step 2, token  bowl, predict_score 0.29997944831848145 < threshold 0.6, stopping draft
Verifying token 0: verify_id=264 ( a), draft_id=264 ( a), is_last=False, is_eos=False
Verifying token 1: verify_id=30352 ( dough), draft_id=19212 ( bowl), is_last=False, is_eos=False
Token 1 verification failed, accepting up to this token. is_last: False, is_eos: False, is_mismatch: True

Draft step 0: in_token=tensor([[30352]], device='cuda:6'), in_token_decoded= dough, end_index: 5523
predicted_token: 389, predict_score: 0.15504299104213715, token :  on

Draft step 1: in_token=tensor([[389]], device='cuda:6'), in_token_decoded= on, end_index: 5524
Draft step 1, token  on, predict_score 0.15504299104213715 < threshold 0.6, stopping draft
Verifying token 0: verify_id=37778 ( mixer), draft_id=389 ( on), is_last=False, is_eos=False
Token 0 verification failed, accepting up to this token. is_last: False, is_eos: False, is_mismatch: True

Draft step 0: in_token=tensor([[37778]], device='cuda:6'), in_token_decoded= mixer, end_index: 5524
predicted_token: 11, predict_score: 0.33964771032333374, token : ,

Draft step 1: in_token=tensor([[11]], device='cuda:6'), in_token_decoded=,, end_index: 5525
Draft step 1, token ,, predict_score 0.33964771032333374 < threshold 0.6, stopping draft
Verifying token 0: verify_id=11 (,), draft_id=11 (,), is_last=False, is_eos=False
Verifying token 1: verify_id=323 ( and), draft_id=None (None), is_last=True, is_eos=False
Token 1 verification failed, accepting up to this token. is_last: True, is_eos: False, is_mismatch: False

Draft step 0: in_token=tensor([[323]], device='cuda:6'), in_token_decoded= and, end_index: 5526
predicted_token: 1221, predict_score: 0.0970640555024147, token :  then

Draft step 1: in_token=tensor([[1221]], device='cuda:6'), in_token_decoded= then, end_index: 5527
Draft step 1, token  then, predict_score 0.0970640555024147 < threshold 0.6, stopping draft
Verifying token 0: verify_id=279 ( the), draft_id=1221 ( then), is_last=False, is_eos=False
Token 0 verification failed, accepting up to this token. is_last: False, is_eos: False, is_mismatch: True

Draft step 0: in_token=tensor([[279]], device='cuda:6'), in_token_decoded= the, end_index: 5527
predicted_token: 30352, predict_score: 0.8359271883964539, token :  dough

Draft step 1: in_token=tensor([[30352]], device='cuda:6'), in_token_decoded= dough, end_index: 5528
predicted_token: 374, predict_score: 0.5256109237670898, token :  is

Draft step 2: in_token=tensor([[374]], device='cuda:6'), in_token_decoded= is, end_index: 5529
Draft step 2, token  is, predict_score 0.5256109237670898 < threshold 0.6, stopping draft
Verifying token 0: verify_id=1697 ( person), draft_id=30352 ( dough), is_last=False, is_eos=False
Token 0 verification failed, accepting up to this token. is_last: False, is_eos: False, is_mismatch: True

Draft step 0: in_token=tensor([[1697]], device='cuda:6'), in_token_decoded= person, end_index: 5528
predicted_token: 374, predict_score: 0.06718921661376953, token :  is

Draft step 1: in_token=tensor([[374]], device='cuda:6'), in_token_decoded= is, end_index: 5529
Draft step 1, token  is, predict_score 0.06718921661376953 < threshold 0.6, stopping draft
Verifying token 0: verify_id=594 ('s), draft_id=374 ( is), is_last=False, is_eos=False
Token 0 verification failed, accepting up to this token. is_last: False, is_eos: False, is_mismatch: True

Draft step 0: in_token=tensor([[594]], device='cuda:6'), in_token_decoded='s, end_index: 5529
predicted_token: 30352, predict_score: 0.698676347732544, token :  dough

Draft step 1: in_token=tensor([[30352]], device='cuda:6'), in_token_decoded= dough, end_index: 5530
predicted_token: 374, predict_score: 0.8257197737693787, token :  is

Draft step 2: in_token=tensor([[374]], device='cuda:6'), in_token_decoded= is, end_index: 5531
predicted_token: 17320, predict_score: 0.2266123741865158, token :  pressed

Draft step 3: in_token=tensor([[17320]], device='cuda:6'), in_token_decoded= pressed, end_index: 5532
Draft step 3, token  pressed, predict_score 0.2266123741865158 < threshold 0.6, stopping draft
Verifying token 0: verify_id=6078 ( hands), draft_id=30352 ( dough), is_last=False, is_eos=False
Token 0 verification failed, accepting up to this token. is_last: False, is_eos: False, is_mismatch: True

Draft step 0: in_token=tensor([[6078]], device='cuda:6'), in_token_decoded= hands, end_index: 5530
predicted_token: 525, predict_score: 0.24464543163776398, token :  are

Draft step 1: in_token=tensor([[525]], device='cuda:6'), in_token_decoded= are, end_index: 5531
Draft step 1, token  are, predict_score 0.24464543163776398 < threshold 0.6, stopping draft
Verifying token 0: verify_id=3060 ( continue), draft_id=525 ( are), is_last=False, is_eos=False
Token 0 verification failed, accepting up to this token. is_last: False, is_eos: False, is_mismatch: True

Draft step 0: in_token=tensor([[3060]], device='cuda:6'), in_token_decoded= continue, end_index: 5531
predicted_token: 311, predict_score: 0.4688285291194916, token :  to

Draft step 1: in_token=tensor([[311]], device='cuda:6'), in_token_decoded= to, end_index: 5532
Draft step 1, token  to, predict_score 0.4688285291194916 < threshold 0.6, stopping draft
Verifying token 0: verify_id=311 ( to), draft_id=311 ( to), is_last=False, is_eos=False
Verifying token 1: verify_id=975 ( work), draft_id=None (None), is_last=True, is_eos=False
Token 1 verification failed, accepting up to this token. is_last: True, is_eos: False, is_mismatch: False

Draft step 0: in_token=tensor([[975]], device='cuda:6'), in_token_decoded= work, end_index: 5533
predicted_token: 13, predict_score: 0.08299620449542999, token : .

Draft step 1: in_token=tensor([[13]], device='cuda:6'), in_token_decoded=., end_index: 5534
Draft step 1, token ., predict_score 0.08299620449542999 < threshold 0.6, stopping draft
Verifying token 0: verify_id=432 ( it), draft_id=13 (.), is_last=False, is_eos=False
Token 0 verification failed, accepting up to this token. is_last: False, is_eos: False, is_mismatch: True

Draft step 0: in_token=tensor([[432]], device='cuda:6'), in_token_decoded= it, end_index: 5534
predicted_token: 13, predict_score: 0.44342848658561707, token : .

Draft step 1: in_token=tensor([[13]], device='cuda:6'), in_token_decoded=., end_index: 5535
Draft step 1, token ., predict_score 0.44342848658561707 < threshold 0.6, stopping draft
Verifying token 0: verify_id=4766 ( inside), draft_id=13 (.), is_last=False, is_eos=False
Token 0 verification failed, accepting up to this token. is_last: False, is_eos: False, is_mismatch: True

Draft step 0: in_token=tensor([[4766]], device='cuda:6'), in_token_decoded= inside, end_index: 5535
predicted_token: 279, predict_score: 0.6625059247016907, token :  the

Draft step 1: in_token=tensor([[279]], device='cuda:6'), in_token_decoded= the, end_index: 5536
predicted_token: 19212, predict_score: 0.4086114168167114, token :  bowl

Draft step 2: in_token=tensor([[19212]], device='cuda:6'), in_token_decoded= bowl, end_index: 5537
Draft step 2, token  bowl, predict_score 0.4086114168167114 < threshold 0.6, stopping draft
Verifying token 0: verify_id=279 ( the), draft_id=279 ( the), is_last=False, is_eos=False
Verifying token 1: verify_id=37778 ( mixer), draft_id=19212 ( bowl), is_last=False, is_eos=False
Token 1 verification failed, accepting up to this token. is_last: False, is_eos: False, is_mismatch: True

Draft step 0: in_token=tensor([[37778]], device='cuda:6'), in_token_decoded= mixer, end_index: 5537
predicted_token: 448, predict_score: 0.19971981644630432, token :  with

Draft step 1: in_token=tensor([[448]], device='cuda:6'), in_token_decoded= with, end_index: 5538
Draft step 1, token  with, predict_score 0.19971981644630432 < threshold 0.6, stopping draft
Verifying token 0: verify_id=13 (.), draft_id=448 ( with), is_last=False, is_eos=False
Token 0 verification failed, accepting up to this token. is_last: False, is_eos: False, is_mismatch: True

Draft step 0: in_token=tensor([[13]], device='cuda:6'), in_token_decoded=., end_index: 5538
predicted_token: 151645, predict_score: 0.9955328702926636, token : <|im_end|>
Verifying token 0: verify_id=151645 (<|im_end|>), draft_id=151645 (<|im_end|>), is_last=False, is_eos=True
Token 0 verification failed, accepting up to this token. is_last: False, is_eos: True, is_mismatch: False
New tokens: ["The dough is kneaded by pressing and folding it, then placed into a dough mixer, and the person's hands continue to work it inside the mixer.<|im_end|>"]
Total new tokens generated: 32
[Spec] avg_accept=1.41 | tokens=32 | context_len=5507
[Adapter] acc=10/25 (40.0%) | avg_confidence=0.429 | context_len=5507
\n===== Lossless Check =====
Speculative output: The dough is kneaded by pressing and folding it, then placed into a dough mixer, and the person's hands continue to work it inside the mixer.
AR manual output:   The dough is kneaded by pressing and folding it, with the person's hands moving it back and forth to work it into a more uniform shape, and then placed into a dough mixer.
Exact match: False
WARNING: Outputs differ! Speculative decoding is NOT lossless.
Speedup: 1.16x
Speedup_decode: 1.14x
Spec decode tok/s: 33.01
AR decode tok/s:   28.99
 first token :NO

Draft step 0: in_token=tensor([[8996]], device='cuda:6'), in_token_decoded=NO, end_index: 5601
predicted_token: 3596, predict_score: 0.9999816417694092, token :  RE

Draft step 1: in_token=tensor([[3596]], device='cuda:6'), in_token_decoded= RE, end_index: 5602
predicted_token: 24834, predict_score: 0.9999802112579346, token : PLY

Draft step 2: in_token=tensor([[24834]], device='cuda:6'), in_token_decoded=PLY, end_index: 5603
predicted_token: 151645, predict_score: 0.9994606375694275, token : <|im_end|>
Verifying token 0: verify_id=3596 ( RE), draft_id=3596 ( RE), is_last=False, is_eos=False
Verifying token 1: verify_id=24834 (PLY), draft_id=24834 (PLY), is_last=False, is_eos=False
Verifying token 2: verify_id=151645 (<|im_end|>), draft_id=151645 (<|im_end|>), is_last=False, is_eos=True
Token 2 verification failed, accepting up to this token. is_last: False, is_eos: True, is_mismatch: False
New tokens: ['NO REPLY<|im_end|>']
Total new tokens generated: 4
[Spec] avg_accept=3.00 | tokens=4 | context_len=5600
[Adapter] acc=3/3 (100.0%) | avg_confidence=1.000 | context_len=5600
\n===== Lossless Check =====
Speculative output: NO REPLY
AR manual output:   NO REPLY
Exact match: True
OK: Outputs match. Speculative decoding is lossless.
Speedup: 1.67x
Speedup_decode: 1.68x
Spec decode tok/s: 63.25
AR decode tok/s:   37.68
 first token :NO

Draft step 0: in_token=tensor([[8996]], device='cuda:6'), in_token_decoded=NO, end_index: 5666
predicted_token: 3596, predict_score: 0.9999797344207764, token :  RE

Draft step 1: in_token=tensor([[3596]], device='cuda:6'), in_token_decoded= RE, end_index: 5667
predicted_token: 24834, predict_score: 0.9999150037765503, token : PLY

Draft step 2: in_token=tensor([[24834]], device='cuda:6'), in_token_decoded=PLY, end_index: 5668
predicted_token: 151645, predict_score: 0.9993941783905029, token : <|im_end|>
Verifying token 0: verify_id=3596 ( RE), draft_id=3596 ( RE), is_last=False, is_eos=False
Verifying token 1: verify_id=24834 (PLY), draft_id=24834 (PLY), is_last=False, is_eos=False
Verifying token 2: verify_id=151645 (<|im_end|>), draft_id=151645 (<|im_end|>), is_last=False, is_eos=True
Token 2 verification failed, accepting up to this token. is_last: False, is_eos: True, is_mismatch: False
New tokens: ['NO REPLY<|im_end|>']
Total new tokens generated: 4
[Spec] avg_accept=3.00 | tokens=4 | context_len=5665
[Adapter] acc=3/3 (100.0%) | avg_confidence=1.000 | context_len=5665
\n===== Lossless Check =====
Speculative output: NO REPLY
AR manual output:   NO REPLY
Exact match: True
OK: Outputs match. Speculative decoding is lossless.
Speedup: 1.70x
Speedup_decode: 1.50x
Spec decode tok/s: 56.03
AR decode tok/s:   37.33
 first token :NO

Draft step 0: in_token=tensor([[8996]], device='cuda:6'), in_token_decoded=NO, end_index: 5731
predicted_token: 3596, predict_score: 0.999974250793457, token :  RE

Draft step 1: in_token=tensor([[3596]], device='cuda:6'), in_token_decoded= RE, end_index: 5732
predicted_token: 24834, predict_score: 0.9999572038650513, token : PLY

Draft step 2: in_token=tensor([[24834]], device='cuda:6'), in_token_decoded=PLY, end_index: 5733
predicted_token: 151645, predict_score: 0.9995104074478149, token : <|im_end|>
Verifying token 0: verify_id=3596 ( RE), draft_id=3596 ( RE), is_last=False, is_eos=False
Verifying token 1: verify_id=24834 (PLY), draft_id=24834 (PLY), is_last=False, is_eos=False
Verifying token 2: verify_id=151645 (<|im_end|>), draft_id=151645 (<|im_end|>), is_last=False, is_eos=True
Token 2 verification failed, accepting up to this token. is_last: False, is_eos: True, is_mismatch: False
New tokens: ['NO REPLY<|im_end|>']
Total new tokens generated: 4
[Spec] avg_accept=3.00 | tokens=4 | context_len=5730
[Adapter] acc=3/3 (100.0%) | avg_confidence=1.000 | context_len=5730
\n===== Lossless Check =====
Speculative output: NO REPLY
AR manual output:   NO REPLY
Exact match: True
OK: Outputs match. Speculative decoding is lossless.
Speedup: 1.82x
Speedup_decode: 1.71x
Spec decode tok/s: 58.95
AR decode tok/s:   34.38
 first token :The

Draft step 0: in_token=tensor([[785]], device='cuda:6'), in_token_decoded=The, end_index: 5796
predicted_token: 30352, predict_score: 0.8782579302787781, token :  dough

Draft step 1: in_token=tensor([[30352]], device='cuda:6'), in_token_decoded= dough, end_index: 5797
predicted_token: 374, predict_score: 0.44549956917762756, token :  is

Draft step 2: in_token=tensor([[374]], device='cuda:6'), in_token_decoded= is, end_index: 5798
Draft step 2, token  is, predict_score 0.44549956917762756 < threshold 0.6, stopping draft
Verifying token 0: verify_id=30352 ( dough), draft_id=30352 ( dough), is_last=False, is_eos=False
Verifying token 1: verify_id=374 ( is), draft_id=374 ( is), is_last=False, is_eos=False
Verifying token 2: verify_id=13853 ( kne), draft_id=None (None), is_last=True, is_eos=False
Token 2 verification failed, accepting up to this token. is_last: True, is_eos: False, is_mismatch: False

Draft step 0: in_token=tensor([[13853]], device='cuda:6'), in_token_decoded= kne, end_index: 5799
predicted_token: 329, predict_score: 0.6324413418769836, token : ad

Draft step 1: in_token=tensor([[329]], device='cuda:6'), in_token_decoded=ad, end_index: 5800
predicted_token: 323, predict_score: 0.31545642018318176, token :  and

Draft step 2: in_token=tensor([[323]], device='cuda:6'), in_token_decoded= and, end_index: 5801
Draft step 2, token  and, predict_score 0.31545642018318176 < threshold 0.6, stopping draft
Verifying token 0: verify_id=14255 (aded), draft_id=329 (ad), is_last=False, is_eos=False
Token 0 verification failed, accepting up to this token. is_last: False, is_eos: False, is_mismatch: True

Draft step 0: in_token=tensor([[14255]], device='cuda:6'), in_token_decoded=aded, end_index: 5800
predicted_token: 311, predict_score: 0.28875482082366943, token :  to

Draft step 1: in_token=tensor([[311]], device='cuda:6'), in_token_decoded= to, end_index: 5801
Draft step 1, token  to, predict_score 0.28875482082366943 < threshold 0.6, stopping draft
Verifying token 0: verify_id=553 ( by), draft_id=311 ( to), is_last=False, is_eos=False
Token 0 verification failed, accepting up to this token. is_last: False, is_eos: False, is_mismatch: True

Draft step 0: in_token=tensor([[553]], device='cuda:6'), in_token_decoded= by, end_index: 5801
predicted_token: 1424, predict_score: 0.31863582134246826, token :  hand

Draft step 1: in_token=tensor([[1424]], device='cuda:6'), in_token_decoded= hand, end_index: 5802
Draft step 1, token  hand, predict_score 0.31863582134246826 < threshold 0.6, stopping draft
Verifying token 0: verify_id=25352 ( pressing), draft_id=1424 ( hand), is_last=False, is_eos=False
Token 0 verification failed, accepting up to this token. is_last: False, is_eos: False, is_mismatch: True

Draft step 0: in_token=tensor([[25352]], device='cuda:6'), in_token_decoded= pressing, end_index: 5802
predicted_token: 432, predict_score: 0.2956264019012451, token :  it

Draft step 1: in_token=tensor([[432]], device='cuda:6'), in_token_decoded= it, end_index: 5803
Draft step 1, token  it, predict_score 0.2956264019012451 < threshold 0.6, stopping draft
Verifying token 0: verify_id=323 ( and), draft_id=432 ( it), is_last=False, is_eos=False
Token 0 verification failed, accepting up to this token. is_last: False, is_eos: False, is_mismatch: True

Draft step 0: in_token=tensor([[323]], device='cuda:6'), in_token_decoded= and, end_index: 5803
predicted_token: 1221, predict_score: 0.20120665431022644, token :  then

Draft step 1: in_token=tensor([[1221]], device='cuda:6'), in_token_decoded= then, end_index: 5804
Draft step 1, token  then, predict_score 0.20120665431022644 < threshold 0.6, stopping draft
Verifying token 0: verify_id=44742 ( folding), draft_id=1221 ( then), is_last=False, is_eos=False
Token 0 verification failed, accepting up to this token. is_last: False, is_eos: False, is_mismatch: True

Draft step 0: in_token=tensor([[44742]], device='cuda:6'), in_token_decoded= folding, end_index: 5804
predicted_token: 432, predict_score: 0.3894200623035431, token :  it

Draft step 1: in_token=tensor([[432]], device='cuda:6'), in_token_decoded= it, end_index: 5805
Draft step 1, token  it, predict_score 0.3894200623035431 < threshold 0.6, stopping draft
Verifying token 0: verify_id=432 ( it), draft_id=432 ( it), is_last=False, is_eos=False
Verifying token 1: verify_id=11 (,), draft_id=None (None), is_last=True, is_eos=False
Token 1 verification failed, accepting up to this token. is_last: True, is_eos: False, is_mismatch: False

Draft step 0: in_token=tensor([[11]], device='cuda:6'), in_token_decoded=,, end_index: 5806
predicted_token: 1221, predict_score: 0.3675103783607483, token :  then

Draft step 1: in_token=tensor([[1221]], device='cuda:6'), in_token_decoded= then, end_index: 5807
Draft step 1, token  then, predict_score 0.3675103783607483 < threshold 0.6, stopping draft
Verifying token 0: verify_id=1221 ( then), draft_id=1221 ( then), is_last=False, is_eos=False
Verifying token 1: verify_id=9099 ( placed), draft_id=None (None), is_last=True, is_eos=False
Token 1 verification failed, accepting up to this token. is_last: True, is_eos: False, is_mismatch: False

Draft step 0: in_token=tensor([[9099]], device='cuda:6'), in_token_decoded= placed, end_index: 5808
predicted_token: 389, predict_score: 0.41396623849868774, token :  on

Draft step 1: in_token=tensor([[389]], device='cuda:6'), in_token_decoded= on, end_index: 5809
Draft step 1, token  on, predict_score 0.41396623849868774 < threshold 0.6, stopping draft
Verifying token 0: verify_id=1119 ( into), draft_id=389 ( on), is_last=False, is_eos=False
Token 0 verification failed, accepting up to this token. is_last: False, is_eos: False, is_mismatch: True

Draft step 0: in_token=tensor([[1119]], device='cuda:6'), in_token_decoded= into, end_index: 5809
predicted_token: 264, predict_score: 0.608767569065094, token :  a

Draft step 1: in_token=tensor([[264]], device='cuda:6'), in_token_decoded= a, end_index: 5810
predicted_token: 19212, predict_score: 0.2369726449251175, token :  bowl

Draft step 2: in_token=tensor([[19212]], device='cuda:6'), in_token_decoded= bowl, end_index: 5811
Draft step 2, token  bowl, predict_score 0.2369726449251175 < threshold 0.6, stopping draft
Verifying token 0: verify_id=264 ( a), draft_id=264 ( a), is_last=False, is_eos=False
Verifying token 1: verify_id=30352 ( dough), draft_id=19212 ( bowl), is_last=False, is_eos=False
Token 1 verification failed, accepting up to this token. is_last: False, is_eos: False, is_mismatch: True

Draft step 0: in_token=tensor([[30352]], device='cuda:6'), in_token_decoded= dough, end_index: 5811
predicted_token: 389, predict_score: 0.2520890235900879, token :  on

Draft step 1: in_token=tensor([[389]], device='cuda:6'), in_token_decoded= on, end_index: 5812
Draft step 1, token  on, predict_score 0.2520890235900879 < threshold 0.6, stopping draft
Verifying token 0: verify_id=37778 ( mixer), draft_id=389 ( on), is_last=False, is_eos=False
Token 0 verification failed, accepting up to this token. is_last: False, is_eos: False, is_mismatch: True

Draft step 0: in_token=tensor([[37778]], device='cuda:6'), in_token_decoded= mixer, end_index: 5812
predicted_token: 13, predict_score: 0.3681458830833435, token : .

Draft step 1: in_token=tensor([[13]], device='cuda:6'), in_token_decoded=., end_index: 5813
Draft step 1, token ., predict_score 0.3681458830833435 < threshold 0.6, stopping draft
Verifying token 0: verify_id=11 (,), draft_id=13 (.), is_last=False, is_eos=False
Token 0 verification failed, accepting up to this token. is_last: False, is_eos: False, is_mismatch: True

Draft step 0: in_token=tensor([[11]], device='cuda:6'), in_token_decoded=,, end_index: 5813
predicted_token: 323, predict_score: 0.7751665115356445, token :  and

Draft step 1: in_token=tensor([[323]], device='cuda:6'), in_token_decoded= and, end_index: 5814
predicted_token: 1221, predict_score: 0.21536552906036377, token :  then

Draft step 2: in_token=tensor([[1221]], device='cuda:6'), in_token_decoded= then, end_index: 5815
Draft step 2, token  then, predict_score 0.21536552906036377 < threshold 0.6, stopping draft
Verifying token 0: verify_id=323 ( and), draft_id=323 ( and), is_last=False, is_eos=False
Verifying token 1: verify_id=279 ( the), draft_id=1221 ( then), is_last=False, is_eos=False
Token 1 verification failed, accepting up to this token. is_last: False, is_eos: False, is_mismatch: True

Draft step 0: in_token=tensor([[279]], device='cuda:6'), in_token_decoded= the, end_index: 5815
predicted_token: 30352, predict_score: 0.7141976356506348, token :  dough

Draft step 1: in_token=tensor([[30352]], device='cuda:6'), in_token_decoded= dough, end_index: 5816
predicted_token: 374, predict_score: 0.586204469203949, token :  is

Draft step 2: in_token=tensor([[374]], device='cuda:6'), in_token_decoded= is, end_index: 5817
Draft step 2, token  is, predict_score 0.586204469203949 < threshold 0.6, stopping draft
Verifying token 0: verify_id=1697 ( person), draft_id=30352 ( dough), is_last=False, is_eos=False
Token 0 verification failed, accepting up to this token. is_last: False, is_eos: False, is_mismatch: True

Draft step 0: in_token=tensor([[1697]], device='cuda:6'), in_token_decoded= person, end_index: 5816
predicted_token: 2182, predict_score: 0.04765672609210014, token :  put

Draft step 1: in_token=tensor([[2182]], device='cuda:6'), in_token_decoded= put, end_index: 5817
Draft step 1, token  put, predict_score 0.04765672609210014 < threshold 0.6, stopping draft
Verifying token 0: verify_id=594 ('s), draft_id=2182 ( put), is_last=False, is_eos=False
Token 0 verification failed, accepting up to this token. is_last: False, is_eos: False, is_mismatch: True

Draft step 0: in_token=tensor([[594]], device='cuda:6'), in_token_decoded='s, end_index: 5817
predicted_token: 30352, predict_score: 0.6433144211769104, token :  dough

Draft step 1: in_token=tensor([[30352]], device='cuda:6'), in_token_decoded= dough, end_index: 5818
predicted_token: 374, predict_score: 0.6049026250839233, token :  is

Draft step 2: in_token=tensor([[374]], device='cuda:6'), in_token_decoded= is, end_index: 5819
predicted_token: 17320, predict_score: 0.36715206503868103, token :  pressed

Draft step 3: in_token=tensor([[17320]], device='cuda:6'), in_token_decoded= pressed, end_index: 5820
Draft step 3, token  pressed, predict_score 0.36715206503868103 < threshold 0.6, stopping draft
Verifying token 0: verify_id=6078 ( hands), draft_id=30352 ( dough), is_last=False, is_eos=False
Token 0 verification failed, accepting up to this token. is_last: False, is_eos: False, is_mismatch: True

Draft step 0: in_token=tensor([[6078]], device='cuda:6'), in_token_decoded= hands, end_index: 5818
predicted_token: 525, predict_score: 0.27646249532699585, token :  are

Draft step 1: in_token=tensor([[525]], device='cuda:6'), in_token_decoded= are, end_index: 5819
Draft step 1, token  are, predict_score 0.27646249532699585 < threshold 0.6, stopping draft
Verifying token 0: verify_id=3060 ( continue), draft_id=525 ( are), is_last=False, is_eos=False
Token 0 verification failed, accepting up to this token. is_last: False, is_eos: False, is_mismatch: True

Draft step 0: in_token=tensor([[3060]], device='cuda:6'), in_token_decoded= continue, end_index: 5819
predicted_token: 311, predict_score: 0.8155335783958435, token :  to

Draft step 1: in_token=tensor([[311]], device='cuda:6'), in_token_decoded= to, end_index: 5820
predicted_token: 23065, predict_score: 0.7592152953147888, token :  stir

Draft step 2: in_token=tensor([[23065]], device='cuda:6'), in_token_decoded= stir, end_index: 5821
predicted_token: 279, predict_score: 0.4486907720565796, token :  the

Draft step 3: in_token=tensor([[279]], device='cuda:6'), in_token_decoded= the, end_index: 5822
Draft step 3, token  the, predict_score 0.4486907720565796 < threshold 0.6, stopping draft
Verifying token 0: verify_id=311 ( to), draft_id=311 ( to), is_last=False, is_eos=False
Verifying token 1: verify_id=975 ( work), draft_id=23065 ( stir), is_last=False, is_eos=False
Token 1 verification failed, accepting up to this token. is_last: False, is_eos: False, is_mismatch: True

Draft step 0: in_token=tensor([[975]], device='cuda:6'), in_token_decoded= work, end_index: 5821
predicted_token: 448, predict_score: 0.12742723524570465, token :  with

Draft step 1: in_token=tensor([[448]], device='cuda:6'), in_token_decoded= with, end_index: 5822
Draft step 1, token  with, predict_score 0.12742723524570465 < threshold 0.6, stopping draft
Verifying token 0: verify_id=432 ( it), draft_id=448 ( with), is_last=False, is_eos=False
Token 0 verification failed, accepting up to this token. is_last: False, is_eos: False, is_mismatch: True

Draft step 0: in_token=tensor([[432]], device='cuda:6'), in_token_decoded= it, end_index: 5822
predicted_token: 448, predict_score: 0.19418075680732727, token :  with

Draft step 1: in_token=tensor([[448]], device='cuda:6'), in_token_decoded= with, end_index: 5823
Draft step 1, token  with, predict_score 0.19418075680732727 < threshold 0.6, stopping draft
Verifying token 0: verify_id=4766 ( inside), draft_id=448 ( with), is_last=False, is_eos=False
Token 0 verification failed, accepting up to this token. is_last: False, is_eos: False, is_mismatch: True

Draft step 0: in_token=tensor([[4766]], device='cuda:6'), in_token_decoded= inside, end_index: 5823
predicted_token: 279, predict_score: 0.5325921773910522, token :  the

Draft step 1: in_token=tensor([[279]], device='cuda:6'), in_token_decoded= the, end_index: 5824
Draft step 1, token  the, predict_score 0.5325921773910522 < threshold 0.6, stopping draft
Verifying token 0: verify_id=279 ( the), draft_id=279 ( the), is_last=False, is_eos=False
Verifying token 1: verify_id=37778 ( mixer), draft_id=None (None), is_last=True, is_eos=False
Token 1 verification failed, accepting up to this token. is_last: True, is_eos: False, is_mismatch: False

Draft step 0: in_token=tensor([[37778]], device='cuda:6'), in_token_decoded= mixer, end_index: 5825
predicted_token: 13, predict_score: 0.617893636226654, token : .

Draft step 1: in_token=tensor([[13]], device='cuda:6'), in_token_decoded=., end_index: 5826
predicted_token: 151645, predict_score: 0.9959854483604431, token : <|im_end|>
Verifying token 0: verify_id=11 (,), draft_id=13 (.), is_last=False, is_eos=False
Token 0 verification failed, accepting up to this token. is_last: False, is_eos: False, is_mismatch: True

Draft step 0: in_token=tensor([[11]], device='cuda:6'), in_token_decoded=,, end_index: 5826
predicted_token: 323, predict_score: 0.8067678809165955, token :  and

Draft step 1: in_token=tensor([[323]], device='cuda:6'), in_token_decoded= and, end_index: 5827
predicted_token: 1221, predict_score: 0.4193982779979706, token :  then

Draft step 2: in_token=tensor([[1221]], device='cuda:6'), in_token_decoded= then, end_index: 5828
Draft step 2, token  then, predict_score 0.4193982779979706 < threshold 0.6, stopping draft
Verifying token 0: verify_id=448 ( with), draft_id=323 ( and), is_last=False, is_eos=False
Token 0 verification failed, accepting up to this token. is_last: False, is_eos: False, is_mismatch: True

Draft step 0: in_token=tensor([[448]], device='cuda:6'), in_token_decoded= with, end_index: 5827
predicted_token: 264, predict_score: 0.5307492613792419, token :  a

Draft step 1: in_token=tensor([[264]], device='cuda:6'), in_token_decoded= a, end_index: 5828
Draft step 1, token  a, predict_score 0.5307492613792419 < threshold 0.6, stopping draft
Verifying token 0: verify_id=279 ( the), draft_id=264 ( a), is_last=False, is_eos=False
Token 0 verification failed, accepting up to this token. is_last: False, is_eos: False, is_mismatch: True

Draft step 0: in_token=tensor([[279]], device='cuda:6'), in_token_decoded= the, end_index: 5828
predicted_token: 30352, predict_score: 0.5883302688598633, token :  dough

Draft step 1: in_token=tensor([[30352]], device='cuda:6'), in_token_decoded= dough, end_index: 5829
Draft step 1, token  dough, predict_score 0.5883302688598633 < threshold 0.6, stopping draft
Verifying token 0: verify_id=37778 ( mixer), draft_id=30352 ( dough), is_last=False, is_eos=False
Token 0 verification failed, accepting up to this token. is_last: False, is_eos: False, is_mismatch: True

Draft step 0: in_token=tensor([[37778]], device='cuda:6'), in_token_decoded= mixer, end_index: 5829
predicted_token: 323, predict_score: 0.20064972341060638, token :  and

Draft step 1: in_token=tensor([[323]], device='cuda:6'), in_token_decoded= and, end_index: 5830
Draft step 1, token  and, predict_score 0.20064972341060638 < threshold 0.6, stopping draft
Verifying token 0: verify_id=594 ('s), draft_id=323 ( and), is_last=False, is_eos=False
Token 0 verification failed, accepting up to this token. is_last: False, is_eos: False, is_mismatch: True

Draft step 0: in_token=tensor([[594]], device='cuda:6'), in_token_decoded='s, end_index: 5830
predicted_token: 30352, predict_score: 0.12579695880413055, token :  dough

Draft step 1: in_token=tensor([[30352]], device='cuda:6'), in_token_decoded= dough, end_index: 5831
Draft step 1, token  dough, predict_score 0.12579695880413055 < threshold 0.6, stopping draft
Verifying token 0: verify_id=41642 ( blades), draft_id=30352 ( dough), is_last=False, is_eos=False
Token 0 verification failed, accepting up to this token. is_last: False, is_eos: False, is_mismatch: True

Draft step 0: in_token=tensor([[41642]], device='cuda:6'), in_token_decoded= blades, end_index: 5831
predicted_token: 323, predict_score: 0.3712962567806244, token :  and

Draft step 1: in_token=tensor([[323]], device='cuda:6'), in_token_decoded= and, end_index: 5832
Draft step 1, token  and, predict_score 0.3712962567806244 < threshold 0.6, stopping draft
Verifying token 0: verify_id=13054 ( turning), draft_id=323 ( and), is_last=False, is_eos=False
Token 0 verification failed, accepting up to this token. is_last: False, is_eos: False, is_mismatch: True

Draft step 0: in_token=tensor([[13054]], device='cuda:6'), in_token_decoded= turning, end_index: 5832
predicted_token: 389, predict_score: 0.8141422271728516, token :  on

Draft step 1: in_token=tensor([[389]], device='cuda:6'), in_token_decoded= on, end_index: 5833
predicted_token: 279, predict_score: 0.989658534526825, token :  the

Draft step 2: in_token=tensor([[279]], device='cuda:6'), in_token_decoded= the, end_index: 5834
predicted_token: 71453, predict_score: 0.6027931571006775, token :  faucet

Draft step 3: in_token=tensor([[71453]], device='cuda:6'), in_token_decoded= faucet, end_index: 5835
predicted_token: 11, predict_score: 0.4707629680633545, token : ,

Draft step 4: in_token=tensor([[11]], device='cuda:6'), in_token_decoded=,, end_index: 5836
Draft step 4, token ,, predict_score 0.4707629680633545 < threshold 0.6, stopping draft
Verifying token 0: verify_id=311 ( to), draft_id=389 ( on), is_last=False, is_eos=False
Token 0 verification failed, accepting up to this token. is_last: False, is_eos: False, is_mismatch: True

Draft step 0: in_token=tensor([[311]], device='cuda:6'), in_token_decoded= to, end_index: 5833
predicted_token: 279, predict_score: 0.7100900411605835, token :  the

Draft step 1: in_token=tensor([[279]], device='cuda:6'), in_token_decoded= the, end_index: 5834
predicted_token: 1290, predict_score: 0.3545810282230377, token :  right

Draft step 2: in_token=tensor([[1290]], device='cuda:6'), in_token_decoded= right, end_index: 5835
Draft step 2, token  right, predict_score 0.3545810282230377 < threshold 0.6, stopping draft
Verifying token 0: verify_id=4623 ( further), draft_id=279 ( the), is_last=False, is_eos=False
Token 0 verification failed, accepting up to this token. is_last: False, is_eos: False, is_mismatch: True

Draft step 0: in_token=tensor([[4623]], device='cuda:6'), in_token_decoded= further, end_index: 5834
predicted_token: 1281, predict_score: 0.1060253232717514, token :  make

Draft step 1: in_token=tensor([[1281]], device='cuda:6'), in_token_decoded= make, end_index: 5835
Draft step 1, token  make, predict_score 0.1060253232717514 < threshold 0.6, stopping draft
Verifying token 0: verify_id=13853 ( kne), draft_id=1281 ( make), is_last=False, is_eos=False
Token 0 verification failed, accepting up to this token. is_last: False, is_eos: False, is_mismatch: True

Draft step 0: in_token=tensor([[13853]], device='cuda:6'), in_token_decoded= kne, end_index: 5835
predicted_token: 2228, predict_score: 0.6095296740531921, token : ading

Draft step 1: in_token=tensor([[2228]], device='cuda:6'), in_token_decoded=ading, end_index: 5836
predicted_token: 279, predict_score: 0.2960463762283325, token :  the

Draft step 2: in_token=tensor([[279]], device='cuda:6'), in_token_decoded= the, end_index: 5837
Draft step 2, token  the, predict_score 0.2960463762283325 < threshold 0.6, stopping draft
Verifying token 0: verify_id=329 (ad), draft_id=2228 (ading), is_last=False, is_eos=False
Token 0 verification failed, accepting up to this token. is_last: False, is_eos: False, is_mismatch: True

Draft step 0: in_token=tensor([[329]], device='cuda:6'), in_token_decoded=ad, end_index: 5836
predicted_token: 279, predict_score: 0.2766728401184082, token :  the

Draft step 1: in_token=tensor([[279]], device='cuda:6'), in_token_decoded= the, end_index: 5837
Draft step 1, token  the, predict_score 0.2766728401184082 < threshold 0.6, stopping draft
Verifying token 0: verify_id=279 ( the), draft_id=279 ( the), is_last=False, is_eos=False
Verifying token 1: verify_id=30352 ( dough), draft_id=None (None), is_last=True, is_eos=False
Token 1 verification failed, accepting up to this token. is_last: True, is_eos: False, is_mismatch: False

Draft step 0: in_token=tensor([[30352]], device='cuda:6'), in_token_decoded= dough, end_index: 5838
predicted_token: 304, predict_score: 0.4260759949684143, token :  in

Draft step 1: in_token=tensor([[304]], device='cuda:6'), in_token_decoded= in, end_index: 5839
Draft step 1, token  in, predict_score 0.4260759949684143 < threshold 0.6, stopping draft
Verifying token 0: verify_id=13 (.), draft_id=304 ( in), is_last=False, is_eos=False
Token 0 verification failed, accepting up to this token. is_last: False, is_eos: False, is_mismatch: True

Draft step 0: in_token=tensor([[13]], device='cuda:6'), in_token_decoded=., end_index: 5839
predicted_token: 151645, predict_score: 0.9975670576095581, token : <|im_end|>
Verifying token 0: verify_id=151645 (<|im_end|>), draft_id=151645 (<|im_end|>), is_last=False, is_eos=True
Token 0 verification failed, accepting up to this token. is_last: False, is_eos: True, is_mismatch: False
New tokens: ["The dough is kneaded by pressing and folding it, then placed into a dough mixer, and the person's hands continue to work it inside the mixer, with the mixer's blades turning to further knead the dough.<|im_end|>"]
Total new tokens generated: 45
[Spec] avg_accept=1.26 | tokens=45 | context_len=5795
[Adapter] acc=10/39 (25.6%) | avg_confidence=0.479 | context_len=5795
\n===== Lossless Check =====
Speculative output: The dough is kneaded by pressing and folding it, then placed into a dough mixer, and the person's hands continue to work it inside the mixer, with the mixer's blades turning to further knead the dough.
AR manual output:   The dough is kneaded by pressing and folding it, then placed into a dough mixer, and the person's hands continue to work it inside the mixer, with the mixer's blades turning to further knead the dough.
Exact match: True
OK: Outputs match. Speculative decoding is lossless.
Speedup: 1.02x
Speedup_decode: 0.99x
Spec decode tok/s: 28.91
AR decode tok/s:   29.17
 first token :NO

Draft step 0: in_token=tensor([[8996]], device='cuda:6'), in_token_decoded=NO, end_index: 5902
predicted_token: 3596, predict_score: 0.9999834299087524, token :  RE

Draft step 1: in_token=tensor([[3596]], device='cuda:6'), in_token_decoded= RE, end_index: 5903
predicted_token: 24834, predict_score: 0.999971866607666, token : PLY

Draft step 2: in_token=tensor([[24834]], device='cuda:6'), in_token_decoded=PLY, end_index: 5904
predicted_token: 151645, predict_score: 0.9993619322776794, token : <|im_end|>
Verifying token 0: verify_id=3596 ( RE), draft_id=3596 ( RE), is_last=False, is_eos=False
Verifying token 1: verify_id=24834 (PLY), draft_id=24834 (PLY), is_last=False, is_eos=False
Verifying token 2: verify_id=151645 (<|im_end|>), draft_id=151645 (<|im_end|>), is_last=False, is_eos=True
Token 2 verification failed, accepting up to this token. is_last: False, is_eos: True, is_mismatch: False
New tokens: ['NO REPLY<|im_end|>']
Total new tokens generated: 4
[Spec] avg_accept=3.00 | tokens=4 | context_len=5901
[Adapter] acc=3/3 (100.0%) | avg_confidence=1.000 | context_len=5901
\n===== Lossless Check =====
Speculative output: NO REPLY
AR manual output:   NO REPLY
Exact match: True
OK: Outputs match. Speculative decoding is lossless.
Speedup: 1.67x
Speedup_decode: 1.44x
Spec decode tok/s: 54.38
AR decode tok/s:   37.70
 first token :NO

Draft step 0: in_token=tensor([[8996]], device='cuda:6'), in_token_decoded=NO, end_index: 5967
predicted_token: 3596, predict_score: 0.9999783039093018, token :  RE

Draft step 1: in_token=tensor([[3596]], device='cuda:6'), in_token_decoded= RE, end_index: 5968
predicted_token: 24834, predict_score: 0.9999383687973022, token : PLY

Draft step 2: in_token=tensor([[24834]], device='cuda:6'), in_token_decoded=PLY, end_index: 5969
predicted_token: 151645, predict_score: 0.999434769153595, token : <|im_end|>
Verifying token 0: verify_id=3596 ( RE), draft_id=3596 ( RE), is_last=False, is_eos=False
Verifying token 1: verify_id=24834 (PLY), draft_id=24834 (PLY), is_last=False, is_eos=False
Verifying token 2: verify_id=151645 (<|im_end|>), draft_id=151645 (<|im_end|>), is_last=False, is_eos=True
Token 2 verification failed, accepting up to this token. is_last: False, is_eos: True, is_mismatch: False
New tokens: ['NO REPLY<|im_end|>']
Total new tokens generated: 4
[Spec] avg_accept=3.00 | tokens=4 | context_len=5966
[Adapter] acc=3/3 (100.0%) | avg_confidence=1.000 | context_len=5966
\n===== Lossless Check =====
Speculative output: NO REPLY
AR manual output:   NO REPLY
Exact match: True
OK: Outputs match. Speculative decoding is lossless.
Speedup: 1.68x
Speedup_decode: 1.54x
Spec decode tok/s: 58.02
AR decode tok/s:   37.58
 first token :NO

Draft step 0: in_token=tensor([[8996]], device='cuda:6'), in_token_decoded=NO, end_index: 6032
predicted_token: 3596, predict_score: 0.9999774694442749, token :  RE

Draft step 1: in_token=tensor([[3596]], device='cuda:6'), in_token_decoded= RE, end_index: 6033
predicted_token: 24834, predict_score: 0.9999711513519287, token : PLY

Draft step 2: in_token=tensor([[24834]], device='cuda:6'), in_token_decoded=PLY, end_index: 6034
predicted_token: 151645, predict_score: 0.9994300007820129, token : <|im_end|>
Verifying token 0: verify_id=3596 ( RE), draft_id=3596 ( RE), is_last=False, is_eos=False
Verifying token 1: verify_id=24834 (PLY), draft_id=24834 (PLY), is_last=False, is_eos=False
Verifying token 2: verify_id=151645 (<|im_end|>), draft_id=151645 (<|im_end|>), is_last=False, is_eos=True
Token 2 verification failed, accepting up to this token. is_last: False, is_eos: True, is_mismatch: False
New tokens: ['NO REPLY<|im_end|>']
Total new tokens generated: 4
[Spec] avg_accept=3.00 | tokens=4 | context_len=6031
[Adapter] acc=3/3 (100.0%) | avg_confidence=1.000 | context_len=6031
\n===== Lossless Check =====
Speculative output: NO REPLY
AR manual output:   NO REPLY
Exact match: True
OK: Outputs match. Speculative decoding is lossless.
Speedup: 1.69x
Speedup_decode: 1.44x
Spec decode tok/s: 53.69
AR decode tok/s:   37.33
 first token :NO

Draft step 0: in_token=tensor([[8996]], device='cuda:6'), in_token_decoded=NO, end_index: 6097
predicted_token: 3596, predict_score: 0.9999762773513794, token :  RE

Draft step 1: in_token=tensor([[3596]], device='cuda:6'), in_token_decoded= RE, end_index: 6098
predicted_token: 24834, predict_score: 0.9999669790267944, token : PLY

Draft step 2: in_token=tensor([[24834]], device='cuda:6'), in_token_decoded=PLY, end_index: 6099
predicted_token: 151645, predict_score: 0.9994451403617859, token : <|im_end|>
Verifying token 0: verify_id=3596 ( RE), draft_id=3596 ( RE), is_last=False, is_eos=False
Verifying token 1: verify_id=24834 (PLY), draft_id=24834 (PLY), is_last=False, is_eos=False
Verifying token 2: verify_id=151645 (<|im_end|>), draft_id=151645 (<|im_end|>), is_last=False, is_eos=True
Token 2 verification failed, accepting up to this token. is_last: False, is_eos: True, is_mismatch: False
New tokens: ['NO REPLY<|im_end|>']
Total new tokens generated: 4
[Spec] avg_accept=3.00 | tokens=4 | context_len=6096
[Adapter] acc=3/3 (100.0%) | avg_confidence=1.000 | context_len=6096
\n===== Lossless Check =====
Speculative output: NO REPLY
AR manual output:   NO REPLY
Exact match: True
OK: Outputs match. Speculative decoding is lossless.
Speedup: 1.67x
Speedup_decode: 1.60x
Spec decode tok/s: 59.88
AR decode tok/s:   37.51
 first token :NO

Draft step 0: in_token=tensor([[8996]], device='cuda:6'), in_token_decoded=NO, end_index: 6162
predicted_token: 3596, predict_score: 0.9999707937240601, token :  RE

Draft step 1: in_token=tensor([[3596]], device='cuda:6'), in_token_decoded= RE, end_index: 6163
predicted_token: 24834, predict_score: 0.9999792575836182, token : PLY

Draft step 2: in_token=tensor([[24834]], device='cuda:6'), in_token_decoded=PLY, end_index: 6164
predicted_token: 151645, predict_score: 0.9993913173675537, token : <|im_end|>
Verifying token 0: verify_id=3596 ( RE), draft_id=3596 ( RE), is_last=False, is_eos=False
Verifying token 1: verify_id=24834 (PLY), draft_id=24834 (PLY), is_last=False, is_eos=False
Verifying token 2: verify_id=151645 (<|im_end|>), draft_id=151645 (<|im_end|>), is_last=False, is_eos=True
Token 2 verification failed, accepting up to this token. is_last: False, is_eos: True, is_mismatch: False
New tokens: ['NO REPLY<|im_end|>']
Total new tokens generated: 4
[Spec] avg_accept=3.00 | tokens=4 | context_len=6161
[Adapter] acc=3/3 (100.0%) | avg_confidence=1.000 | context_len=6161
\n===== Lossless Check =====
Speculative output: NO REPLY
AR manual output:   NO REPLY
Exact match: True
OK: Outputs match. Speculative decoding is lossless.
Speedup: 1.68x
Speedup_decode: 1.49x
Spec decode tok/s: 55.97
AR decode tok/s:   37.45
 first token :NO

Draft step 0: in_token=tensor([[8996]], device='cuda:6'), in_token_decoded=NO, end_index: 6227
predicted_token: 3596, predict_score: 0.9999741315841675, token :  RE

Draft step 1: in_token=tensor([[3596]], device='cuda:6'), in_token_decoded= RE, end_index: 6228
predicted_token: 24834, predict_score: 0.9999673366546631, token : PLY

Draft step 2: in_token=tensor([[24834]], device='cuda:6'), in_token_decoded=PLY, end_index: 6229
predicted_token: 151645, predict_score: 0.999337375164032, token : <|im_end|>
Verifying token 0: verify_id=3596 ( RE), draft_id=3596 ( RE), is_last=False, is_eos=False
Verifying token 1: verify_id=24834 (PLY), draft_id=24834 (PLY), is_last=False, is_eos=False
Verifying token 2: verify_id=151645 (<|im_end|>), draft_id=151645 (<|im_end|>), is_last=False, is_eos=True
Token 2 verification failed, accepting up to this token. is_last: False, is_eos: True, is_mismatch: False
New tokens: ['NO REPLY<|im_end|>']
Total new tokens generated: 4
[Spec] avg_accept=3.00 | tokens=4 | context_len=6226
[Adapter] acc=3/3 (100.0%) | avg_confidence=1.000 | context_len=6226
\n===== Lossless Check =====
Speculative output: NO REPLY
AR manual output:   NO REPLY
Exact match: True
OK: Outputs match. Speculative decoding is lossless.
Speedup: 1.66x
Speedup_decode: 1.55x
Spec decode tok/s: 58.60
AR decode tok/s:   37.72
 first token :NO

Draft step 0: in_token=tensor([[8996]], device='cuda:6'), in_token_decoded=NO, end_index: 6292
predicted_token: 3596, predict_score: 0.9999706745147705, token :  RE

Draft step 1: in_token=tensor([[3596]], device='cuda:6'), in_token_decoded= RE, end_index: 6293
predicted_token: 24834, predict_score: 0.9999780654907227, token : PLY

Draft step 2: in_token=tensor([[24834]], device='cuda:6'), in_token_decoded=PLY, end_index: 6294
predicted_token: 151645, predict_score: 0.9993649125099182, token : <|im_end|>
Verifying token 0: verify_id=3596 ( RE), draft_id=3596 ( RE), is_last=False, is_eos=False
Verifying token 1: verify_id=24834 (PLY), draft_id=24834 (PLY), is_last=False, is_eos=False
Verifying token 2: verify_id=151645 (<|im_end|>), draft_id=151645 (<|im_end|>), is_last=False, is_eos=True
Token 2 verification failed, accepting up to this token. is_last: False, is_eos: True, is_mismatch: False
New tokens: ['NO REPLY<|im_end|>']
Total new tokens generated: 4
[Spec] avg_accept=3.00 | tokens=4 | context_len=6291
[Adapter] acc=3/3 (100.0%) | avg_confidence=1.000 | context_len=6291
\n===== Lossless Check =====
Speculative output: NO REPLY
AR manual output:   NO REPLY
Exact match: True
OK: Outputs match. Speculative decoding is lossless.
Speedup: 1.56x
Speedup_decode: 1.75x
Spec decode tok/s: 53.00
AR decode tok/s:   30.29
 first token :NO

Draft step 0: in_token=tensor([[8996]], device='cuda:6'), in_token_decoded=NO, end_index: 6357
predicted_token: 3596, predict_score: 0.9999576807022095, token :  RE

Draft step 1: in_token=tensor([[3596]], device='cuda:6'), in_token_decoded= RE, end_index: 6358
predicted_token: 24834, predict_score: 0.9999675750732422, token : PLY

Draft step 2: in_token=tensor([[24834]], device='cuda:6'), in_token_decoded=PLY, end_index: 6359
predicted_token: 151645, predict_score: 0.9993625283241272, token : <|im_end|>
Verifying token 0: verify_id=3596 ( RE), draft_id=3596 ( RE), is_last=False, is_eos=False
Verifying token 1: verify_id=24834 (PLY), draft_id=24834 (PLY), is_last=False, is_eos=False
Verifying token 2: verify_id=151645 (<|im_end|>), draft_id=151645 (<|im_end|>), is_last=False, is_eos=True
Token 2 verification failed, accepting up to this token. is_last: False, is_eos: True, is_mismatch: False
New tokens: ['NO REPLY<|im_end|>']
Total new tokens generated: 4
[Spec] avg_accept=3.00 | tokens=4 | context_len=6356
[Adapter] acc=3/3 (100.0%) | avg_confidence=1.000 | context_len=6356
\n===== Lossless Check =====
Speculative output: NO REPLY
AR manual output:   NO REPLY
Exact match: True
OK: Outputs match. Speculative decoding is lossless.
Speedup: 1.41x
Speedup_decode: 1.51x
Spec decode tok/s: 56.79
AR decode tok/s:   37.51
 first token :NO

Draft step 0: in_token=tensor([[8996]], device='cuda:6'), in_token_decoded=NO, end_index: 6422
predicted_token: 3596, predict_score: 0.9999628067016602, token :  RE

Draft step 1: in_token=tensor([[3596]], device='cuda:6'), in_token_decoded= RE, end_index: 6423
predicted_token: 24834, predict_score: 0.9999618530273438, token : PLY

Draft step 2: in_token=tensor([[24834]], device='cuda:6'), in_token_decoded=PLY, end_index: 6424
predicted_token: 151645, predict_score: 0.9992746710777283, token : <|im_end|>
Verifying token 0: verify_id=3596 ( RE), draft_id=3596 ( RE), is_last=False, is_eos=False
Verifying token 1: verify_id=24834 (PLY), draft_id=24834 (PLY), is_last=False, is_eos=False
Verifying token 2: verify_id=151645 (<|im_end|>), draft_id=151645 (<|im_end|>), is_last=False, is_eos=True
Token 2 verification failed, accepting up to this token. is_last: False, is_eos: True, is_mismatch: False
New tokens: ['NO REPLY<|im_end|>']
Total new tokens generated: 4
[Spec] avg_accept=3.00 | tokens=4 | context_len=6421
[Adapter] acc=3/3 (100.0%) | avg_confidence=1.000 | context_len=6421
\n===== Lossless Check =====
Speculative output: NO REPLY
AR manual output:   NO REPLY
Exact match: True
OK: Outputs match. Speculative decoding is lossless.
Speedup: 1.69x
Speedup_decode: 1.35x
Spec decode tok/s: 50.23
AR decode tok/s:   37.07
 first token :NO

Draft step 0: in_token=tensor([[8996]], device='cuda:6'), in_token_decoded=NO, end_index: 6487
predicted_token: 3596, predict_score: 0.9999723434448242, token :  RE

Draft step 1: in_token=tensor([[3596]], device='cuda:6'), in_token_decoded= RE, end_index: 6488
predicted_token: 24834, predict_score: 0.9999715089797974, token : PLY

Draft step 2: in_token=tensor([[24834]], device='cuda:6'), in_token_decoded=PLY, end_index: 6489
predicted_token: 151645, predict_score: 0.9993600249290466, token : <|im_end|>
Verifying token 0: verify_id=3596 ( RE), draft_id=3596 ( RE), is_last=False, is_eos=False
Verifying token 1: verify_id=24834 (PLY), draft_id=24834 (PLY), is_last=False, is_eos=False
Verifying token 2: verify_id=151645 (<|im_end|>), draft_id=151645 (<|im_end|>), is_last=False, is_eos=True
Token 2 verification failed, accepting up to this token. is_last: False, is_eos: True, is_mismatch: False
New tokens: ['NO REPLY<|im_end|>']
Total new tokens generated: 4
[Spec] avg_accept=3.00 | tokens=4 | context_len=6486
[Adapter] acc=3/3 (100.0%) | avg_confidence=1.000 | context_len=6486
\n===== Lossless Check =====
Speculative output: NO REPLY
AR manual output:   NO REPLY
Exact match: True
OK: Outputs match. Speculative decoding is lossless.
Speedup: 1.68x
Speedup_decode: 1.47x
Spec decode tok/s: 54.29
AR decode tok/s:   36.97
 first token :NO

Draft step 0: in_token=tensor([[8996]], device='cuda:6'), in_token_decoded=NO, end_index: 6552
predicted_token: 3596, predict_score: 0.9999662637710571, token :  RE

Draft step 1: in_token=tensor([[3596]], device='cuda:6'), in_token_decoded= RE, end_index: 6553
predicted_token: 24834, predict_score: 0.9999551773071289, token : PLY

Draft step 2: in_token=tensor([[24834]], device='cuda:6'), in_token_decoded=PLY, end_index: 6554
predicted_token: 151645, predict_score: 0.9993515610694885, token : <|im_end|>
Verifying token 0: verify_id=3596 ( RE), draft_id=3596 ( RE), is_last=False, is_eos=False
Verifying token 1: verify_id=24834 (PLY), draft_id=24834 (PLY), is_last=False, is_eos=False
Verifying token 2: verify_id=151645 (<|im_end|>), draft_id=151645 (<|im_end|>), is_last=False, is_eos=True
Token 2 verification failed, accepting up to this token. is_last: False, is_eos: True, is_mismatch: False
New tokens: ['NO REPLY<|im_end|>']
Total new tokens generated: 4
[Spec] avg_accept=3.00 | tokens=4 | context_len=6551
[Adapter] acc=3/3 (100.0%) | avg_confidence=1.000 | context_len=6551
\n===== Lossless Check =====
Speculative output: NO REPLY
AR manual output:   NO REPLY
Exact match: True
OK: Outputs match. Speculative decoding is lossless.
Speedup: 1.68x
Speedup_decode: 1.35x
Spec decode tok/s: 50.15
AR decode tok/s:   37.27
 first token :NO

Draft step 0: in_token=tensor([[8996]], device='cuda:6'), in_token_decoded=NO, end_index: 6617
predicted_token: 3596, predict_score: 0.9999688863754272, token :  RE

Draft step 1: in_token=tensor([[3596]], device='cuda:6'), in_token_decoded= RE, end_index: 6618
predicted_token: 24834, predict_score: 0.9999785423278809, token : PLY

Draft step 2: in_token=tensor([[24834]], device='cuda:6'), in_token_decoded=PLY, end_index: 6619
predicted_token: 151645, predict_score: 0.9992842078208923, token : <|im_end|>
Verifying token 0: verify_id=3596 ( RE), draft_id=3596 ( RE), is_last=False, is_eos=False
Verifying token 1: verify_id=24834 (PLY), draft_id=24834 (PLY), is_last=False, is_eos=False
Verifying token 2: verify_id=151645 (<|im_end|>), draft_id=151645 (<|im_end|>), is_last=False, is_eos=True
Token 2 verification failed, accepting up to this token. is_last: False, is_eos: True, is_mismatch: False
New tokens: ['NO REPLY<|im_end|>']
Total new tokens generated: 4
[Spec] avg_accept=3.00 | tokens=4 | context_len=6616
[Adapter] acc=3/3 (100.0%) | avg_confidence=1.000 | context_len=6616
\n===== Lossless Check =====
Speculative output: NO REPLY
AR manual output:   NO REPLY
Exact match: True
OK: Outputs match. Speculative decoding is lossless.
Speedup: 1.59x
Speedup_decode: 1.48x
Spec decode tok/s: 55.45
AR decode tok/s:   37.51
 first token :NO

Draft step 0: in_token=tensor([[8996]], device='cuda:6'), in_token_decoded=NO, end_index: 6682
predicted_token: 3596, predict_score: 0.9999604225158691, token :  RE

Draft step 1: in_token=tensor([[3596]], device='cuda:6'), in_token_decoded= RE, end_index: 6683
predicted_token: 24834, predict_score: 0.9999598264694214, token : PLY

Draft step 2: in_token=tensor([[24834]], device='cuda:6'), in_token_decoded=PLY, end_index: 6684
predicted_token: 151645, predict_score: 0.9993324875831604, token : <|im_end|>
Verifying token 0: verify_id=3596 ( RE), draft_id=3596 ( RE), is_last=False, is_eos=False
Verifying token 1: verify_id=24834 (PLY), draft_id=24834 (PLY), is_last=False, is_eos=False
Verifying token 2: verify_id=151645 (<|im_end|>), draft_id=151645 (<|im_end|>), is_last=False, is_eos=True
Token 2 verification failed, accepting up to this token. is_last: False, is_eos: True, is_mismatch: False
New tokens: ['NO REPLY<|im_end|>']
Total new tokens generated: 4
[Spec] avg_accept=3.00 | tokens=4 | context_len=6681
[Adapter] acc=3/3 (100.0%) | avg_confidence=1.000 | context_len=6681
\n===== Lossless Check =====
Speculative output: NO REPLY
AR manual output:   NO REPLY
Exact match: True
OK: Outputs match. Speculative decoding is lossless.
Speedup: 1.69x
Speedup_decode: 1.31x
Spec decode tok/s: 48.52
AR decode tok/s:   37.16
 first token :NO

Draft step 0: in_token=tensor([[8996]], device='cuda:6'), in_token_decoded=NO, end_index: 6747
predicted_token: 3596, predict_score: 0.9999719858169556, token :  RE

Draft step 1: in_token=tensor([[3596]], device='cuda:6'), in_token_decoded= RE, end_index: 6748
predicted_token: 24834, predict_score: 0.9999657869338989, token : PLY

Draft step 2: in_token=tensor([[24834]], device='cuda:6'), in_token_decoded=PLY, end_index: 6749
predicted_token: 151645, predict_score: 0.9994698166847229, token : <|im_end|>
Verifying token 0: verify_id=3596 ( RE), draft_id=3596 ( RE), is_last=False, is_eos=False
Verifying token 1: verify_id=24834 (PLY), draft_id=24834 (PLY), is_last=False, is_eos=False
Verifying token 2: verify_id=151645 (<|im_end|>), draft_id=151645 (<|im_end|>), is_last=False, is_eos=True
Token 2 verification failed, accepting up to this token. is_last: False, is_eos: True, is_mismatch: False
New tokens: ['NO REPLY<|im_end|>']
Total new tokens generated: 4
[Spec] avg_accept=3.00 | tokens=4 | context_len=6746
[Adapter] acc=3/3 (100.0%) | avg_confidence=1.000 | context_len=6746
\n===== Lossless Check =====
Speculative output: NO REPLY
AR manual output:   NO REPLY
Exact match: True
OK: Outputs match. Speculative decoding is lossless.
Speedup: 1.67x
Speedup_decode: 1.42x
Spec decode tok/s: 53.42
AR decode tok/s:   37.54
 first token :NO

Draft step 0: in_token=tensor([[8996]], device='cuda:6'), in_token_decoded=NO, end_index: 6812
predicted_token: 3596, predict_score: 0.999967098236084, token :  RE

Draft step 1: in_token=tensor([[3596]], device='cuda:6'), in_token_decoded= RE, end_index: 6813
predicted_token: 24834, predict_score: 0.9999473094940186, token : PLY

Draft step 2: in_token=tensor([[24834]], device='cuda:6'), in_token_decoded=PLY, end_index: 6814
predicted_token: 151645, predict_score: 0.999405026435852, token : <|im_end|>
Verifying token 0: verify_id=3596 ( RE), draft_id=3596 ( RE), is_last=False, is_eos=False
Verifying token 1: verify_id=24834 (PLY), draft_id=24834 (PLY), is_last=False, is_eos=False
Verifying token 2: verify_id=151645 (<|im_end|>), draft_id=151645 (<|im_end|>), is_last=False, is_eos=True
Token 2 verification failed, accepting up to this token. is_last: False, is_eos: True, is_mismatch: False
New tokens: ['NO REPLY<|im_end|>']
Total new tokens generated: 4
[Spec] avg_accept=3.00 | tokens=4 | context_len=6811
[Adapter] acc=3/3 (100.0%) | avg_confidence=1.000 | context_len=6811
\n===== Lossless Check =====
Speculative output: NO REPLY
AR manual output:   NO REPLY
Exact match: True
OK: Outputs match. Speculative decoding is lossless.
Speedup: 1.71x
Speedup_decode: 1.31x
Spec decode tok/s: 48.27
AR decode tok/s:   36.83
 first token :NO

Draft step 0: in_token=tensor([[8996]], device='cuda:6'), in_token_decoded=NO, end_index: 6877
predicted_token: 3596, predict_score: 0.9999618530273438, token :  RE

Draft step 1: in_token=tensor([[3596]], device='cuda:6'), in_token_decoded= RE, end_index: 6878
predicted_token: 24834, predict_score: 0.9999639987945557, token : PLY

Draft step 2: in_token=tensor([[24834]], device='cuda:6'), in_token_decoded=PLY, end_index: 6879
predicted_token: 151645, predict_score: 0.9993771910667419, token : <|im_end|>
Verifying token 0: verify_id=3596 ( RE), draft_id=3596 ( RE), is_last=False, is_eos=False
Verifying token 1: verify_id=24834 (PLY), draft_id=24834 (PLY), is_last=False, is_eos=False
Verifying token 2: verify_id=151645 (<|im_end|>), draft_id=151645 (<|im_end|>), is_last=False, is_eos=True
Token 2 verification failed, accepting up to this token. is_last: False, is_eos: True, is_mismatch: False
New tokens: ['NO REPLY<|im_end|>']
Total new tokens generated: 4
[Spec] avg_accept=3.00 | tokens=4 | context_len=6876
[Adapter] acc=3/3 (100.0%) | avg_confidence=1.000 | context_len=6876
\n===== Lossless Check =====
Speculative output: NO REPLY
AR manual output:   NO REPLY
Exact match: True
OK: Outputs match. Speculative decoding is lossless.
Speedup: 1.68x
Speedup_decode: 1.42x
Spec decode tok/s: 53.17
AR decode tok/s:   37.57
 first token :The

Draft step 0: in_token=tensor([[785]], device='cuda:6'), in_token_decoded=The, end_index: 6942
predicted_token: 30352, predict_score: 0.6576026082038879, token :  dough

Draft step 1: in_token=tensor([[30352]], device='cuda:6'), in_token_decoded= dough, end_index: 6943
predicted_token: 374, predict_score: 0.41458696126937866, token :  is

Draft step 2: in_token=tensor([[374]], device='cuda:6'), in_token_decoded= is, end_index: 6944
Draft step 2, token  is, predict_score 0.41458696126937866 < threshold 0.6, stopping draft
Verifying token 0: verify_id=30352 ( dough), draft_id=30352 ( dough), is_last=False, is_eos=False
Verifying token 1: verify_id=374 ( is), draft_id=374 ( is), is_last=False, is_eos=False
Verifying token 2: verify_id=13853 ( kne), draft_id=None (None), is_last=True, is_eos=False
Token 2 verification failed, accepting up to this token. is_last: True, is_eos: False, is_mismatch: False

Draft step 0: in_token=tensor([[13853]], device='cuda:6'), in_token_decoded= kne, end_index: 6945
predicted_token: 329, predict_score: 0.33353838324546814, token : ad

Draft step 1: in_token=tensor([[329]], device='cuda:6'), in_token_decoded=ad, end_index: 6946
Draft step 1, token ad, predict_score 0.33353838324546814 < threshold 0.6, stopping draft
Verifying token 0: verify_id=14255 (aded), draft_id=329 (ad), is_last=False, is_eos=False
Token 0 verification failed, accepting up to this token. is_last: False, is_eos: False, is_mismatch: True

Draft step 0: in_token=tensor([[14255]], device='cuda:6'), in_token_decoded=aded, end_index: 6946
predicted_token: 323, predict_score: 0.20585912466049194, token :  and

Draft step 1: in_token=tensor([[323]], device='cuda:6'), in_token_decoded= and, end_index: 6947
Draft step 1, token  and, predict_score 0.20585912466049194 < threshold 0.6, stopping draft
Verifying token 0: verify_id=553 ( by), draft_id=323 ( and), is_last=False, is_eos=False
Token 0 verification failed, accepting up to this token. is_last: False, is_eos: False, is_mismatch: True

Draft step 0: in_token=tensor([[553]], device='cuda:6'), in_token_decoded= by, end_index: 6947
predicted_token: 1424, predict_score: 0.28066667914390564, token :  hand

Draft step 1: in_token=tensor([[1424]], device='cuda:6'), in_token_decoded= hand, end_index: 6948
Draft step 1, token  hand, predict_score 0.28066667914390564 < threshold 0.6, stopping draft
Verifying token 0: verify_id=25352 ( pressing), draft_id=1424 ( hand), is_last=False, is_eos=False
Token 0 verification failed, accepting up to this token. is_last: False, is_eos: False, is_mismatch: True

Draft step 0: in_token=tensor([[25352]], device='cuda:6'), in_token_decoded= pressing, end_index: 6948
predicted_token: 432, predict_score: 0.35960331559181213, token :  it

Draft step 1: in_token=tensor([[432]], device='cuda:6'), in_token_decoded= it, end_index: 6949
Draft step 1, token  it, predict_score 0.35960331559181213 < threshold 0.6, stopping draft
Verifying token 0: verify_id=323 ( and), draft_id=432 ( it), is_last=False, is_eos=False
Token 0 verification failed, accepting up to this token. is_last: False, is_eos: False, is_mismatch: True

Draft step 0: in_token=tensor([[323]], device='cuda:6'), in_token_decoded= and, end_index: 6949
predicted_token: 1221, predict_score: 0.2585533857345581, token :  then

Draft step 1: in_token=tensor([[1221]], device='cuda:6'), in_token_decoded= then, end_index: 6950
Draft step 1, token  then, predict_score 0.2585533857345581 < threshold 0.6, stopping draft
Verifying token 0: verify_id=44742 ( folding), draft_id=1221 ( then), is_last=False, is_eos=False
Token 0 verification failed, accepting up to this token. is_last: False, is_eos: False, is_mismatch: True

Draft step 0: in_token=tensor([[44742]], device='cuda:6'), in_token_decoded= folding, end_index: 6950
predicted_token: 432, predict_score: 0.1268920749425888, token :  it

Draft step 1: in_token=tensor([[432]], device='cuda:6'), in_token_decoded= it, end_index: 6951
Draft step 1, token  it, predict_score 0.1268920749425888 < threshold 0.6, stopping draft
Verifying token 0: verify_id=432 ( it), draft_id=432 ( it), is_last=False, is_eos=False
Verifying token 1: verify_id=11 (,), draft_id=None (None), is_last=True, is_eos=False
Token 1 verification failed, accepting up to this token. is_last: True, is_eos: False, is_mismatch: False

Draft step 0: in_token=tensor([[11]], device='cuda:6'), in_token_decoded=,, end_index: 6952
predicted_token: 1221, predict_score: 0.5011440515518188, token :  then

Draft step 1: in_token=tensor([[1221]], device='cuda:6'), in_token_decoded= then, end_index: 6953
Draft step 1, token  then, predict_score 0.5011440515518188 < threshold 0.6, stopping draft
Verifying token 0: verify_id=448 ( with), draft_id=1221 ( then), is_last=False, is_eos=False
Token 0 verification failed, accepting up to this token. is_last: False, is_eos: False, is_mismatch: True

Draft step 0: in_token=tensor([[448]], device='cuda:6'), in_token_decoded= with, end_index: 6953
predicted_token: 279, predict_score: 0.3464605510234833, token :  the

Draft step 1: in_token=tensor([[279]], device='cuda:6'), in_token_decoded= the, end_index: 6954
Draft step 1, token  the, predict_score 0.3464605510234833 < threshold 0.6, stopping draft
Verifying token 0: verify_id=279 ( the), draft_id=279 ( the), is_last=False, is_eos=False
Verifying token 1: verify_id=1697 ( person), draft_id=None (None), is_last=True, is_eos=False
Token 1 verification failed, accepting up to this token. is_last: True, is_eos: False, is_mismatch: False

Draft step 0: in_token=tensor([[1697]], device='cuda:6'), in_token_decoded= person, end_index: 6955
predicted_token: 389, predict_score: 0.2701365649700165, token :  on

Draft step 1: in_token=tensor([[389]], device='cuda:6'), in_token_decoded= on, end_index: 6956
Draft step 1, token  on, predict_score 0.2701365649700165 < threshold 0.6, stopping draft
Verifying token 0: verify_id=594 ('s), draft_id=389 ( on), is_last=False, is_eos=False
Token 0 verification failed, accepting up to this token. is_last: False, is_eos: False, is_mismatch: True

Draft step 0: in_token=tensor([[594]], device='cuda:6'), in_token_decoded='s, end_index: 6956
predicted_token: 6821, predict_score: 0.05591762438416481, token :  edge

Draft step 1: in_token=tensor([[6821]], device='cuda:6'), in_token_decoded= edge, end_index: 6957
Draft step 1, token  edge, predict_score 0.05591762438416481 < threshold 0.6, stopping draft
Verifying token 0: verify_id=6078 ( hands), draft_id=6821 ( edge), is_last=False, is_eos=False
Token 0 verification failed, accepting up to this token. is_last: False, is_eos: False, is_mismatch: True

Draft step 0: in_token=tensor([[6078]], device='cuda:6'), in_token_decoded= hands, end_index: 6957
predicted_token: 11, predict_score: 0.3290294408798218, token : ,

Draft step 1: in_token=tensor([[11]], device='cuda:6'), in_token_decoded=,, end_index: 6958
Draft step 1, token ,, predict_score 0.3290294408798218 < threshold 0.6, stopping draft
Verifying token 0: verify_id=3238 ( working), draft_id=11 (,), is_last=False, is_eos=False
Token 0 verification failed, accepting up to this token. is_last: False, is_eos: False, is_mismatch: True

Draft step 0: in_token=tensor([[3238]], device='cuda:6'), in_token_decoded= working, end_index: 6958
predicted_token: 11, predict_score: 0.350646048784256, token : ,

Draft step 1: in_token=tensor([[11]], device='cuda:6'), in_token_decoded=,, end_index: 6959
Draft step 1, token ,, predict_score 0.350646048784256 < threshold 0.6, stopping draft
Verifying token 0: verify_id=432 ( it), draft_id=11 (,), is_last=False, is_eos=False
Token 0 verification failed, accepting up to this token. is_last: False, is_eos: False, is_mismatch: True

Draft step 0: in_token=tensor([[432]], device='cuda:6'), in_token_decoded= it, end_index: 6959
predicted_token: 705, predict_score: 0.09902328997850418, token :  up

Draft step 1: in_token=tensor([[705]], device='cuda:6'), in_token_decoded= up, end_index: 6960
Draft step 1, token  up, predict_score 0.09902328997850418 < threshold 0.6, stopping draft
Verifying token 0: verify_id=389 ( on), draft_id=705 ( up), is_last=False, is_eos=False
Token 0 verification failed, accepting up to this token. is_last: False, is_eos: False, is_mismatch: True

Draft step 0: in_token=tensor([[389]], device='cuda:6'), in_token_decoded= on, end_index: 6960
predicted_token: 279, predict_score: 0.5920760631561279, token :  the

Draft step 1: in_token=tensor([[279]], device='cuda:6'), in_token_decoded= the, end_index: 6961
Draft step 1, token  the, predict_score 0.5920760631561279 < threshold 0.6, stopping draft
Verifying token 0: verify_id=264 ( a), draft_id=279 ( the), is_last=False, is_eos=False
Token 0 verification failed, accepting up to this token. is_last: False, is_eos: False, is_mismatch: True

Draft step 0: in_token=tensor([[264]], device='cuda:6'), in_token_decoded= a, end_index: 6961
predicted_token: 14376, predict_score: 0.05235809460282326, token :  cutting

Draft step 1: in_token=tensor([[14376]], device='cuda:6'), in_token_decoded= cutting, end_index: 6962
Draft step 1, token  cutting, predict_score 0.05235809460282326 < threshold 0.6, stopping draft
Verifying token 0: verify_id=9317 ( metal), draft_id=14376 ( cutting), is_last=False, is_eos=False
Token 0 verification failed, accepting up to this token. is_last: False, is_eos: False, is_mismatch: True

Draft step 0: in_token=tensor([[9317]], device='cuda:6'), in_token_decoded= metal, end_index: 6962
predicted_token: 57209, predict_score: 0.25562894344329834, token :  basin

Draft step 1: in_token=tensor([[57209]], device='cuda:6'), in_token_decoded= basin, end_index: 6963
Draft step 1, token  basin, predict_score 0.25562894344329834 < threshold 0.6, stopping draft
Verifying token 0: verify_id=7329 ( surface), draft_id=57209 ( basin), is_last=False, is_eos=False
Token 0 verification failed, accepting up to this token. is_last: False, is_eos: False, is_mismatch: True

Draft step 0: in_token=tensor([[7329]], device='cuda:6'), in_token_decoded= surface, end_index: 6963
predicted_token: 11, predict_score: 0.4829792082309723, token : ,

Draft step 1: in_token=tensor([[11]], device='cuda:6'), in_token_decoded=,, end_index: 6964
Draft step 1, token ,, predict_score 0.4829792082309723 < threshold 0.6, stopping draft
Verifying token 0: verify_id=11 (,), draft_id=11 (,), is_last=False, is_eos=False
Verifying token 1: verify_id=323 ( and), draft_id=None (None), is_last=True, is_eos=False
Token 1 verification failed, accepting up to this token. is_last: True, is_eos: False, is_mismatch: False

Draft step 0: in_token=tensor([[323]], device='cuda:6'), in_token_decoded= and, end_index: 6965
predicted_token: 1221, predict_score: 0.4505636692047119, token :  then

Draft step 1: in_token=tensor([[1221]], device='cuda:6'), in_token_decoded= then, end_index: 6966
Draft step 1, token  then, predict_score 0.4505636692047119 < threshold 0.6, stopping draft
Verifying token 0: verify_id=1052 ( there), draft_id=1221 ( then), is_last=False, is_eos=False
Token 0 verification failed, accepting up to this token. is_last: False, is_eos: False, is_mismatch: True

Draft step 0: in_token=tensor([[1052]], device='cuda:6'), in_token_decoded= there, end_index: 6966
predicted_token: 374, predict_score: 0.4135875701904297, token :  is

Draft step 1: in_token=tensor([[374]], device='cuda:6'), in_token_decoded= is, end_index: 6967
Draft step 1, token  is, predict_score 0.4135875701904297 < threshold 0.6, stopping draft
Verifying token 0: verify_id=525 ( are), draft_id=374 ( is), is_last=False, is_eos=False
Token 0 verification failed, accepting up to this token. is_last: False, is_eos: False, is_mismatch: True

Draft step 0: in_token=tensor([[525]], device='cuda:6'), in_token_decoded= are, end_index: 6967
predicted_token: 264, predict_score: 0.4645656943321228, token :  a

Draft step 1: in_token=tensor([[264]], device='cuda:6'), in_token_decoded= a, end_index: 6968
Draft step 1, token  a, predict_score 0.4645656943321228 < threshold 0.6, stopping draft
Verifying token 0: verify_id=1008 ( other), draft_id=264 ( a), is_last=False, is_eos=False
Token 0 verification failed, accepting up to this token. is_last: False, is_eos: False, is_mismatch: True

Draft step 0: in_token=tensor([[1008]], device='cuda:6'), in_token_decoded= other, end_index: 6968
predicted_token: 30352, predict_score: 0.3777185082435608, token :  dough

Draft step 1: in_token=tensor([[30352]], device='cuda:6'), in_token_decoded= dough, end_index: 6969
Draft step 1, token  dough, predict_score 0.3777185082435608 < threshold 0.6, stopping draft
Verifying token 0: verify_id=9666 ( pieces), draft_id=30352 ( dough), is_last=False, is_eos=False
Token 0 verification failed, accepting up to this token. is_last: False, is_eos: False, is_mismatch: True

Draft step 0: in_token=tensor([[9666]], device='cuda:6'), in_token_decoded= pieces, end_index: 6969
predicted_token: 315, predict_score: 0.9510310292243958, token :  of

Draft step 1: in_token=tensor([[315]], device='cuda:6'), in_token_decoded= of, end_index: 6970
predicted_token: 30352, predict_score: 0.7252612709999084, token :  dough

Draft step 2: in_token=tensor([[30352]], device='cuda:6'), in_token_decoded= dough, end_index: 6971
predicted_token: 389, predict_score: 0.2112322747707367, token :  on

Draft step 3: in_token=tensor([[389]], device='cuda:6'), in_token_decoded= on, end_index: 6972
Draft step 3, token  on, predict_score 0.2112322747707367 < threshold 0.6, stopping draft
Verifying token 0: verify_id=315 ( of), draft_id=315 ( of), is_last=False, is_eos=False
Verifying token 1: verify_id=30352 ( dough), draft_id=30352 ( dough), is_last=False, is_eos=False
Verifying token 2: verify_id=323 ( and), draft_id=389 ( on), is_last=False, is_eos=False
Token 2 verification failed, accepting up to this token. is_last: False, is_eos: False, is_mismatch: True

Draft step 0: in_token=tensor([[323]], device='cuda:6'), in_token_decoded= and, end_index: 6972
predicted_token: 279, predict_score: 0.2002793550491333, token :  the

Draft step 1: in_token=tensor([[279]], device='cuda:6'), in_token_decoded= the, end_index: 6973
Draft step 1, token  the, predict_score 0.2002793550491333 < threshold 0.6, stopping draft
Verifying token 0: verify_id=264 ( a), draft_id=279 ( the), is_last=False, is_eos=False
Token 0 verification failed, accepting up to this token. is_last: False, is_eos: False, is_mismatch: True

Draft step 0: in_token=tensor([[264]], device='cuda:6'), in_token_decoded= a, end_index: 6973
predicted_token: 21430, predict_score: 0.3066011369228363, token :  knife

Draft step 1: in_token=tensor([[21430]], device='cuda:6'), in_token_decoded= knife, end_index: 6974
Draft step 1, token  knife, predict_score 0.3066011369228363 < threshold 0.6, stopping draft
Verifying token 0: verify_id=2613 ( small), draft_id=21430 ( knife), is_last=False, is_eos=False
Token 0 verification failed, accepting up to this token. is_last: False, is_eos: False, is_mismatch: True

Draft step 0: in_token=tensor([[2613]], device='cuda:6'), in_token_decoded= small, end_index: 6974
predicted_token: 6573, predict_score: 0.6545419096946716, token :  piece

Draft step 1: in_token=tensor([[6573]], device='cuda:6'), in_token_decoded= piece, end_index: 6975
predicted_token: 315, predict_score: 0.9026076197624207, token :  of

Draft step 2: in_token=tensor([[315]], device='cuda:6'), in_token_decoded= of, end_index: 6976
predicted_token: 43668, predict_score: 0.4604821503162384, token :  ginger

Draft step 3: in_token=tensor([[43668]], device='cuda:6'), in_token_decoded= ginger, end_index: 6977
Draft step 3, token  ginger, predict_score 0.4604821503162384 < threshold 0.6, stopping draft
Verifying token 0: verify_id=5476 ( container), draft_id=6573 ( piece), is_last=False, is_eos=False
Token 0 verification failed, accepting up to this token. is_last: False, is_eos: False, is_mismatch: True

Draft step 0: in_token=tensor([[5476]], device='cuda:6'), in_token_decoded= container, end_index: 6975
predicted_token: 374, predict_score: 0.2987787425518036, token :  is

Draft step 1: in_token=tensor([[374]], device='cuda:6'), in_token_decoded= is, end_index: 6976
Draft step 1, token  is, predict_score 0.2987787425518036 < threshold 0.6, stopping draft
Verifying token 0: verify_id=14046 ( nearby), draft_id=374 ( is), is_last=False, is_eos=False
Token 0 verification failed, accepting up to this token. is_last: False, is_eos: False, is_mismatch: True

Draft step 0: in_token=tensor([[14046]], device='cuda:6'), in_token_decoded= nearby, end_index: 6976
predicted_token: 13, predict_score: 0.5197614431381226, token : .

Draft step 1: in_token=tensor([[13]], device='cuda:6'), in_token_decoded=., end_index: 6977
Draft step 1, token ., predict_score 0.5197614431381226 < threshold 0.6, stopping draft
Verifying token 0: verify_id=13 (.), draft_id=13 (.), is_last=False, is_eos=False
Verifying token 1: verify_id=151645 (<|im_end|>), draft_id=None (None), is_last=True, is_eos=True
Token 1 verification failed, accepting up to this token. is_last: True, is_eos: True, is_mismatch: False
New tokens: ["The dough is kneaded by pressing and folding it, with the person's hands working it on a metal surface, and there are other pieces of dough and a small container nearby.<|im_end|>"]
Total new tokens generated: 37
[Spec] avg_accept=1.29 | tokens=37 | context_len=6941
[Adapter] acc=8/31 (25.8%) | avg_confidence=0.391 | context_len=6941
\n===== Lossless Check =====
Speculative output: The dough is kneaded by pressing and folding it, with the person's hands working it on a metal surface, and there are other pieces of dough and a small container nearby.
AR manual output:   The dough is kneaded by pressing and folding it, with the person's hands working it on the table, and there are other pieces of dough and a small container nearby.
Exact match: False
WARNING: Outputs differ! Speculative decoding is NOT lossless.
Speedup: 1.16x
Speedup_decode: 1.12x
Spec decode tok/s: 29.43
AR decode tok/s:   26.27
 first token :NO

Draft step 0: in_token=tensor([[8996]], device='cuda:6'), in_token_decoded=NO, end_index: 7040
predicted_token: 3596, predict_score: 0.9999760389328003, token :  RE

Draft step 1: in_token=tensor([[3596]], device='cuda:6'), in_token_decoded= RE, end_index: 7041
predicted_token: 24834, predict_score: 0.9999822378158569, token : PLY

Draft step 2: in_token=tensor([[24834]], device='cuda:6'), in_token_decoded=PLY, end_index: 7042
predicted_token: 151645, predict_score: 0.9991992115974426, token : <|im_end|>
Verifying token 0: verify_id=3596 ( RE), draft_id=3596 ( RE), is_last=False, is_eos=False
Verifying token 1: verify_id=24834 (PLY), draft_id=24834 (PLY), is_last=False, is_eos=False
Verifying token 2: verify_id=151645 (<|im_end|>), draft_id=151645 (<|im_end|>), is_last=False, is_eos=True
Token 2 verification failed, accepting up to this token. is_last: False, is_eos: True, is_mismatch: False
New tokens: ['NO REPLY<|im_end|>']
Total new tokens generated: 4
[Spec] avg_accept=3.00 | tokens=4 | context_len=7039
[Adapter] acc=3/3 (100.0%) | avg_confidence=1.000 | context_len=7039
\n===== Lossless Check =====
Speculative output: NO REPLY
AR manual output:   NO REPLY
Exact match: True
OK: Outputs match. Speculative decoding is lossless.
Speedup: 1.66x
Speedup_decode: 1.40x
Spec decode tok/s: 52.56
AR decode tok/s:   37.64
 first token :NO

Draft step 0: in_token=tensor([[8996]], device='cuda:6'), in_token_decoded=NO, end_index: 7105
predicted_token: 3596, predict_score: 0.9999749660491943, token :  RE

Draft step 1: in_token=tensor([[3596]], device='cuda:6'), in_token_decoded= RE, end_index: 7106
predicted_token: 24834, predict_score: 0.9999557733535767, token : PLY

Draft step 2: in_token=tensor([[24834]], device='cuda:6'), in_token_decoded=PLY, end_index: 7107
predicted_token: 151645, predict_score: 0.9992497563362122, token : <|im_end|>
Verifying token 0: verify_id=3596 ( RE), draft_id=3596 ( RE), is_last=False, is_eos=False
Verifying token 1: verify_id=24834 (PLY), draft_id=24834 (PLY), is_last=False, is_eos=False
Verifying token 2: verify_id=151645 (<|im_end|>), draft_id=151645 (<|im_end|>), is_last=False, is_eos=True
Token 2 verification failed, accepting up to this token. is_last: False, is_eos: True, is_mismatch: False
New tokens: ['NO REPLY<|im_end|>']
Total new tokens generated: 4
[Spec] avg_accept=3.00 | tokens=4 | context_len=7104
[Adapter] acc=3/3 (100.0%) | avg_confidence=1.000 | context_len=7104
\n===== Lossless Check =====
Speculative output: NO REPLY
AR manual output:   NO REPLY
Exact match: True
OK: Outputs match. Speculative decoding is lossless.
Speedup: 0.83x
Speedup_decode: 1.01x
Spec decode tok/s: 38.04
AR decode tok/s:   37.75
 first token :NO

Draft step 0: in_token=tensor([[8996]], device='cuda:6'), in_token_decoded=NO, end_index: 7170
predicted_token: 3596, predict_score: 0.9999723434448242, token :  RE

Draft step 1: in_token=tensor([[3596]], device='cuda:6'), in_token_decoded= RE, end_index: 7171
predicted_token: 24834, predict_score: 0.9999744892120361, token : PLY

Draft step 2: in_token=tensor([[24834]], device='cuda:6'), in_token_decoded=PLY, end_index: 7172
predicted_token: 151645, predict_score: 0.9991955161094666, token : <|im_end|>
Verifying token 0: verify_id=3596 ( RE), draft_id=3596 ( RE), is_last=False, is_eos=False
Verifying token 1: verify_id=24834 (PLY), draft_id=24834 (PLY), is_last=False, is_eos=False
Verifying token 2: verify_id=151645 (<|im_end|>), draft_id=151645 (<|im_end|>), is_last=False, is_eos=True
Token 2 verification failed, accepting up to this token. is_last: False, is_eos: True, is_mismatch: False
New tokens: ['NO REPLY<|im_end|>']
Total new tokens generated: 4
[Spec] avg_accept=3.00 | tokens=4 | context_len=7169
[Adapter] acc=3/3 (100.0%) | avg_confidence=1.000 | context_len=7169
\n===== Lossless Check =====
Speculative output: NO REPLY
AR manual output:   NO REPLY
Exact match: True
OK: Outputs match. Speculative decoding is lossless.
Speedup: 1.68x
Speedup_decode: 1.40x
Spec decode tok/s: 52.90
AR decode tok/s:   37.68
 first token :The

Draft step 0: in_token=tensor([[785]], device='cuda:6'), in_token_decoded=The, end_index: 7235
predicted_token: 30352, predict_score: 0.734894335269928, token :  dough

Draft step 1: in_token=tensor([[30352]], device='cuda:6'), in_token_decoded= dough, end_index: 7236
predicted_token: 374, predict_score: 0.6069573163986206, token :  is

Draft step 2: in_token=tensor([[374]], device='cuda:6'), in_token_decoded= is, end_index: 7237
predicted_token: 17320, predict_score: 0.4181332588195801, token :  pressed

Draft step 3: in_token=tensor([[17320]], device='cuda:6'), in_token_decoded= pressed, end_index: 7238
Draft step 3, token  pressed, predict_score 0.4181332588195801 < threshold 0.6, stopping draft
Verifying token 0: verify_id=30352 ( dough), draft_id=30352 ( dough), is_last=False, is_eos=False
Verifying token 1: verify_id=374 ( is), draft_id=374 ( is), is_last=False, is_eos=False
Verifying token 2: verify_id=13853 ( kne), draft_id=17320 ( pressed), is_last=False, is_eos=False
Token 2 verification failed, accepting up to this token. is_last: False, is_eos: False, is_mismatch: True

Draft step 0: in_token=tensor([[13853]], device='cuda:6'), in_token_decoded= kne, end_index: 7238
predicted_token: 329, predict_score: 0.5033473372459412, token : ad

Draft step 1: in_token=tensor([[329]], device='cuda:6'), in_token_decoded=ad, end_index: 7239
Draft step 1, token ad, predict_score 0.5033473372459412 < threshold 0.6, stopping draft
Verifying token 0: verify_id=14255 (aded), draft_id=329 (ad), is_last=False, is_eos=False
Token 0 verification failed, accepting up to this token. is_last: False, is_eos: False, is_mismatch: True

Draft step 0: in_token=tensor([[14255]], device='cuda:6'), in_token_decoded=aded, end_index: 7239
predicted_token: 311, predict_score: 0.25534939765930176, token :  to

Draft step 1: in_token=tensor([[311]], device='cuda:6'), in_token_decoded= to, end_index: 7240
Draft step 1, token  to, predict_score 0.25534939765930176 < threshold 0.6, stopping draft
Verifying token 0: verify_id=553 ( by), draft_id=311 ( to), is_last=False, is_eos=False
Token 0 verification failed, accepting up to this token. is_last: False, is_eos: False, is_mismatch: True

Draft step 0: in_token=tensor([[553]], device='cuda:6'), in_token_decoded= by, end_index: 7240
predicted_token: 1424, predict_score: 0.1709894835948944, token :  hand

Draft step 1: in_token=tensor([[1424]], device='cuda:6'), in_token_decoded= hand, end_index: 7241
Draft step 1, token  hand, predict_score 0.1709894835948944 < threshold 0.6, stopping draft
Verifying token 0: verify_id=25352 ( pressing), draft_id=1424 ( hand), is_last=False, is_eos=False
Token 0 verification failed, accepting up to this token. is_last: False, is_eos: False, is_mismatch: True

Draft step 0: in_token=tensor([[25352]], device='cuda:6'), in_token_decoded= pressing, end_index: 7241
predicted_token: 432, predict_score: 0.4204597771167755, token :  it

Draft step 1: in_token=tensor([[432]], device='cuda:6'), in_token_decoded= it, end_index: 7242
Draft step 1, token  it, predict_score 0.4204597771167755 < threshold 0.6, stopping draft
Verifying token 0: verify_id=323 ( and), draft_id=432 ( it), is_last=False, is_eos=False
Token 0 verification failed, accepting up to this token. is_last: False, is_eos: False, is_mismatch: True

Draft step 0: in_token=tensor([[323]], device='cuda:6'), in_token_decoded= and, end_index: 7242
predicted_token: 1221, predict_score: 0.3162206709384918, token :  then

Draft step 1: in_token=tensor([[1221]], device='cuda:6'), in_token_decoded= then, end_index: 7243
Draft step 1, token  then, predict_score 0.3162206709384918 < threshold 0.6, stopping draft
Verifying token 0: verify_id=44742 ( folding), draft_id=1221 ( then), is_last=False, is_eos=False
Token 0 verification failed, accepting up to this token. is_last: False, is_eos: False, is_mismatch: True

Draft step 0: in_token=tensor([[44742]], device='cuda:6'), in_token_decoded= folding, end_index: 7243
predicted_token: 432, predict_score: 0.25601980090141296, token :  it

Draft step 1: in_token=tensor([[432]], device='cuda:6'), in_token_decoded= it, end_index: 7244
Draft step 1, token  it, predict_score 0.25601980090141296 < threshold 0.6, stopping draft
Verifying token 0: verify_id=432 ( it), draft_id=432 ( it), is_last=False, is_eos=False
Verifying token 1: verify_id=11 (,), draft_id=None (None), is_last=True, is_eos=False
Token 1 verification failed, accepting up to this token. is_last: True, is_eos: False, is_mismatch: False

Draft step 0: in_token=tensor([[11]], device='cuda:6'), in_token_decoded=,, end_index: 7245
predicted_token: 1221, predict_score: 0.5303898453712463, token :  then

Draft step 1: in_token=tensor([[1221]], device='cuda:6'), in_token_decoded= then, end_index: 7246
Draft step 1, token  then, predict_score 0.5303898453712463 < threshold 0.6, stopping draft
Verifying token 0: verify_id=1221 ( then), draft_id=1221 ( then), is_last=False, is_eos=False
Verifying token 1: verify_id=9099 ( placed), draft_id=None (None), is_last=True, is_eos=False
Token 1 verification failed, accepting up to this token. is_last: True, is_eos: False, is_mismatch: False

Draft step 0: in_token=tensor([[9099]], device='cuda:6'), in_token_decoded= placed, end_index: 7247
predicted_token: 389, predict_score: 0.534093976020813, token :  on

Draft step 1: in_token=tensor([[389]], device='cuda:6'), in_token_decoded= on, end_index: 7248
Draft step 1, token  on, predict_score 0.534093976020813 < threshold 0.6, stopping draft
Verifying token 0: verify_id=1119 ( into), draft_id=389 ( on), is_last=False, is_eos=False
Token 0 verification failed, accepting up to this token. is_last: False, is_eos: False, is_mismatch: True

Draft step 0: in_token=tensor([[1119]], device='cuda:6'), in_token_decoded= into, end_index: 7248
predicted_token: 279, predict_score: 0.6275453567504883, token :  the

Draft step 1: in_token=tensor([[279]], device='cuda:6'), in_token_decoded= the, end_index: 7249
predicted_token: 19212, predict_score: 0.3065420985221863, token :  bowl

Draft step 2: in_token=tensor([[19212]], device='cuda:6'), in_token_decoded= bowl, end_index: 7250
Draft step 2, token  bowl, predict_score 0.3065420985221863 < threshold 0.6, stopping draft
Verifying token 0: verify_id=264 ( a), draft_id=279 ( the), is_last=False, is_eos=False
Token 0 verification failed, accepting up to this token. is_last: False, is_eos: False, is_mismatch: True

Draft step 0: in_token=tensor([[264]], device='cuda:6'), in_token_decoded= a, end_index: 7249
predicted_token: 19212, predict_score: 0.2350403517484665, token :  bowl

Draft step 1: in_token=tensor([[19212]], device='cuda:6'), in_token_decoded= bowl, end_index: 7250
Draft step 1, token  bowl, predict_score 0.2350403517484665 < threshold 0.6, stopping draft
Verifying token 0: verify_id=30352 ( dough), draft_id=19212 ( bowl), is_last=False, is_eos=False
Token 0 verification failed, accepting up to this token. is_last: False, is_eos: False, is_mismatch: True

Draft step 0: in_token=tensor([[30352]], device='cuda:6'), in_token_decoded= dough, end_index: 7250
predicted_token: 389, predict_score: 0.2212466597557068, token :  on

Draft step 1: in_token=tensor([[389]], device='cuda:6'), in_token_decoded= on, end_index: 7251
Draft step 1, token  on, predict_score 0.2212466597557068 < threshold 0.6, stopping draft
Verifying token 0: verify_id=37778 ( mixer), draft_id=389 ( on), is_last=False, is_eos=False
Token 0 verification failed, accepting up to this token. is_last: False, is_eos: False, is_mismatch: True

Draft step 0: in_token=tensor([[37778]], device='cuda:6'), in_token_decoded= mixer, end_index: 7251
predicted_token: 13, predict_score: 0.5067945718765259, token : .

Draft step 1: in_token=tensor([[13]], device='cuda:6'), in_token_decoded=., end_index: 7252
Draft step 1, token ., predict_score 0.5067945718765259 < threshold 0.6, stopping draft
Verifying token 0: verify_id=11 (,), draft_id=13 (.), is_last=False, is_eos=False
Token 0 verification failed, accepting up to this token. is_last: False, is_eos: False, is_mismatch: True

Draft step 0: in_token=tensor([[11]], device='cuda:6'), in_token_decoded=,, end_index: 7252
predicted_token: 323, predict_score: 0.6204310655593872, token :  and

Draft step 1: in_token=tensor([[323]], device='cuda:6'), in_token_decoded= and, end_index: 7253
predicted_token: 1221, predict_score: 0.2989892363548279, token :  then

Draft step 2: in_token=tensor([[1221]], device='cuda:6'), in_token_decoded= then, end_index: 7254
Draft step 2, token  then, predict_score 0.2989892363548279 < threshold 0.6, stopping draft
Verifying token 0: verify_id=323 ( and), draft_id=323 ( and), is_last=False, is_eos=False
Verifying token 1: verify_id=279 ( the), draft_id=1221 ( then), is_last=False, is_eos=False
Token 1 verification failed, accepting up to this token. is_last: False, is_eos: False, is_mismatch: True

Draft step 0: in_token=tensor([[279]], device='cuda:6'), in_token_decoded= the, end_index: 7254
predicted_token: 30352, predict_score: 0.873703122138977, token :  dough

Draft step 1: in_token=tensor([[30352]], device='cuda:6'), in_token_decoded= dough, end_index: 7255
predicted_token: 304, predict_score: 0.2527385354042053, token :  in

Draft step 2: in_token=tensor([[304]], device='cuda:6'), in_token_decoded= in, end_index: 7256
Draft step 2, token  in, predict_score 0.2527385354042053 < threshold 0.6, stopping draft
Verifying token 0: verify_id=1697 ( person), draft_id=30352 ( dough), is_last=False, is_eos=False
Token 0 verification failed, accepting up to this token. is_last: False, is_eos: False, is_mismatch: True

Draft step 0: in_token=tensor([[1697]], device='cuda:6'), in_token_decoded= person, end_index: 7255
predicted_token: 374, predict_score: 0.06915644556283951, token :  is

Draft step 1: in_token=tensor([[374]], device='cuda:6'), in_token_decoded= is, end_index: 7256
Draft step 1, token  is, predict_score 0.06915644556283951 < threshold 0.6, stopping draft
Verifying token 0: verify_id=594 ('s), draft_id=374 ( is), is_last=False, is_eos=False
Token 0 verification failed, accepting up to this token. is_last: False, is_eos: False, is_mismatch: True

Draft step 0: in_token=tensor([[594]], device='cuda:6'), in_token_decoded='s, end_index: 7256
predicted_token: 30352, predict_score: 0.30925601720809937, token :  dough

Draft step 1: in_token=tensor([[30352]], device='cuda:6'), in_token_decoded= dough, end_index: 7257
Draft step 1, token  dough, predict_score 0.30925601720809937 < threshold 0.6, stopping draft
Verifying token 0: verify_id=6078 ( hands), draft_id=30352 ( dough), is_last=False, is_eos=False
Token 0 verification failed, accepting up to this token. is_last: False, is_eos: False, is_mismatch: True

Draft step 0: in_token=tensor([[6078]], device='cuda:6'), in_token_decoded= hands, end_index: 7257
predicted_token: 525, predict_score: 0.34645888209342957, token :  are

Draft step 1: in_token=tensor([[525]], device='cuda:6'), in_token_decoded= are, end_index: 7258
Draft step 1, token  are, predict_score 0.34645888209342957 < threshold 0.6, stopping draft
Verifying token 0: verify_id=3060 ( continue), draft_id=525 ( are), is_last=False, is_eos=False
Token 0 verification failed, accepting up to this token. is_last: False, is_eos: False, is_mismatch: True

Draft step 0: in_token=tensor([[3060]], device='cuda:6'), in_token_decoded= continue, end_index: 7258
predicted_token: 311, predict_score: 0.5950420498847961, token :  to

Draft step 1: in_token=tensor([[311]], device='cuda:6'), in_token_decoded= to, end_index: 7259
Draft step 1, token  to, predict_score 0.5950420498847961 < threshold 0.6, stopping draft
Verifying token 0: verify_id=311 ( to), draft_id=311 ( to), is_last=False, is_eos=False
Verifying token 1: verify_id=975 ( work), draft_id=None (None), is_last=True, is_eos=False
Token 1 verification failed, accepting up to this token. is_last: True, is_eos: False, is_mismatch: False

Draft step 0: in_token=tensor([[975]], device='cuda:6'), in_token_decoded= work, end_index: 7260
predicted_token: 448, predict_score: 0.09120529890060425, token :  with

Draft step 1: in_token=tensor([[448]], device='cuda:6'), in_token_decoded= with, end_index: 7261
Draft step 1, token  with, predict_score 0.09120529890060425 < threshold 0.6, stopping draft
Verifying token 0: verify_id=432 ( it), draft_id=448 ( with), is_last=False, is_eos=False
Token 0 verification failed, accepting up to this token. is_last: False, is_eos: False, is_mismatch: True

Draft step 0: in_token=tensor([[432]], device='cuda:6'), in_token_decoded= it, end_index: 7261
predicted_token: 13, predict_score: 0.6650901436805725, token : .

Draft step 1: in_token=tensor([[13]], device='cuda:6'), in_token_decoded=., end_index: 7262
predicted_token: 151645, predict_score: 0.9918244481086731, token : <|im_end|>
Verifying token 0: verify_id=4766 ( inside), draft_id=13 (.), is_last=False, is_eos=False
Token 0 verification failed, accepting up to this token. is_last: False, is_eos: False, is_mismatch: True

Draft step 0: in_token=tensor([[4766]], device='cuda:6'), in_token_decoded= inside, end_index: 7262
predicted_token: 279, predict_score: 0.32116562128067017, token :  the

Draft step 1: in_token=tensor([[279]], device='cuda:6'), in_token_decoded= the, end_index: 7263
Draft step 1, token  the, predict_score 0.32116562128067017 < threshold 0.6, stopping draft
Verifying token 0: verify_id=279 ( the), draft_id=279 ( the), is_last=False, is_eos=False
Verifying token 1: verify_id=37778 ( mixer), draft_id=None (None), is_last=True, is_eos=False
Token 1 verification failed, accepting up to this token. is_last: True, is_eos: False, is_mismatch: False

Draft step 0: in_token=tensor([[37778]], device='cuda:6'), in_token_decoded= mixer, end_index: 7264
predicted_token: 13, predict_score: 0.31909874081611633, token : .

Draft step 1: in_token=tensor([[13]], device='cuda:6'), in_token_decoded=., end_index: 7265
Draft step 1, token ., predict_score 0.31909874081611633 < threshold 0.6, stopping draft
Verifying token 0: verify_id=11 (,), draft_id=13 (.), is_last=False, is_eos=False
Token 0 verification failed, accepting up to this token. is_last: False, is_eos: False, is_mismatch: True

Draft step 0: in_token=tensor([[11]], device='cuda:6'), in_token_decoded=,, end_index: 7265
predicted_token: 323, predict_score: 0.7699610590934753, token :  and

Draft step 1: in_token=tensor([[323]], device='cuda:6'), in_token_decoded= and, end_index: 7266
predicted_token: 1221, predict_score: 0.32888323068618774, token :  then

Draft step 2: in_token=tensor([[1221]], device='cuda:6'), in_token_decoded= then, end_index: 7267
Draft step 2, token  then, predict_score 0.32888323068618774 < threshold 0.6, stopping draft
Verifying token 0: verify_id=448 ( with), draft_id=323 ( and), is_last=False, is_eos=False
Token 0 verification failed, accepting up to this token. is_last: False, is_eos: False, is_mismatch: True

Draft step 0: in_token=tensor([[448]], device='cuda:6'), in_token_decoded= with, end_index: 7266
predicted_token: 264, predict_score: 0.2847461998462677, token :  a

Draft step 1: in_token=tensor([[264]], device='cuda:6'), in_token_decoded= a, end_index: 7267
Draft step 1, token  a, predict_score 0.2847461998462677 < threshold 0.6, stopping draft
Verifying token 0: verify_id=279 ( the), draft_id=264 ( a), is_last=False, is_eos=False
Token 0 verification failed, accepting up to this token. is_last: False, is_eos: False, is_mismatch: True

Draft step 0: in_token=tensor([[279]], device='cuda:6'), in_token_decoded= the, end_index: 7267
predicted_token: 30352, predict_score: 0.4293453097343445, token :  dough

Draft step 1: in_token=tensor([[30352]], device='cuda:6'), in_token_decoded= dough, end_index: 7268
Draft step 1, token  dough, predict_score 0.4293453097343445 < threshold 0.6, stopping draft
Verifying token 0: verify_id=37778 ( mixer), draft_id=30352 ( dough), is_last=False, is_eos=False
Token 0 verification failed, accepting up to this token. is_last: False, is_eos: False, is_mismatch: True

Draft step 0: in_token=tensor([[37778]], device='cuda:6'), in_token_decoded= mixer, end_index: 7268
predicted_token: 374, predict_score: 0.1581273078918457, token :  is

Draft step 1: in_token=tensor([[374]], device='cuda:6'), in_token_decoded= is, end_index: 7269
Draft step 1, token  is, predict_score 0.1581273078918457 < threshold 0.6, stopping draft
Verifying token 0: verify_id=594 ('s), draft_id=374 ( is), is_last=False, is_eos=False
Token 0 verification failed, accepting up to this token. is_last: False, is_eos: False, is_mismatch: True

Draft step 0: in_token=tensor([[594]], device='cuda:6'), in_token_decoded='s, end_index: 7269
predicted_token: 30352, predict_score: 0.060211122035980225, token :  dough

Draft step 1: in_token=tensor([[30352]], device='cuda:6'), in_token_decoded= dough, end_index: 7270
Draft step 1, token  dough, predict_score 0.060211122035980225 < threshold 0.6, stopping draft
Verifying token 0: verify_id=41642 ( blades), draft_id=30352 ( dough), is_last=False, is_eos=False
Token 0 verification failed, accepting up to this token. is_last: False, is_eos: False, is_mismatch: True

Draft step 0: in_token=tensor([[41642]], device='cuda:6'), in_token_decoded= blades, end_index: 7270
predicted_token: 323, predict_score: 0.36956170201301575, token :  and

Draft step 1: in_token=tensor([[323]], device='cuda:6'), in_token_decoded= and, end_index: 7271
Draft step 1, token  and, predict_score 0.36956170201301575 < threshold 0.6, stopping draft
Verifying token 0: verify_id=13054 ( turning), draft_id=323 ( and), is_last=False, is_eos=False
Token 0 verification failed, accepting up to this token. is_last: False, is_eos: False, is_mismatch: True

Draft step 0: in_token=tensor([[13054]], device='cuda:6'), in_token_decoded= turning, end_index: 7271
predicted_token: 389, predict_score: 0.4566568434238434, token :  on

Draft step 1: in_token=tensor([[389]], device='cuda:6'), in_token_decoded= on, end_index: 7272
Draft step 1, token  on, predict_score 0.4566568434238434 < threshold 0.6, stopping draft
Verifying token 0: verify_id=311 ( to), draft_id=389 ( on), is_last=False, is_eos=False
Token 0 verification failed, accepting up to this token. is_last: False, is_eos: False, is_mismatch: True

Draft step 0: in_token=tensor([[311]], device='cuda:6'), in_token_decoded= to, end_index: 7272
predicted_token: 279, predict_score: 0.39345914125442505, token :  the

Draft step 1: in_token=tensor([[279]], device='cuda:6'), in_token_decoded= the, end_index: 7273
Draft step 1, token  the, predict_score 0.39345914125442505 < threshold 0.6, stopping draft
Verifying token 0: verify_id=4623 ( further), draft_id=279 ( the), is_last=False, is_eos=False
Token 0 verification failed, accepting up to this token. is_last: False, is_eos: False, is_mismatch: True

Draft step 0: in_token=tensor([[4623]], device='cuda:6'), in_token_decoded= further, end_index: 7273
predicted_token: 1281, predict_score: 0.09078913182020187, token :  make

Draft step 1: in_token=tensor([[1281]], device='cuda:6'), in_token_decoded= make, end_index: 7274
Draft step 1, token  make, predict_score 0.09078913182020187 < threshold 0.6, stopping draft
Verifying token 0: verify_id=13853 ( kne), draft_id=1281 ( make), is_last=False, is_eos=False
Token 0 verification failed, accepting up to this token. is_last: False, is_eos: False, is_mismatch: True

Draft step 0: in_token=tensor([[13853]], device='cuda:6'), in_token_decoded= kne, end_index: 7274
predicted_token: 2228, predict_score: 0.5785398483276367, token : ading

Draft step 1: in_token=tensor([[2228]], device='cuda:6'), in_token_decoded=ading, end_index: 7275
Draft step 1, token ading, predict_score 0.5785398483276367 < threshold 0.6, stopping draft
Verifying token 0: verify_id=329 (ad), draft_id=2228 (ading), is_last=False, is_eos=False
Token 0 verification failed, accepting up to this token. is_last: False, is_eos: False, is_mismatch: True

Draft step 0: in_token=tensor([[329]], device='cuda:6'), in_token_decoded=ad, end_index: 7275
predicted_token: 279, predict_score: 0.22033508121967316, token :  the

Draft step 1: in_token=tensor([[279]], device='cuda:6'), in_token_decoded= the, end_index: 7276
Draft step 1, token  the, predict_score 0.22033508121967316 < threshold 0.6, stopping draft
Verifying token 0: verify_id=279 ( the), draft_id=279 ( the), is_last=False, is_eos=False
Verifying token 1: verify_id=30352 ( dough), draft_id=None (None), is_last=True, is_eos=False
Token 1 verification failed, accepting up to this token. is_last: True, is_eos: False, is_mismatch: False

Draft step 0: in_token=tensor([[30352]], device='cuda:6'), in_token_decoded= dough, end_index: 7277
predicted_token: 304, predict_score: 0.2599046528339386, token :  in

Draft step 1: in_token=tensor([[304]], device='cuda:6'), in_token_decoded= in, end_index: 7278
Draft step 1, token  in, predict_score 0.2599046528339386 < threshold 0.6, stopping draft
Verifying token 0: verify_id=13 (.), draft_id=304 ( in), is_last=False, is_eos=False
Token 0 verification failed, accepting up to this token. is_last: False, is_eos: False, is_mismatch: True

Draft step 0: in_token=tensor([[13]], device='cuda:6'), in_token_decoded=., end_index: 7278
predicted_token: 151645, predict_score: 0.9897202849388123, token : <|im_end|>
Verifying token 0: verify_id=151645 (<|im_end|>), draft_id=151645 (<|im_end|>), is_last=False, is_eos=True
Token 0 verification failed, accepting up to this token. is_last: False, is_eos: True, is_mismatch: False
New tokens: ["The dough is kneaded by pressing and folding it, then placed into a dough mixer, and the person's hands continue to work it inside the mixer, with the mixer's blades turning to further knead the dough.<|im_end|>"]
Total new tokens generated: 45
[Spec] avg_accept=1.22 | tokens=45 | context_len=7234
[Adapter] acc=9/39 (23.1%) | avg_confidence=0.414 | context_len=7234
\n===== Lossless Check =====
Speculative output: The dough is kneaded by pressing and folding it, then placed into a dough mixer, and the person's hands continue to work it inside the mixer, with the mixer's blades turning to further knead the dough.
AR manual output:   The dough is kneaded by pressing and folding it, then placed into a dough mixer, and the person's hands continue to work it inside the mixer, with the mixer's blades turning to further knead the dough.
Exact match: True
OK: Outputs match. Speculative decoding is lossless.
Speedup: 0.99x
Speedup_decode: 0.96x
Spec decode tok/s: 28.33
AR decode tok/s:   29.37
 first token :NO

Draft step 0: in_token=tensor([[8996]], device='cuda:6'), in_token_decoded=NO, end_index: 7341
predicted_token: 3596, predict_score: 0.9999693632125854, token :  RE

Draft step 1: in_token=tensor([[3596]], device='cuda:6'), in_token_decoded= RE, end_index: 7342
predicted_token: 24834, predict_score: 0.9999780654907227, token : PLY

Draft step 2: in_token=tensor([[24834]], device='cuda:6'), in_token_decoded=PLY, end_index: 7343
predicted_token: 151645, predict_score: 0.9992559552192688, token : <|im_end|>
Verifying token 0: verify_id=3596 ( RE), draft_id=3596 ( RE), is_last=False, is_eos=False
Verifying token 1: verify_id=24834 (PLY), draft_id=24834 (PLY), is_last=False, is_eos=False
Verifying token 2: verify_id=151645 (<|im_end|>), draft_id=151645 (<|im_end|>), is_last=False, is_eos=True
Token 2 verification failed, accepting up to this token. is_last: False, is_eos: True, is_mismatch: False
New tokens: ['NO REPLY<|im_end|>']
Total new tokens generated: 4
[Spec] avg_accept=3.00 | tokens=4 | context_len=7340
[Adapter] acc=3/3 (100.0%) | avg_confidence=1.000 | context_len=7340
\n===== Lossless Check =====
Speculative output: NO REPLY
AR manual output:   NO REPLY
Exact match: True
OK: Outputs match. Speculative decoding is lossless.
Speedup: 1.68x
Speedup_decode: 1.36x
Spec decode tok/s: 51.05
AR decode tok/s:   37.60
 first token :NO

Draft step 0: in_token=tensor([[8996]], device='cuda:6'), in_token_decoded=NO, end_index: 7406
predicted_token: 3596, predict_score: 0.999974250793457, token :  RE

Draft step 1: in_token=tensor([[3596]], device='cuda:6'), in_token_decoded= RE, end_index: 7407
predicted_token: 24834, predict_score: 0.9999319314956665, token : PLY

Draft step 2: in_token=tensor([[24834]], device='cuda:6'), in_token_decoded=PLY, end_index: 7408
predicted_token: 151645, predict_score: 0.9993307590484619, token : <|im_end|>
Verifying token 0: verify_id=3596 ( RE), draft_id=3596 ( RE), is_last=False, is_eos=False
Verifying token 1: verify_id=24834 (PLY), draft_id=24834 (PLY), is_last=False, is_eos=False
Verifying token 2: verify_id=151645 (<|im_end|>), draft_id=151645 (<|im_end|>), is_last=False, is_eos=True
Token 2 verification failed, accepting up to this token. is_last: False, is_eos: True, is_mismatch: False
New tokens: ['NO REPLY<|im_end|>']
Total new tokens generated: 4
[Spec] avg_accept=3.00 | tokens=4 | context_len=7405
[Adapter] acc=3/3 (100.0%) | avg_confidence=1.000 | context_len=7405
\n===== Lossless Check =====
Speculative output: NO REPLY
AR manual output:   NO REPLY
Exact match: True
OK: Outputs match. Speculative decoding is lossless.
Speedup: 1.71x
Speedup_decode: 1.22x
Spec decode tok/s: 45.27
AR decode tok/s:   36.97
 first token :NO

Draft step 0: in_token=tensor([[8996]], device='cuda:6'), in_token_decoded=NO, end_index: 7471
predicted_token: 3596, predict_score: 0.9999743700027466, token :  RE

Draft step 1: in_token=tensor([[3596]], device='cuda:6'), in_token_decoded= RE, end_index: 7472
predicted_token: 24834, predict_score: 0.9999673366546631, token : PLY

Draft step 2: in_token=tensor([[24834]], device='cuda:6'), in_token_decoded=PLY, end_index: 7473
predicted_token: 151645, predict_score: 0.9992852807044983, token : <|im_end|>
Verifying token 0: verify_id=3596 ( RE), draft_id=3596 ( RE), is_last=False, is_eos=False
Verifying token 1: verify_id=24834 (PLY), draft_id=24834 (PLY), is_last=False, is_eos=False
Verifying token 2: verify_id=151645 (<|im_end|>), draft_id=151645 (<|im_end|>), is_last=False, is_eos=True
Token 2 verification failed, accepting up to this token. is_last: False, is_eos: True, is_mismatch: False
New tokens: ['NO REPLY<|im_end|>']
Total new tokens generated: 4
[Spec] avg_accept=3.00 | tokens=4 | context_len=7470
[Adapter] acc=3/3 (100.0%) | avg_confidence=1.000 | context_len=7470
\n===== Lossless Check =====
Speculative output: NO REPLY
AR manual output:   NO REPLY
Exact match: True
OK: Outputs match. Speculative decoding is lossless.
Speedup: 1.72x
Speedup_decode: 1.33x
Spec decode tok/s: 48.95
AR decode tok/s:   36.81
 first token :NO

Draft step 0: in_token=tensor([[8996]], device='cuda:6'), in_token_decoded=NO, end_index: 7536
predicted_token: 3596, predict_score: 0.9999700784683228, token :  RE

Draft step 1: in_token=tensor([[3596]], device='cuda:6'), in_token_decoded= RE, end_index: 7537
predicted_token: 24834, predict_score: 0.9999657869338989, token : PLY

Draft step 2: in_token=tensor([[24834]], device='cuda:6'), in_token_decoded=PLY, end_index: 7538
predicted_token: 151645, predict_score: 0.9993879795074463, token : <|im_end|>
Verifying token 0: verify_id=3596 ( RE), draft_id=3596 ( RE), is_last=False, is_eos=False
Verifying token 1: verify_id=24834 (PLY), draft_id=24834 (PLY), is_last=False, is_eos=False
Verifying token 2: verify_id=151645 (<|im_end|>), draft_id=151645 (<|im_end|>), is_last=False, is_eos=True
Token 2 verification failed, accepting up to this token. is_last: False, is_eos: True, is_mismatch: False
New tokens: ['NO REPLY<|im_end|>']
Total new tokens generated: 4
[Spec] avg_accept=3.00 | tokens=4 | context_len=7535
[Adapter] acc=3/3 (100.0%) | avg_confidence=1.000 | context_len=7535
\n===== Lossless Check =====
Speculative output: NO REPLY
AR manual output:   NO REPLY
Exact match: True
OK: Outputs match. Speculative decoding is lossless.
Speedup: 1.64x
Speedup_decode: 1.16x
Spec decode tok/s: 43.83
AR decode tok/s:   37.69
 first token :The

Draft step 0: in_token=tensor([[785]], device='cuda:6'), in_token_decoded=The, end_index: 7601
predicted_token: 30352, predict_score: 0.834721028804779, token :  dough

Draft step 1: in_token=tensor([[30352]], device='cuda:6'), in_token_decoded= dough, end_index: 7602
predicted_token: 374, predict_score: 0.45601484179496765, token :  is

Draft step 2: in_token=tensor([[374]], device='cuda:6'), in_token_decoded= is, end_index: 7603
Draft step 2, token  is, predict_score 0.45601484179496765 < threshold 0.6, stopping draft
Verifying token 0: verify_id=30352 ( dough), draft_id=30352 ( dough), is_last=False, is_eos=False
Verifying token 1: verify_id=374 ( is), draft_id=374 ( is), is_last=False, is_eos=False
Verifying token 2: verify_id=13853 ( kne), draft_id=None (None), is_last=True, is_eos=False
Token 2 verification failed, accepting up to this token. is_last: True, is_eos: False, is_mismatch: False

Draft step 0: in_token=tensor([[13853]], device='cuda:6'), in_token_decoded= kne, end_index: 7604
predicted_token: 329, predict_score: 0.5054561495780945, token : ad

Draft step 1: in_token=tensor([[329]], device='cuda:6'), in_token_decoded=ad, end_index: 7605
Draft step 1, token ad, predict_score 0.5054561495780945 < threshold 0.6, stopping draft
Verifying token 0: verify_id=14255 (aded), draft_id=329 (ad), is_last=False, is_eos=False
Token 0 verification failed, accepting up to this token. is_last: False, is_eos: False, is_mismatch: True

Draft step 0: in_token=tensor([[14255]], device='cuda:6'), in_token_decoded=aded, end_index: 7605
predicted_token: 311, predict_score: 0.18728086352348328, token :  to

Draft step 1: in_token=tensor([[311]], device='cuda:6'), in_token_decoded= to, end_index: 7606
Draft step 1, token  to, predict_score 0.18728086352348328 < threshold 0.6, stopping draft
Verifying token 0: verify_id=553 ( by), draft_id=311 ( to), is_last=False, is_eos=False
Token 0 verification failed, accepting up to this token. is_last: False, is_eos: False, is_mismatch: True

Draft step 0: in_token=tensor([[553]], device='cuda:6'), in_token_decoded= by, end_index: 7606
predicted_token: 25352, predict_score: 0.31410351395606995, token :  pressing

Draft step 1: in_token=tensor([[25352]], device='cuda:6'), in_token_decoded= pressing, end_index: 7607
Draft step 1, token  pressing, predict_score 0.31410351395606995 < threshold 0.6, stopping draft
Verifying token 0: verify_id=25352 ( pressing), draft_id=25352 ( pressing), is_last=False, is_eos=False
Verifying token 1: verify_id=323 ( and), draft_id=None (None), is_last=True, is_eos=False
Token 1 verification failed, accepting up to this token. is_last: True, is_eos: False, is_mismatch: False

Draft step 0: in_token=tensor([[323]], device='cuda:6'), in_token_decoded= and, end_index: 7608
predicted_token: 1221, predict_score: 0.24977213144302368, token :  then

Draft step 1: in_token=tensor([[1221]], device='cuda:6'), in_token_decoded= then, end_index: 7609
Draft step 1, token  then, predict_score 0.24977213144302368 < threshold 0.6, stopping draft
Verifying token 0: verify_id=44742 ( folding), draft_id=1221 ( then), is_last=False, is_eos=False
Token 0 verification failed, accepting up to this token. is_last: False, is_eos: False, is_mismatch: True

Draft step 0: in_token=tensor([[44742]], device='cuda:6'), in_token_decoded= folding, end_index: 7609
predicted_token: 432, predict_score: 0.2957823574542999, token :  it

Draft step 1: in_token=tensor([[432]], device='cuda:6'), in_token_decoded= it, end_index: 7610
Draft step 1, token  it, predict_score 0.2957823574542999 < threshold 0.6, stopping draft
Verifying token 0: verify_id=432 ( it), draft_id=432 ( it), is_last=False, is_eos=False
Verifying token 1: verify_id=11 (,), draft_id=None (None), is_last=True, is_eos=False
Token 1 verification failed, accepting up to this token. is_last: True, is_eos: False, is_mismatch: False

Draft step 0: in_token=tensor([[11]], device='cuda:6'), in_token_decoded=,, end_index: 7611
predicted_token: 323, predict_score: 0.3482121229171753, token :  and

Draft step 1: in_token=tensor([[323]], device='cuda:6'), in_token_decoded= and, end_index: 7612
Draft step 1, token  and, predict_score 0.3482121229171753 < threshold 0.6, stopping draft
Verifying token 0: verify_id=1221 ( then), draft_id=323 ( and), is_last=False, is_eos=False
Token 0 verification failed, accepting up to this token. is_last: False, is_eos: False, is_mismatch: True

Draft step 0: in_token=tensor([[1221]], device='cuda:6'), in_token_decoded= then, end_index: 7612
predicted_token: 279, predict_score: 0.19119945168495178, token :  the

Draft step 1: in_token=tensor([[279]], device='cuda:6'), in_token_decoded= the, end_index: 7613
Draft step 1, token  the, predict_score 0.19119945168495178 < threshold 0.6, stopping draft
Verifying token 0: verify_id=9099 ( placed), draft_id=279 ( the), is_last=False, is_eos=False
Token 0 verification failed, accepting up to this token. is_last: False, is_eos: False, is_mismatch: True

Draft step 0: in_token=tensor([[9099]], device='cuda:6'), in_token_decoded= placed, end_index: 7613
predicted_token: 389, predict_score: 0.33177900314331055, token :  on

Draft step 1: in_token=tensor([[389]], device='cuda:6'), in_token_decoded= on, end_index: 7614
Draft step 1, token  on, predict_score 0.33177900314331055 < threshold 0.6, stopping draft
Verifying token 0: verify_id=1119 ( into), draft_id=389 ( on), is_last=False, is_eos=False
Token 0 verification failed, accepting up to this token. is_last: False, is_eos: False, is_mismatch: True

Draft step 0: in_token=tensor([[1119]], device='cuda:6'), in_token_decoded= into, end_index: 7614
predicted_token: 264, predict_score: 0.7557329535484314, token :  a

Draft step 1: in_token=tensor([[264]], device='cuda:6'), in_token_decoded= a, end_index: 7615
predicted_token: 19212, predict_score: 0.4006209671497345, token :  bowl

Draft step 2: in_token=tensor([[19212]], device='cuda:6'), in_token_decoded= bowl, end_index: 7616
Draft step 2, token  bowl, predict_score 0.4006209671497345 < threshold 0.6, stopping draft
Verifying token 0: verify_id=264 ( a), draft_id=264 ( a), is_last=False, is_eos=False
Verifying token 1: verify_id=30352 ( dough), draft_id=19212 ( bowl), is_last=False, is_eos=False
Token 1 verification failed, accepting up to this token. is_last: False, is_eos: False, is_mismatch: True

Draft step 0: in_token=tensor([[30352]], device='cuda:6'), in_token_decoded= dough, end_index: 7616
predicted_token: 389, predict_score: 0.12477421015501022, token :  on

Draft step 1: in_token=tensor([[389]], device='cuda:6'), in_token_decoded= on, end_index: 7617
Draft step 1, token  on, predict_score 0.12477421015501022 < threshold 0.6, stopping draft
Verifying token 0: verify_id=37778 ( mixer), draft_id=389 ( on), is_last=False, is_eos=False
Token 0 verification failed, accepting up to this token. is_last: False, is_eos: False, is_mismatch: True

Draft step 0: in_token=tensor([[37778]], device='cuda:6'), in_token_decoded= mixer, end_index: 7617
predicted_token: 13, predict_score: 0.27621299028396606, token : .

Draft step 1: in_token=tensor([[13]], device='cuda:6'), in_token_decoded=., end_index: 7618
Draft step 1, token ., predict_score 0.27621299028396606 < threshold 0.6, stopping draft
Verifying token 0: verify_id=11 (,), draft_id=13 (.), is_last=False, is_eos=False
Token 0 verification failed, accepting up to this token. is_last: False, is_eos: False, is_mismatch: True

Draft step 0: in_token=tensor([[11]], device='cuda:6'), in_token_decoded=,, end_index: 7618
predicted_token: 323, predict_score: 0.7999115586280823, token :  and

Draft step 1: in_token=tensor([[323]], device='cuda:6'), in_token_decoded= and, end_index: 7619
predicted_token: 279, predict_score: 0.23556579649448395, token :  the

Draft step 2: in_token=tensor([[279]], device='cuda:6'), in_token_decoded= the, end_index: 7620
Draft step 2, token  the, predict_score 0.23556579649448395 < threshold 0.6, stopping draft
Verifying token 0: verify_id=323 ( and), draft_id=323 ( and), is_last=False, is_eos=False
Verifying token 1: verify_id=279 ( the), draft_id=279 ( the), is_last=False, is_eos=False
Verifying token 2: verify_id=1697 ( person), draft_id=None (None), is_last=True, is_eos=False
Token 2 verification failed, accepting up to this token. is_last: True, is_eos: False, is_mismatch: False

Draft step 0: in_token=tensor([[1697]], device='cuda:6'), in_token_decoded= person, end_index: 7621
predicted_token: 374, predict_score: 0.053941499441862106, token :  is

Draft step 1: in_token=tensor([[374]], device='cuda:6'), in_token_decoded= is, end_index: 7622
Draft step 1, token  is, predict_score 0.053941499441862106 < threshold 0.6, stopping draft
Verifying token 0: verify_id=594 ('s), draft_id=374 ( is), is_last=False, is_eos=False
Token 0 verification failed, accepting up to this token. is_last: False, is_eos: False, is_mismatch: True

Draft step 0: in_token=tensor([[594]], device='cuda:6'), in_token_decoded='s, end_index: 7622
predicted_token: 30352, predict_score: 0.4498243033885956, token :  dough

Draft step 1: in_token=tensor([[30352]], device='cuda:6'), in_token_decoded= dough, end_index: 7623
Draft step 1, token  dough, predict_score 0.4498243033885956 < threshold 0.6, stopping draft
Verifying token 0: verify_id=6078 ( hands), draft_id=30352 ( dough), is_last=False, is_eos=False
Token 0 verification failed, accepting up to this token. is_last: False, is_eos: False, is_mismatch: True

Draft step 0: in_token=tensor([[6078]], device='cuda:6'), in_token_decoded= hands, end_index: 7623
predicted_token: 525, predict_score: 0.13519416749477386, token :  are

Draft step 1: in_token=tensor([[525]], device='cuda:6'), in_token_decoded= are, end_index: 7624
Draft step 1, token  are, predict_score 0.13519416749477386 < threshold 0.6, stopping draft
Verifying token 0: verify_id=3060 ( continue), draft_id=525 ( are), is_last=False, is_eos=False
Token 0 verification failed, accepting up to this token. is_last: False, is_eos: False, is_mismatch: True

Draft step 0: in_token=tensor([[3060]], device='cuda:6'), in_token_decoded= continue, end_index: 7624
predicted_token: 311, predict_score: 0.7003422975540161, token :  to

Draft step 1: in_token=tensor([[311]], device='cuda:6'), in_token_decoded= to, end_index: 7625
predicted_token: 23065, predict_score: 0.28668639063835144, token :  stir

Draft step 2: in_token=tensor([[23065]], device='cuda:6'), in_token_decoded= stir, end_index: 7626
Draft step 2, token  stir, predict_score 0.28668639063835144 < threshold 0.6, stopping draft
Verifying token 0: verify_id=311 ( to), draft_id=311 ( to), is_last=False, is_eos=False
Verifying token 1: verify_id=975 ( work), draft_id=23065 ( stir), is_last=False, is_eos=False
Token 1 verification failed, accepting up to this token. is_last: False, is_eos: False, is_mismatch: True

Draft step 0: in_token=tensor([[975]], device='cuda:6'), in_token_decoded= work, end_index: 7626
predicted_token: 448, predict_score: 0.22923016548156738, token :  with

Draft step 1: in_token=tensor([[448]], device='cuda:6'), in_token_decoded= with, end_index: 7627
Draft step 1, token  with, predict_score 0.22923016548156738 < threshold 0.6, stopping draft
Verifying token 0: verify_id=432 ( it), draft_id=448 ( with), is_last=False, is_eos=False
Token 0 verification failed, accepting up to this token. is_last: False, is_eos: False, is_mismatch: True

Draft step 0: in_token=tensor([[432]], device='cuda:6'), in_token_decoded= it, end_index: 7627
predicted_token: 13, predict_score: 0.4820503890514374, token : .

Draft step 1: in_token=tensor([[13]], device='cuda:6'), in_token_decoded=., end_index: 7628
Draft step 1, token ., predict_score 0.4820503890514374 < threshold 0.6, stopping draft
Verifying token 0: verify_id=4766 ( inside), draft_id=13 (.), is_last=False, is_eos=False
Token 0 verification failed, accepting up to this token. is_last: False, is_eos: False, is_mismatch: True

Draft step 0: in_token=tensor([[4766]], device='cuda:6'), in_token_decoded= inside, end_index: 7628
predicted_token: 279, predict_score: 0.4268152415752411, token :  the

Draft step 1: in_token=tensor([[279]], device='cuda:6'), in_token_decoded= the, end_index: 7629
Draft step 1, token  the, predict_score 0.4268152415752411 < threshold 0.6, stopping draft
Verifying token 0: verify_id=279 ( the), draft_id=279 ( the), is_last=False, is_eos=False
Verifying token 1: verify_id=37778 ( mixer), draft_id=None (None), is_last=True, is_eos=False
Token 1 verification failed, accepting up to this token. is_last: True, is_eos: False, is_mismatch: False

Draft step 0: in_token=tensor([[37778]], device='cuda:6'), in_token_decoded= mixer, end_index: 7630
predicted_token: 13, predict_score: 0.2543213963508606, token : .

Draft step 1: in_token=tensor([[13]], device='cuda:6'), in_token_decoded=., end_index: 7631
Draft step 1, token ., predict_score 0.2543213963508606 < threshold 0.6, stopping draft
Verifying token 0: verify_id=11 (,), draft_id=13 (.), is_last=False, is_eos=False
Token 0 verification failed, accepting up to this token. is_last: False, is_eos: False, is_mismatch: True

Draft step 0: in_token=tensor([[11]], device='cuda:6'), in_token_decoded=,, end_index: 7631
predicted_token: 323, predict_score: 0.7042476534843445, token :  and

Draft step 1: in_token=tensor([[323]], device='cuda:6'), in_token_decoded= and, end_index: 7632
predicted_token: 1221, predict_score: 0.40259039402008057, token :  then

Draft step 2: in_token=tensor([[1221]], device='cuda:6'), in_token_decoded= then, end_index: 7633
Draft step 2, token  then, predict_score 0.40259039402008057 < threshold 0.6, stopping draft
Verifying token 0: verify_id=448 ( with), draft_id=323 ( and), is_last=False, is_eos=False
Token 0 verification failed, accepting up to this token. is_last: False, is_eos: False, is_mismatch: True

Draft step 0: in_token=tensor([[448]], device='cuda:6'), in_token_decoded= with, end_index: 7632
predicted_token: 279, predict_score: 0.2043832689523697, token :  the

Draft step 1: in_token=tensor([[279]], device='cuda:6'), in_token_decoded= the, end_index: 7633
Draft step 1, token  the, predict_score 0.2043832689523697 < threshold 0.6, stopping draft
Verifying token 0: verify_id=279 ( the), draft_id=279 ( the), is_last=False, is_eos=False
Verifying token 1: verify_id=37778 ( mixer), draft_id=None (None), is_last=True, is_eos=False
Token 1 verification failed, accepting up to this token. is_last: True, is_eos: False, is_mismatch: False

Draft step 0: in_token=tensor([[37778]], device='cuda:6'), in_token_decoded= mixer, end_index: 7634
predicted_token: 323, predict_score: 0.1211610957980156, token :  and

Draft step 1: in_token=tensor([[323]], device='cuda:6'), in_token_decoded= and, end_index: 7635
Draft step 1, token  and, predict_score 0.1211610957980156 < threshold 0.6, stopping draft
Verifying token 0: verify_id=594 ('s), draft_id=323 ( and), is_last=False, is_eos=False
Token 0 verification failed, accepting up to this token. is_last: False, is_eos: False, is_mismatch: True

Draft step 0: in_token=tensor([[594]], device='cuda:6'), in_token_decoded='s, end_index: 7635
predicted_token: 30352, predict_score: 0.07379098981618881, token :  dough

Draft step 1: in_token=tensor([[30352]], device='cuda:6'), in_token_decoded= dough, end_index: 7636
Draft step 1, token  dough, predict_score 0.07379098981618881 < threshold 0.6, stopping draft
Verifying token 0: verify_id=41642 ( blades), draft_id=30352 ( dough), is_last=False, is_eos=False
Token 0 verification failed, accepting up to this token. is_last: False, is_eos: False, is_mismatch: True

Draft step 0: in_token=tensor([[41642]], device='cuda:6'), in_token_decoded= blades, end_index: 7636
predicted_token: 11, predict_score: 0.4666266143321991, token : ,

Draft step 1: in_token=tensor([[11]], device='cuda:6'), in_token_decoded=,, end_index: 7637
Draft step 1, token ,, predict_score 0.4666266143321991 < threshold 0.6, stopping draft
Verifying token 0: verify_id=13054 ( turning), draft_id=11 (,), is_last=False, is_eos=False
Token 0 verification failed, accepting up to this token. is_last: False, is_eos: False, is_mismatch: True

Draft step 0: in_token=tensor([[13054]], device='cuda:6'), in_token_decoded= turning, end_index: 7637
predicted_token: 389, predict_score: 0.4440593421459198, token :  on

Draft step 1: in_token=tensor([[389]], device='cuda:6'), in_token_decoded= on, end_index: 7638
Draft step 1, token  on, predict_score 0.4440593421459198 < threshold 0.6, stopping draft
Verifying token 0: verify_id=311 ( to), draft_id=389 ( on), is_last=False, is_eos=False
Token 0 verification failed, accepting up to this token. is_last: False, is_eos: False, is_mismatch: True

Draft step 0: in_token=tensor([[311]], device='cuda:6'), in_token_decoded= to, end_index: 7638
predicted_token: 279, predict_score: 0.4645097851753235, token :  the

Draft step 1: in_token=tensor([[279]], device='cuda:6'), in_token_decoded= the, end_index: 7639
Draft step 1, token  the, predict_score 0.4645097851753235 < threshold 0.6, stopping draft
Verifying token 0: verify_id=4623 ( further), draft_id=279 ( the), is_last=False, is_eos=False
Token 0 verification failed, accepting up to this token. is_last: False, is_eos: False, is_mismatch: True

Draft step 0: in_token=tensor([[4623]], device='cuda:6'), in_token_decoded= further, end_index: 7639
predicted_token: 1281, predict_score: 0.11803481727838516, token :  make

Draft step 1: in_token=tensor([[1281]], device='cuda:6'), in_token_decoded= make, end_index: 7640
Draft step 1, token  make, predict_score 0.11803481727838516 < threshold 0.6, stopping draft
Verifying token 0: verify_id=13853 ( kne), draft_id=1281 ( make), is_last=False, is_eos=False
Token 0 verification failed, accepting up to this token. is_last: False, is_eos: False, is_mismatch: True

Draft step 0: in_token=tensor([[13853]], device='cuda:6'), in_token_decoded= kne, end_index: 7640
predicted_token: 329, predict_score: 0.45621800422668457, token : ad

Draft step 1: in_token=tensor([[329]], device='cuda:6'), in_token_decoded=ad, end_index: 7641
Draft step 1, token ad, predict_score 0.45621800422668457 < threshold 0.6, stopping draft
Verifying token 0: verify_id=329 (ad), draft_id=329 (ad), is_last=False, is_eos=False
Verifying token 1: verify_id=279 ( the), draft_id=None (None), is_last=True, is_eos=False
Token 1 verification failed, accepting up to this token. is_last: True, is_eos: False, is_mismatch: False

Draft step 0: in_token=tensor([[279]], device='cuda:6'), in_token_decoded= the, end_index: 7642
predicted_token: 30352, predict_score: 0.9597803354263306, token :  dough

Draft step 1: in_token=tensor([[30352]], device='cuda:6'), in_token_decoded= dough, end_index: 7643
predicted_token: 304, predict_score: 0.1551343947649002, token :  in

Draft step 2: in_token=tensor([[304]], device='cuda:6'), in_token_decoded= in, end_index: 7644
Draft step 2, token  in, predict_score 0.1551343947649002 < threshold 0.6, stopping draft
Verifying token 0: verify_id=30352 ( dough), draft_id=30352 ( dough), is_last=False, is_eos=False
Verifying token 1: verify_id=11 (,), draft_id=304 ( in), is_last=False, is_eos=False
Token 1 verification failed, accepting up to this token. is_last: False, is_eos: False, is_mismatch: True

Draft step 0: in_token=tensor([[11]], device='cuda:6'), in_token_decoded=,, end_index: 7644
predicted_token: 323, predict_score: 0.6294008493423462, token :  and

Draft step 1: in_token=tensor([[323]], device='cuda:6'), in_token_decoded= and, end_index: 7645
predicted_token: 1221, predict_score: 0.2077936828136444, token :  then

Draft step 2: in_token=tensor([[1221]], device='cuda:6'), in_token_decoded= then, end_index: 7646
Draft step 2, token  then, predict_score 0.2077936828136444 < threshold 0.6, stopping draft
Verifying token 0: verify_id=323 ( and), draft_id=323 ( and), is_last=False, is_eos=False
Verifying token 1: verify_id=279 ( the), draft_id=1221 ( then), is_last=False, is_eos=False
Token 1 verification failed, accepting up to this token. is_last: False, is_eos: False, is_mismatch: True

Draft step 0: in_token=tensor([[279]], device='cuda:6'), in_token_decoded= the, end_index: 7646
predicted_token: 30352, predict_score: 0.5143500566482544, token :  dough

Draft step 1: in_token=tensor([[30352]], device='cuda:6'), in_token_decoded= dough, end_index: 7647
Draft step 1, token  dough, predict_score 0.5143500566482544 < threshold 0.6, stopping draft
Verifying token 0: verify_id=1697 ( person), draft_id=30352 ( dough), is_last=False, is_eos=False
Token 0 verification failed, accepting up to this token. is_last: False, is_eos: False, is_mismatch: True

Draft step 0: in_token=tensor([[1697]], device='cuda:6'), in_token_decoded= person, end_index: 7647
predicted_token: 75, predict_score: 0.07048193365335464, token : l

Draft step 1: in_token=tensor([[75]], device='cuda:6'), in_token_decoded=l, end_index: 7648
Draft step 1, token l, predict_score 0.07048193365335464 < threshold 0.6, stopping draft
Verifying token 0: verify_id=53066 ( lifts), draft_id=75 (l), is_last=False, is_eos=False
Token 0 verification failed, accepting up to this token. is_last: False, is_eos: False, is_mismatch: True

Draft step 0: in_token=tensor([[53066]], device='cuda:6'), in_token_decoded= lifts, end_index: 7648
predicted_token: 432, predict_score: 0.6358383893966675, token :  it

Draft step 1: in_token=tensor([[432]], device='cuda:6'), in_token_decoded= it, end_index: 7649
predicted_token: 705, predict_score: 0.2650768756866455, token :  up

Draft step 2: in_token=tensor([[705]], device='cuda:6'), in_token_decoded= up, end_index: 7650
Draft step 2, token  up, predict_score 0.2650768756866455 < threshold 0.6, stopping draft
Verifying token 0: verify_id=279 ( the), draft_id=432 ( it), is_last=False, is_eos=False
Token 0 verification failed, accepting up to this token. is_last: False, is_eos: False, is_mismatch: True

Draft step 0: in_token=tensor([[279]], device='cuda:6'), in_token_decoded= the, end_index: 7649
predicted_token: 30352, predict_score: 0.8664546012878418, token :  dough

Draft step 1: in_token=tensor([[30352]], device='cuda:6'), in_token_decoded= dough, end_index: 7650
predicted_token: 448, predict_score: 0.15204504132270813, token :  with

Draft step 2: in_token=tensor([[448]], device='cuda:6'), in_token_decoded= with, end_index: 7651
Draft step 2, token  with, predict_score 0.15204504132270813 < threshold 0.6, stopping draft
Verifying token 0: verify_id=30352 ( dough), draft_id=30352 ( dough), is_last=False, is_eos=False
Verifying token 1: verify_id=700 ( out), draft_id=448 ( with), is_last=False, is_eos=False
Token 1 verification failed, accepting up to this token. is_last: False, is_eos: False, is_mismatch: True

Draft step 0: in_token=tensor([[700]], device='cuda:6'), in_token_decoded= out, end_index: 7651
predicted_token: 315, predict_score: 0.4131031334400177, token :  of

Draft step 1: in_token=tensor([[315]], device='cuda:6'), in_token_decoded= of, end_index: 7652
Draft step 1, token  of, predict_score 0.4131031334400177 < threshold 0.6, stopping draft
Verifying token 0: verify_id=315 ( of), draft_id=315 ( of), is_last=False, is_eos=False
Verifying token 1: verify_id=279 ( the), draft_id=None (None), is_last=True, is_eos=False
Token 1 verification failed, accepting up to this token. is_last: True, is_eos: False, is_mismatch: False

Draft step 0: in_token=tensor([[279]], device='cuda:6'), in_token_decoded= the, end_index: 7653
predicted_token: 30352, predict_score: 0.5625444054603577, token :  dough

Draft step 1: in_token=tensor([[30352]], device='cuda:6'), in_token_decoded= dough, end_index: 7654
Draft step 1, token  dough, predict_score 0.5625444054603577 < threshold 0.6, stopping draft
Verifying token 0: verify_id=37778 ( mixer), draft_id=30352 ( dough), is_last=False, is_eos=False
Token 0 verification failed, accepting up to this token. is_last: False, is_eos: False, is_mismatch: True

Draft step 0: in_token=tensor([[37778]], device='cuda:6'), in_token_decoded= mixer, end_index: 7654
predicted_token: 13, predict_score: 0.29455962777137756, token : .

Draft step 1: in_token=tensor([[13]], device='cuda:6'), in_token_decoded=., end_index: 7655
Draft step 1, token ., predict_score 0.29455962777137756 < threshold 0.6, stopping draft
Verifying token 0: verify_id=311 ( to), draft_id=13 (.), is_last=False, is_eos=False
Token 0 verification failed, accepting up to this token. is_last: False, is_eos: False, is_mismatch: True

Draft step 0: in_token=tensor([[311]], device='cuda:6'), in_token_decoded= to, end_index: 7655
predicted_token: 1281, predict_score: 0.26900777220726013, token :  make

Draft step 1: in_token=tensor([[1281]], device='cuda:6'), in_token_decoded= make, end_index: 7656
Draft step 1, token  make, predict_score 0.26900777220726013 < threshold 0.6, stopping draft
Verifying token 0: verify_id=1473 ( show), draft_id=1281 ( make), is_last=False, is_eos=False
Token 0 verification failed, accepting up to this token. is_last: False, is_eos: False, is_mismatch: True

Draft step 0: in_token=tensor([[1473]], device='cuda:6'), in_token_decoded= show, end_index: 7656
predicted_token: 432, predict_score: 0.21968938410282135, token :  it

Draft step 1: in_token=tensor([[432]], device='cuda:6'), in_token_decoded= it, end_index: 7657
Draft step 1, token  it, predict_score 0.21968938410282135 < threshold 0.6, stopping draft
Verifying token 0: verify_id=1181 ( its), draft_id=432 ( it), is_last=False, is_eos=False
Token 0 verification failed, accepting up to this token. is_last: False, is_eos: False, is_mismatch: True

Draft step 0: in_token=tensor([[1181]], device='cuda:6'), in_token_decoded= its, end_index: 7657
predicted_token: 6821, predict_score: 0.1267634779214859, token :  edge

Draft step 1: in_token=tensor([[6821]], device='cuda:6'), in_token_decoded= edge, end_index: 7658
Draft step 1, token  edge, predict_score 0.1267634779214859 < threshold 0.6, stopping draft
Verifying token 0: verify_id=10434 ( texture), draft_id=6821 ( edge), is_last=False, is_eos=False
Token 0 verification failed, accepting up to this token. is_last: False, is_eos: False, is_mismatch: True

Draft step 0: in_token=tensor([[10434]], device='cuda:6'), in_token_decoded= texture, end_index: 7658
predicted_token: 13, predict_score: 0.32233715057373047, token : .

Draft step 1: in_token=tensor([[13]], device='cuda:6'), in_token_decoded=., end_index: 7659
Draft step 1, token ., predict_score 0.32233715057373047 < threshold 0.6, stopping draft
Verifying token 0: verify_id=13 (.), draft_id=13 (.), is_last=False, is_eos=False
Verifying token 1: verify_id=151645 (<|im_end|>), draft_id=None (None), is_last=True, is_eos=True
Token 1 verification failed, accepting up to this token. is_last: True, is_eos: True, is_mismatch: False
New tokens: ["The dough is kneaded by pressing and folding it, then placed into a dough mixer, and the person's hands continue to work it inside the mixer, with the mixer's blades turning to further knead the dough, and the person lifts the dough out of the mixer to show its texture.<|im_end|>"]
Total new tokens generated: 60
[Spec] avg_accept=1.37 | tokens=60 | context_len=7600
[Adapter] acc=16/50 (32.0%) | avg_confidence=0.374 | context_len=7600
\n===== Lossless Check =====
Speculative output: The dough is kneaded by pressing and folding it, then placed into a dough mixer, and the person's hands continue to work it inside the mixer, with the mixer's blades turning to further knead the dough, and the person lifts the dough out of the mixer to show its texture.
AR manual output:   The dough is kneaded by pressing and folding it, then placed into a dough mixer, and the person's hands continue to work it inside the mixer, with the mixer's blades turning to further knead the dough, and the person lifts the dough out of the mixer to show its texture.
Exact match: True
OK: Outputs match. Speculative decoding is lossless.
Speedup: 1.16x
Speedup_decode: 1.12x
Spec decode tok/s: 31.97
AR decode tok/s:   28.52
 first token :NO

Draft step 0: in_token=tensor([[8996]], device='cuda:6'), in_token_decoded=NO, end_index: 7722
predicted_token: 3596, predict_score: 0.999972939491272, token :  RE

Draft step 1: in_token=tensor([[3596]], device='cuda:6'), in_token_decoded= RE, end_index: 7723
predicted_token: 24834, predict_score: 0.9999754428863525, token : PLY

Draft step 2: in_token=tensor([[24834]], device='cuda:6'), in_token_decoded=PLY, end_index: 7724
predicted_token: 151645, predict_score: 0.9992879033088684, token : <|im_end|>
Verifying token 0: verify_id=3596 ( RE), draft_id=3596 ( RE), is_last=False, is_eos=False
Verifying token 1: verify_id=24834 (PLY), draft_id=24834 (PLY), is_last=False, is_eos=False
Verifying token 2: verify_id=151645 (<|im_end|>), draft_id=151645 (<|im_end|>), is_last=False, is_eos=True
Token 2 verification failed, accepting up to this token. is_last: False, is_eos: True, is_mismatch: False
New tokens: ['NO REPLY<|im_end|>']
Total new tokens generated: 4
[Spec] avg_accept=3.00 | tokens=4 | context_len=7721
[Adapter] acc=3/3 (100.0%) | avg_confidence=1.000 | context_len=7721
\n===== Lossless Check =====
Speculative output: NO REPLY
AR manual output:   NO REPLY
Exact match: True
OK: Outputs match. Speculative decoding is lossless.
Speedup: 1.68x
Speedup_decode: 1.17x
Spec decode tok/s: 44.33
AR decode tok/s:   37.85
 first token :NO

Draft step 0: in_token=tensor([[8996]], device='cuda:6'), in_token_decoded=NO, end_index: 7787
predicted_token: 3596, predict_score: 0.9999778270721436, token :  RE

Draft step 1: in_token=tensor([[3596]], device='cuda:6'), in_token_decoded= RE, end_index: 7788
predicted_token: 24834, predict_score: 0.9999600648880005, token : PLY

Draft step 2: in_token=tensor([[24834]], device='cuda:6'), in_token_decoded=PLY, end_index: 7789
predicted_token: 151645, predict_score: 0.9993075132369995, token : <|im_end|>
Verifying token 0: verify_id=3596 ( RE), draft_id=3596 ( RE), is_last=False, is_eos=False
Verifying token 1: verify_id=24834 (PLY), draft_id=24834 (PLY), is_last=False, is_eos=False
Verifying token 2: verify_id=151645 (<|im_end|>), draft_id=151645 (<|im_end|>), is_last=False, is_eos=True
Token 2 verification failed, accepting up to this token. is_last: False, is_eos: True, is_mismatch: False
New tokens: ['NO REPLY<|im_end|>']
Total new tokens generated: 4
[Spec] avg_accept=3.00 | tokens=4 | context_len=7786
[Adapter] acc=3/3 (100.0%) | avg_confidence=1.000 | context_len=7786
\n===== Lossless Check =====
Speculative output: NO REPLY
AR manual output:   NO REPLY
Exact match: True
OK: Outputs match. Speculative decoding is lossless.
Speedup: 1.04x
Speedup_decode: 1.20x
Spec decode tok/s: 38.27
AR decode tok/s:   31.80
 first token :NO

Draft step 0: in_token=tensor([[8996]], device='cuda:6'), in_token_decoded=NO, end_index: 7852
predicted_token: 3596, predict_score: 0.999970555305481, token :  RE

Draft step 1: in_token=tensor([[3596]], device='cuda:6'), in_token_decoded= RE, end_index: 7853
predicted_token: 24834, predict_score: 0.9999469518661499, token : PLY

Draft step 2: in_token=tensor([[24834]], device='cuda:6'), in_token_decoded=PLY, end_index: 7854
predicted_token: 151645, predict_score: 0.9993234872817993, token : <|im_end|>
Verifying token 0: verify_id=3596 ( RE), draft_id=3596 ( RE), is_last=False, is_eos=False
Verifying token 1: verify_id=24834 (PLY), draft_id=24834 (PLY), is_last=False, is_eos=False
Verifying token 2: verify_id=151645 (<|im_end|>), draft_id=151645 (<|im_end|>), is_last=False, is_eos=True
Token 2 verification failed, accepting up to this token. is_last: False, is_eos: True, is_mismatch: False
New tokens: ['NO REPLY<|im_end|>']
Total new tokens generated: 4
[Spec] avg_accept=3.00 | tokens=4 | context_len=7851
[Adapter] acc=3/3 (100.0%) | avg_confidence=1.000 | context_len=7851
\n===== Lossless Check =====
Speculative output: NO REPLY
AR manual output:   NO REPLY
Exact match: True
OK: Outputs match. Speculative decoding is lossless.
Speedup: 1.68x
Speedup_decode: 1.36x
Spec decode tok/s: 51.11
AR decode tok/s:   37.56
 first token :NO

Draft step 0: in_token=tensor([[8996]], device='cuda:6'), in_token_decoded=NO, end_index: 7917
predicted_token: 3596, predict_score: 0.9999738931655884, token :  RE

Draft step 1: in_token=tensor([[3596]], device='cuda:6'), in_token_decoded= RE, end_index: 7918
predicted_token: 24834, predict_score: 0.9999672174453735, token : PLY

Draft step 2: in_token=tensor([[24834]], device='cuda:6'), in_token_decoded=PLY, end_index: 7919
predicted_token: 151645, predict_score: 0.9993183612823486, token : <|im_end|>
Verifying token 0: verify_id=3596 ( RE), draft_id=3596 ( RE), is_last=False, is_eos=False
Verifying token 1: verify_id=24834 (PLY), draft_id=24834 (PLY), is_last=False, is_eos=False
Verifying token 2: verify_id=151645 (<|im_end|>), draft_id=151645 (<|im_end|>), is_last=False, is_eos=True
Token 2 verification failed, accepting up to this token. is_last: False, is_eos: True, is_mismatch: False
New tokens: ['NO REPLY<|im_end|>']
Total new tokens generated: 4
[Spec] avg_accept=3.00 | tokens=4 | context_len=7916
[Adapter] acc=3/3 (100.0%) | avg_confidence=1.000 | context_len=7916
\n===== Lossless Check =====
Speculative output: NO REPLY
AR manual output:   NO REPLY
Exact match: True
OK: Outputs match. Speculative decoding is lossless.
Speedup: 1.67x
Speedup_decode: 1.27x
Spec decode tok/s: 47.93
AR decode tok/s:   37.66
 first token :NO

Draft step 0: in_token=tensor([[8996]], device='cuda:6'), in_token_decoded=NO, end_index: 7982
predicted_token: 3596, predict_score: 0.9999715089797974, token :  RE

Draft step 1: in_token=tensor([[3596]], device='cuda:6'), in_token_decoded= RE, end_index: 7983
predicted_token: 24834, predict_score: 0.9999523162841797, token : PLY

Draft step 2: in_token=tensor([[24834]], device='cuda:6'), in_token_decoded=PLY, end_index: 7984
predicted_token: 151645, predict_score: 0.9992733597755432, token : <|im_end|>
Verifying token 0: verify_id=3596 ( RE), draft_id=3596 ( RE), is_last=False, is_eos=False
Verifying token 1: verify_id=24834 (PLY), draft_id=24834 (PLY), is_last=False, is_eos=False
Verifying token 2: verify_id=151645 (<|im_end|>), draft_id=151645 (<|im_end|>), is_last=False, is_eos=True
Token 2 verification failed, accepting up to this token. is_last: False, is_eos: True, is_mismatch: False
New tokens: ['NO REPLY<|im_end|>']
Total new tokens generated: 4
[Spec] avg_accept=3.00 | tokens=4 | context_len=7981
[Adapter] acc=3/3 (100.0%) | avg_confidence=1.000 | context_len=7981
\n===== Lossless Check =====
Speculative output: NO REPLY
AR manual output:   NO REPLY
Exact match: True
OK: Outputs match. Speculative decoding is lossless.
Speedup: 1.68x
Speedup_decode: 1.12x
Spec decode tok/s: 42.18
AR decode tok/s:   37.52
 first token :NO

Draft step 0: in_token=tensor([[8996]], device='cuda:6'), in_token_decoded=NO, end_index: 8047
predicted_token: 3596, predict_score: 0.9999746084213257, token :  RE

Draft step 1: in_token=tensor([[3596]], device='cuda:6'), in_token_decoded= RE, end_index: 8048
predicted_token: 24834, predict_score: 0.9999792575836182, token : PLY

Draft step 2: in_token=tensor([[24834]], device='cuda:6'), in_token_decoded=PLY, end_index: 8049
predicted_token: 151645, predict_score: 0.9992550015449524, token : <|im_end|>
Verifying token 0: verify_id=3596 ( RE), draft_id=3596 ( RE), is_last=False, is_eos=False
Verifying token 1: verify_id=24834 (PLY), draft_id=24834 (PLY), is_last=False, is_eos=False
Verifying token 2: verify_id=151645 (<|im_end|>), draft_id=151645 (<|im_end|>), is_last=False, is_eos=True
Token 2 verification failed, accepting up to this token. is_last: False, is_eos: True, is_mismatch: False
New tokens: ['NO REPLY<|im_end|>']
Total new tokens generated: 4
[Spec] avg_accept=3.00 | tokens=4 | context_len=8046
[Adapter] acc=3/3 (100.0%) | avg_confidence=1.000 | context_len=8046
\n===== Lossless Check =====
Speculative output: NO REPLY
AR manual output:   NO REPLY
Exact match: True
OK: Outputs match. Speculative decoding is lossless.
Speedup: 1.67x
Speedup_decode: 1.22x
Spec decode tok/s: 46.15
AR decode tok/s:   37.90
 first token :The

Draft step 0: in_token=tensor([[785]], device='cuda:6'), in_token_decoded=The, end_index: 8112
predicted_token: 30352, predict_score: 0.9215699434280396, token :  dough

Draft step 1: in_token=tensor([[30352]], device='cuda:6'), in_token_decoded= dough, end_index: 8113
predicted_token: 374, predict_score: 0.4995385408401489, token :  is

Draft step 2: in_token=tensor([[374]], device='cuda:6'), in_token_decoded= is, end_index: 8114
Draft step 2, token  is, predict_score 0.4995385408401489 < threshold 0.6, stopping draft
Verifying token 0: verify_id=30352 ( dough), draft_id=30352 ( dough), is_last=False, is_eos=False
Verifying token 1: verify_id=374 ( is), draft_id=374 ( is), is_last=False, is_eos=False
Verifying token 2: verify_id=13853 ( kne), draft_id=None (None), is_last=True, is_eos=False
Token 2 verification failed, accepting up to this token. is_last: True, is_eos: False, is_mismatch: False

Draft step 0: in_token=tensor([[13853]], device='cuda:6'), in_token_decoded= kne, end_index: 8115
predicted_token: 329, predict_score: 0.2921157479286194, token : ad

Draft step 1: in_token=tensor([[329]], device='cuda:6'), in_token_decoded=ad, end_index: 8116
Draft step 1, token ad, predict_score 0.2921157479286194 < threshold 0.6, stopping draft
Verifying token 0: verify_id=14255 (aded), draft_id=329 (ad), is_last=False, is_eos=False
Token 0 verification failed, accepting up to this token. is_last: False, is_eos: False, is_mismatch: True

Draft step 0: in_token=tensor([[14255]], device='cuda:6'), in_token_decoded=aded, end_index: 8116
predicted_token: 311, predict_score: 0.23457999527454376, token :  to

Draft step 1: in_token=tensor([[311]], device='cuda:6'), in_token_decoded= to, end_index: 8117
Draft step 1, token  to, predict_score 0.23457999527454376 < threshold 0.6, stopping draft
Verifying token 0: verify_id=553 ( by), draft_id=311 ( to), is_last=False, is_eos=False
Token 0 verification failed, accepting up to this token. is_last: False, is_eos: False, is_mismatch: True

Draft step 0: in_token=tensor([[553]], device='cuda:6'), in_token_decoded= by, end_index: 8117
predicted_token: 25352, predict_score: 0.47498369216918945, token :  pressing

Draft step 1: in_token=tensor([[25352]], device='cuda:6'), in_token_decoded= pressing, end_index: 8118
Draft step 1, token  pressing, predict_score 0.47498369216918945 < threshold 0.6, stopping draft
Verifying token 0: verify_id=25352 ( pressing), draft_id=25352 ( pressing), is_last=False, is_eos=False
Verifying token 1: verify_id=323 ( and), draft_id=None (None), is_last=True, is_eos=False
Token 1 verification failed, accepting up to this token. is_last: True, is_eos: False, is_mismatch: False

Draft step 0: in_token=tensor([[323]], device='cuda:6'), in_token_decoded= and, end_index: 8119
predicted_token: 1221, predict_score: 0.19859570264816284, token :  then

Draft step 1: in_token=tensor([[1221]], device='cuda:6'), in_token_decoded= then, end_index: 8120
Draft step 1, token  then, predict_score 0.19859570264816284 < threshold 0.6, stopping draft
Verifying token 0: verify_id=44742 ( folding), draft_id=1221 ( then), is_last=False, is_eos=False
Token 0 verification failed, accepting up to this token. is_last: False, is_eos: False, is_mismatch: True

Draft step 0: in_token=tensor([[44742]], device='cuda:6'), in_token_decoded= folding, end_index: 8120
predicted_token: 432, predict_score: 0.19900120794773102, token :  it

Draft step 1: in_token=tensor([[432]], device='cuda:6'), in_token_decoded= it, end_index: 8121
Draft step 1, token  it, predict_score 0.19900120794773102 < threshold 0.6, stopping draft
Verifying token 0: verify_id=432 ( it), draft_id=432 ( it), is_last=False, is_eos=False
Verifying token 1: verify_id=11 (,), draft_id=None (None), is_last=True, is_eos=False
Token 1 verification failed, accepting up to this token. is_last: True, is_eos: False, is_mismatch: False

Draft step 0: in_token=tensor([[11]], device='cuda:6'), in_token_decoded=,, end_index: 8122
predicted_token: 1221, predict_score: 0.3962371051311493, token :  then

Draft step 1: in_token=tensor([[1221]], device='cuda:6'), in_token_decoded= then, end_index: 8123
Draft step 1, token  then, predict_score 0.3962371051311493 < threshold 0.6, stopping draft
Verifying token 0: verify_id=1221 ( then), draft_id=1221 ( then), is_last=False, is_eos=False
Verifying token 1: verify_id=9099 ( placed), draft_id=None (None), is_last=True, is_eos=False
Token 1 verification failed, accepting up to this token. is_last: True, is_eos: False, is_mismatch: False

Draft step 0: in_token=tensor([[9099]], device='cuda:6'), in_token_decoded= placed, end_index: 8124
predicted_token: 389, predict_score: 0.4710403084754944, token :  on

Draft step 1: in_token=tensor([[389]], device='cuda:6'), in_token_decoded= on, end_index: 8125
Draft step 1, token  on, predict_score 0.4710403084754944 < threshold 0.6, stopping draft
Verifying token 0: verify_id=1119 ( into), draft_id=389 ( on), is_last=False, is_eos=False
Token 0 verification failed, accepting up to this token. is_last: False, is_eos: False, is_mismatch: True

Draft step 0: in_token=tensor([[1119]], device='cuda:6'), in_token_decoded= into, end_index: 8125
predicted_token: 264, predict_score: 0.7353097796440125, token :  a

Draft step 1: in_token=tensor([[264]], device='cuda:6'), in_token_decoded= a, end_index: 8126
predicted_token: 19212, predict_score: 0.13810402154922485, token :  bowl

Draft step 2: in_token=tensor([[19212]], device='cuda:6'), in_token_decoded= bowl, end_index: 8127
Draft step 2, token  bowl, predict_score 0.13810402154922485 < threshold 0.6, stopping draft
Verifying token 0: verify_id=264 ( a), draft_id=264 ( a), is_last=False, is_eos=False
Verifying token 1: verify_id=30352 ( dough), draft_id=19212 ( bowl), is_last=False, is_eos=False
Token 1 verification failed, accepting up to this token. is_last: False, is_eos: False, is_mismatch: True

Draft step 0: in_token=tensor([[30352]], device='cuda:6'), in_token_decoded= dough, end_index: 8127
predicted_token: 389, predict_score: 0.2474556863307953, token :  on

Draft step 1: in_token=tensor([[389]], device='cuda:6'), in_token_decoded= on, end_index: 8128
Draft step 1, token  on, predict_score 0.2474556863307953 < threshold 0.6, stopping draft
Verifying token 0: verify_id=37778 ( mixer), draft_id=389 ( on), is_last=False, is_eos=False
Token 0 verification failed, accepting up to this token. is_last: False, is_eos: False, is_mismatch: True

Draft step 0: in_token=tensor([[37778]], device='cuda:6'), in_token_decoded= mixer, end_index: 8128
predicted_token: 13, predict_score: 0.4227994382381439, token : .

Draft step 1: in_token=tensor([[13]], device='cuda:6'), in_token_decoded=., end_index: 8129
Draft step 1, token ., predict_score 0.4227994382381439 < threshold 0.6, stopping draft
Verifying token 0: verify_id=11 (,), draft_id=13 (.), is_last=False, is_eos=False
Token 0 verification failed, accepting up to this token. is_last: False, is_eos: False, is_mismatch: True

Draft step 0: in_token=tensor([[11]], device='cuda:6'), in_token_decoded=,, end_index: 8129
predicted_token: 323, predict_score: 0.6415045857429504, token :  and

Draft step 1: in_token=tensor([[323]], device='cuda:6'), in_token_decoded= and, end_index: 8130
predicted_token: 1221, predict_score: 0.24484093487262726, token :  then

Draft step 2: in_token=tensor([[1221]], device='cuda:6'), in_token_decoded= then, end_index: 8131
Draft step 2, token  then, predict_score 0.24484093487262726 < threshold 0.6, stopping draft
Verifying token 0: verify_id=323 ( and), draft_id=323 ( and), is_last=False, is_eos=False
Verifying token 1: verify_id=279 ( the), draft_id=1221 ( then), is_last=False, is_eos=False
Token 1 verification failed, accepting up to this token. is_last: False, is_eos: False, is_mismatch: True

Draft step 0: in_token=tensor([[279]], device='cuda:6'), in_token_decoded= the, end_index: 8131
predicted_token: 30352, predict_score: 0.8440849184989929, token :  dough

Draft step 1: in_token=tensor([[30352]], device='cuda:6'), in_token_decoded= dough, end_index: 8132
predicted_token: 374, predict_score: 0.6244120597839355, token :  is

Draft step 2: in_token=tensor([[374]], device='cuda:6'), in_token_decoded= is, end_index: 8133
predicted_token: 17320, predict_score: 0.2365984171628952, token :  pressed

Draft step 3: in_token=tensor([[17320]], device='cuda:6'), in_token_decoded= pressed, end_index: 8134
Draft step 3, token  pressed, predict_score 0.2365984171628952 < threshold 0.6, stopping draft
Verifying token 0: verify_id=1697 ( person), draft_id=30352 ( dough), is_last=False, is_eos=False
Token 0 verification failed, accepting up to this token. is_last: False, is_eos: False, is_mismatch: True

Draft step 0: in_token=tensor([[1697]], device='cuda:6'), in_token_decoded= person, end_index: 8132
predicted_token: 374, predict_score: 0.03778853267431259, token :  is

Draft step 1: in_token=tensor([[374]], device='cuda:6'), in_token_decoded= is, end_index: 8133
Draft step 1, token  is, predict_score 0.03778853267431259 < threshold 0.6, stopping draft
Verifying token 0: verify_id=594 ('s), draft_id=374 ( is), is_last=False, is_eos=False
Token 0 verification failed, accepting up to this token. is_last: False, is_eos: False, is_mismatch: True

Draft step 0: in_token=tensor([[594]], device='cuda:6'), in_token_decoded='s, end_index: 8133
predicted_token: 30352, predict_score: 0.6343437433242798, token :  dough

Draft step 1: in_token=tensor([[30352]], device='cuda:6'), in_token_decoded= dough, end_index: 8134
predicted_token: 374, predict_score: 0.873009979724884, token :  is

Draft step 2: in_token=tensor([[374]], device='cuda:6'), in_token_decoded= is, end_index: 8135
predicted_token: 17320, predict_score: 0.24683338403701782, token :  pressed

Draft step 3: in_token=tensor([[17320]], device='cuda:6'), in_token_decoded= pressed, end_index: 8136
Draft step 3, token  pressed, predict_score 0.24683338403701782 < threshold 0.6, stopping draft
Verifying token 0: verify_id=6078 ( hands), draft_id=30352 ( dough), is_last=False, is_eos=False
Token 0 verification failed, accepting up to this token. is_last: False, is_eos: False, is_mismatch: True

Draft step 0: in_token=tensor([[6078]], device='cuda:6'), in_token_decoded= hands, end_index: 8134
predicted_token: 525, predict_score: 0.19201385974884033, token :  are

Draft step 1: in_token=tensor([[525]], device='cuda:6'), in_token_decoded= are, end_index: 8135
Draft step 1, token  are, predict_score 0.19201385974884033 < threshold 0.6, stopping draft
Verifying token 0: verify_id=3060 ( continue), draft_id=525 ( are), is_last=False, is_eos=False
Token 0 verification failed, accepting up to this token. is_last: False, is_eos: False, is_mismatch: True

Draft step 0: in_token=tensor([[3060]], device='cuda:6'), in_token_decoded= continue, end_index: 8135
predicted_token: 311, predict_score: 0.5527141690254211, token :  to

Draft step 1: in_token=tensor([[311]], device='cuda:6'), in_token_decoded= to, end_index: 8136
Draft step 1, token  to, predict_score 0.5527141690254211 < threshold 0.6, stopping draft
Verifying token 0: verify_id=311 ( to), draft_id=311 ( to), is_last=False, is_eos=False
Verifying token 1: verify_id=975 ( work), draft_id=None (None), is_last=True, is_eos=False
Token 1 verification failed, accepting up to this token. is_last: True, is_eos: False, is_mismatch: False

Draft step 0: in_token=tensor([[975]], device='cuda:6'), in_token_decoded= work, end_index: 8137
predicted_token: 448, predict_score: 0.19475889205932617, token :  with

Draft step 1: in_token=tensor([[448]], device='cuda:6'), in_token_decoded= with, end_index: 8138
Draft step 1, token  with, predict_score 0.19475889205932617 < threshold 0.6, stopping draft
Verifying token 0: verify_id=432 ( it), draft_id=448 ( with), is_last=False, is_eos=False
Token 0 verification failed, accepting up to this token. is_last: False, is_eos: False, is_mismatch: True

Draft step 0: in_token=tensor([[432]], device='cuda:6'), in_token_decoded= it, end_index: 8138
predicted_token: 13, predict_score: 0.5004944801330566, token : .

Draft step 1: in_token=tensor([[13]], device='cuda:6'), in_token_decoded=., end_index: 8139
Draft step 1, token ., predict_score 0.5004944801330566 < threshold 0.6, stopping draft
Verifying token 0: verify_id=4766 ( inside), draft_id=13 (.), is_last=False, is_eos=False
Token 0 verification failed, accepting up to this token. is_last: False, is_eos: False, is_mismatch: True

Draft step 0: in_token=tensor([[4766]], device='cuda:6'), in_token_decoded= inside, end_index: 8139
predicted_token: 279, predict_score: 0.4583060145378113, token :  the

Draft step 1: in_token=tensor([[279]], device='cuda:6'), in_token_decoded= the, end_index: 8140
Draft step 1, token  the, predict_score 0.4583060145378113 < threshold 0.6, stopping draft
Verifying token 0: verify_id=279 ( the), draft_id=279 ( the), is_last=False, is_eos=False
Verifying token 1: verify_id=37778 ( mixer), draft_id=None (None), is_last=True, is_eos=False
Token 1 verification failed, accepting up to this token. is_last: True, is_eos: False, is_mismatch: False

Draft step 0: in_token=tensor([[37778]], device='cuda:6'), in_token_decoded= mixer, end_index: 8141
predicted_token: 13, predict_score: 0.3716854751110077, token : .

Draft step 1: in_token=tensor([[13]], device='cuda:6'), in_token_decoded=., end_index: 8142
Draft step 1, token ., predict_score 0.3716854751110077 < threshold 0.6, stopping draft
Verifying token 0: verify_id=11 (,), draft_id=13 (.), is_last=False, is_eos=False
Token 0 verification failed, accepting up to this token. is_last: False, is_eos: False, is_mismatch: True

Draft step 0: in_token=tensor([[11]], device='cuda:6'), in_token_decoded=,, end_index: 8142
predicted_token: 323, predict_score: 0.6184877157211304, token :  and

Draft step 1: in_token=tensor([[323]], device='cuda:6'), in_token_decoded= and, end_index: 8143
predicted_token: 1221, predict_score: 0.28375867009162903, token :  then

Draft step 2: in_token=tensor([[1221]], device='cuda:6'), in_token_decoded= then, end_index: 8144
Draft step 2, token  then, predict_score 0.28375867009162903 < threshold 0.6, stopping draft
Verifying token 0: verify_id=448 ( with), draft_id=323 ( and), is_last=False, is_eos=False
Token 0 verification failed, accepting up to this token. is_last: False, is_eos: False, is_mismatch: True

Draft step 0: in_token=tensor([[448]], device='cuda:6'), in_token_decoded= with, end_index: 8143
predicted_token: 279, predict_score: 0.21570859849452972, token :  the

Draft step 1: in_token=tensor([[279]], device='cuda:6'), in_token_decoded= the, end_index: 8144
Draft step 1, token  the, predict_score 0.21570859849452972 < threshold 0.6, stopping draft
Verifying token 0: verify_id=279 ( the), draft_id=279 ( the), is_last=False, is_eos=False
Verifying token 1: verify_id=37778 ( mixer), draft_id=None (None), is_last=True, is_eos=False
Token 1 verification failed, accepting up to this token. is_last: True, is_eos: False, is_mismatch: False

Draft step 0: in_token=tensor([[37778]], device='cuda:6'), in_token_decoded= mixer, end_index: 8145
predicted_token: 374, predict_score: 0.2317083477973938, token :  is

Draft step 1: in_token=tensor([[374]], device='cuda:6'), in_token_decoded= is, end_index: 8146
Draft step 1, token  is, predict_score 0.2317083477973938 < threshold 0.6, stopping draft
Verifying token 0: verify_id=594 ('s), draft_id=374 ( is), is_last=False, is_eos=False
Token 0 verification failed, accepting up to this token. is_last: False, is_eos: False, is_mismatch: True

Draft step 0: in_token=tensor([[594]], device='cuda:6'), in_token_decoded='s, end_index: 8146
predicted_token: 30352, predict_score: 0.06866461038589478, token :  dough

Draft step 1: in_token=tensor([[30352]], device='cuda:6'), in_token_decoded= dough, end_index: 8147
Draft step 1, token  dough, predict_score 0.06866461038589478 < threshold 0.6, stopping draft
Verifying token 0: verify_id=41642 ( blades), draft_id=30352 ( dough), is_last=False, is_eos=False
Token 0 verification failed, accepting up to this token. is_last: False, is_eos: False, is_mismatch: True

Draft step 0: in_token=tensor([[41642]], device='cuda:6'), in_token_decoded= blades, end_index: 8147
predicted_token: 374, predict_score: 0.36082932353019714, token :  is

Draft step 1: in_token=tensor([[374]], device='cuda:6'), in_token_decoded= is, end_index: 8148
Draft step 1, token  is, predict_score 0.36082932353019714 < threshold 0.6, stopping draft
Verifying token 0: verify_id=13054 ( turning), draft_id=374 ( is), is_last=False, is_eos=False
Token 0 verification failed, accepting up to this token. is_last: False, is_eos: False, is_mismatch: True

Draft step 0: in_token=tensor([[13054]], device='cuda:6'), in_token_decoded= turning, end_index: 8148
predicted_token: 389, predict_score: 0.5116947889328003, token :  on

Draft step 1: in_token=tensor([[389]], device='cuda:6'), in_token_decoded= on, end_index: 8149
Draft step 1, token  on, predict_score 0.5116947889328003 < threshold 0.6, stopping draft
Verifying token 0: verify_id=311 ( to), draft_id=389 ( on), is_last=False, is_eos=False
Token 0 verification failed, accepting up to this token. is_last: False, is_eos: False, is_mismatch: True

Draft step 0: in_token=tensor([[311]], device='cuda:6'), in_token_decoded= to, end_index: 8149
predicted_token: 279, predict_score: 0.5252636075019836, token :  the

Draft step 1: in_token=tensor([[279]], device='cuda:6'), in_token_decoded= the, end_index: 8150
Draft step 1, token  the, predict_score 0.5252636075019836 < threshold 0.6, stopping draft
Verifying token 0: verify_id=4623 ( further), draft_id=279 ( the), is_last=False, is_eos=False
Token 0 verification failed, accepting up to this token. is_last: False, is_eos: False, is_mismatch: True

Draft step 0: in_token=tensor([[4623]], device='cuda:6'), in_token_decoded= further, end_index: 8150
predicted_token: 1352, predict_score: 0.11641014367341995, token :  form

Draft step 1: in_token=tensor([[1352]], device='cuda:6'), in_token_decoded= form, end_index: 8151
Draft step 1, token  form, predict_score 0.11641014367341995 < threshold 0.6, stopping draft
Verifying token 0: verify_id=13853 ( kne), draft_id=1352 ( form), is_last=False, is_eos=False
Token 0 verification failed, accepting up to this token. is_last: False, is_eos: False, is_mismatch: True

Draft step 0: in_token=tensor([[13853]], device='cuda:6'), in_token_decoded= kne, end_index: 8151
predicted_token: 2228, predict_score: 0.48516568541526794, token : ading

Draft step 1: in_token=tensor([[2228]], device='cuda:6'), in_token_decoded=ading, end_index: 8152
Draft step 1, token ading, predict_score 0.48516568541526794 < threshold 0.6, stopping draft
Verifying token 0: verify_id=329 (ad), draft_id=2228 (ading), is_last=False, is_eos=False
Token 0 verification failed, accepting up to this token. is_last: False, is_eos: False, is_mismatch: True

Draft step 0: in_token=tensor([[329]], device='cuda:6'), in_token_decoded=ad, end_index: 8152
predicted_token: 432, predict_score: 0.25076255202293396, token :  it

Draft step 1: in_token=tensor([[432]], device='cuda:6'), in_token_decoded= it, end_index: 8153
Draft step 1, token  it, predict_score 0.25076255202293396 < threshold 0.6, stopping draft
Verifying token 0: verify_id=279 ( the), draft_id=432 ( it), is_last=False, is_eos=False
Token 0 verification failed, accepting up to this token. is_last: False, is_eos: False, is_mismatch: True

Draft step 0: in_token=tensor([[279]], device='cuda:6'), in_token_decoded= the, end_index: 8153
predicted_token: 30352, predict_score: 0.9729253649711609, token :  dough

Draft step 1: in_token=tensor([[30352]], device='cuda:6'), in_token_decoded= dough, end_index: 8154
predicted_token: 4935, predict_score: 0.12462783604860306, token :  ball

Draft step 2: in_token=tensor([[4935]], device='cuda:6'), in_token_decoded= ball, end_index: 8155
Draft step 2, token  ball, predict_score 0.12462783604860306 < threshold 0.6, stopping draft
Verifying token 0: verify_id=30352 ( dough), draft_id=30352 ( dough), is_last=False, is_eos=False
Verifying token 1: verify_id=11 (,), draft_id=4935 ( ball), is_last=False, is_eos=False
Token 1 verification failed, accepting up to this token. is_last: False, is_eos: False, is_mismatch: True

Draft step 0: in_token=tensor([[11]], device='cuda:6'), in_token_decoded=,, end_index: 8155
predicted_token: 323, predict_score: 0.7633922696113586, token :  and

Draft step 1: in_token=tensor([[323]], device='cuda:6'), in_token_decoded= and, end_index: 8156
predicted_token: 1221, predict_score: 0.424606055021286, token :  then

Draft step 2: in_token=tensor([[1221]], device='cuda:6'), in_token_decoded= then, end_index: 8157
Draft step 2, token  then, predict_score 0.424606055021286 < threshold 0.6, stopping draft
Verifying token 0: verify_id=323 ( and), draft_id=323 ( and), is_last=False, is_eos=False
Verifying token 1: verify_id=279 ( the), draft_id=1221 ( then), is_last=False, is_eos=False
Token 1 verification failed, accepting up to this token. is_last: False, is_eos: False, is_mismatch: True

Draft step 0: in_token=tensor([[279]], device='cuda:6'), in_token_decoded= the, end_index: 8157
predicted_token: 30352, predict_score: 0.8178884387016296, token :  dough

Draft step 1: in_token=tensor([[30352]], device='cuda:6'), in_token_decoded= dough, end_index: 8158
predicted_token: 374, predict_score: 0.34474804997444153, token :  is

Draft step 2: in_token=tensor([[374]], device='cuda:6'), in_token_decoded= is, end_index: 8159
Draft step 2, token  is, predict_score 0.34474804997444153 < threshold 0.6, stopping draft
Verifying token 0: verify_id=1697 ( person), draft_id=30352 ( dough), is_last=False, is_eos=False
Token 0 verification failed, accepting up to this token. is_last: False, is_eos: False, is_mismatch: True

Draft step 0: in_token=tensor([[1697]], device='cuda:6'), in_token_decoded= person, end_index: 8158
predicted_token: 10577, predict_score: 0.026135021820664406, token :  turns

Draft step 1: in_token=tensor([[10577]], device='cuda:6'), in_token_decoded= turns, end_index: 8159
Draft step 1, token  turns, predict_score 0.026135021820664406 < threshold 0.6, stopping draft
Verifying token 0: verify_id=1221 ( then), draft_id=10577 ( turns), is_last=False, is_eos=False
Token 0 verification failed, accepting up to this token. is_last: False, is_eos: False, is_mismatch: True

Draft step 0: in_token=tensor([[1221]], device='cuda:6'), in_token_decoded= then, end_index: 8159
predicted_token: 6519, predict_score: 0.1298729032278061, token :  turned

Draft step 1: in_token=tensor([[6519]], device='cuda:6'), in_token_decoded= turned, end_index: 8160
Draft step 1, token  turned, predict_score 0.1298729032278061 < threshold 0.6, stopping draft
Verifying token 0: verify_id=21895 ( picks), draft_id=6519 ( turned), is_last=False, is_eos=False
Token 0 verification failed, accepting up to this token. is_last: False, is_eos: False, is_mismatch: True

Draft step 0: in_token=tensor([[21895]], device='cuda:6'), in_token_decoded= picks, end_index: 8160
predicted_token: 705, predict_score: 0.990872859954834, token :  up

Draft step 1: in_token=tensor([[705]], device='cuda:6'), in_token_decoded= up, end_index: 8161
predicted_token: 279, predict_score: 0.5679552555084229, token :  the

Draft step 2: in_token=tensor([[279]], device='cuda:6'), in_token_decoded= the, end_index: 8162
Draft step 2, token  the, predict_score 0.5679552555084229 < threshold 0.6, stopping draft
Verifying token 0: verify_id=705 ( up), draft_id=705 ( up), is_last=False, is_eos=False
Verifying token 1: verify_id=264 ( a), draft_id=279 ( the), is_last=False, is_eos=False
Token 1 verification failed, accepting up to this token. is_last: False, is_eos: False, is_mismatch: True

Draft step 0: in_token=tensor([[264]], device='cuda:6'), in_token_decoded= a, end_index: 8162
predicted_token: 22360, predict_score: 0.10852370411157608, token :  wooden

Draft step 1: in_token=tensor([[22360]], device='cuda:6'), in_token_decoded= wooden, end_index: 8163
Draft step 1, token  wooden, predict_score 0.10852370411157608 < threshold 0.6, stopping draft
Verifying token 0: verify_id=6573 ( piece), draft_id=22360 ( wooden), is_last=False, is_eos=False
Token 0 verification failed, accepting up to this token. is_last: False, is_eos: False, is_mismatch: True

Draft step 0: in_token=tensor([[6573]], device='cuda:6'), in_token_decoded= piece, end_index: 8163
predicted_token: 315, predict_score: 0.9559608697891235, token :  of

Draft step 1: in_token=tensor([[315]], device='cuda:6'), in_token_decoded= of, end_index: 8164
predicted_token: 30352, predict_score: 0.8209686279296875, token :  dough

Draft step 2: in_token=tensor([[30352]], device='cuda:6'), in_token_decoded= dough, end_index: 8165
predicted_token: 323, predict_score: 0.2001623511314392, token :  and

Draft step 3: in_token=tensor([[323]], device='cuda:6'), in_token_decoded= and, end_index: 8166
Draft step 3, token  and, predict_score 0.2001623511314392 < threshold 0.6, stopping draft
Verifying token 0: verify_id=315 ( of), draft_id=315 ( of), is_last=False, is_eos=False
Verifying token 1: verify_id=30352 ( dough), draft_id=30352 ( dough), is_last=False, is_eos=False
Verifying token 2: verify_id=323 ( and), draft_id=323 ( and), is_last=False, is_eos=False
Verifying token 3: verify_id=7482 ( places), draft_id=None (None), is_last=True, is_eos=False
Token 3 verification failed, accepting up to this token. is_last: True, is_eos: False, is_mismatch: False

Draft step 0: in_token=tensor([[7482]], device='cuda:6'), in_token_decoded= places, end_index: 8167
predicted_token: 432, predict_score: 0.7045830488204956, token :  it

Draft step 1: in_token=tensor([[432]], device='cuda:6'), in_token_decoded= it, end_index: 8168
predicted_token: 389, predict_score: 0.8141442537307739, token :  on

Draft step 2: in_token=tensor([[389]], device='cuda:6'), in_token_decoded= on, end_index: 8169
predicted_token: 279, predict_score: 0.883275032043457, token :  the

Draft step 3: in_token=tensor([[279]], device='cuda:6'), in_token_decoded= the, end_index: 8170
predicted_token: 14376, predict_score: 0.33629631996154785, token :  cutting

Draft step 4: in_token=tensor([[14376]], device='cuda:6'), in_token_decoded= cutting, end_index: 8171
Draft step 4, token  cutting, predict_score 0.33629631996154785 < threshold 0.6, stopping draft
Verifying token 0: verify_id=432 ( it), draft_id=432 ( it), is_last=False, is_eos=False
Verifying token 1: verify_id=389 ( on), draft_id=389 ( on), is_last=False, is_eos=False
Verifying token 2: verify_id=279 ( the), draft_id=279 ( the), is_last=False, is_eos=False
Verifying token 3: verify_id=9317 ( metal), draft_id=14376 ( cutting), is_last=False, is_eos=False
Token 3 verification failed, accepting up to this token. is_last: False, is_eos: False, is_mismatch: True

Draft step 0: in_token=tensor([[9317]], device='cuda:6'), in_token_decoded= metal, end_index: 8171
predicted_token: 57209, predict_score: 0.2441001981496811, token :  basin

Draft step 1: in_token=tensor([[57209]], device='cuda:6'), in_token_decoded= basin, end_index: 8172
Draft step 1, token  basin, predict_score 0.2441001981496811 < threshold 0.6, stopping draft
Verifying token 0: verify_id=7329 ( surface), draft_id=57209 ( basin), is_last=False, is_eos=False
Token 0 verification failed, accepting up to this token. is_last: False, is_eos: False, is_mismatch: True

Draft step 0: in_token=tensor([[7329]], device='cuda:6'), in_token_decoded= surface, end_index: 8172
predicted_token: 13, predict_score: 0.2887722849845886, token : .

Draft step 1: in_token=tensor([[13]], device='cuda:6'), in_token_decoded=., end_index: 8173
Draft step 1, token ., predict_score 0.2887722849845886 < threshold 0.6, stopping draft
Verifying token 0: verify_id=13 (.), draft_id=13 (.), is_last=False, is_eos=False
Verifying token 1: verify_id=151645 (<|im_end|>), draft_id=None (None), is_last=True, is_eos=True
Token 1 verification failed, accepting up to this token. is_last: True, is_eos: True, is_mismatch: False
New tokens: ["The dough is kneaded by pressing and folding it, then placed into a dough mixer, and the person's hands continue to work it inside the mixer, with the mixer's blades turning to further knead the dough, and the person then picks up a piece of dough and places it on the metal surface.<|im_end|>"]
Total new tokens generated: 63
[Spec] avg_accept=1.48 | tokens=63 | context_len=8111
[Adapter] acc=20/53 (37.7%) | avg_confidence=0.442 | context_len=8111
\n===== Lossless Check =====
Speculative output: The dough is kneaded by pressing and folding it, then placed into a dough mixer, and the person's hands continue to work it inside the mixer, with the mixer's blades turning to further knead the dough, and the person then picks up a piece of dough and places it on the metal surface.
AR manual output:   The dough is kneaded by pressing and folding it, then placed into a dough mixer, and the person's hands continue to work it inside the mixer, with the mixer's blades turning to further knead the dough, and the person then picks up a piece of dough and places it on the metal surface.
Exact match: True
OK: Outputs match. Speculative decoding is lossless.
Speedup: 1.20x
Speedup_decode: 1.15x
Spec decode tok/s: 33.55
AR decode tok/s:   29.12
 first token :NO

Draft step 0: in_token=tensor([[8996]], device='cuda:6'), in_token_decoded=NO, end_index: 8236
predicted_token: 3596, predict_score: 0.9999780654907227, token :  RE

Draft step 1: in_token=tensor([[3596]], device='cuda:6'), in_token_decoded= RE, end_index: 8237
predicted_token: 24834, predict_score: 0.999951958656311, token : PLY

Draft step 2: in_token=tensor([[24834]], device='cuda:6'), in_token_decoded=PLY, end_index: 8238
predicted_token: 151645, predict_score: 0.9991959929466248, token : <|im_end|>
Verifying token 0: verify_id=3596 ( RE), draft_id=3596 ( RE), is_last=False, is_eos=False
Verifying token 1: verify_id=24834 (PLY), draft_id=24834 (PLY), is_last=False, is_eos=False
Verifying token 2: verify_id=151645 (<|im_end|>), draft_id=151645 (<|im_end|>), is_last=False, is_eos=True
Token 2 verification failed, accepting up to this token. is_last: False, is_eos: True, is_mismatch: False
New tokens: ['NO REPLY<|im_end|>']
Total new tokens generated: 4
[Spec] avg_accept=3.00 | tokens=4 | context_len=8235
[Adapter] acc=3/3 (100.0%) | avg_confidence=1.000 | context_len=8235
\n===== Lossless Check =====
Speculative output: NO REPLY
AR manual output:   NO REPLY
Exact match: True
OK: Outputs match. Speculative decoding is lossless.
Speedup: 1.68x
Speedup_decode: 1.09x
Spec decode tok/s: 40.95
AR decode tok/s:   37.44
 first token :NO

Draft step 0: in_token=tensor([[8996]], device='cuda:6'), in_token_decoded=NO, end_index: 8301
predicted_token: 3596, predict_score: 0.9999784231185913, token :  RE

Draft step 1: in_token=tensor([[3596]], device='cuda:6'), in_token_decoded= RE, end_index: 8302
predicted_token: 24834, predict_score: 0.9999340772628784, token : PLY

Draft step 2: in_token=tensor([[24834]], device='cuda:6'), in_token_decoded=PLY, end_index: 8303
predicted_token: 151645, predict_score: 0.999325156211853, token : <|im_end|>
Verifying token 0: verify_id=3596 ( RE), draft_id=3596 ( RE), is_last=False, is_eos=False
Verifying token 1: verify_id=24834 (PLY), draft_id=24834 (PLY), is_last=False, is_eos=False
Verifying token 2: verify_id=151645 (<|im_end|>), draft_id=151645 (<|im_end|>), is_last=False, is_eos=True
Token 2 verification failed, accepting up to this token. is_last: False, is_eos: True, is_mismatch: False
New tokens: ['NO REPLY<|im_end|>']
Total new tokens generated: 4
[Spec] avg_accept=3.00 | tokens=4 | context_len=8300
[Adapter] acc=3/3 (100.0%) | avg_confidence=1.000 | context_len=8300
\n===== Lossless Check =====
Speculative output: NO REPLY
AR manual output:   NO REPLY
Exact match: True
OK: Outputs match. Speculative decoding is lossless.
Speedup: 1.66x
Speedup_decode: 1.29x
Spec decode tok/s: 49.10
AR decode tok/s:   37.98
 first token :The

Draft step 0: in_token=tensor([[785]], device='cuda:6'), in_token_decoded=The, end_index: 8366
predicted_token: 30352, predict_score: 0.8802730441093445, token :  dough

Draft step 1: in_token=tensor([[30352]], device='cuda:6'), in_token_decoded= dough, end_index: 8367
predicted_token: 374, predict_score: 0.48214319348335266, token :  is

Draft step 2: in_token=tensor([[374]], device='cuda:6'), in_token_decoded= is, end_index: 8368
Draft step 2, token  is, predict_score 0.48214319348335266 < threshold 0.6, stopping draft
Verifying token 0: verify_id=30352 ( dough), draft_id=30352 ( dough), is_last=False, is_eos=False
Verifying token 1: verify_id=374 ( is), draft_id=374 ( is), is_last=False, is_eos=False
Verifying token 2: verify_id=13853 ( kne), draft_id=None (None), is_last=True, is_eos=False
Token 2 verification failed, accepting up to this token. is_last: True, is_eos: False, is_mismatch: False

Draft step 0: in_token=tensor([[13853]], device='cuda:6'), in_token_decoded= kne, end_index: 8369
predicted_token: 329, predict_score: 0.410635381937027, token : ad

Draft step 1: in_token=tensor([[329]], device='cuda:6'), in_token_decoded=ad, end_index: 8370
Draft step 1, token ad, predict_score 0.410635381937027 < threshold 0.6, stopping draft
Verifying token 0: verify_id=14255 (aded), draft_id=329 (ad), is_last=False, is_eos=False
Token 0 verification failed, accepting up to this token. is_last: False, is_eos: False, is_mismatch: True

Draft step 0: in_token=tensor([[14255]], device='cuda:6'), in_token_decoded=aded, end_index: 8370
predicted_token: 311, predict_score: 0.18146876990795135, token :  to

Draft step 1: in_token=tensor([[311]], device='cuda:6'), in_token_decoded= to, end_index: 8371
Draft step 1, token  to, predict_score 0.18146876990795135 < threshold 0.6, stopping draft
Verifying token 0: verify_id=553 ( by), draft_id=311 ( to), is_last=False, is_eos=False
Token 0 verification failed, accepting up to this token. is_last: False, is_eos: False, is_mismatch: True

Draft step 0: in_token=tensor([[553]], device='cuda:6'), in_token_decoded= by, end_index: 8371
predicted_token: 25352, predict_score: 0.5644519329071045, token :  pressing

Draft step 1: in_token=tensor([[25352]], device='cuda:6'), in_token_decoded= pressing, end_index: 8372
Draft step 1, token  pressing, predict_score 0.5644519329071045 < threshold 0.6, stopping draft
Verifying token 0: verify_id=25352 ( pressing), draft_id=25352 ( pressing), is_last=False, is_eos=False
Verifying token 1: verify_id=323 ( and), draft_id=None (None), is_last=True, is_eos=False
Token 1 verification failed, accepting up to this token. is_last: True, is_eos: False, is_mismatch: False

Draft step 0: in_token=tensor([[323]], device='cuda:6'), in_token_decoded= and, end_index: 8373
predicted_token: 1221, predict_score: 0.3819071054458618, token :  then

Draft step 1: in_token=tensor([[1221]], device='cuda:6'), in_token_decoded= then, end_index: 8374
Draft step 1, token  then, predict_score 0.3819071054458618 < threshold 0.6, stopping draft
Verifying token 0: verify_id=44742 ( folding), draft_id=1221 ( then), is_last=False, is_eos=False
Token 0 verification failed, accepting up to this token. is_last: False, is_eos: False, is_mismatch: True

Draft step 0: in_token=tensor([[44742]], device='cuda:6'), in_token_decoded= folding, end_index: 8374
predicted_token: 432, predict_score: 0.20215843617916107, token :  it

Draft step 1: in_token=tensor([[432]], device='cuda:6'), in_token_decoded= it, end_index: 8375
Draft step 1, token  it, predict_score 0.20215843617916107 < threshold 0.6, stopping draft
Verifying token 0: verify_id=432 ( it), draft_id=432 ( it), is_last=False, is_eos=False
Verifying token 1: verify_id=11 (,), draft_id=None (None), is_last=True, is_eos=False
Token 1 verification failed, accepting up to this token. is_last: True, is_eos: False, is_mismatch: False

Draft step 0: in_token=tensor([[11]], device='cuda:6'), in_token_decoded=,, end_index: 8376
predicted_token: 323, predict_score: 0.3810901641845703, token :  and

Draft step 1: in_token=tensor([[323]], device='cuda:6'), in_token_decoded= and, end_index: 8377
Draft step 1, token  and, predict_score 0.3810901641845703 < threshold 0.6, stopping draft
Verifying token 0: verify_id=1221 ( then), draft_id=323 ( and), is_last=False, is_eos=False
Token 0 verification failed, accepting up to this token. is_last: False, is_eos: False, is_mismatch: True

Draft step 0: in_token=tensor([[1221]], device='cuda:6'), in_token_decoded= then, end_index: 8377
predicted_token: 17320, predict_score: 0.0847594290971756, token :  pressed

Draft step 1: in_token=tensor([[17320]], device='cuda:6'), in_token_decoded= pressed, end_index: 8378
Draft step 1, token  pressed, predict_score 0.0847594290971756 < threshold 0.6, stopping draft
Verifying token 0: verify_id=9099 ( placed), draft_id=17320 ( pressed), is_last=False, is_eos=False
Token 0 verification failed, accepting up to this token. is_last: False, is_eos: False, is_mismatch: True

Draft step 0: in_token=tensor([[9099]], device='cuda:6'), in_token_decoded= placed, end_index: 8378
predicted_token: 389, predict_score: 0.2880263328552246, token :  on

Draft step 1: in_token=tensor([[389]], device='cuda:6'), in_token_decoded= on, end_index: 8379
Draft step 1, token  on, predict_score 0.2880263328552246 < threshold 0.6, stopping draft
Verifying token 0: verify_id=1119 ( into), draft_id=389 ( on), is_last=False, is_eos=False
Token 0 verification failed, accepting up to this token. is_last: False, is_eos: False, is_mismatch: True

Draft step 0: in_token=tensor([[1119]], device='cuda:6'), in_token_decoded= into, end_index: 8379
predicted_token: 279, predict_score: 0.5426780581474304, token :  the

Draft step 1: in_token=tensor([[279]], device='cuda:6'), in_token_decoded= the, end_index: 8380
Draft step 1, token  the, predict_score 0.5426780581474304 < threshold 0.6, stopping draft
Verifying token 0: verify_id=264 ( a), draft_id=279 ( the), is_last=False, is_eos=False
Token 0 verification failed, accepting up to this token. is_last: False, is_eos: False, is_mismatch: True

Draft step 0: in_token=tensor([[264]], device='cuda:6'), in_token_decoded= a, end_index: 8380
predicted_token: 19212, predict_score: 0.3545985221862793, token :  bowl

Draft step 1: in_token=tensor([[19212]], device='cuda:6'), in_token_decoded= bowl, end_index: 8381
Draft step 1, token  bowl, predict_score 0.3545985221862793 < threshold 0.6, stopping draft
Verifying token 0: verify_id=30352 ( dough), draft_id=19212 ( bowl), is_last=False, is_eos=False
Token 0 verification failed, accepting up to this token. is_last: False, is_eos: False, is_mismatch: True

Draft step 0: in_token=tensor([[30352]], device='cuda:6'), in_token_decoded= dough, end_index: 8381
predicted_token: 389, predict_score: 0.26507923007011414, token :  on

Draft step 1: in_token=tensor([[389]], device='cuda:6'), in_token_decoded= on, end_index: 8382
Draft step 1, token  on, predict_score 0.26507923007011414 < threshold 0.6, stopping draft
Verifying token 0: verify_id=37778 ( mixer), draft_id=389 ( on), is_last=False, is_eos=False
Token 0 verification failed, accepting up to this token. is_last: False, is_eos: False, is_mismatch: True

Draft step 0: in_token=tensor([[37778]], device='cuda:6'), in_token_decoded= mixer, end_index: 8382
predicted_token: 13, predict_score: 0.21135064959526062, token : .

Draft step 1: in_token=tensor([[13]], device='cuda:6'), in_token_decoded=., end_index: 8383
Draft step 1, token ., predict_score 0.21135064959526062 < threshold 0.6, stopping draft
Verifying token 0: verify_id=11 (,), draft_id=13 (.), is_last=False, is_eos=False
Token 0 verification failed, accepting up to this token. is_last: False, is_eos: False, is_mismatch: True

Draft step 0: in_token=tensor([[11]], device='cuda:6'), in_token_decoded=,, end_index: 8383
predicted_token: 323, predict_score: 0.7996478080749512, token :  and

Draft step 1: in_token=tensor([[323]], device='cuda:6'), in_token_decoded= and, end_index: 8384
predicted_token: 1221, predict_score: 0.18068939447402954, token :  then

Draft step 2: in_token=tensor([[1221]], device='cuda:6'), in_token_decoded= then, end_index: 8385
Draft step 2, token  then, predict_score 0.18068939447402954 < threshold 0.6, stopping draft
Verifying token 0: verify_id=323 ( and), draft_id=323 ( and), is_last=False, is_eos=False
Verifying token 1: verify_id=279 ( the), draft_id=1221 ( then), is_last=False, is_eos=False
Token 1 verification failed, accepting up to this token. is_last: False, is_eos: False, is_mismatch: True

Draft step 0: in_token=tensor([[279]], device='cuda:6'), in_token_decoded= the, end_index: 8385
predicted_token: 30352, predict_score: 0.9449161291122437, token :  dough

Draft step 1: in_token=tensor([[30352]], device='cuda:6'), in_token_decoded= dough, end_index: 8386
predicted_token: 374, predict_score: 0.5293176174163818, token :  is

Draft step 2: in_token=tensor([[374]], device='cuda:6'), in_token_decoded= is, end_index: 8387
Draft step 2, token  is, predict_score 0.5293176174163818 < threshold 0.6, stopping draft
Verifying token 0: verify_id=1697 ( person), draft_id=30352 ( dough), is_last=False, is_eos=False
Token 0 verification failed, accepting up to this token. is_last: False, is_eos: False, is_mismatch: True

Draft step 0: in_token=tensor([[1697]], device='cuda:6'), in_token_decoded= person, end_index: 8386
predicted_token: 374, predict_score: 0.05854804813861847, token :  is

Draft step 1: in_token=tensor([[374]], device='cuda:6'), in_token_decoded= is, end_index: 8387
Draft step 1, token  is, predict_score 0.05854804813861847 < threshold 0.6, stopping draft
Verifying token 0: verify_id=594 ('s), draft_id=374 ( is), is_last=False, is_eos=False
Token 0 verification failed, accepting up to this token. is_last: False, is_eos: False, is_mismatch: True

Draft step 0: in_token=tensor([[594]], device='cuda:6'), in_token_decoded='s, end_index: 8387
predicted_token: 30352, predict_score: 0.5295620560646057, token :  dough

Draft step 1: in_token=tensor([[30352]], device='cuda:6'), in_token_decoded= dough, end_index: 8388
Draft step 1, token  dough, predict_score 0.5295620560646057 < threshold 0.6, stopping draft
Verifying token 0: verify_id=6078 ( hands), draft_id=30352 ( dough), is_last=False, is_eos=False
Token 0 verification failed, accepting up to this token. is_last: False, is_eos: False, is_mismatch: True

Draft step 0: in_token=tensor([[6078]], device='cuda:6'), in_token_decoded= hands, end_index: 8388
predicted_token: 525, predict_score: 0.13862664997577667, token :  are

Draft step 1: in_token=tensor([[525]], device='cuda:6'), in_token_decoded= are, end_index: 8389
Draft step 1, token  are, predict_score 0.13862664997577667 < threshold 0.6, stopping draft
Verifying token 0: verify_id=3060 ( continue), draft_id=525 ( are), is_last=False, is_eos=False
Token 0 verification failed, accepting up to this token. is_last: False, is_eos: False, is_mismatch: True

Draft step 0: in_token=tensor([[3060]], device='cuda:6'), in_token_decoded= continue, end_index: 8389
predicted_token: 311, predict_score: 0.5082107186317444, token :  to

Draft step 1: in_token=tensor([[311]], device='cuda:6'), in_token_decoded= to, end_index: 8390
Draft step 1, token  to, predict_score 0.5082107186317444 < threshold 0.6, stopping draft
Verifying token 0: verify_id=311 ( to), draft_id=311 ( to), is_last=False, is_eos=False
Verifying token 1: verify_id=975 ( work), draft_id=None (None), is_last=True, is_eos=False
Token 1 verification failed, accepting up to this token. is_last: True, is_eos: False, is_mismatch: False

Draft step 0: in_token=tensor([[975]], device='cuda:6'), in_token_decoded= work, end_index: 8391
predicted_token: 448, predict_score: 0.189243882894516, token :  with

Draft step 1: in_token=tensor([[448]], device='cuda:6'), in_token_decoded= with, end_index: 8392
Draft step 1, token  with, predict_score 0.189243882894516 < threshold 0.6, stopping draft
Verifying token 0: verify_id=432 ( it), draft_id=448 ( with), is_last=False, is_eos=False
Token 0 verification failed, accepting up to this token. is_last: False, is_eos: False, is_mismatch: True

Draft step 0: in_token=tensor([[432]], device='cuda:6'), in_token_decoded= it, end_index: 8392
predicted_token: 13, predict_score: 0.6984560489654541, token : .

Draft step 1: in_token=tensor([[13]], device='cuda:6'), in_token_decoded=., end_index: 8393
predicted_token: 151645, predict_score: 0.9959437251091003, token : <|im_end|>
Verifying token 0: verify_id=4766 ( inside), draft_id=13 (.), is_last=False, is_eos=False
Token 0 verification failed, accepting up to this token. is_last: False, is_eos: False, is_mismatch: True

Draft step 0: in_token=tensor([[4766]], device='cuda:6'), in_token_decoded= inside, end_index: 8393
predicted_token: 279, predict_score: 0.39997032284736633, token :  the

Draft step 1: in_token=tensor([[279]], device='cuda:6'), in_token_decoded= the, end_index: 8394
Draft step 1, token  the, predict_score 0.39997032284736633 < threshold 0.6, stopping draft
Verifying token 0: verify_id=279 ( the), draft_id=279 ( the), is_last=False, is_eos=False
Verifying token 1: verify_id=37778 ( mixer), draft_id=None (None), is_last=True, is_eos=False
Token 1 verification failed, accepting up to this token. is_last: True, is_eos: False, is_mismatch: False

Draft step 0: in_token=tensor([[37778]], device='cuda:6'), in_token_decoded= mixer, end_index: 8395
predicted_token: 13, predict_score: 0.3321530818939209, token : .

Draft step 1: in_token=tensor([[13]], device='cuda:6'), in_token_decoded=., end_index: 8396
Draft step 1, token ., predict_score 0.3321530818939209 < threshold 0.6, stopping draft
Verifying token 0: verify_id=11 (,), draft_id=13 (.), is_last=False, is_eos=False
Token 0 verification failed, accepting up to this token. is_last: False, is_eos: False, is_mismatch: True

Draft step 0: in_token=tensor([[11]], device='cuda:6'), in_token_decoded=,, end_index: 8396
predicted_token: 323, predict_score: 0.804944634437561, token :  and

Draft step 1: in_token=tensor([[323]], device='cuda:6'), in_token_decoded= and, end_index: 8397
predicted_token: 1221, predict_score: 0.2413586676120758, token :  then

Draft step 2: in_token=tensor([[1221]], device='cuda:6'), in_token_decoded= then, end_index: 8398
Draft step 2, token  then, predict_score 0.2413586676120758 < threshold 0.6, stopping draft
Verifying token 0: verify_id=448 ( with), draft_id=323 ( and), is_last=False, is_eos=False
Token 0 verification failed, accepting up to this token. is_last: False, is_eos: False, is_mismatch: True

Draft step 0: in_token=tensor([[448]], device='cuda:6'), in_token_decoded= with, end_index: 8397
predicted_token: 264, predict_score: 0.2930854260921478, token :  a

Draft step 1: in_token=tensor([[264]], device='cuda:6'), in_token_decoded= a, end_index: 8398
Draft step 1, token  a, predict_score 0.2930854260921478 < threshold 0.6, stopping draft
Verifying token 0: verify_id=279 ( the), draft_id=264 ( a), is_last=False, is_eos=False
Token 0 verification failed, accepting up to this token. is_last: False, is_eos: False, is_mismatch: True

Draft step 0: in_token=tensor([[279]], device='cuda:6'), in_token_decoded= the, end_index: 8398
predicted_token: 30352, predict_score: 0.8521154522895813, token :  dough

Draft step 1: in_token=tensor([[30352]], device='cuda:6'), in_token_decoded= dough, end_index: 8399
predicted_token: 389, predict_score: 0.10823091864585876, token :  on

Draft step 2: in_token=tensor([[389]], device='cuda:6'), in_token_decoded= on, end_index: 8400
Draft step 2, token  on, predict_score 0.10823091864585876 < threshold 0.6, stopping draft
Verifying token 0: verify_id=37778 ( mixer), draft_id=30352 ( dough), is_last=False, is_eos=False
Token 0 verification failed, accepting up to this token. is_last: False, is_eos: False, is_mismatch: True

Draft step 0: in_token=tensor([[37778]], device='cuda:6'), in_token_decoded= mixer, end_index: 8399
predicted_token: 374, predict_score: 0.22034263610839844, token :  is

Draft step 1: in_token=tensor([[374]], device='cuda:6'), in_token_decoded= is, end_index: 8400
Draft step 1, token  is, predict_score 0.22034263610839844 < threshold 0.6, stopping draft
Verifying token 0: verify_id=594 ('s), draft_id=374 ( is), is_last=False, is_eos=False
Token 0 verification failed, accepting up to this token. is_last: False, is_eos: False, is_mismatch: True

Draft step 0: in_token=tensor([[594]], device='cuda:6'), in_token_decoded='s, end_index: 8400
predicted_token: 30352, predict_score: 0.3134037256240845, token :  dough

Draft step 1: in_token=tensor([[30352]], device='cuda:6'), in_token_decoded= dough, end_index: 8401
Draft step 1, token  dough, predict_score 0.3134037256240845 < threshold 0.6, stopping draft
Verifying token 0: verify_id=41642 ( blades), draft_id=30352 ( dough), is_last=False, is_eos=False
Token 0 verification failed, accepting up to this token. is_last: False, is_eos: False, is_mismatch: True

Draft step 0: in_token=tensor([[41642]], device='cuda:6'), in_token_decoded= blades, end_index: 8401
predicted_token: 374, predict_score: 0.4444827437400818, token :  is

Draft step 1: in_token=tensor([[374]], device='cuda:6'), in_token_decoded= is, end_index: 8402
Draft step 1, token  is, predict_score 0.4444827437400818 < threshold 0.6, stopping draft
Verifying token 0: verify_id=13054 ( turning), draft_id=374 ( is), is_last=False, is_eos=False
Token 0 verification failed, accepting up to this token. is_last: False, is_eos: False, is_mismatch: True

Draft step 0: in_token=tensor([[13054]], device='cuda:6'), in_token_decoded= turning, end_index: 8402
predicted_token: 389, predict_score: 0.5531946420669556, token :  on

Draft step 1: in_token=tensor([[389]], device='cuda:6'), in_token_decoded= on, end_index: 8403
Draft step 1, token  on, predict_score 0.5531946420669556 < threshold 0.6, stopping draft
Verifying token 0: verify_id=311 ( to), draft_id=389 ( on), is_last=False, is_eos=False
Token 0 verification failed, accepting up to this token. is_last: False, is_eos: False, is_mismatch: True

Draft step 0: in_token=tensor([[311]], device='cuda:6'), in_token_decoded= to, end_index: 8403
predicted_token: 279, predict_score: 0.7730966210365295, token :  the

Draft step 1: in_token=tensor([[279]], device='cuda:6'), in_token_decoded= the, end_index: 8404
predicted_token: 1290, predict_score: 0.6394822597503662, token :  right

Draft step 2: in_token=tensor([[1290]], device='cuda:6'), in_token_decoded= right, end_index: 8405
predicted_token: 311, predict_score: 0.3238826394081116, token :  to

Draft step 3: in_token=tensor([[311]], device='cuda:6'), in_token_decoded= to, end_index: 8406
Draft step 3, token  to, predict_score 0.3238826394081116 < threshold 0.6, stopping draft
Verifying token 0: verify_id=4623 ( further), draft_id=279 ( the), is_last=False, is_eos=False
Token 0 verification failed, accepting up to this token. is_last: False, is_eos: False, is_mismatch: True

Draft step 0: in_token=tensor([[4623]], device='cuda:6'), in_token_decoded= further, end_index: 8404
predicted_token: 1352, predict_score: 0.10522614419460297, token :  form

Draft step 1: in_token=tensor([[1352]], device='cuda:6'), in_token_decoded= form, end_index: 8405
Draft step 1, token  form, predict_score 0.10522614419460297 < threshold 0.6, stopping draft
Verifying token 0: verify_id=13853 ( kne), draft_id=1352 ( form), is_last=False, is_eos=False
Token 0 verification failed, accepting up to this token. is_last: False, is_eos: False, is_mismatch: True

Draft step 0: in_token=tensor([[13853]], device='cuda:6'), in_token_decoded= kne, end_index: 8405
predicted_token: 2228, predict_score: 0.5282994508743286, token : ading

Draft step 1: in_token=tensor([[2228]], device='cuda:6'), in_token_decoded=ading, end_index: 8406
Draft step 1, token ading, predict_score 0.5282994508743286 < threshold 0.6, stopping draft
Verifying token 0: verify_id=329 (ad), draft_id=2228 (ading), is_last=False, is_eos=False
Token 0 verification failed, accepting up to this token. is_last: False, is_eos: False, is_mismatch: True

Draft step 0: in_token=tensor([[329]], device='cuda:6'), in_token_decoded=ad, end_index: 8406
predicted_token: 432, predict_score: 0.31432220339775085, token :  it

Draft step 1: in_token=tensor([[432]], device='cuda:6'), in_token_decoded= it, end_index: 8407
Draft step 1, token  it, predict_score 0.31432220339775085 < threshold 0.6, stopping draft
Verifying token 0: verify_id=279 ( the), draft_id=432 ( it), is_last=False, is_eos=False
Token 0 verification failed, accepting up to this token. is_last: False, is_eos: False, is_mismatch: True

Draft step 0: in_token=tensor([[279]], device='cuda:6'), in_token_decoded= the, end_index: 8407
predicted_token: 30352, predict_score: 0.9080113172531128, token :  dough

Draft step 1: in_token=tensor([[30352]], device='cuda:6'), in_token_decoded= dough, end_index: 8408
predicted_token: 4935, predict_score: 0.09993690997362137, token :  ball

Draft step 2: in_token=tensor([[4935]], device='cuda:6'), in_token_decoded= ball, end_index: 8409
Draft step 2, token  ball, predict_score 0.09993690997362137 < threshold 0.6, stopping draft
Verifying token 0: verify_id=30352 ( dough), draft_id=30352 ( dough), is_last=False, is_eos=False
Verifying token 1: verify_id=11 (,), draft_id=4935 ( ball), is_last=False, is_eos=False
Token 1 verification failed, accepting up to this token. is_last: False, is_eos: False, is_mismatch: True

Draft step 0: in_token=tensor([[11]], device='cuda:6'), in_token_decoded=,, end_index: 8409
predicted_token: 323, predict_score: 0.76341313123703, token :  and

Draft step 1: in_token=tensor([[323]], device='cuda:6'), in_token_decoded= and, end_index: 8410
predicted_token: 1221, predict_score: 0.48092734813690186, token :  then

Draft step 2: in_token=tensor([[1221]], device='cuda:6'), in_token_decoded= then, end_index: 8411
Draft step 2, token  then, predict_score 0.48092734813690186 < threshold 0.6, stopping draft
Verifying token 0: verify_id=323 ( and), draft_id=323 ( and), is_last=False, is_eos=False
Verifying token 1: verify_id=279 ( the), draft_id=1221 ( then), is_last=False, is_eos=False
Token 1 verification failed, accepting up to this token. is_last: False, is_eos: False, is_mismatch: True

Draft step 0: in_token=tensor([[279]], device='cuda:6'), in_token_decoded= the, end_index: 8411
predicted_token: 30352, predict_score: 0.9494665265083313, token :  dough

Draft step 1: in_token=tensor([[30352]], device='cuda:6'), in_token_decoded= dough, end_index: 8412
predicted_token: 374, predict_score: 0.3300382196903229, token :  is

Draft step 2: in_token=tensor([[374]], device='cuda:6'), in_token_decoded= is, end_index: 8413
Draft step 2, token  is, predict_score 0.3300382196903229 < threshold 0.6, stopping draft
Verifying token 0: verify_id=1697 ( person), draft_id=30352 ( dough), is_last=False, is_eos=False
Token 0 verification failed, accepting up to this token. is_last: False, is_eos: False, is_mismatch: True

Draft step 0: in_token=tensor([[1697]], device='cuda:6'), in_token_decoded= person, end_index: 8412
predicted_token: 10577, predict_score: 0.035821519792079926, token :  turns

Draft step 1: in_token=tensor([[10577]], device='cuda:6'), in_token_decoded= turns, end_index: 8413
Draft step 1, token  turns, predict_score 0.035821519792079926 < threshold 0.6, stopping draft
Verifying token 0: verify_id=1221 ( then), draft_id=10577 ( turns), is_last=False, is_eos=False
Token 0 verification failed, accepting up to this token. is_last: False, is_eos: False, is_mismatch: True

Draft step 0: in_token=tensor([[1221]], device='cuda:6'), in_token_decoded= then, end_index: 8413
predicted_token: 30352, predict_score: 0.14376533031463623, token :  dough

Draft step 1: in_token=tensor([[30352]], device='cuda:6'), in_token_decoded= dough, end_index: 8414
Draft step 1, token  dough, predict_score 0.14376533031463623 < threshold 0.6, stopping draft
Verifying token 0: verify_id=21895 ( picks), draft_id=30352 ( dough), is_last=False, is_eos=False
Token 0 verification failed, accepting up to this token. is_last: False, is_eos: False, is_mismatch: True

Draft step 0: in_token=tensor([[21895]], device='cuda:6'), in_token_decoded= picks, end_index: 8414
predicted_token: 705, predict_score: 0.9667999744415283, token :  up

Draft step 1: in_token=tensor([[705]], device='cuda:6'), in_token_decoded= up, end_index: 8415
predicted_token: 279, predict_score: 0.41813844442367554, token :  the

Draft step 2: in_token=tensor([[279]], device='cuda:6'), in_token_decoded= the, end_index: 8416
Draft step 2, token  the, predict_score 0.41813844442367554 < threshold 0.6, stopping draft
Verifying token 0: verify_id=705 ( up), draft_id=705 ( up), is_last=False, is_eos=False
Verifying token 1: verify_id=264 ( a), draft_id=279 ( the), is_last=False, is_eos=False
Token 1 verification failed, accepting up to this token. is_last: False, is_eos: False, is_mismatch: True

Draft step 0: in_token=tensor([[264]], device='cuda:6'), in_token_decoded= a, end_index: 8416
predicted_token: 19212, predict_score: 0.160759836435318, token :  bowl

Draft step 1: in_token=tensor([[19212]], device='cuda:6'), in_token_decoded= bowl, end_index: 8417
Draft step 1, token  bowl, predict_score 0.160759836435318 < threshold 0.6, stopping draft
Verifying token 0: verify_id=6573 ( piece), draft_id=19212 ( bowl), is_last=False, is_eos=False
Token 0 verification failed, accepting up to this token. is_last: False, is_eos: False, is_mismatch: True

Draft step 0: in_token=tensor([[6573]], device='cuda:6'), in_token_decoded= piece, end_index: 8417
predicted_token: 315, predict_score: 0.9445735812187195, token :  of

Draft step 1: in_token=tensor([[315]], device='cuda:6'), in_token_decoded= of, end_index: 8418
predicted_token: 30352, predict_score: 0.7817774415016174, token :  dough

Draft step 2: in_token=tensor([[30352]], device='cuda:6'), in_token_decoded= dough, end_index: 8419
predicted_token: 389, predict_score: 0.18775895237922668, token :  on

Draft step 3: in_token=tensor([[389]], device='cuda:6'), in_token_decoded= on, end_index: 8420
Draft step 3, token  on, predict_score 0.18775895237922668 < threshold 0.6, stopping draft
Verifying token 0: verify_id=315 ( of), draft_id=315 ( of), is_last=False, is_eos=False
Verifying token 1: verify_id=30352 ( dough), draft_id=30352 ( dough), is_last=False, is_eos=False
Verifying token 2: verify_id=323 ( and), draft_id=389 ( on), is_last=False, is_eos=False
Token 2 verification failed, accepting up to this token. is_last: False, is_eos: False, is_mismatch: True

Draft step 0: in_token=tensor([[323]], device='cuda:6'), in_token_decoded= and, end_index: 8420
predicted_token: 264, predict_score: 0.2342505306005478, token :  a

Draft step 1: in_token=tensor([[264]], device='cuda:6'), in_token_decoded= a, end_index: 8421
Draft step 1, token  a, predict_score 0.2342505306005478 < threshold 0.6, stopping draft
Verifying token 0: verify_id=7482 ( places), draft_id=264 ( a), is_last=False, is_eos=False
Token 0 verification failed, accepting up to this token. is_last: False, is_eos: False, is_mismatch: True

Draft step 0: in_token=tensor([[7482]], device='cuda:6'), in_token_decoded= places, end_index: 8421
predicted_token: 432, predict_score: 0.5950444936752319, token :  it

Draft step 1: in_token=tensor([[432]], device='cuda:6'), in_token_decoded= it, end_index: 8422
Draft step 1, token  it, predict_score 0.5950444936752319 < threshold 0.6, stopping draft
Verifying token 0: verify_id=432 ( it), draft_id=432 ( it), is_last=False, is_eos=False
Verifying token 1: verify_id=389 ( on), draft_id=None (None), is_last=True, is_eos=False
Token 1 verification failed, accepting up to this token. is_last: True, is_eos: False, is_mismatch: False

Draft step 0: in_token=tensor([[389]], device='cuda:6'), in_token_decoded= on, end_index: 8423
predicted_token: 279, predict_score: 0.884876012802124, token :  the

Draft step 1: in_token=tensor([[279]], device='cuda:6'), in_token_decoded= the, end_index: 8424
predicted_token: 14376, predict_score: 0.5093700289726257, token :  cutting

Draft step 2: in_token=tensor([[14376]], device='cuda:6'), in_token_decoded= cutting, end_index: 8425
Draft step 2, token  cutting, predict_score 0.5093700289726257 < threshold 0.6, stopping draft
Verifying token 0: verify_id=279 ( the), draft_id=279 ( the), is_last=False, is_eos=False
Verifying token 1: verify_id=9317 ( metal), draft_id=14376 ( cutting), is_last=False, is_eos=False
Token 1 verification failed, accepting up to this token. is_last: False, is_eos: False, is_mismatch: True

Draft step 0: in_token=tensor([[9317]], device='cuda:6'), in_token_decoded= metal, end_index: 8425
predicted_token: 57209, predict_score: 0.3548205494880676, token :  basin

Draft step 1: in_token=tensor([[57209]], device='cuda:6'), in_token_decoded= basin, end_index: 8426
Draft step 1, token  basin, predict_score 0.3548205494880676 < threshold 0.6, stopping draft
Verifying token 0: verify_id=7329 ( surface), draft_id=57209 ( basin), is_last=False, is_eos=False
Token 0 verification failed, accepting up to this token. is_last: False, is_eos: False, is_mismatch: True

Draft step 0: in_token=tensor([[7329]], device='cuda:6'), in_token_decoded= surface, end_index: 8426
predicted_token: 13, predict_score: 0.24428704380989075, token : .

Draft step 1: in_token=tensor([[13]], device='cuda:6'), in_token_decoded=., end_index: 8427
Draft step 1, token ., predict_score 0.24428704380989075 < threshold 0.6, stopping draft
Verifying token 0: verify_id=11 (,), draft_id=13 (.), is_last=False, is_eos=False
Token 0 verification failed, accepting up to this token. is_last: False, is_eos: False, is_mismatch: True

Draft step 0: in_token=tensor([[11]], device='cuda:6'), in_token_decoded=,, end_index: 8427
predicted_token: 323, predict_score: 0.4417113959789276, token :  and

Draft step 1: in_token=tensor([[323]], device='cuda:6'), in_token_decoded= and, end_index: 8428
Draft step 1, token  and, predict_score 0.4417113959789276 < threshold 0.6, stopping draft
Verifying token 0: verify_id=448 ( with), draft_id=323 ( and), is_last=False, is_eos=False
Token 0 verification failed, accepting up to this token. is_last: False, is_eos: False, is_mismatch: True

Draft step 0: in_token=tensor([[448]], device='cuda:6'), in_token_decoded= with, end_index: 8428
predicted_token: 264, predict_score: 0.2878418266773224, token :  a

Draft step 1: in_token=tensor([[264]], device='cuda:6'), in_token_decoded= a, end_index: 8429
Draft step 1, token  a, predict_score 0.2878418266773224 < threshold 0.6, stopping draft
Verifying token 0: verify_id=1008 ( other), draft_id=264 ( a), is_last=False, is_eos=False
Token 0 verification failed, accepting up to this token. is_last: False, is_eos: False, is_mismatch: True

Draft step 0: in_token=tensor([[1008]], device='cuda:6'), in_token_decoded= other, end_index: 8429
predicted_token: 30352, predict_score: 0.9049413204193115, token :  dough

Draft step 1: in_token=tensor([[30352]], device='cuda:6'), in_token_decoded= dough, end_index: 8430
predicted_token: 389, predict_score: 0.36258912086486816, token :  on

Draft step 2: in_token=tensor([[389]], device='cuda:6'), in_token_decoded= on, end_index: 8431
Draft step 2, token  on, predict_score 0.36258912086486816 < threshold 0.6, stopping draft
Verifying token 0: verify_id=9666 ( pieces), draft_id=30352 ( dough), is_last=False, is_eos=False
Token 0 verification failed, accepting up to this token. is_last: False, is_eos: False, is_mismatch: True

Draft step 0: in_token=tensor([[9666]], device='cuda:6'), in_token_decoded= pieces, end_index: 8430
predicted_token: 315, predict_score: 0.7863258719444275, token :  of

Draft step 1: in_token=tensor([[315]], device='cuda:6'), in_token_decoded= of, end_index: 8431
predicted_token: 30352, predict_score: 0.9063170552253723, token :  dough

Draft step 2: in_token=tensor([[30352]], device='cuda:6'), in_token_decoded= dough, end_index: 8432
predicted_token: 13, predict_score: 0.24669471383094788, token : .

Draft step 3: in_token=tensor([[13]], device='cuda:6'), in_token_decoded=., end_index: 8433
Draft step 3, token ., predict_score 0.24669471383094788 < threshold 0.6, stopping draft
Verifying token 0: verify_id=315 ( of), draft_id=315 ( of), is_last=False, is_eos=False
Verifying token 1: verify_id=30352 ( dough), draft_id=30352 ( dough), is_last=False, is_eos=False
Verifying token 2: verify_id=323 ( and), draft_id=13 (.), is_last=False, is_eos=False
Token 2 verification failed, accepting up to this token. is_last: False, is_eos: False, is_mismatch: True

Draft step 0: in_token=tensor([[323]], device='cuda:6'), in_token_decoded= and, end_index: 8433
predicted_token: 264, predict_score: 0.17586258053779602, token :  a

Draft step 1: in_token=tensor([[264]], device='cuda:6'), in_token_decoded= a, end_index: 8434
Draft step 1, token  a, predict_score 0.17586258053779602 < threshold 0.6, stopping draft
Verifying token 0: verify_id=264 ( a), draft_id=264 ( a), is_last=False, is_eos=False
Verifying token 1: verify_id=2613 ( small), draft_id=None (None), is_last=True, is_eos=False
Token 1 verification failed, accepting up to this token. is_last: True, is_eos: False, is_mismatch: False

Draft step 0: in_token=tensor([[2613]], device='cuda:6'), in_token_decoded= small, end_index: 8435
predicted_token: 3311, predict_score: 0.3028683066368103, token :  amount

Draft step 1: in_token=tensor([[3311]], device='cuda:6'), in_token_decoded= amount, end_index: 8436
Draft step 1, token  amount, predict_score 0.3028683066368103 < threshold 0.6, stopping draft
Verifying token 0: verify_id=5476 ( container), draft_id=3311 ( amount), is_last=False, is_eos=False
Token 0 verification failed, accepting up to this token. is_last: False, is_eos: False, is_mismatch: True

Draft step 0: in_token=tensor([[5476]], device='cuda:6'), in_token_decoded= container, end_index: 8436
predicted_token: 315, predict_score: 0.20229119062423706, token :  of

Draft step 1: in_token=tensor([[315]], device='cuda:6'), in_token_decoded= of, end_index: 8437
Draft step 1, token  of, predict_score 0.20229119062423706 < threshold 0.6, stopping draft
Verifying token 0: verify_id=14046 ( nearby), draft_id=315 ( of), is_last=False, is_eos=False
Token 0 verification failed, accepting up to this token. is_last: False, is_eos: False, is_mismatch: True

Draft step 0: in_token=tensor([[14046]], device='cuda:6'), in_token_decoded= nearby, end_index: 8437
predicted_token: 13, predict_score: 0.3985273241996765, token : .

Draft step 1: in_token=tensor([[13]], device='cuda:6'), in_token_decoded=., end_index: 8438
Draft step 1, token ., predict_score 0.3985273241996765 < threshold 0.6, stopping draft
Verifying token 0: verify_id=13 (.), draft_id=13 (.), is_last=False, is_eos=False
Verifying token 1: verify_id=151645 (<|im_end|>), draft_id=None (None), is_last=True, is_eos=True
Token 1 verification failed, accepting up to this token. is_last: True, is_eos: True, is_mismatch: False
New tokens: ["The dough is kneaded by pressing and folding it, then placed into a dough mixer, and the person's hands continue to work it inside the mixer, with the mixer's blades turning to further knead the dough, and the person then picks up a piece of dough and places it on the metal surface, with other pieces of dough and a small container nearby.<|im_end|>"]
Total new tokens generated: 74
[Spec] avg_accept=1.33 | tokens=74 | context_len=8365
[Adapter] acc=18/65 (27.7%) | avg_confidence=0.453 | context_len=8365
\n===== Lossless Check =====
Speculative output: The dough is kneaded by pressing and folding it, then placed into a dough mixer, and the person's hands continue to work it inside the mixer, with the mixer's blades turning to further knead the dough, and the person then picks up a piece of dough and places it on the metal surface, with other pieces of dough and a small container nearby.
AR manual output:   The dough is kneaded by pressing and folding it, then placed into a dough mixer, and the person's hands continue to work it inside the mixer, with the mixer's blades turning to further knead the dough, and the person then picks up a piece of dough and places it on the metal surface, with other pieces of dough and a small container nearby.
Exact match: True
OK: Outputs match. Speculative decoding is lossless.
Speedup: 1.08x
Speedup_decode: 1.05x
Spec decode tok/s: 30.08
AR decode tok/s:   28.69
 first token :NO

Draft step 0: in_token=tensor([[8996]], device='cuda:6'), in_token_decoded=NO, end_index: 8501
predicted_token: 3596, predict_score: 0.999962568283081, token :  RE

Draft step 1: in_token=tensor([[3596]], device='cuda:6'), in_token_decoded= RE, end_index: 8502
predicted_token: 24834, predict_score: 0.9999809265136719, token : PLY

Draft step 2: in_token=tensor([[24834]], device='cuda:6'), in_token_decoded=PLY, end_index: 8503
predicted_token: 151645, predict_score: 0.9990593791007996, token : <|im_end|>
Verifying token 0: verify_id=3596 ( RE), draft_id=3596 ( RE), is_last=False, is_eos=False
Verifying token 1: verify_id=24834 (PLY), draft_id=24834 (PLY), is_last=False, is_eos=False
Verifying token 2: verify_id=151645 (<|im_end|>), draft_id=151645 (<|im_end|>), is_last=False, is_eos=True
Token 2 verification failed, accepting up to this token. is_last: False, is_eos: True, is_mismatch: False
New tokens: ['NO REPLY<|im_end|>']
Total new tokens generated: 4
[Spec] avg_accept=3.00 | tokens=4 | context_len=8500
[Adapter] acc=3/3 (100.0%) | avg_confidence=1.000 | context_len=8500
\n===== Lossless Check =====
Speculative output: NO REPLY
AR manual output:   NO REPLY
Exact match: True
OK: Outputs match. Speculative decoding is lossless.
Speedup: 1.70x
Speedup_decode: 1.35x
Spec decode tok/s: 49.93
AR decode tok/s:   36.86
 first token :NO

Draft step 0: in_token=tensor([[8996]], device='cuda:6'), in_token_decoded=NO, end_index: 8566
predicted_token: 3596, predict_score: 0.9999768733978271, token :  RE

Draft step 1: in_token=tensor([[3596]], device='cuda:6'), in_token_decoded= RE, end_index: 8567
predicted_token: 24834, predict_score: 0.9999501705169678, token : PLY

Draft step 2: in_token=tensor([[24834]], device='cuda:6'), in_token_decoded=PLY, end_index: 8568
predicted_token: 151645, predict_score: 0.9991846680641174, token : <|im_end|>
Verifying token 0: verify_id=3596 ( RE), draft_id=3596 ( RE), is_last=False, is_eos=False
Verifying token 1: verify_id=24834 (PLY), draft_id=24834 (PLY), is_last=False, is_eos=False
Verifying token 2: verify_id=151645 (<|im_end|>), draft_id=151645 (<|im_end|>), is_last=False, is_eos=True
Token 2 verification failed, accepting up to this token. is_last: False, is_eos: True, is_mismatch: False
New tokens: ['NO REPLY<|im_end|>']
Total new tokens generated: 4
[Spec] avg_accept=3.00 | tokens=4 | context_len=8565
[Adapter] acc=3/3 (100.0%) | avg_confidence=1.000 | context_len=8565
\n===== Lossless Check =====
Speculative output: NO REPLY
AR manual output:   NO REPLY
Exact match: True
OK: Outputs match. Speculative decoding is lossless.
Speedup: 1.71x
Speedup_decode: 1.07x
Spec decode tok/s: 39.45
AR decode tok/s:   36.77
 first token :The

Draft step 0: in_token=tensor([[785]], device='cuda:6'), in_token_decoded=The, end_index: 8631
predicted_token: 30352, predict_score: 0.8528786301612854, token :  dough

Draft step 1: in_token=tensor([[30352]], device='cuda:6'), in_token_decoded= dough, end_index: 8632
predicted_token: 374, predict_score: 0.4857131540775299, token :  is

Draft step 2: in_token=tensor([[374]], device='cuda:6'), in_token_decoded= is, end_index: 8633
Draft step 2, token  is, predict_score 0.4857131540775299 < threshold 0.6, stopping draft
Verifying token 0: verify_id=30352 ( dough), draft_id=30352 ( dough), is_last=False, is_eos=False
Verifying token 1: verify_id=374 ( is), draft_id=374 ( is), is_last=False, is_eos=False
Verifying token 2: verify_id=13853 ( kne), draft_id=None (None), is_last=True, is_eos=False
Token 2 verification failed, accepting up to this token. is_last: True, is_eos: False, is_mismatch: False

Draft step 0: in_token=tensor([[13853]], device='cuda:6'), in_token_decoded= kne, end_index: 8634
predicted_token: 329, predict_score: 0.4360964298248291, token : ad

Draft step 1: in_token=tensor([[329]], device='cuda:6'), in_token_decoded=ad, end_index: 8635
Draft step 1, token ad, predict_score 0.4360964298248291 < threshold 0.6, stopping draft
Verifying token 0: verify_id=14255 (aded), draft_id=329 (ad), is_last=False, is_eos=False
Token 0 verification failed, accepting up to this token. is_last: False, is_eos: False, is_mismatch: True

Draft step 0: in_token=tensor([[14255]], device='cuda:6'), in_token_decoded=aded, end_index: 8635
predicted_token: 311, predict_score: 0.2784571647644043, token :  to

Draft step 1: in_token=tensor([[311]], device='cuda:6'), in_token_decoded= to, end_index: 8636
Draft step 1, token  to, predict_score 0.2784571647644043 < threshold 0.6, stopping draft
Verifying token 0: verify_id=553 ( by), draft_id=311 ( to), is_last=False, is_eos=False
Token 0 verification failed, accepting up to this token. is_last: False, is_eos: False, is_mismatch: True

Draft step 0: in_token=tensor([[553]], device='cuda:6'), in_token_decoded= by, end_index: 8636
predicted_token: 25352, predict_score: 0.42550206184387207, token :  pressing

Draft step 1: in_token=tensor([[25352]], device='cuda:6'), in_token_decoded= pressing, end_index: 8637
Draft step 1, token  pressing, predict_score 0.42550206184387207 < threshold 0.6, stopping draft
Verifying token 0: verify_id=25352 ( pressing), draft_id=25352 ( pressing), is_last=False, is_eos=False
Verifying token 1: verify_id=323 ( and), draft_id=None (None), is_last=True, is_eos=False
Token 1 verification failed, accepting up to this token. is_last: True, is_eos: False, is_mismatch: False

Draft step 0: in_token=tensor([[323]], device='cuda:6'), in_token_decoded= and, end_index: 8638
predicted_token: 1221, predict_score: 0.22692525386810303, token :  then

Draft step 1: in_token=tensor([[1221]], device='cuda:6'), in_token_decoded= then, end_index: 8639
Draft step 1, token  then, predict_score 0.22692525386810303 < threshold 0.6, stopping draft
Verifying token 0: verify_id=44742 ( folding), draft_id=1221 ( then), is_last=False, is_eos=False
Token 0 verification failed, accepting up to this token. is_last: False, is_eos: False, is_mismatch: True

Draft step 0: in_token=tensor([[44742]], device='cuda:6'), in_token_decoded= folding, end_index: 8639
predicted_token: 30352, predict_score: 0.2512366771697998, token :  dough

Draft step 1: in_token=tensor([[30352]], device='cuda:6'), in_token_decoded= dough, end_index: 8640
Draft step 1, token  dough, predict_score 0.2512366771697998 < threshold 0.6, stopping draft
Verifying token 0: verify_id=432 ( it), draft_id=30352 ( dough), is_last=False, is_eos=False
Token 0 verification failed, accepting up to this token. is_last: False, is_eos: False, is_mismatch: True

Draft step 0: in_token=tensor([[432]], device='cuda:6'), in_token_decoded= it, end_index: 8640
predicted_token: 1119, predict_score: 0.30813121795654297, token :  into

Draft step 1: in_token=tensor([[1119]], device='cuda:6'), in_token_decoded= into, end_index: 8641
Draft step 1, token  into, predict_score 0.30813121795654297 < threshold 0.6, stopping draft
Verifying token 0: verify_id=11 (,), draft_id=1119 ( into), is_last=False, is_eos=False
Token 0 verification failed, accepting up to this token. is_last: False, is_eos: False, is_mismatch: True

Draft step 0: in_token=tensor([[11]], device='cuda:6'), in_token_decoded=,, end_index: 8641
predicted_token: 1221, predict_score: 0.35493820905685425, token :  then

Draft step 1: in_token=tensor([[1221]], device='cuda:6'), in_token_decoded= then, end_index: 8642
Draft step 1, token  then, predict_score 0.35493820905685425 < threshold 0.6, stopping draft
Verifying token 0: verify_id=1221 ( then), draft_id=1221 ( then), is_last=False, is_eos=False
Verifying token 1: verify_id=9099 ( placed), draft_id=None (None), is_last=True, is_eos=False
Token 1 verification failed, accepting up to this token. is_last: True, is_eos: False, is_mismatch: False

Draft step 0: in_token=tensor([[9099]], device='cuda:6'), in_token_decoded= placed, end_index: 8643
predicted_token: 389, predict_score: 0.38255277276039124, token :  on

Draft step 1: in_token=tensor([[389]], device='cuda:6'), in_token_decoded= on, end_index: 8644
Draft step 1, token  on, predict_score 0.38255277276039124 < threshold 0.6, stopping draft
Verifying token 0: verify_id=1119 ( into), draft_id=389 ( on), is_last=False, is_eos=False
Token 0 verification failed, accepting up to this token. is_last: False, is_eos: False, is_mismatch: True

Draft step 0: in_token=tensor([[1119]], device='cuda:6'), in_token_decoded= into, end_index: 8644
predicted_token: 279, predict_score: 0.6896228194236755, token :  the

Draft step 1: in_token=tensor([[279]], device='cuda:6'), in_token_decoded= the, end_index: 8645
predicted_token: 19212, predict_score: 0.34903275966644287, token :  bowl

Draft step 2: in_token=tensor([[19212]], device='cuda:6'), in_token_decoded= bowl, end_index: 8646
Draft step 2, token  bowl, predict_score 0.34903275966644287 < threshold 0.6, stopping draft
Verifying token 0: verify_id=264 ( a), draft_id=279 ( the), is_last=False, is_eos=False
Token 0 verification failed, accepting up to this token. is_last: False, is_eos: False, is_mismatch: True

Draft step 0: in_token=tensor([[264]], device='cuda:6'), in_token_decoded= a, end_index: 8645
predicted_token: 19212, predict_score: 0.2633124589920044, token :  bowl

Draft step 1: in_token=tensor([[19212]], device='cuda:6'), in_token_decoded= bowl, end_index: 8646
Draft step 1, token  bowl, predict_score 0.2633124589920044 < threshold 0.6, stopping draft
Verifying token 0: verify_id=30352 ( dough), draft_id=19212 ( bowl), is_last=False, is_eos=False
Token 0 verification failed, accepting up to this token. is_last: False, is_eos: False, is_mismatch: True

Draft step 0: in_token=tensor([[30352]], device='cuda:6'), in_token_decoded= dough, end_index: 8646
predicted_token: 389, predict_score: 0.2464340180158615, token :  on

Draft step 1: in_token=tensor([[389]], device='cuda:6'), in_token_decoded= on, end_index: 8647
Draft step 1, token  on, predict_score 0.2464340180158615 < threshold 0.6, stopping draft
Verifying token 0: verify_id=37778 ( mixer), draft_id=389 ( on), is_last=False, is_eos=False
Token 0 verification failed, accepting up to this token. is_last: False, is_eos: False, is_mismatch: True

Draft step 0: in_token=tensor([[37778]], device='cuda:6'), in_token_decoded= mixer, end_index: 8647
predicted_token: 13, predict_score: 0.4130967855453491, token : .

Draft step 1: in_token=tensor([[13]], device='cuda:6'), in_token_decoded=., end_index: 8648
Draft step 1, token ., predict_score 0.4130967855453491 < threshold 0.6, stopping draft
Verifying token 0: verify_id=11 (,), draft_id=13 (.), is_last=False, is_eos=False
Token 0 verification failed, accepting up to this token. is_last: False, is_eos: False, is_mismatch: True

Draft step 0: in_token=tensor([[11]], device='cuda:6'), in_token_decoded=,, end_index: 8648
predicted_token: 323, predict_score: 0.8002583980560303, token :  and

Draft step 1: in_token=tensor([[323]], device='cuda:6'), in_token_decoded= and, end_index: 8649
predicted_token: 1221, predict_score: 0.2221175730228424, token :  then

Draft step 2: in_token=tensor([[1221]], device='cuda:6'), in_token_decoded= then, end_index: 8650
Draft step 2, token  then, predict_score 0.2221175730228424 < threshold 0.6, stopping draft
Verifying token 0: verify_id=323 ( and), draft_id=323 ( and), is_last=False, is_eos=False
Verifying token 1: verify_id=279 ( the), draft_id=1221 ( then), is_last=False, is_eos=False
Token 1 verification failed, accepting up to this token. is_last: False, is_eos: False, is_mismatch: True

Draft step 0: in_token=tensor([[279]], device='cuda:6'), in_token_decoded= the, end_index: 8650
predicted_token: 30352, predict_score: 0.7590304017066956, token :  dough

Draft step 1: in_token=tensor([[30352]], device='cuda:6'), in_token_decoded= dough, end_index: 8651
predicted_token: 374, predict_score: 0.17175506055355072, token :  is

Draft step 2: in_token=tensor([[374]], device='cuda:6'), in_token_decoded= is, end_index: 8652
Draft step 2, token  is, predict_score 0.17175506055355072 < threshold 0.6, stopping draft
Verifying token 0: verify_id=1697 ( person), draft_id=30352 ( dough), is_last=False, is_eos=False
Token 0 verification failed, accepting up to this token. is_last: False, is_eos: False, is_mismatch: True

Draft step 0: in_token=tensor([[1697]], device='cuda:6'), in_token_decoded= person, end_index: 8651
predicted_token: 75, predict_score: 0.04134398698806763, token : l

Draft step 1: in_token=tensor([[75]], device='cuda:6'), in_token_decoded=l, end_index: 8652
Draft step 1, token l, predict_score 0.04134398698806763 < threshold 0.6, stopping draft
Verifying token 0: verify_id=594 ('s), draft_id=75 (l), is_last=False, is_eos=False
Token 0 verification failed, accepting up to this token. is_last: False, is_eos: False, is_mismatch: True

Draft step 0: in_token=tensor([[594]], device='cuda:6'), in_token_decoded='s, end_index: 8652
predicted_token: 30352, predict_score: 0.6139744520187378, token :  dough

Draft step 1: in_token=tensor([[30352]], device='cuda:6'), in_token_decoded= dough, end_index: 8653
predicted_token: 374, predict_score: 0.3269491493701935, token :  is

Draft step 2: in_token=tensor([[374]], device='cuda:6'), in_token_decoded= is, end_index: 8654
Draft step 2, token  is, predict_score 0.3269491493701935 < threshold 0.6, stopping draft
Verifying token 0: verify_id=6078 ( hands), draft_id=30352 ( dough), is_last=False, is_eos=False
Token 0 verification failed, accepting up to this token. is_last: False, is_eos: False, is_mismatch: True

Draft step 0: in_token=tensor([[6078]], device='cuda:6'), in_token_decoded= hands, end_index: 8653
predicted_token: 525, predict_score: 0.3671729266643524, token :  are

Draft step 1: in_token=tensor([[525]], device='cuda:6'), in_token_decoded= are, end_index: 8654
Draft step 1, token  are, predict_score 0.3671729266643524 < threshold 0.6, stopping draft
Verifying token 0: verify_id=3060 ( continue), draft_id=525 ( are), is_last=False, is_eos=False
Token 0 verification failed, accepting up to this token. is_last: False, is_eos: False, is_mismatch: True

Draft step 0: in_token=tensor([[3060]], device='cuda:6'), in_token_decoded= continue, end_index: 8654
predicted_token: 311, predict_score: 0.6415380239486694, token :  to

Draft step 1: in_token=tensor([[311]], device='cuda:6'), in_token_decoded= to, end_index: 8655
predicted_token: 23065, predict_score: 0.9013262987136841, token :  stir

Draft step 2: in_token=tensor([[23065]], device='cuda:6'), in_token_decoded= stir, end_index: 8656
predicted_token: 279, predict_score: 0.4465324580669403, token :  the

Draft step 3: in_token=tensor([[279]], device='cuda:6'), in_token_decoded= the, end_index: 8657
Draft step 3, token  the, predict_score 0.4465324580669403 < threshold 0.6, stopping draft
Verifying token 0: verify_id=311 ( to), draft_id=311 ( to), is_last=False, is_eos=False
Verifying token 1: verify_id=975 ( work), draft_id=23065 ( stir), is_last=False, is_eos=False
Token 1 verification failed, accepting up to this token. is_last: False, is_eos: False, is_mismatch: True

Draft step 0: in_token=tensor([[975]], device='cuda:6'), in_token_decoded= work, end_index: 8656
predicted_token: 448, predict_score: 0.10698416829109192, token :  with

Draft step 1: in_token=tensor([[448]], device='cuda:6'), in_token_decoded= with, end_index: 8657
Draft step 1, token  with, predict_score 0.10698416829109192 < threshold 0.6, stopping draft
Verifying token 0: verify_id=432 ( it), draft_id=448 ( with), is_last=False, is_eos=False
Token 0 verification failed, accepting up to this token. is_last: False, is_eos: False, is_mismatch: True

Draft step 0: in_token=tensor([[432]], device='cuda:6'), in_token_decoded= it, end_index: 8657
predicted_token: 13, predict_score: 0.656014621257782, token : .

Draft step 1: in_token=tensor([[13]], device='cuda:6'), in_token_decoded=., end_index: 8658
predicted_token: 151645, predict_score: 0.9877890944480896, token : <|im_end|>
Verifying token 0: verify_id=4766 ( inside), draft_id=13 (.), is_last=False, is_eos=False
Token 0 verification failed, accepting up to this token. is_last: False, is_eos: False, is_mismatch: True

Draft step 0: in_token=tensor([[4766]], device='cuda:6'), in_token_decoded= inside, end_index: 8658
predicted_token: 11, predict_score: 0.37555956840515137, token : ,

Draft step 1: in_token=tensor([[11]], device='cuda:6'), in_token_decoded=,, end_index: 8659
Draft step 1, token ,, predict_score 0.37555956840515137 < threshold 0.6, stopping draft
Verifying token 0: verify_id=279 ( the), draft_id=11 (,), is_last=False, is_eos=False
Token 0 verification failed, accepting up to this token. is_last: False, is_eos: False, is_mismatch: True

Draft step 0: in_token=tensor([[279]], device='cuda:6'), in_token_decoded= the, end_index: 8659
predicted_token: 19212, predict_score: 0.42800480127334595, token :  bowl

Draft step 1: in_token=tensor([[19212]], device='cuda:6'), in_token_decoded= bowl, end_index: 8660
Draft step 1, token  bowl, predict_score 0.42800480127334595 < threshold 0.6, stopping draft
Verifying token 0: verify_id=37778 ( mixer), draft_id=19212 ( bowl), is_last=False, is_eos=False
Token 0 verification failed, accepting up to this token. is_last: False, is_eos: False, is_mismatch: True

Draft step 0: in_token=tensor([[37778]], device='cuda:6'), in_token_decoded= mixer, end_index: 8660
predicted_token: 13, predict_score: 0.437867134809494, token : .

Draft step 1: in_token=tensor([[13]], device='cuda:6'), in_token_decoded=., end_index: 8661
Draft step 1, token ., predict_score 0.437867134809494 < threshold 0.6, stopping draft
Verifying token 0: verify_id=11 (,), draft_id=13 (.), is_last=False, is_eos=False
Token 0 verification failed, accepting up to this token. is_last: False, is_eos: False, is_mismatch: True

Draft step 0: in_token=tensor([[11]], device='cuda:6'), in_token_decoded=,, end_index: 8661
predicted_token: 323, predict_score: 0.7944818139076233, token :  and

Draft step 1: in_token=tensor([[323]], device='cuda:6'), in_token_decoded= and, end_index: 8662
predicted_token: 1221, predict_score: 0.28818297386169434, token :  then

Draft step 2: in_token=tensor([[1221]], device='cuda:6'), in_token_decoded= then, end_index: 8663
Draft step 2, token  then, predict_score 0.28818297386169434 < threshold 0.6, stopping draft
Verifying token 0: verify_id=448 ( with), draft_id=323 ( and), is_last=False, is_eos=False
Token 0 verification failed, accepting up to this token. is_last: False, is_eos: False, is_mismatch: True

Draft step 0: in_token=tensor([[448]], device='cuda:6'), in_token_decoded= with, end_index: 8662
predicted_token: 264, predict_score: 0.22208470106124878, token :  a

Draft step 1: in_token=tensor([[264]], device='cuda:6'), in_token_decoded= a, end_index: 8663
Draft step 1, token  a, predict_score 0.22208470106124878 < threshold 0.6, stopping draft
Verifying token 0: verify_id=279 ( the), draft_id=264 ( a), is_last=False, is_eos=False
Token 0 verification failed, accepting up to this token. is_last: False, is_eos: False, is_mismatch: True

Draft step 0: in_token=tensor([[279]], device='cuda:6'), in_token_decoded= the, end_index: 8663
predicted_token: 30352, predict_score: 0.31299468874931335, token :  dough

Draft step 1: in_token=tensor([[30352]], device='cuda:6'), in_token_decoded= dough, end_index: 8664
Draft step 1, token  dough, predict_score 0.31299468874931335 < threshold 0.6, stopping draft
Verifying token 0: verify_id=37778 ( mixer), draft_id=30352 ( dough), is_last=False, is_eos=False
Token 0 verification failed, accepting up to this token. is_last: False, is_eos: False, is_mismatch: True

Draft step 0: in_token=tensor([[37778]], device='cuda:6'), in_token_decoded= mixer, end_index: 8664
predicted_token: 374, predict_score: 0.1036515086889267, token :  is

Draft step 1: in_token=tensor([[374]], device='cuda:6'), in_token_decoded= is, end_index: 8665
Draft step 1, token  is, predict_score 0.1036515086889267 < threshold 0.6, stopping draft
Verifying token 0: verify_id=594 ('s), draft_id=374 ( is), is_last=False, is_eos=False
Token 0 verification failed, accepting up to this token. is_last: False, is_eos: False, is_mismatch: True

Draft step 0: in_token=tensor([[594]], device='cuda:6'), in_token_decoded='s, end_index: 8665
predicted_token: 30352, predict_score: 0.14831438660621643, token :  dough

Draft step 1: in_token=tensor([[30352]], device='cuda:6'), in_token_decoded= dough, end_index: 8666
Draft step 1, token  dough, predict_score 0.14831438660621643 < threshold 0.6, stopping draft
Verifying token 0: verify_id=41642 ( blades), draft_id=30352 ( dough), is_last=False, is_eos=False
Token 0 verification failed, accepting up to this token. is_last: False, is_eos: False, is_mismatch: True

Draft step 0: in_token=tensor([[41642]], device='cuda:6'), in_token_decoded= blades, end_index: 8666
predicted_token: 323, predict_score: 0.3155713379383087, token :  and

Draft step 1: in_token=tensor([[323]], device='cuda:6'), in_token_decoded= and, end_index: 8667
Draft step 1, token  and, predict_score 0.3155713379383087 < threshold 0.6, stopping draft
Verifying token 0: verify_id=13054 ( turning), draft_id=323 ( and), is_last=False, is_eos=False
Token 0 verification failed, accepting up to this token. is_last: False, is_eos: False, is_mismatch: True

Draft step 0: in_token=tensor([[13054]], device='cuda:6'), in_token_decoded= turning, end_index: 8667
predicted_token: 389, predict_score: 0.6527048945426941, token :  on

Draft step 1: in_token=tensor([[389]], device='cuda:6'), in_token_decoded= on, end_index: 8668
predicted_token: 279, predict_score: 0.9896820187568665, token :  the

Draft step 2: in_token=tensor([[279]], device='cuda:6'), in_token_decoded= the, end_index: 8669
predicted_token: 30352, predict_score: 0.11734049022197723, token :  dough

Draft step 3: in_token=tensor([[30352]], device='cuda:6'), in_token_decoded= dough, end_index: 8670
Draft step 3, token  dough, predict_score 0.11734049022197723 < threshold 0.6, stopping draft
Verifying token 0: verify_id=311 ( to), draft_id=389 ( on), is_last=False, is_eos=False
Token 0 verification failed, accepting up to this token. is_last: False, is_eos: False, is_mismatch: True

Draft step 0: in_token=tensor([[311]], device='cuda:6'), in_token_decoded= to, end_index: 8668
predicted_token: 279, predict_score: 0.3670126795768738, token :  the

Draft step 1: in_token=tensor([[279]], device='cuda:6'), in_token_decoded= the, end_index: 8669
Draft step 1, token  the, predict_score 0.3670126795768738 < threshold 0.6, stopping draft
Verifying token 0: verify_id=4623 ( further), draft_id=279 ( the), is_last=False, is_eos=False
Token 0 verification failed, accepting up to this token. is_last: False, is_eos: False, is_mismatch: True

Draft step 0: in_token=tensor([[4623]], device='cuda:6'), in_token_decoded= further, end_index: 8669
predicted_token: 990, predict_score: 0.05784512311220169, token :  use

Draft step 1: in_token=tensor([[990]], device='cuda:6'), in_token_decoded= use, end_index: 8670
Draft step 1, token  use, predict_score 0.05784512311220169 < threshold 0.6, stopping draft
Verifying token 0: verify_id=13853 ( kne), draft_id=990 ( use), is_last=False, is_eos=False
Token 0 verification failed, accepting up to this token. is_last: False, is_eos: False, is_mismatch: True

Draft step 0: in_token=tensor([[13853]], device='cuda:6'), in_token_decoded= kne, end_index: 8670
predicted_token: 2228, predict_score: 0.46173158288002014, token : ading

Draft step 1: in_token=tensor([[2228]], device='cuda:6'), in_token_decoded=ading, end_index: 8671
Draft step 1, token ading, predict_score 0.46173158288002014 < threshold 0.6, stopping draft
Verifying token 0: verify_id=329 (ad), draft_id=2228 (ading), is_last=False, is_eos=False
Token 0 verification failed, accepting up to this token. is_last: False, is_eos: False, is_mismatch: True

Draft step 0: in_token=tensor([[329]], device='cuda:6'), in_token_decoded=ad, end_index: 8671
predicted_token: 323, predict_score: 0.22698773443698883, token :  and

Draft step 1: in_token=tensor([[323]], device='cuda:6'), in_token_decoded= and, end_index: 8672
Draft step 1, token  and, predict_score 0.22698773443698883 < threshold 0.6, stopping draft
Verifying token 0: verify_id=279 ( the), draft_id=323 ( and), is_last=False, is_eos=False
Token 0 verification failed, accepting up to this token. is_last: False, is_eos: False, is_mismatch: True

Draft step 0: in_token=tensor([[279]], device='cuda:6'), in_token_decoded= the, end_index: 8672
predicted_token: 30352, predict_score: 0.9712424874305725, token :  dough

Draft step 1: in_token=tensor([[30352]], device='cuda:6'), in_token_decoded= dough, end_index: 8673
predicted_token: 304, predict_score: 0.1788998246192932, token :  in

Draft step 2: in_token=tensor([[304]], device='cuda:6'), in_token_decoded= in, end_index: 8674
Draft step 2, token  in, predict_score 0.1788998246192932 < threshold 0.6, stopping draft
Verifying token 0: verify_id=30352 ( dough), draft_id=30352 ( dough), is_last=False, is_eos=False
Verifying token 1: verify_id=11 (,), draft_id=304 ( in), is_last=False, is_eos=False
Token 1 verification failed, accepting up to this token. is_last: False, is_eos: False, is_mismatch: True

Draft step 0: in_token=tensor([[11]], device='cuda:6'), in_token_decoded=,, end_index: 8674
predicted_token: 323, predict_score: 0.822320818901062, token :  and

Draft step 1: in_token=tensor([[323]], device='cuda:6'), in_token_decoded= and, end_index: 8675
predicted_token: 1221, predict_score: 0.3239808678627014, token :  then

Draft step 2: in_token=tensor([[1221]], device='cuda:6'), in_token_decoded= then, end_index: 8676
Draft step 2, token  then, predict_score 0.3239808678627014 < threshold 0.6, stopping draft
Verifying token 0: verify_id=323 ( and), draft_id=323 ( and), is_last=False, is_eos=False
Verifying token 1: verify_id=279 ( the), draft_id=1221 ( then), is_last=False, is_eos=False
Token 1 verification failed, accepting up to this token. is_last: False, is_eos: False, is_mismatch: True

Draft step 0: in_token=tensor([[279]], device='cuda:6'), in_token_decoded= the, end_index: 8676
predicted_token: 30352, predict_score: 0.6459497809410095, token :  dough

Draft step 1: in_token=tensor([[30352]], device='cuda:6'), in_token_decoded= dough, end_index: 8677
predicted_token: 374, predict_score: 0.25891104340553284, token :  is

Draft step 2: in_token=tensor([[374]], device='cuda:6'), in_token_decoded= is, end_index: 8678
Draft step 2, token  is, predict_score 0.25891104340553284 < threshold 0.6, stopping draft
Verifying token 0: verify_id=1697 ( person), draft_id=30352 ( dough), is_last=False, is_eos=False
Token 0 verification failed, accepting up to this token. is_last: False, is_eos: False, is_mismatch: True

Draft step 0: in_token=tensor([[1697]], device='cuda:6'), in_token_decoded= person, end_index: 8677
predicted_token: 374, predict_score: 0.030601169914007187, token :  is

Draft step 1: in_token=tensor([[374]], device='cuda:6'), in_token_decoded= is, end_index: 8678
Draft step 1, token  is, predict_score 0.030601169914007187 < threshold 0.6, stopping draft
Verifying token 0: verify_id=1221 ( then), draft_id=374 ( is), is_last=False, is_eos=False
Token 0 verification failed, accepting up to this token. is_last: False, is_eos: False, is_mismatch: True

Draft step 0: in_token=tensor([[1221]], device='cuda:6'), in_token_decoded= then, end_index: 8678
predicted_token: 2182, predict_score: 0.07139995694160461, token :  put

Draft step 1: in_token=tensor([[2182]], device='cuda:6'), in_token_decoded= put, end_index: 8679
Draft step 1, token  put, predict_score 0.07139995694160461 < threshold 0.6, stopping draft
Verifying token 0: verify_id=21895 ( picks), draft_id=2182 ( put), is_last=False, is_eos=False
Token 0 verification failed, accepting up to this token. is_last: False, is_eos: False, is_mismatch: True

Draft step 0: in_token=tensor([[21895]], device='cuda:6'), in_token_decoded= picks, end_index: 8679
predicted_token: 705, predict_score: 0.9876282215118408, token :  up

Draft step 1: in_token=tensor([[705]], device='cuda:6'), in_token_decoded= up, end_index: 8680
predicted_token: 279, predict_score: 0.5820893049240112, token :  the

Draft step 2: in_token=tensor([[279]], device='cuda:6'), in_token_decoded= the, end_index: 8681
Draft step 2, token  the, predict_score 0.5820893049240112 < threshold 0.6, stopping draft
Verifying token 0: verify_id=705 ( up), draft_id=705 ( up), is_last=False, is_eos=False
Verifying token 1: verify_id=264 ( a), draft_id=279 ( the), is_last=False, is_eos=False
Token 1 verification failed, accepting up to this token. is_last: False, is_eos: False, is_mismatch: True

Draft step 0: in_token=tensor([[264]], device='cuda:6'), in_token_decoded= a, end_index: 8681
predicted_token: 6573, predict_score: 0.11330660432577133, token :  piece

Draft step 1: in_token=tensor([[6573]], device='cuda:6'), in_token_decoded= piece, end_index: 8682
Draft step 1, token  piece, predict_score 0.11330660432577133 < threshold 0.6, stopping draft
Verifying token 0: verify_id=6573 ( piece), draft_id=6573 ( piece), is_last=False, is_eos=False
Verifying token 1: verify_id=315 ( of), draft_id=None (None), is_last=True, is_eos=False
Token 1 verification failed, accepting up to this token. is_last: True, is_eos: False, is_mismatch: False

Draft step 0: in_token=tensor([[315]], device='cuda:6'), in_token_decoded= of, end_index: 8683
predicted_token: 30352, predict_score: 0.7370832562446594, token :  dough

Draft step 1: in_token=tensor([[30352]], device='cuda:6'), in_token_decoded= dough, end_index: 8684
predicted_token: 323, predict_score: 0.1825200766324997, token :  and

Draft step 2: in_token=tensor([[323]], device='cuda:6'), in_token_decoded= and, end_index: 8685
Draft step 2, token  and, predict_score 0.1825200766324997 < threshold 0.6, stopping draft
Verifying token 0: verify_id=30352 ( dough), draft_id=30352 ( dough), is_last=False, is_eos=False
Verifying token 1: verify_id=323 ( and), draft_id=323 ( and), is_last=False, is_eos=False
Verifying token 2: verify_id=7482 ( places), draft_id=None (None), is_last=True, is_eos=False
Token 2 verification failed, accepting up to this token. is_last: True, is_eos: False, is_mismatch: False

Draft step 0: in_token=tensor([[7482]], device='cuda:6'), in_token_decoded= places, end_index: 8686
predicted_token: 432, predict_score: 0.5952795743942261, token :  it

Draft step 1: in_token=tensor([[432]], device='cuda:6'), in_token_decoded= it, end_index: 8687
Draft step 1, token  it, predict_score 0.5952795743942261 < threshold 0.6, stopping draft
Verifying token 0: verify_id=432 ( it), draft_id=432 ( it), is_last=False, is_eos=False
Verifying token 1: verify_id=389 ( on), draft_id=None (None), is_last=True, is_eos=False
Token 1 verification failed, accepting up to this token. is_last: True, is_eos: False, is_mismatch: False

Draft step 0: in_token=tensor([[389]], device='cuda:6'), in_token_decoded= on, end_index: 8688
predicted_token: 279, predict_score: 0.8853514790534973, token :  the

Draft step 1: in_token=tensor([[279]], device='cuda:6'), in_token_decoded= the, end_index: 8689
predicted_token: 1965, predict_score: 0.2189069539308548, token :  table

Draft step 2: in_token=tensor([[1965]], device='cuda:6'), in_token_decoded= table, end_index: 8690
Draft step 2, token  table, predict_score 0.2189069539308548 < threshold 0.6, stopping draft
Verifying token 0: verify_id=279 ( the), draft_id=279 ( the), is_last=False, is_eos=False
Verifying token 1: verify_id=9317 ( metal), draft_id=1965 ( table), is_last=False, is_eos=False
Token 1 verification failed, accepting up to this token. is_last: False, is_eos: False, is_mismatch: True

Draft step 0: in_token=tensor([[9317]], device='cuda:6'), in_token_decoded= metal, end_index: 8690
predicted_token: 57209, predict_score: 0.22975583374500275, token :  basin

Draft step 1: in_token=tensor([[57209]], device='cuda:6'), in_token_decoded= basin, end_index: 8691
Draft step 1, token  basin, predict_score 0.22975583374500275 < threshold 0.6, stopping draft
Verifying token 0: verify_id=7329 ( surface), draft_id=57209 ( basin), is_last=False, is_eos=False
Token 0 verification failed, accepting up to this token. is_last: False, is_eos: False, is_mismatch: True

Draft step 0: in_token=tensor([[7329]], device='cuda:6'), in_token_decoded= surface, end_index: 8691
predicted_token: 13, predict_score: 0.4579252004623413, token : .

Draft step 1: in_token=tensor([[13]], device='cuda:6'), in_token_decoded=., end_index: 8692
Draft step 1, token ., predict_score 0.4579252004623413 < threshold 0.6, stopping draft
Verifying token 0: verify_id=11 (,), draft_id=13 (.), is_last=False, is_eos=False
Token 0 verification failed, accepting up to this token. is_last: False, is_eos: False, is_mismatch: True

Draft step 0: in_token=tensor([[11]], device='cuda:6'), in_token_decoded=,, end_index: 8692
predicted_token: 323, predict_score: 0.6146513223648071, token :  and

Draft step 1: in_token=tensor([[323]], device='cuda:6'), in_token_decoded= and, end_index: 8693
predicted_token: 1221, predict_score: 0.09004738181829453, token :  then

Draft step 2: in_token=tensor([[1221]], device='cuda:6'), in_token_decoded= then, end_index: 8694
Draft step 2, token  then, predict_score 0.09004738181829453 < threshold 0.6, stopping draft
Verifying token 0: verify_id=448 ( with), draft_id=323 ( and), is_last=False, is_eos=False
Token 0 verification failed, accepting up to this token. is_last: False, is_eos: False, is_mismatch: True

Draft step 0: in_token=tensor([[448]], device='cuda:6'), in_token_decoded= with, end_index: 8693
predicted_token: 30352, predict_score: 0.3460223078727722, token :  dough

Draft step 1: in_token=tensor([[30352]], device='cuda:6'), in_token_decoded= dough, end_index: 8694
Draft step 1, token  dough, predict_score 0.3460223078727722 < threshold 0.6, stopping draft
Verifying token 0: verify_id=1008 ( other), draft_id=30352 ( dough), is_last=False, is_eos=False
Token 0 verification failed, accepting up to this token. is_last: False, is_eos: False, is_mismatch: True

Draft step 0: in_token=tensor([[1008]], device='cuda:6'), in_token_decoded= other, end_index: 8694
predicted_token: 30352, predict_score: 0.9304675459861755, token :  dough

Draft step 1: in_token=tensor([[30352]], device='cuda:6'), in_token_decoded= dough, end_index: 8695
predicted_token: 389, predict_score: 0.3426360785961151, token :  on

Draft step 2: in_token=tensor([[389]], device='cuda:6'), in_token_decoded= on, end_index: 8696
Draft step 2, token  on, predict_score 0.3426360785961151 < threshold 0.6, stopping draft
Verifying token 0: verify_id=9666 ( pieces), draft_id=30352 ( dough), is_last=False, is_eos=False
Token 0 verification failed, accepting up to this token. is_last: False, is_eos: False, is_mismatch: True

Draft step 0: in_token=tensor([[9666]], device='cuda:6'), in_token_decoded= pieces, end_index: 8695
predicted_token: 315, predict_score: 0.27120861411094666, token :  of

Draft step 1: in_token=tensor([[315]], device='cuda:6'), in_token_decoded= of, end_index: 8696
Draft step 1, token  of, predict_score 0.27120861411094666 < threshold 0.6, stopping draft
Verifying token 0: verify_id=315 ( of), draft_id=315 ( of), is_last=False, is_eos=False
Verifying token 1: verify_id=30352 ( dough), draft_id=None (None), is_last=True, is_eos=False
Token 1 verification failed, accepting up to this token. is_last: True, is_eos: False, is_mismatch: False

Draft step 0: in_token=tensor([[30352]], device='cuda:6'), in_token_decoded= dough, end_index: 8697
predicted_token: 13, predict_score: 0.36640089750289917, token : .

Draft step 1: in_token=tensor([[13]], device='cuda:6'), in_token_decoded=., end_index: 8698
Draft step 1, token ., predict_score 0.36640089750289917 < threshold 0.6, stopping draft
Verifying token 0: verify_id=323 ( and), draft_id=13 (.), is_last=False, is_eos=False
Token 0 verification failed, accepting up to this token. is_last: False, is_eos: False, is_mismatch: True

Draft step 0: in_token=tensor([[323]], device='cuda:6'), in_token_decoded= and, end_index: 8698
predicted_token: 264, predict_score: 0.1311812400817871, token :  a

Draft step 1: in_token=tensor([[264]], device='cuda:6'), in_token_decoded= a, end_index: 8699
Draft step 1, token  a, predict_score 0.1311812400817871 < threshold 0.6, stopping draft
Verifying token 0: verify_id=264 ( a), draft_id=264 ( a), is_last=False, is_eos=False
Verifying token 1: verify_id=2613 ( small), draft_id=None (None), is_last=True, is_eos=False
Token 1 verification failed, accepting up to this token. is_last: True, is_eos: False, is_mismatch: False

Draft step 0: in_token=tensor([[2613]], device='cuda:6'), in_token_decoded= small, end_index: 8700
predicted_token: 91991, predict_score: 0.13244007527828217, token :  shovel

Draft step 1: in_token=tensor([[91991]], device='cuda:6'), in_token_decoded= shovel, end_index: 8701
Draft step 1, token  shovel, predict_score 0.13244007527828217 < threshold 0.6, stopping draft
Verifying token 0: verify_id=5476 ( container), draft_id=91991 ( shovel), is_last=False, is_eos=False
Token 0 verification failed, accepting up to this token. is_last: False, is_eos: False, is_mismatch: True

Draft step 0: in_token=tensor([[5476]], device='cuda:6'), in_token_decoded= container, end_index: 8701
predicted_token: 315, predict_score: 0.2855699956417084, token :  of

Draft step 1: in_token=tensor([[315]], device='cuda:6'), in_token_decoded= of, end_index: 8702
Draft step 1, token  of, predict_score 0.2855699956417084 < threshold 0.6, stopping draft
Verifying token 0: verify_id=14046 ( nearby), draft_id=315 ( of), is_last=False, is_eos=False
Token 0 verification failed, accepting up to this token. is_last: False, is_eos: False, is_mismatch: True

Draft step 0: in_token=tensor([[14046]], device='cuda:6'), in_token_decoded= nearby, end_index: 8702
predicted_token: 13, predict_score: 0.4550003707408905, token : .

Draft step 1: in_token=tensor([[13]], device='cuda:6'), in_token_decoded=., end_index: 8703
Draft step 1, token ., predict_score 0.4550003707408905 < threshold 0.6, stopping draft
Verifying token 0: verify_id=11 (,), draft_id=13 (.), is_last=False, is_eos=False
Token 0 verification failed, accepting up to this token. is_last: False, is_eos: False, is_mismatch: True

Draft step 0: in_token=tensor([[11]], device='cuda:6'), in_token_decoded=,, end_index: 8703
predicted_token: 323, predict_score: 0.7553737163543701, token :  and

Draft step 1: in_token=tensor([[323]], device='cuda:6'), in_token_decoded= and, end_index: 8704
predicted_token: 1221, predict_score: 0.11663534492254257, token :  then

Draft step 2: in_token=tensor([[1221]], device='cuda:6'), in_token_decoded= then, end_index: 8705
Draft step 2, token  then, predict_score 0.11663534492254257 < threshold 0.6, stopping draft
Verifying token 0: verify_id=323 ( and), draft_id=323 ( and), is_last=False, is_eos=False
Verifying token 1: verify_id=279 ( the), draft_id=1221 ( then), is_last=False, is_eos=False
Token 1 verification failed, accepting up to this token. is_last: False, is_eos: False, is_mismatch: True

Draft step 0: in_token=tensor([[279]], device='cuda:6'), in_token_decoded= the, end_index: 8705
predicted_token: 30352, predict_score: 0.7247081398963928, token :  dough

Draft step 1: in_token=tensor([[30352]], device='cuda:6'), in_token_decoded= dough, end_index: 8706
predicted_token: 374, predict_score: 0.7521156072616577, token :  is

Draft step 2: in_token=tensor([[374]], device='cuda:6'), in_token_decoded= is, end_index: 8707
predicted_token: 17320, predict_score: 0.09779524803161621, token :  pressed

Draft step 3: in_token=tensor([[17320]], device='cuda:6'), in_token_decoded= pressed, end_index: 8708
Draft step 3, token  pressed, predict_score 0.09779524803161621 < threshold 0.6, stopping draft
Verifying token 0: verify_id=1697 ( person), draft_id=30352 ( dough), is_last=False, is_eos=False
Token 0 verification failed, accepting up to this token. is_last: False, is_eos: False, is_mismatch: True

Draft step 0: in_token=tensor([[1697]], device='cuda:6'), in_token_decoded= person, end_index: 8706
predicted_token: 374, predict_score: 0.05259648710489273, token :  is

Draft step 1: in_token=tensor([[374]], device='cuda:6'), in_token_decoded= is, end_index: 8707
Draft step 1, token  is, predict_score 0.05259648710489273 < threshold 0.6, stopping draft
Verifying token 0: verify_id=9539 ( continues), draft_id=374 ( is), is_last=False, is_eos=False
Token 0 verification failed, accepting up to this token. is_last: False, is_eos: False, is_mismatch: True

Draft step 0: in_token=tensor([[9539]], device='cuda:6'), in_token_decoded= continues, end_index: 8707
predicted_token: 311, predict_score: 0.9135250449180603, token :  to

Draft step 1: in_token=tensor([[311]], device='cuda:6'), in_token_decoded= to, end_index: 8708
predicted_token: 23065, predict_score: 0.3857942223548889, token :  stir

Draft step 2: in_token=tensor([[23065]], device='cuda:6'), in_token_decoded= stir, end_index: 8709
Draft step 2, token  stir, predict_score 0.3857942223548889 < threshold 0.6, stopping draft
Verifying token 0: verify_id=311 ( to), draft_id=311 ( to), is_last=False, is_eos=False
Verifying token 1: verify_id=13853 ( kne), draft_id=23065 ( stir), is_last=False, is_eos=False
Token 1 verification failed, accepting up to this token. is_last: False, is_eos: False, is_mismatch: True

Draft step 0: in_token=tensor([[13853]], device='cuda:6'), in_token_decoded= kne, end_index: 8709
predicted_token: 329, predict_score: 0.5833837389945984, token : ad

Draft step 1: in_token=tensor([[329]], device='cuda:6'), in_token_decoded=ad, end_index: 8710
Draft step 1, token ad, predict_score 0.5833837389945984 < threshold 0.6, stopping draft
Verifying token 0: verify_id=329 (ad), draft_id=329 (ad), is_last=False, is_eos=False
Verifying token 1: verify_id=279 ( the), draft_id=None (None), is_last=True, is_eos=False
Token 1 verification failed, accepting up to this token. is_last: True, is_eos: False, is_mismatch: False

Draft step 0: in_token=tensor([[279]], device='cuda:6'), in_token_decoded= the, end_index: 8711
predicted_token: 30352, predict_score: 0.9762033224105835, token :  dough

Draft step 1: in_token=tensor([[30352]], device='cuda:6'), in_token_decoded= dough, end_index: 8712
predicted_token: 389, predict_score: 0.1044672504067421, token :  on

Draft step 2: in_token=tensor([[389]], device='cuda:6'), in_token_decoded= on, end_index: 8713
Draft step 2, token  on, predict_score 0.1044672504067421 < threshold 0.6, stopping draft
Verifying token 0: verify_id=30352 ( dough), draft_id=30352 ( dough), is_last=False, is_eos=False
Verifying token 1: verify_id=389 ( on), draft_id=389 ( on), is_last=False, is_eos=False
Verifying token 2: verify_id=279 ( the), draft_id=None (None), is_last=True, is_eos=False
Token 2 verification failed, accepting up to this token. is_last: True, is_eos: False, is_mismatch: False

Draft step 0: in_token=tensor([[279]], device='cuda:6'), in_token_decoded= the, end_index: 8714
predicted_token: 1965, predict_score: 0.34569036960601807, token :  table

Draft step 1: in_token=tensor([[1965]], device='cuda:6'), in_token_decoded= table, end_index: 8715
Draft step 1, token  table, predict_score 0.34569036960601807 < threshold 0.6, stopping draft
Verifying token 0: verify_id=9317 ( metal), draft_id=1965 ( table), is_last=False, is_eos=False
Token 0 verification failed, accepting up to this token. is_last: False, is_eos: False, is_mismatch: True

Draft step 0: in_token=tensor([[9317]], device='cuda:6'), in_token_decoded= metal, end_index: 8715
predicted_token: 57209, predict_score: 0.16637521982192993, token :  basin

Draft step 1: in_token=tensor([[57209]], device='cuda:6'), in_token_decoded= basin, end_index: 8716
Draft step 1, token  basin, predict_score 0.16637521982192993 < threshold 0.6, stopping draft
Verifying token 0: verify_id=7329 ( surface), draft_id=57209 ( basin), is_last=False, is_eos=False
Token 0 verification failed, accepting up to this token. is_last: False, is_eos: False, is_mismatch: True

Draft step 0: in_token=tensor([[7329]], device='cuda:6'), in_token_decoded= surface, end_index: 8716
predicted_token: 13, predict_score: 0.7289694547653198, token : .

Draft step 1: in_token=tensor([[13]], device='cuda:6'), in_token_decoded=., end_index: 8717
predicted_token: 151645, predict_score: 0.9933235049247742, token : <|im_end|>
Verifying token 0: verify_id=13 (.), draft_id=13 (.), is_last=False, is_eos=False
Verifying token 1: verify_id=151645 (<|im_end|>), draft_id=151645 (<|im_end|>), is_last=False, is_eos=True
Token 1 verification failed, accepting up to this token. is_last: False, is_eos: True, is_mismatch: False
New tokens: ["The dough is kneaded by pressing and folding it, then placed into a dough mixer, and the person's hands continue to work it inside the mixer, with the mixer's blades turning to further knead the dough, and the person then picks up a piece of dough and places it on the metal surface, with other pieces of dough and a small container nearby, and the person continues to knead the dough on the metal surface.<|im_end|>"]
Total new tokens generated: 88
[Spec] avg_accept=1.34 | tokens=88 | context_len=8630
[Adapter] acc=23/77 (29.9%) | avg_confidence=0.436 | context_len=8630
\n===== Lossless Check =====
Speculative output: The dough is kneaded by pressing and folding it, then placed into a dough mixer, and the person's hands continue to work it inside the mixer, with the mixer's blades turning to further knead the dough, and the person then picks up a piece of dough and places it on the metal surface, with other pieces of dough and a small container nearby, and the person continues to knead the dough on the metal surface.
AR manual output:   The dough is kneaded by pressing and folding it, then placed into a dough mixer, and the person's hands continue to work it inside the mixer, with the mixer's blades turning to further knead the dough, and the person then picks up a piece of dough and places it on the metal surface, with other pieces of dough and a small container nearby, and the person continues to knead the dough on the metal surface.
Exact match: True
OK: Outputs match. Speculative decoding is lossless.
Speedup: 1.15x
Speedup_decode: 1.11x
Spec decode tok/s: 29.93
AR decode tok/s:   26.87
 first token :NO

Draft step 0: in_token=tensor([[8996]], device='cuda:6'), in_token_decoded=NO, end_index: 8780
predicted_token: 3596, predict_score: 0.9999864101409912, token :  RE

Draft step 1: in_token=tensor([[3596]], device='cuda:6'), in_token_decoded= RE, end_index: 8781
predicted_token: 24834, predict_score: 0.999981164932251, token : PLY

Draft step 2: in_token=tensor([[24834]], device='cuda:6'), in_token_decoded=PLY, end_index: 8782
predicted_token: 151645, predict_score: 0.9991814494132996, token : <|im_end|>
Verifying token 0: verify_id=3596 ( RE), draft_id=3596 ( RE), is_last=False, is_eos=False
Verifying token 1: verify_id=24834 (PLY), draft_id=24834 (PLY), is_last=False, is_eos=False
Verifying token 2: verify_id=151645 (<|im_end|>), draft_id=151645 (<|im_end|>), is_last=False, is_eos=True
Token 2 verification failed, accepting up to this token. is_last: False, is_eos: True, is_mismatch: False
New tokens: ['NO REPLY<|im_end|>']
Total new tokens generated: 4
[Spec] avg_accept=3.00 | tokens=4 | context_len=8779
[Adapter] acc=3/3 (100.0%) | avg_confidence=1.000 | context_len=8779
\n===== Lossless Check =====
Speculative output: NO REPLY
AR manual output:   NO REPLY
Exact match: True
OK: Outputs match. Speculative decoding is lossless.
Speedup: 1.67x
Speedup_decode: 1.02x
Spec decode tok/s: 38.23
AR decode tok/s:   37.49
 first token :NO

Draft step 0: in_token=tensor([[8996]], device='cuda:6'), in_token_decoded=NO, end_index: 8845
predicted_token: 3596, predict_score: 0.9999821186065674, token :  RE

Draft step 1: in_token=tensor([[3596]], device='cuda:6'), in_token_decoded= RE, end_index: 8846
predicted_token: 24834, predict_score: 0.9999579191207886, token : PLY

Draft step 2: in_token=tensor([[24834]], device='cuda:6'), in_token_decoded=PLY, end_index: 8847
predicted_token: 151645, predict_score: 0.9991890788078308, token : <|im_end|>
Verifying token 0: verify_id=3596 ( RE), draft_id=3596 ( RE), is_last=False, is_eos=False
Verifying token 1: verify_id=24834 (PLY), draft_id=24834 (PLY), is_last=False, is_eos=False
Verifying token 2: verify_id=151645 (<|im_end|>), draft_id=151645 (<|im_end|>), is_last=False, is_eos=True
Token 2 verification failed, accepting up to this token. is_last: False, is_eos: True, is_mismatch: False
New tokens: ['NO REPLY<|im_end|>']
Total new tokens generated: 4
[Spec] avg_accept=3.00 | tokens=4 | context_len=8844
[Adapter] acc=3/3 (100.0%) | avg_confidence=1.000 | context_len=8844
\n===== Lossless Check =====
Speculative output: NO REPLY
AR manual output:   NO REPLY
Exact match: True
OK: Outputs match. Speculative decoding is lossless.
Speedup: 1.50x
Speedup_decode: 1.10x
Spec decode tok/s: 41.44
AR decode tok/s:   37.72
 first token :The

Draft step 0: in_token=tensor([[785]], device='cuda:6'), in_token_decoded=The, end_index: 8910
predicted_token: 30352, predict_score: 0.9052704572677612, token :  dough

Draft step 1: in_token=tensor([[30352]], device='cuda:6'), in_token_decoded= dough, end_index: 8911
predicted_token: 374, predict_score: 0.5008864402770996, token :  is

Draft step 2: in_token=tensor([[374]], device='cuda:6'), in_token_decoded= is, end_index: 8912
Draft step 2, token  is, predict_score 0.5008864402770996 < threshold 0.6, stopping draft
Verifying token 0: verify_id=30352 ( dough), draft_id=30352 ( dough), is_last=False, is_eos=False
Verifying token 1: verify_id=374 ( is), draft_id=374 ( is), is_last=False, is_eos=False
Verifying token 2: verify_id=13853 ( kne), draft_id=None (None), is_last=True, is_eos=False
Token 2 verification failed, accepting up to this token. is_last: True, is_eos: False, is_mismatch: False

Draft step 0: in_token=tensor([[13853]], device='cuda:6'), in_token_decoded= kne, end_index: 8913
predicted_token: 329, predict_score: 0.3580024838447571, token : ad

Draft step 1: in_token=tensor([[329]], device='cuda:6'), in_token_decoded=ad, end_index: 8914
Draft step 1, token ad, predict_score 0.3580024838447571 < threshold 0.6, stopping draft
Verifying token 0: verify_id=14255 (aded), draft_id=329 (ad), is_last=False, is_eos=False
Token 0 verification failed, accepting up to this token. is_last: False, is_eos: False, is_mismatch: True

Draft step 0: in_token=tensor([[14255]], device='cuda:6'), in_token_decoded=aded, end_index: 8914
predicted_token: 311, predict_score: 0.23171807825565338, token :  to

Draft step 1: in_token=tensor([[311]], device='cuda:6'), in_token_decoded= to, end_index: 8915
Draft step 1, token  to, predict_score 0.23171807825565338 < threshold 0.6, stopping draft
Verifying token 0: verify_id=553 ( by), draft_id=311 ( to), is_last=False, is_eos=False
Token 0 verification failed, accepting up to this token. is_last: False, is_eos: False, is_mismatch: True

Draft step 0: in_token=tensor([[553]], device='cuda:6'), in_token_decoded= by, end_index: 8915
predicted_token: 25352, predict_score: 0.5892423391342163, token :  pressing

Draft step 1: in_token=tensor([[25352]], device='cuda:6'), in_token_decoded= pressing, end_index: 8916
Draft step 1, token  pressing, predict_score 0.5892423391342163 < threshold 0.6, stopping draft
Verifying token 0: verify_id=25352 ( pressing), draft_id=25352 ( pressing), is_last=False, is_eos=False
Verifying token 1: verify_id=323 ( and), draft_id=None (None), is_last=True, is_eos=False
Token 1 verification failed, accepting up to this token. is_last: True, is_eos: False, is_mismatch: False

Draft step 0: in_token=tensor([[323]], device='cuda:6'), in_token_decoded= and, end_index: 8917
predicted_token: 1221, predict_score: 0.42242854833602905, token :  then

Draft step 1: in_token=tensor([[1221]], device='cuda:6'), in_token_decoded= then, end_index: 8918
Draft step 1, token  then, predict_score 0.42242854833602905 < threshold 0.6, stopping draft
Verifying token 0: verify_id=44742 ( folding), draft_id=1221 ( then), is_last=False, is_eos=False
Token 0 verification failed, accepting up to this token. is_last: False, is_eos: False, is_mismatch: True

Draft step 0: in_token=tensor([[44742]], device='cuda:6'), in_token_decoded= folding, end_index: 8918
predicted_token: 432, predict_score: 0.3541589677333832, token :  it

Draft step 1: in_token=tensor([[432]], device='cuda:6'), in_token_decoded= it, end_index: 8919
Draft step 1, token  it, predict_score 0.3541589677333832 < threshold 0.6, stopping draft
Verifying token 0: verify_id=432 ( it), draft_id=432 ( it), is_last=False, is_eos=False
Verifying token 1: verify_id=11 (,), draft_id=None (None), is_last=True, is_eos=False
Token 1 verification failed, accepting up to this token. is_last: True, is_eos: False, is_mismatch: False

Draft step 0: in_token=tensor([[11]], device='cuda:6'), in_token_decoded=,, end_index: 8920
predicted_token: 1221, predict_score: 0.31015723943710327, token :  then

Draft step 1: in_token=tensor([[1221]], device='cuda:6'), in_token_decoded= then, end_index: 8921
Draft step 1, token  then, predict_score 0.31015723943710327 < threshold 0.6, stopping draft
Verifying token 0: verify_id=1221 ( then), draft_id=1221 ( then), is_last=False, is_eos=False
Verifying token 1: verify_id=9099 ( placed), draft_id=None (None), is_last=True, is_eos=False
Token 1 verification failed, accepting up to this token. is_last: True, is_eos: False, is_mismatch: False

Draft step 0: in_token=tensor([[9099]], device='cuda:6'), in_token_decoded= placed, end_index: 8922
predicted_token: 389, predict_score: 0.3620709180831909, token :  on

Draft step 1: in_token=tensor([[389]], device='cuda:6'), in_token_decoded= on, end_index: 8923
Draft step 1, token  on, predict_score 0.3620709180831909 < threshold 0.6, stopping draft
Verifying token 0: verify_id=1119 ( into), draft_id=389 ( on), is_last=False, is_eos=False
Token 0 verification failed, accepting up to this token. is_last: False, is_eos: False, is_mismatch: True

Draft step 0: in_token=tensor([[1119]], device='cuda:6'), in_token_decoded= into, end_index: 8923
predicted_token: 279, predict_score: 0.7211108207702637, token :  the

Draft step 1: in_token=tensor([[279]], device='cuda:6'), in_token_decoded= the, end_index: 8924
predicted_token: 19212, predict_score: 0.34676727652549744, token :  bowl

Draft step 2: in_token=tensor([[19212]], device='cuda:6'), in_token_decoded= bowl, end_index: 8925
Draft step 2, token  bowl, predict_score 0.34676727652549744 < threshold 0.6, stopping draft
Verifying token 0: verify_id=264 ( a), draft_id=279 ( the), is_last=False, is_eos=False
Token 0 verification failed, accepting up to this token. is_last: False, is_eos: False, is_mismatch: True

Draft step 0: in_token=tensor([[264]], device='cuda:6'), in_token_decoded= a, end_index: 8924
predicted_token: 57209, predict_score: 0.227394238114357, token :  basin

Draft step 1: in_token=tensor([[57209]], device='cuda:6'), in_token_decoded= basin, end_index: 8925
Draft step 1, token  basin, predict_score 0.227394238114357 < threshold 0.6, stopping draft
Verifying token 0: verify_id=30352 ( dough), draft_id=57209 ( basin), is_last=False, is_eos=False
Token 0 verification failed, accepting up to this token. is_last: False, is_eos: False, is_mismatch: True

Draft step 0: in_token=tensor([[30352]], device='cuda:6'), in_token_decoded= dough, end_index: 8925
predicted_token: 389, predict_score: 0.20491518080234528, token :  on

Draft step 1: in_token=tensor([[389]], device='cuda:6'), in_token_decoded= on, end_index: 8926
Draft step 1, token  on, predict_score 0.20491518080234528 < threshold 0.6, stopping draft
Verifying token 0: verify_id=37778 ( mixer), draft_id=389 ( on), is_last=False, is_eos=False
Token 0 verification failed, accepting up to this token. is_last: False, is_eos: False, is_mismatch: True

Draft step 0: in_token=tensor([[37778]], device='cuda:6'), in_token_decoded= mixer, end_index: 8926
predicted_token: 13, predict_score: 0.4054965376853943, token : .

Draft step 1: in_token=tensor([[13]], device='cuda:6'), in_token_decoded=., end_index: 8927
Draft step 1, token ., predict_score 0.4054965376853943 < threshold 0.6, stopping draft
Verifying token 0: verify_id=11 (,), draft_id=13 (.), is_last=False, is_eos=False
Token 0 verification failed, accepting up to this token. is_last: False, is_eos: False, is_mismatch: True

Draft step 0: in_token=tensor([[11]], device='cuda:6'), in_token_decoded=,, end_index: 8927
predicted_token: 323, predict_score: 0.710258424282074, token :  and

Draft step 1: in_token=tensor([[323]], device='cuda:6'), in_token_decoded= and, end_index: 8928
predicted_token: 1221, predict_score: 0.18137745559215546, token :  then

Draft step 2: in_token=tensor([[1221]], device='cuda:6'), in_token_decoded= then, end_index: 8929
Draft step 2, token  then, predict_score 0.18137745559215546 < threshold 0.6, stopping draft
Verifying token 0: verify_id=323 ( and), draft_id=323 ( and), is_last=False, is_eos=False
Verifying token 1: verify_id=279 ( the), draft_id=1221 ( then), is_last=False, is_eos=False
Token 1 verification failed, accepting up to this token. is_last: False, is_eos: False, is_mismatch: True

Draft step 0: in_token=tensor([[279]], device='cuda:6'), in_token_decoded= the, end_index: 8929
predicted_token: 30352, predict_score: 0.890739917755127, token :  dough

Draft step 1: in_token=tensor([[30352]], device='cuda:6'), in_token_decoded= dough, end_index: 8930
predicted_token: 304, predict_score: 0.2658049762248993, token :  in

Draft step 2: in_token=tensor([[304]], device='cuda:6'), in_token_decoded= in, end_index: 8931
Draft step 2, token  in, predict_score 0.2658049762248993 < threshold 0.6, stopping draft
Verifying token 0: verify_id=1697 ( person), draft_id=30352 ( dough), is_last=False, is_eos=False
Token 0 verification failed, accepting up to this token. is_last: False, is_eos: False, is_mismatch: True

Draft step 0: in_token=tensor([[1697]], device='cuda:6'), in_token_decoded= person, end_index: 8930
predicted_token: 75, predict_score: 0.04479033872485161, token : l

Draft step 1: in_token=tensor([[75]], device='cuda:6'), in_token_decoded=l, end_index: 8931
Draft step 1, token l, predict_score 0.04479033872485161 < threshold 0.6, stopping draft
Verifying token 0: verify_id=594 ('s), draft_id=75 (l), is_last=False, is_eos=False
Token 0 verification failed, accepting up to this token. is_last: False, is_eos: False, is_mismatch: True

Draft step 0: in_token=tensor([[594]], device='cuda:6'), in_token_decoded='s, end_index: 8931
predicted_token: 30352, predict_score: 0.2742277979850769, token :  dough

Draft step 1: in_token=tensor([[30352]], device='cuda:6'), in_token_decoded= dough, end_index: 8932
Draft step 1, token  dough, predict_score 0.2742277979850769 < threshold 0.6, stopping draft
Verifying token 0: verify_id=6078 ( hands), draft_id=30352 ( dough), is_last=False, is_eos=False
Token 0 verification failed, accepting up to this token. is_last: False, is_eos: False, is_mismatch: True

Draft step 0: in_token=tensor([[6078]], device='cuda:6'), in_token_decoded= hands, end_index: 8932
predicted_token: 525, predict_score: 0.42571738362312317, token :  are

Draft step 1: in_token=tensor([[525]], device='cuda:6'), in_token_decoded= are, end_index: 8933
Draft step 1, token  are, predict_score 0.42571738362312317 < threshold 0.6, stopping draft
Verifying token 0: verify_id=3060 ( continue), draft_id=525 ( are), is_last=False, is_eos=False
Token 0 verification failed, accepting up to this token. is_last: False, is_eos: False, is_mismatch: True

Draft step 0: in_token=tensor([[3060]], device='cuda:6'), in_token_decoded= continue, end_index: 8933
predicted_token: 311, predict_score: 0.6989726424217224, token :  to

Draft step 1: in_token=tensor([[311]], device='cuda:6'), in_token_decoded= to, end_index: 8934
predicted_token: 23065, predict_score: 0.8529987335205078, token :  stir

Draft step 2: in_token=tensor([[23065]], device='cuda:6'), in_token_decoded= stir, end_index: 8935
predicted_token: 279, predict_score: 0.499526709318161, token :  the

Draft step 3: in_token=tensor([[279]], device='cuda:6'), in_token_decoded= the, end_index: 8936
Draft step 3, token  the, predict_score 0.499526709318161 < threshold 0.6, stopping draft
Verifying token 0: verify_id=311 ( to), draft_id=311 ( to), is_last=False, is_eos=False
Verifying token 1: verify_id=975 ( work), draft_id=23065 ( stir), is_last=False, is_eos=False
Token 1 verification failed, accepting up to this token. is_last: False, is_eos: False, is_mismatch: True

Draft step 0: in_token=tensor([[975]], device='cuda:6'), in_token_decoded= work, end_index: 8935
predicted_token: 448, predict_score: 0.12184832245111465, token :  with

Draft step 1: in_token=tensor([[448]], device='cuda:6'), in_token_decoded= with, end_index: 8936
Draft step 1, token  with, predict_score 0.12184832245111465 < threshold 0.6, stopping draft
Verifying token 0: verify_id=432 ( it), draft_id=448 ( with), is_last=False, is_eos=False
Token 0 verification failed, accepting up to this token. is_last: False, is_eos: False, is_mismatch: True

Draft step 0: in_token=tensor([[432]], device='cuda:6'), in_token_decoded= it, end_index: 8936
predicted_token: 13, predict_score: 0.6667490601539612, token : .

Draft step 1: in_token=tensor([[13]], device='cuda:6'), in_token_decoded=., end_index: 8937
predicted_token: 151645, predict_score: 0.9934646487236023, token : <|im_end|>
Verifying token 0: verify_id=4766 ( inside), draft_id=13 (.), is_last=False, is_eos=False
Token 0 verification failed, accepting up to this token. is_last: False, is_eos: False, is_mismatch: True

Draft step 0: in_token=tensor([[4766]], device='cuda:6'), in_token_decoded= inside, end_index: 8937
predicted_token: 279, predict_score: 0.41098707914352417, token :  the

Draft step 1: in_token=tensor([[279]], device='cuda:6'), in_token_decoded= the, end_index: 8938
Draft step 1, token  the, predict_score 0.41098707914352417 < threshold 0.6, stopping draft
Verifying token 0: verify_id=279 ( the), draft_id=279 ( the), is_last=False, is_eos=False
Verifying token 1: verify_id=37778 ( mixer), draft_id=None (None), is_last=True, is_eos=False
Token 1 verification failed, accepting up to this token. is_last: True, is_eos: False, is_mismatch: False

Draft step 0: in_token=tensor([[37778]], device='cuda:6'), in_token_decoded= mixer, end_index: 8939
predicted_token: 13, predict_score: 0.3554076552391052, token : .

Draft step 1: in_token=tensor([[13]], device='cuda:6'), in_token_decoded=., end_index: 8940
Draft step 1, token ., predict_score 0.3554076552391052 < threshold 0.6, stopping draft
Verifying token 0: verify_id=11 (,), draft_id=13 (.), is_last=False, is_eos=False
Token 0 verification failed, accepting up to this token. is_last: False, is_eos: False, is_mismatch: True

Draft step 0: in_token=tensor([[11]], device='cuda:6'), in_token_decoded=,, end_index: 8940
predicted_token: 323, predict_score: 0.5679091215133667, token :  and

Draft step 1: in_token=tensor([[323]], device='cuda:6'), in_token_decoded= and, end_index: 8941
Draft step 1, token  and, predict_score 0.5679091215133667 < threshold 0.6, stopping draft
Verifying token 0: verify_id=448 ( with), draft_id=323 ( and), is_last=False, is_eos=False
Token 0 verification failed, accepting up to this token. is_last: False, is_eos: False, is_mismatch: True

Draft step 0: in_token=tensor([[448]], device='cuda:6'), in_token_decoded= with, end_index: 8941
predicted_token: 279, predict_score: 0.25259679555892944, token :  the

Draft step 1: in_token=tensor([[279]], device='cuda:6'), in_token_decoded= the, end_index: 8942
Draft step 1, token  the, predict_score 0.25259679555892944 < threshold 0.6, stopping draft
Verifying token 0: verify_id=279 ( the), draft_id=279 ( the), is_last=False, is_eos=False
Verifying token 1: verify_id=37778 ( mixer), draft_id=None (None), is_last=True, is_eos=False
Token 1 verification failed, accepting up to this token. is_last: True, is_eos: False, is_mismatch: False

Draft step 0: in_token=tensor([[37778]], device='cuda:6'), in_token_decoded= mixer, end_index: 8943
predicted_token: 374, predict_score: 0.2581561207771301, token :  is

Draft step 1: in_token=tensor([[374]], device='cuda:6'), in_token_decoded= is, end_index: 8944
Draft step 1, token  is, predict_score 0.2581561207771301 < threshold 0.6, stopping draft
Verifying token 0: verify_id=594 ('s), draft_id=374 ( is), is_last=False, is_eos=False
Token 0 verification failed, accepting up to this token. is_last: False, is_eos: False, is_mismatch: True

Draft step 0: in_token=tensor([[594]], device='cuda:6'), in_token_decoded='s, end_index: 8944
predicted_token: 30352, predict_score: 0.09460248053073883, token :  dough

Draft step 1: in_token=tensor([[30352]], device='cuda:6'), in_token_decoded= dough, end_index: 8945
Draft step 1, token  dough, predict_score 0.09460248053073883 < threshold 0.6, stopping draft
Verifying token 0: verify_id=41642 ( blades), draft_id=30352 ( dough), is_last=False, is_eos=False
Token 0 verification failed, accepting up to this token. is_last: False, is_eos: False, is_mismatch: True

Draft step 0: in_token=tensor([[41642]], device='cuda:6'), in_token_decoded= blades, end_index: 8945
predicted_token: 323, predict_score: 0.35771071910858154, token :  and

Draft step 1: in_token=tensor([[323]], device='cuda:6'), in_token_decoded= and, end_index: 8946
Draft step 1, token  and, predict_score 0.35771071910858154 < threshold 0.6, stopping draft
Verifying token 0: verify_id=13054 ( turning), draft_id=323 ( and), is_last=False, is_eos=False
Token 0 verification failed, accepting up to this token. is_last: False, is_eos: False, is_mismatch: True

Draft step 0: in_token=tensor([[13054]], device='cuda:6'), in_token_decoded= turning, end_index: 8946
predicted_token: 389, predict_score: 0.608426034450531, token :  on

Draft step 1: in_token=tensor([[389]], device='cuda:6'), in_token_decoded= on, end_index: 8947
predicted_token: 279, predict_score: 0.9856218695640564, token :  the

Draft step 2: in_token=tensor([[279]], device='cuda:6'), in_token_decoded= the, end_index: 8948
predicted_token: 30352, predict_score: 0.4048353433609009, token :  dough

Draft step 3: in_token=tensor([[30352]], device='cuda:6'), in_token_decoded= dough, end_index: 8949
Draft step 3, token  dough, predict_score 0.4048353433609009 < threshold 0.6, stopping draft
Verifying token 0: verify_id=311 ( to), draft_id=389 ( on), is_last=False, is_eos=False
Token 0 verification failed, accepting up to this token. is_last: False, is_eos: False, is_mismatch: True

Draft step 0: in_token=tensor([[311]], device='cuda:6'), in_token_decoded= to, end_index: 8947
predicted_token: 279, predict_score: 0.705681324005127, token :  the

Draft step 1: in_token=tensor([[279]], device='cuda:6'), in_token_decoded= the, end_index: 8948
predicted_token: 1290, predict_score: 0.5157109498977661, token :  right

Draft step 2: in_token=tensor([[1290]], device='cuda:6'), in_token_decoded= right, end_index: 8949
Draft step 2, token  right, predict_score 0.5157109498977661 < threshold 0.6, stopping draft
Verifying token 0: verify_id=4623 ( further), draft_id=279 ( the), is_last=False, is_eos=False
Token 0 verification failed, accepting up to this token. is_last: False, is_eos: False, is_mismatch: True

Draft step 0: in_token=tensor([[4623]], device='cuda:6'), in_token_decoded= further, end_index: 8948
predicted_token: 1281, predict_score: 0.0671025738120079, token :  make

Draft step 1: in_token=tensor([[1281]], device='cuda:6'), in_token_decoded= make, end_index: 8949
Draft step 1, token  make, predict_score 0.0671025738120079 < threshold 0.6, stopping draft
Verifying token 0: verify_id=13853 ( kne), draft_id=1281 ( make), is_last=False, is_eos=False
Token 0 verification failed, accepting up to this token. is_last: False, is_eos: False, is_mismatch: True

Draft step 0: in_token=tensor([[13853]], device='cuda:6'), in_token_decoded= kne, end_index: 8949
predicted_token: 2228, predict_score: 0.5450154542922974, token : ading

Draft step 1: in_token=tensor([[2228]], device='cuda:6'), in_token_decoded=ading, end_index: 8950
Draft step 1, token ading, predict_score 0.5450154542922974 < threshold 0.6, stopping draft
Verifying token 0: verify_id=329 (ad), draft_id=2228 (ading), is_last=False, is_eos=False
Token 0 verification failed, accepting up to this token. is_last: False, is_eos: False, is_mismatch: True

Draft step 0: in_token=tensor([[329]], device='cuda:6'), in_token_decoded=ad, end_index: 8950
predicted_token: 279, predict_score: 0.213792085647583, token :  the

Draft step 1: in_token=tensor([[279]], device='cuda:6'), in_token_decoded= the, end_index: 8951
Draft step 1, token  the, predict_score 0.213792085647583 < threshold 0.6, stopping draft
Verifying token 0: verify_id=279 ( the), draft_id=279 ( the), is_last=False, is_eos=False
Verifying token 1: verify_id=30352 ( dough), draft_id=None (None), is_last=True, is_eos=False
Token 1 verification failed, accepting up to this token. is_last: True, is_eos: False, is_mismatch: False

Draft step 0: in_token=tensor([[30352]], device='cuda:6'), in_token_decoded= dough, end_index: 8952
predicted_token: 4935, predict_score: 0.12827639281749725, token :  ball

Draft step 1: in_token=tensor([[4935]], device='cuda:6'), in_token_decoded= ball, end_index: 8953
Draft step 1, token  ball, predict_score 0.12827639281749725 < threshold 0.6, stopping draft
Verifying token 0: verify_id=11 (,), draft_id=4935 ( ball), is_last=False, is_eos=False
Token 0 verification failed, accepting up to this token. is_last: False, is_eos: False, is_mismatch: True

Draft step 0: in_token=tensor([[11]], device='cuda:6'), in_token_decoded=,, end_index: 8953
predicted_token: 323, predict_score: 0.7443873882293701, token :  and

Draft step 1: in_token=tensor([[323]], device='cuda:6'), in_token_decoded= and, end_index: 8954
predicted_token: 1221, predict_score: 0.31208086013793945, token :  then

Draft step 2: in_token=tensor([[1221]], device='cuda:6'), in_token_decoded= then, end_index: 8955
Draft step 2, token  then, predict_score 0.31208086013793945 < threshold 0.6, stopping draft
Verifying token 0: verify_id=323 ( and), draft_id=323 ( and), is_last=False, is_eos=False
Verifying token 1: verify_id=279 ( the), draft_id=1221 ( then), is_last=False, is_eos=False
Token 1 verification failed, accepting up to this token. is_last: False, is_eos: False, is_mismatch: True

Draft step 0: in_token=tensor([[279]], device='cuda:6'), in_token_decoded= the, end_index: 8955
predicted_token: 30352, predict_score: 0.4393778145313263, token :  dough

Draft step 1: in_token=tensor([[30352]], device='cuda:6'), in_token_decoded= dough, end_index: 8956
Draft step 1, token  dough, predict_score 0.4393778145313263 < threshold 0.6, stopping draft
Verifying token 0: verify_id=1697 ( person), draft_id=30352 ( dough), is_last=False, is_eos=False
Token 0 verification failed, accepting up to this token. is_last: False, is_eos: False, is_mismatch: True

Draft step 0: in_token=tensor([[1697]], device='cuda:6'), in_token_decoded= person, end_index: 8956
predicted_token: 75, predict_score: 0.04717491567134857, token : l

Draft step 1: in_token=tensor([[75]], device='cuda:6'), in_token_decoded=l, end_index: 8957
Draft step 1, token l, predict_score 0.04717491567134857 < threshold 0.6, stopping draft
Verifying token 0: verify_id=1221 ( then), draft_id=75 (l), is_last=False, is_eos=False
Token 0 verification failed, accepting up to this token. is_last: False, is_eos: False, is_mismatch: True

Draft step 0: in_token=tensor([[1221]], device='cuda:6'), in_token_decoded= then, end_index: 8957
predicted_token: 279, predict_score: 0.12291388213634491, token :  the

Draft step 1: in_token=tensor([[279]], device='cuda:6'), in_token_decoded= the, end_index: 8958
Draft step 1, token  the, predict_score 0.12291388213634491 < threshold 0.6, stopping draft
Verifying token 0: verify_id=21895 ( picks), draft_id=279 ( the), is_last=False, is_eos=False
Token 0 verification failed, accepting up to this token. is_last: False, is_eos: False, is_mismatch: True

Draft step 0: in_token=tensor([[21895]], device='cuda:6'), in_token_decoded= picks, end_index: 8958
predicted_token: 705, predict_score: 0.9855179786682129, token :  up

Draft step 1: in_token=tensor([[705]], device='cuda:6'), in_token_decoded= up, end_index: 8959
predicted_token: 279, predict_score: 0.530893862247467, token :  the

Draft step 2: in_token=tensor([[279]], device='cuda:6'), in_token_decoded= the, end_index: 8960
Draft step 2, token  the, predict_score 0.530893862247467 < threshold 0.6, stopping draft
Verifying token 0: verify_id=705 ( up), draft_id=705 ( up), is_last=False, is_eos=False
Verifying token 1: verify_id=264 ( a), draft_id=279 ( the), is_last=False, is_eos=False
Token 1 verification failed, accepting up to this token. is_last: False, is_eos: False, is_mismatch: True

Draft step 0: in_token=tensor([[264]], device='cuda:6'), in_token_decoded= a, end_index: 8960
predicted_token: 22360, predict_score: 0.09862565994262695, token :  wooden

Draft step 1: in_token=tensor([[22360]], device='cuda:6'), in_token_decoded= wooden, end_index: 8961
Draft step 1, token  wooden, predict_score 0.09862565994262695 < threshold 0.6, stopping draft
Verifying token 0: verify_id=6573 ( piece), draft_id=22360 ( wooden), is_last=False, is_eos=False
Token 0 verification failed, accepting up to this token. is_last: False, is_eos: False, is_mismatch: True

Draft step 0: in_token=tensor([[6573]], device='cuda:6'), in_token_decoded= piece, end_index: 8961
predicted_token: 315, predict_score: 0.9557437896728516, token :  of

Draft step 1: in_token=tensor([[315]], device='cuda:6'), in_token_decoded= of, end_index: 8962
predicted_token: 30352, predict_score: 0.8949642181396484, token :  dough

Draft step 2: in_token=tensor([[30352]], device='cuda:6'), in_token_decoded= dough, end_index: 8963
predicted_token: 389, predict_score: 0.16814309358596802, token :  on

Draft step 3: in_token=tensor([[389]], device='cuda:6'), in_token_decoded= on, end_index: 8964
Draft step 3, token  on, predict_score 0.16814309358596802 < threshold 0.6, stopping draft
Verifying token 0: verify_id=315 ( of), draft_id=315 ( of), is_last=False, is_eos=False
Verifying token 1: verify_id=30352 ( dough), draft_id=30352 ( dough), is_last=False, is_eos=False
Verifying token 2: verify_id=323 ( and), draft_id=389 ( on), is_last=False, is_eos=False
Token 2 verification failed, accepting up to this token. is_last: False, is_eos: False, is_mismatch: True

Draft step 0: in_token=tensor([[323]], device='cuda:6'), in_token_decoded= and, end_index: 8964
predicted_token: 264, predict_score: 0.36928704380989075, token :  a

Draft step 1: in_token=tensor([[264]], device='cuda:6'), in_token_decoded= a, end_index: 8965
Draft step 1, token  a, predict_score 0.36928704380989075 < threshold 0.6, stopping draft
Verifying token 0: verify_id=7482 ( places), draft_id=264 ( a), is_last=False, is_eos=False
Token 0 verification failed, accepting up to this token. is_last: False, is_eos: False, is_mismatch: True

Draft step 0: in_token=tensor([[7482]], device='cuda:6'), in_token_decoded= places, end_index: 8965
predicted_token: 432, predict_score: 0.7276647090911865, token :  it

Draft step 1: in_token=tensor([[432]], device='cuda:6'), in_token_decoded= it, end_index: 8966
predicted_token: 389, predict_score: 0.8514635562896729, token :  on

Draft step 2: in_token=tensor([[389]], device='cuda:6'), in_token_decoded= on, end_index: 8967
predicted_token: 279, predict_score: 0.8999245762825012, token :  the

Draft step 3: in_token=tensor([[279]], device='cuda:6'), in_token_decoded= the, end_index: 8968
predicted_token: 14376, predict_score: 0.5164528489112854, token :  cutting

Draft step 4: in_token=tensor([[14376]], device='cuda:6'), in_token_decoded= cutting, end_index: 8969
Draft step 4, token  cutting, predict_score 0.5164528489112854 < threshold 0.6, stopping draft
Verifying token 0: verify_id=432 ( it), draft_id=432 ( it), is_last=False, is_eos=False
Verifying token 1: verify_id=389 ( on), draft_id=389 ( on), is_last=False, is_eos=False
Verifying token 2: verify_id=279 ( the), draft_id=279 ( the), is_last=False, is_eos=False
Verifying token 3: verify_id=9317 ( metal), draft_id=14376 ( cutting), is_last=False, is_eos=False
Token 3 verification failed, accepting up to this token. is_last: False, is_eos: False, is_mismatch: True

Draft step 0: in_token=tensor([[9317]], device='cuda:6'), in_token_decoded= metal, end_index: 8969
predicted_token: 57209, predict_score: 0.36792707443237305, token :  basin

Draft step 1: in_token=tensor([[57209]], device='cuda:6'), in_token_decoded= basin, end_index: 8970
Draft step 1, token  basin, predict_score 0.36792707443237305 < threshold 0.6, stopping draft
Verifying token 0: verify_id=7329 ( surface), draft_id=57209 ( basin), is_last=False, is_eos=False
Token 0 verification failed, accepting up to this token. is_last: False, is_eos: False, is_mismatch: True

Draft step 0: in_token=tensor([[7329]], device='cuda:6'), in_token_decoded= surface, end_index: 8970
predicted_token: 1790, predict_score: 0.27077582478523254, token :  next

Draft step 1: in_token=tensor([[1790]], device='cuda:6'), in_token_decoded= next, end_index: 8971
Draft step 1, token  next, predict_score 0.27077582478523254 < threshold 0.6, stopping draft
Verifying token 0: verify_id=11 (,), draft_id=1790 ( next), is_last=False, is_eos=False
Token 0 verification failed, accepting up to this token. is_last: False, is_eos: False, is_mismatch: True

Draft step 0: in_token=tensor([[11]], device='cuda:6'), in_token_decoded=,, end_index: 8971
predicted_token: 323, predict_score: 0.530906617641449, token :  and

Draft step 1: in_token=tensor([[323]], device='cuda:6'), in_token_decoded= and, end_index: 8972
Draft step 1, token  and, predict_score 0.530906617641449 < threshold 0.6, stopping draft
Verifying token 0: verify_id=448 ( with), draft_id=323 ( and), is_last=False, is_eos=False
Token 0 verification failed, accepting up to this token. is_last: False, is_eos: False, is_mismatch: True

Draft step 0: in_token=tensor([[448]], device='cuda:6'), in_token_decoded= with, end_index: 8972
predicted_token: 279, predict_score: 0.15644961595535278, token :  the

Draft step 1: in_token=tensor([[279]], device='cuda:6'), in_token_decoded= the, end_index: 8973
Draft step 1, token  the, predict_score 0.15644961595535278 < threshold 0.6, stopping draft
Verifying token 0: verify_id=1008 ( other), draft_id=279 ( the), is_last=False, is_eos=False
Token 0 verification failed, accepting up to this token. is_last: False, is_eos: False, is_mismatch: True

Draft step 0: in_token=tensor([[1008]], device='cuda:6'), in_token_decoded= other, end_index: 8973
predicted_token: 30352, predict_score: 0.8530223965644836, token :  dough

Draft step 1: in_token=tensor([[30352]], device='cuda:6'), in_token_decoded= dough, end_index: 8974
predicted_token: 389, predict_score: 0.18866440653800964, token :  on

Draft step 2: in_token=tensor([[389]], device='cuda:6'), in_token_decoded= on, end_index: 8975
Draft step 2, token  on, predict_score 0.18866440653800964 < threshold 0.6, stopping draft
Verifying token 0: verify_id=9666 ( pieces), draft_id=30352 ( dough), is_last=False, is_eos=False
Token 0 verification failed, accepting up to this token. is_last: False, is_eos: False, is_mismatch: True

Draft step 0: in_token=tensor([[9666]], device='cuda:6'), in_token_decoded= pieces, end_index: 8974
predicted_token: 315, predict_score: 0.4920128285884857, token :  of

Draft step 1: in_token=tensor([[315]], device='cuda:6'), in_token_decoded= of, end_index: 8975
Draft step 1, token  of, predict_score 0.4920128285884857 < threshold 0.6, stopping draft
Verifying token 0: verify_id=315 ( of), draft_id=315 ( of), is_last=False, is_eos=False
Verifying token 1: verify_id=30352 ( dough), draft_id=None (None), is_last=True, is_eos=False
Token 1 verification failed, accepting up to this token. is_last: True, is_eos: False, is_mismatch: False

Draft step 0: in_token=tensor([[30352]], device='cuda:6'), in_token_decoded= dough, end_index: 8976
predicted_token: 13, predict_score: 0.5252585411071777, token : .

Draft step 1: in_token=tensor([[13]], device='cuda:6'), in_token_decoded=., end_index: 8977
Draft step 1, token ., predict_score 0.5252585411071777 < threshold 0.6, stopping draft
Verifying token 0: verify_id=323 ( and), draft_id=13 (.), is_last=False, is_eos=False
Token 0 verification failed, accepting up to this token. is_last: False, is_eos: False, is_mismatch: True

Draft step 0: in_token=tensor([[323]], device='cuda:6'), in_token_decoded= and, end_index: 8977
predicted_token: 264, predict_score: 0.20261596143245697, token :  a

Draft step 1: in_token=tensor([[264]], device='cuda:6'), in_token_decoded= a, end_index: 8978
Draft step 1, token  a, predict_score 0.20261596143245697 < threshold 0.6, stopping draft
Verifying token 0: verify_id=264 ( a), draft_id=264 ( a), is_last=False, is_eos=False
Verifying token 1: verify_id=2613 ( small), draft_id=None (None), is_last=True, is_eos=False
Token 1 verification failed, accepting up to this token. is_last: True, is_eos: False, is_mismatch: False

Draft step 0: in_token=tensor([[2613]], device='cuda:6'), in_token_decoded= small, end_index: 8979
predicted_token: 3311, predict_score: 0.23396645486354828, token :  amount

Draft step 1: in_token=tensor([[3311]], device='cuda:6'), in_token_decoded= amount, end_index: 8980
Draft step 1, token  amount, predict_score 0.23396645486354828 < threshold 0.6, stopping draft
Verifying token 0: verify_id=5476 ( container), draft_id=3311 ( amount), is_last=False, is_eos=False
Token 0 verification failed, accepting up to this token. is_last: False, is_eos: False, is_mismatch: True

Draft step 0: in_token=tensor([[5476]], device='cuda:6'), in_token_decoded= container, end_index: 8980
predicted_token: 315, predict_score: 0.3088279664516449, token :  of

Draft step 1: in_token=tensor([[315]], device='cuda:6'), in_token_decoded= of, end_index: 8981
Draft step 1, token  of, predict_score 0.3088279664516449 < threshold 0.6, stopping draft
Verifying token 0: verify_id=14046 ( nearby), draft_id=315 ( of), is_last=False, is_eos=False
Token 0 verification failed, accepting up to this token. is_last: False, is_eos: False, is_mismatch: True

Draft step 0: in_token=tensor([[14046]], device='cuda:6'), in_token_decoded= nearby, end_index: 8981
predicted_token: 13, predict_score: 0.46510791778564453, token : .

Draft step 1: in_token=tensor([[13]], device='cuda:6'), in_token_decoded=., end_index: 8982
Draft step 1, token ., predict_score 0.46510791778564453 < threshold 0.6, stopping draft
Verifying token 0: verify_id=11 (,), draft_id=13 (.), is_last=False, is_eos=False
Token 0 verification failed, accepting up to this token. is_last: False, is_eos: False, is_mismatch: True

Draft step 0: in_token=tensor([[11]], device='cuda:6'), in_token_decoded=,, end_index: 8982
predicted_token: 323, predict_score: 0.6344488859176636, token :  and

Draft step 1: in_token=tensor([[323]], device='cuda:6'), in_token_decoded= and, end_index: 8983
predicted_token: 1221, predict_score: 0.31635627150535583, token :  then

Draft step 2: in_token=tensor([[1221]], device='cuda:6'), in_token_decoded= then, end_index: 8984
Draft step 2, token  then, predict_score 0.31635627150535583 < threshold 0.6, stopping draft
Verifying token 0: verify_id=323 ( and), draft_id=323 ( and), is_last=False, is_eos=False
Verifying token 1: verify_id=279 ( the), draft_id=1221 ( then), is_last=False, is_eos=False
Token 1 verification failed, accepting up to this token. is_last: False, is_eos: False, is_mismatch: True

Draft step 0: in_token=tensor([[279]], device='cuda:6'), in_token_decoded= the, end_index: 8984
predicted_token: 30352, predict_score: 0.5177891850471497, token :  dough

Draft step 1: in_token=tensor([[30352]], device='cuda:6'), in_token_decoded= dough, end_index: 8985
Draft step 1, token  dough, predict_score 0.5177891850471497 < threshold 0.6, stopping draft
Verifying token 0: verify_id=1697 ( person), draft_id=30352 ( dough), is_last=False, is_eos=False
Token 0 verification failed, accepting up to this token. is_last: False, is_eos: False, is_mismatch: True

Draft step 0: in_token=tensor([[1697]], device='cuda:6'), in_token_decoded= person, end_index: 8985
predicted_token: 2182, predict_score: 0.05158331245183945, token :  put

Draft step 1: in_token=tensor([[2182]], device='cuda:6'), in_token_decoded= put, end_index: 8986
Draft step 1, token  put, predict_score 0.05158331245183945 < threshold 0.6, stopping draft
Verifying token 0: verify_id=9539 ( continues), draft_id=2182 ( put), is_last=False, is_eos=False
Token 0 verification failed, accepting up to this token. is_last: False, is_eos: False, is_mismatch: True

Draft step 0: in_token=tensor([[9539]], device='cuda:6'), in_token_decoded= continues, end_index: 8986
predicted_token: 311, predict_score: 0.9498761296272278, token :  to

Draft step 1: in_token=tensor([[311]], device='cuda:6'), in_token_decoded= to, end_index: 8987
predicted_token: 23065, predict_score: 0.41997039318084717, token :  stir

Draft step 2: in_token=tensor([[23065]], device='cuda:6'), in_token_decoded= stir, end_index: 8988
Draft step 2, token  stir, predict_score 0.41997039318084717 < threshold 0.6, stopping draft
Verifying token 0: verify_id=311 ( to), draft_id=311 ( to), is_last=False, is_eos=False
Verifying token 1: verify_id=13853 ( kne), draft_id=23065 ( stir), is_last=False, is_eos=False
Token 1 verification failed, accepting up to this token. is_last: False, is_eos: False, is_mismatch: True

Draft step 0: in_token=tensor([[13853]], device='cuda:6'), in_token_decoded= kne, end_index: 8988
predicted_token: 329, predict_score: 0.4184063971042633, token : ad

Draft step 1: in_token=tensor([[329]], device='cuda:6'), in_token_decoded=ad, end_index: 8989
Draft step 1, token ad, predict_score 0.4184063971042633 < threshold 0.6, stopping draft
Verifying token 0: verify_id=329 (ad), draft_id=329 (ad), is_last=False, is_eos=False
Verifying token 1: verify_id=279 ( the), draft_id=None (None), is_last=True, is_eos=False
Token 1 verification failed, accepting up to this token. is_last: True, is_eos: False, is_mismatch: False

Draft step 0: in_token=tensor([[279]], device='cuda:6'), in_token_decoded= the, end_index: 8990
predicted_token: 30352, predict_score: 0.9715273380279541, token :  dough

Draft step 1: in_token=tensor([[30352]], device='cuda:6'), in_token_decoded= dough, end_index: 8991
predicted_token: 448, predict_score: 0.1898542195558548, token :  with

Draft step 2: in_token=tensor([[448]], device='cuda:6'), in_token_decoded= with, end_index: 8992
Draft step 2, token  with, predict_score 0.1898542195558548 < threshold 0.6, stopping draft
Verifying token 0: verify_id=30352 ( dough), draft_id=30352 ( dough), is_last=False, is_eos=False
Verifying token 1: verify_id=389 ( on), draft_id=448 ( with), is_last=False, is_eos=False
Token 1 verification failed, accepting up to this token. is_last: False, is_eos: False, is_mismatch: True

Draft step 0: in_token=tensor([[389]], device='cuda:6'), in_token_decoded= on, end_index: 8992
predicted_token: 279, predict_score: 0.9216907620429993, token :  the

Draft step 1: in_token=tensor([[279]], device='cuda:6'), in_token_decoded= the, end_index: 8993
predicted_token: 14376, predict_score: 0.3739411532878876, token :  cutting

Draft step 2: in_token=tensor([[14376]], device='cuda:6'), in_token_decoded= cutting, end_index: 8994
Draft step 2, token  cutting, predict_score 0.3739411532878876 < threshold 0.6, stopping draft
Verifying token 0: verify_id=279 ( the), draft_id=279 ( the), is_last=False, is_eos=False
Verifying token 1: verify_id=9317 ( metal), draft_id=14376 ( cutting), is_last=False, is_eos=False
Token 1 verification failed, accepting up to this token. is_last: False, is_eos: False, is_mismatch: True

Draft step 0: in_token=tensor([[9317]], device='cuda:6'), in_token_decoded= metal, end_index: 8994
predicted_token: 57209, predict_score: 0.24400489032268524, token :  basin

Draft step 1: in_token=tensor([[57209]], device='cuda:6'), in_token_decoded= basin, end_index: 8995
Draft step 1, token  basin, predict_score 0.24400489032268524 < threshold 0.6, stopping draft
Verifying token 0: verify_id=7329 ( surface), draft_id=57209 ( basin), is_last=False, is_eos=False
Token 0 verification failed, accepting up to this token. is_last: False, is_eos: False, is_mismatch: True

Draft step 0: in_token=tensor([[7329]], device='cuda:6'), in_token_decoded= surface, end_index: 8995
predicted_token: 13, predict_score: 0.625303328037262, token : .

Draft step 1: in_token=tensor([[13]], device='cuda:6'), in_token_decoded=., end_index: 8996
predicted_token: 151645, predict_score: 0.9832490682601929, token : <|im_end|>
Verifying token 0: verify_id=11 (,), draft_id=13 (.), is_last=False, is_eos=False
Token 0 verification failed, accepting up to this token. is_last: False, is_eos: False, is_mismatch: True

Draft step 0: in_token=tensor([[11]], device='cuda:6'), in_token_decoded=,, end_index: 8996
predicted_token: 323, predict_score: 0.8254767656326294, token :  and

Draft step 1: in_token=tensor([[323]], device='cuda:6'), in_token_decoded= and, end_index: 8997
predicted_token: 1221, predict_score: 0.15882577002048492, token :  then

Draft step 2: in_token=tensor([[1221]], device='cuda:6'), in_token_decoded= then, end_index: 8998
Draft step 2, token  then, predict_score 0.15882577002048492 < threshold 0.6, stopping draft
Verifying token 0: verify_id=448 ( with), draft_id=323 ( and), is_last=False, is_eos=False
Token 0 verification failed, accepting up to this token. is_last: False, is_eos: False, is_mismatch: True

Draft step 0: in_token=tensor([[448]], device='cuda:6'), in_token_decoded= with, end_index: 8997
predicted_token: 264, predict_score: 0.34936654567718506, token :  a

Draft step 1: in_token=tensor([[264]], device='cuda:6'), in_token_decoded= a, end_index: 8998
Draft step 1, token  a, predict_score 0.34936654567718506 < threshold 0.6, stopping draft
Verifying token 0: verify_id=279 ( the), draft_id=264 ( a), is_last=False, is_eos=False
Token 0 verification failed, accepting up to this token. is_last: False, is_eos: False, is_mismatch: True

Draft step 0: in_token=tensor([[279]], device='cuda:6'), in_token_decoded= the, end_index: 8998
predicted_token: 30352, predict_score: 0.2823331952095032, token :  dough

Draft step 1: in_token=tensor([[30352]], device='cuda:6'), in_token_decoded= dough, end_index: 8999
Draft step 1, token  dough, predict_score 0.2823331952095032 < threshold 0.6, stopping draft
Verifying token 0: verify_id=30352 ( dough), draft_id=30352 ( dough), is_last=False, is_eos=False
Verifying token 1: verify_id=25377 ( appearing), draft_id=None (None), is_last=True, is_eos=False
Token 1 verification failed, accepting up to this token. is_last: True, is_eos: False, is_mismatch: False

Draft step 0: in_token=tensor([[25377]], device='cuda:6'), in_token_decoded= appearing, end_index: 9000
predicted_token: 369, predict_score: 0.14203643798828125, token :  for

Draft step 1: in_token=tensor([[369]], device='cuda:6'), in_token_decoded= for, end_index: 9001
Draft step 1, token  for, predict_score 0.14203643798828125 < threshold 0.6, stopping draft
Verifying token 0: verify_id=1632 ( well), draft_id=369 ( for), is_last=False, is_eos=False
Token 0 verification failed, accepting up to this token. is_last: False, is_eos: False, is_mismatch: True

Draft step 0: in_token=tensor([[1632]], device='cuda:6'), in_token_decoded= well, end_index: 9001
predicted_token: 304, predict_score: 0.5788967609405518, token :  in

Draft step 1: in_token=tensor([[304]], device='cuda:6'), in_token_decoded= in, end_index: 9002
Draft step 1, token  in, predict_score 0.5788967609405518 < threshold 0.6, stopping draft
Verifying token 0: verify_id=12646 (-k), draft_id=304 ( in), is_last=False, is_eos=False
Token 0 verification failed, accepting up to this token. is_last: False, is_eos: False, is_mismatch: True

Draft step 0: in_token=tensor([[12646]], device='cuda:6'), in_token_decoded=-k, end_index: 9002
predicted_token: 4487, predict_score: 0.5965885519981384, token : ried

Draft step 1: in_token=tensor([[4487]], device='cuda:6'), in_token_decoded=ried, end_index: 9003
Draft step 1, token ried, predict_score 0.5965885519981384 < threshold 0.6, stopping draft
Verifying token 0: verify_id=811 (ne), draft_id=4487 (ried), is_last=False, is_eos=False
Token 0 verification failed, accepting up to this token. is_last: False, is_eos: False, is_mismatch: True

Draft step 0: in_token=tensor([[811]], device='cuda:6'), in_token_decoded=ne, end_index: 9003
predicted_token: 2228, predict_score: 0.11601831763982773, token : ading

Draft step 1: in_token=tensor([[2228]], device='cuda:6'), in_token_decoded=ading, end_index: 9004
Draft step 1, token ading, predict_score 0.11601831763982773 < threshold 0.6, stopping draft
Verifying token 0: verify_id=14255 (aded), draft_id=2228 (ading), is_last=False, is_eos=False
Token 0 verification failed, accepting up to this token. is_last: False, is_eos: False, is_mismatch: True

Draft step 0: in_token=tensor([[14255]], device='cuda:6'), in_token_decoded=aded, end_index: 9004
predicted_token: 30352, predict_score: 0.2107870876789093, token :  dough

Draft step 1: in_token=tensor([[30352]], device='cuda:6'), in_token_decoded= dough, end_index: 9005
Draft step 1, token  dough, predict_score 0.2107870876789093 < threshold 0.6, stopping draft
Verifying token 0: verify_id=323 ( and), draft_id=30352 ( dough), is_last=False, is_eos=False
Token 0 verification failed, accepting up to this token. is_last: False, is_eos: False, is_mismatch: True

Draft step 0: in_token=tensor([[323]], device='cuda:6'), in_token_decoded= and, end_index: 9005
predicted_token: 2182, predict_score: 0.07285730540752411, token :  put

Draft step 1: in_token=tensor([[2182]], device='cuda:6'), in_token_decoded= put, end_index: 9006
Draft step 1, token  put, predict_score 0.07285730540752411 < threshold 0.6, stopping draft
Verifying token 0: verify_id=10876 ( smooth), draft_id=2182 ( put), is_last=False, is_eos=False
Token 0 verification failed, accepting up to this token. is_last: False, is_eos: False, is_mismatch: True

Draft step 0: in_token=tensor([[10876]], device='cuda:6'), in_token_decoded= smooth, end_index: 9006
predicted_token: 13, predict_score: 0.11287176609039307, token : .

Draft step 1: in_token=tensor([[13]], device='cuda:6'), in_token_decoded=., end_index: 9007
Draft step 1, token ., predict_score 0.11287176609039307 < threshold 0.6, stopping draft
Verifying token 0: verify_id=13 (.), draft_id=13 (.), is_last=False, is_eos=False
Verifying token 1: verify_id=151645 (<|im_end|>), draft_id=None (None), is_last=True, is_eos=True
Token 1 verification failed, accepting up to this token. is_last: True, is_eos: True, is_mismatch: False
New tokens: ["The dough is kneaded by pressing and folding it, then placed into a dough mixer, and the person's hands continue to work it inside the mixer, with the mixer's blades turning to further knead the dough, and the person then picks up a piece of dough and places it on the metal surface, with other pieces of dough and a small container nearby, and the person continues to knead the dough on the metal surface, with the dough appearing well-kneaded and smooth.<|im_end|>"]
Total new tokens generated: 99
[Spec] avg_accept=1.36 | tokens=99 | context_len=8909
[Adapter] acc=26/86 (30.2%) | avg_confidence=0.452 | context_len=8909
\n===== Lossless Check =====
Speculative output: The dough is kneaded by pressing and folding it, then placed into a dough mixer, and the person's hands continue to work it inside the mixer, with the mixer's blades turning to further knead the dough, and the person then picks up a piece of dough and places it on the metal surface, with other pieces of dough and a small container nearby, and the person continues to knead the dough on the metal surface, with the dough appearing well-kneaded and smooth.
AR manual output:   The dough is kneaded by pressing and folding it, then placed into a dough mixer, and the person's hands continue to work it inside the mixer, with the mixer's blades turning to further knead the dough, and the person then picks up a piece of dough and places it on the metal surface, with other pieces of dough and a small container nearby, and the person continues to knead the dough on the metal surface, with the dough appearing well-kneaded and smooth.
Exact match: True
OK: Outputs match. Speculative decoding is lossless.
Speedup: 1.09x
Speedup_decode: 1.06x
Spec decode tok/s: 30.58
AR decode tok/s:   28.96
 first token :NO

Draft step 0: in_token=tensor([[8996]], device='cuda:6'), in_token_decoded=NO, end_index: 9070
predicted_token: 3596, predict_score: 0.9999743700027466, token :  RE

Draft step 1: in_token=tensor([[3596]], device='cuda:6'), in_token_decoded= RE, end_index: 9071
predicted_token: 24834, predict_score: 0.99997878074646, token : PLY

Draft step 2: in_token=tensor([[24834]], device='cuda:6'), in_token_decoded=PLY, end_index: 9072
predicted_token: 151645, predict_score: 0.9990405440330505, token : <|im_end|>
Verifying token 0: verify_id=3596 ( RE), draft_id=3596 ( RE), is_last=False, is_eos=False
Verifying token 1: verify_id=24834 (PLY), draft_id=24834 (PLY), is_last=False, is_eos=False
Verifying token 2: verify_id=151645 (<|im_end|>), draft_id=151645 (<|im_end|>), is_last=False, is_eos=True
Token 2 verification failed, accepting up to this token. is_last: False, is_eos: True, is_mismatch: False
New tokens: ['NO REPLY<|im_end|>']
Total new tokens generated: 4
[Spec] avg_accept=3.00 | tokens=4 | context_len=9069
[Adapter] acc=3/3 (100.0%) | avg_confidence=1.000 | context_len=9069
\n===== Lossless Check =====
Speculative output: NO REPLY
AR manual output:   NO REPLY
Exact match: True
OK: Outputs match. Speculative decoding is lossless.
Speedup: 0.90x
Speedup_decode: 0.95x
Spec decode tok/s: 35.56
AR decode tok/s:   37.41
 first token :NO

Draft step 0: in_token=tensor([[8996]], device='cuda:6'), in_token_decoded=NO, end_index: 9135
predicted_token: 3596, predict_score: 0.9999779462814331, token :  RE

Draft step 1: in_token=tensor([[3596]], device='cuda:6'), in_token_decoded= RE, end_index: 9136
predicted_token: 24834, predict_score: 0.9999661445617676, token : PLY

Draft step 2: in_token=tensor([[24834]], device='cuda:6'), in_token_decoded=PLY, end_index: 9137
predicted_token: 151645, predict_score: 0.9991720914840698, token : <|im_end|>
Verifying token 0: verify_id=3596 ( RE), draft_id=3596 ( RE), is_last=False, is_eos=False
Verifying token 1: verify_id=24834 (PLY), draft_id=24834 (PLY), is_last=False, is_eos=False
Verifying token 2: verify_id=151645 (<|im_end|>), draft_id=151645 (<|im_end|>), is_last=False, is_eos=True
Token 2 verification failed, accepting up to this token. is_last: False, is_eos: True, is_mismatch: False
New tokens: ['NO REPLY<|im_end|>']
Total new tokens generated: 4
[Spec] avg_accept=3.00 | tokens=4 | context_len=9134
[Adapter] acc=3/3 (100.0%) | avg_confidence=1.000 | context_len=9134
\n===== Lossless Check =====
Speculative output: NO REPLY
AR manual output:   NO REPLY
Exact match: True
OK: Outputs match. Speculative decoding is lossless.
Speedup: 1.23x
Speedup_decode: 1.26x
Spec decode tok/s: 47.10
AR decode tok/s:   37.24
 first token :NO

Draft step 0: in_token=tensor([[8996]], device='cuda:6'), in_token_decoded=NO, end_index: 9200
predicted_token: 3596, predict_score: 0.9999735355377197, token :  RE

Draft step 1: in_token=tensor([[3596]], device='cuda:6'), in_token_decoded= RE, end_index: 9201
predicted_token: 24834, predict_score: 0.9999631643295288, token : PLY

Draft step 2: in_token=tensor([[24834]], device='cuda:6'), in_token_decoded=PLY, end_index: 9202
predicted_token: 151645, predict_score: 0.9993220567703247, token : <|im_end|>
Verifying token 0: verify_id=3596 ( RE), draft_id=3596 ( RE), is_last=False, is_eos=False
Verifying token 1: verify_id=24834 (PLY), draft_id=24834 (PLY), is_last=False, is_eos=False
Verifying token 2: verify_id=151645 (<|im_end|>), draft_id=151645 (<|im_end|>), is_last=False, is_eos=True
Token 2 verification failed, accepting up to this token. is_last: False, is_eos: True, is_mismatch: False
New tokens: ['NO REPLY<|im_end|>']
Total new tokens generated: 4
[Spec] avg_accept=3.00 | tokens=4 | context_len=9199
[Adapter] acc=3/3 (100.0%) | avg_confidence=1.000 | context_len=9199
\n===== Lossless Check =====
Speculative output: NO REPLY
AR manual output:   NO REPLY
Exact match: True
OK: Outputs match. Speculative decoding is lossless.
Speedup: 0.50x
Speedup_decode: 0.48x
Spec decode tok/s: 17.92
AR decode tok/s:   37.24
 first token :NO

Draft step 0: in_token=tensor([[8996]], device='cuda:6'), in_token_decoded=NO, end_index: 9265
predicted_token: 3596, predict_score: 0.9999762773513794, token :  RE

Draft step 1: in_token=tensor([[3596]], device='cuda:6'), in_token_decoded= RE, end_index: 9266
predicted_token: 24834, predict_score: 0.999981164932251, token : PLY

Draft step 2: in_token=tensor([[24834]], device='cuda:6'), in_token_decoded=PLY, end_index: 9267
predicted_token: 151645, predict_score: 0.9992107152938843, token : <|im_end|>
Verifying token 0: verify_id=3596 ( RE), draft_id=3596 ( RE), is_last=False, is_eos=False
Verifying token 1: verify_id=24834 (PLY), draft_id=24834 (PLY), is_last=False, is_eos=False
Verifying token 2: verify_id=151645 (<|im_end|>), draft_id=151645 (<|im_end|>), is_last=False, is_eos=True
Token 2 verification failed, accepting up to this token. is_last: False, is_eos: True, is_mismatch: False
New tokens: ['NO REPLY<|im_end|>']
Total new tokens generated: 4
[Spec] avg_accept=3.00 | tokens=4 | context_len=9264
[Adapter] acc=3/3 (100.0%) | avg_confidence=1.000 | context_len=9264
\n===== Lossless Check =====
Speculative output: NO REPLY
AR manual output:   NO REPLY
Exact match: True
OK: Outputs match. Speculative decoding is lossless.
Speedup: 1.68x
Speedup_decode: 1.19x
Spec decode tok/s: 44.19
AR decode tok/s:   37.25
 first token :The

Draft step 0: in_token=tensor([[785]], device='cuda:6'), in_token_decoded=The, end_index: 9330
predicted_token: 30352, predict_score: 0.8610368967056274, token :  dough

Draft step 1: in_token=tensor([[30352]], device='cuda:6'), in_token_decoded= dough, end_index: 9331
predicted_token: 374, predict_score: 0.35809314250946045, token :  is

Draft step 2: in_token=tensor([[374]], device='cuda:6'), in_token_decoded= is, end_index: 9332
Draft step 2, token  is, predict_score 0.35809314250946045 < threshold 0.6, stopping draft
Verifying token 0: verify_id=30352 ( dough), draft_id=30352 ( dough), is_last=False, is_eos=False
Verifying token 1: verify_id=374 ( is), draft_id=374 ( is), is_last=False, is_eos=False
Verifying token 2: verify_id=13853 ( kne), draft_id=None (None), is_last=True, is_eos=False
Token 2 verification failed, accepting up to this token. is_last: True, is_eos: False, is_mismatch: False

Draft step 0: in_token=tensor([[13853]], device='cuda:6'), in_token_decoded= kne, end_index: 9333
predicted_token: 329, predict_score: 0.3803356885910034, token : ad

Draft step 1: in_token=tensor([[329]], device='cuda:6'), in_token_decoded=ad, end_index: 9334
Draft step 1, token ad, predict_score 0.3803356885910034 < threshold 0.6, stopping draft
Verifying token 0: verify_id=14255 (aded), draft_id=329 (ad), is_last=False, is_eos=False
Token 0 verification failed, accepting up to this token. is_last: False, is_eos: False, is_mismatch: True

Draft step 0: in_token=tensor([[14255]], device='cuda:6'), in_token_decoded=aded, end_index: 9334
predicted_token: 311, predict_score: 0.2274622619152069, token :  to

Draft step 1: in_token=tensor([[311]], device='cuda:6'), in_token_decoded= to, end_index: 9335
Draft step 1, token  to, predict_score 0.2274622619152069 < threshold 0.6, stopping draft
Verifying token 0: verify_id=553 ( by), draft_id=311 ( to), is_last=False, is_eos=False
Token 0 verification failed, accepting up to this token. is_last: False, is_eos: False, is_mismatch: True

Draft step 0: in_token=tensor([[553]], device='cuda:6'), in_token_decoded= by, end_index: 9335
predicted_token: 25352, predict_score: 0.5193085670471191, token :  pressing

Draft step 1: in_token=tensor([[25352]], device='cuda:6'), in_token_decoded= pressing, end_index: 9336
Draft step 1, token  pressing, predict_score 0.5193085670471191 < threshold 0.6, stopping draft
Verifying token 0: verify_id=25352 ( pressing), draft_id=25352 ( pressing), is_last=False, is_eos=False
Verifying token 1: verify_id=323 ( and), draft_id=None (None), is_last=True, is_eos=False
Token 1 verification failed, accepting up to this token. is_last: True, is_eos: False, is_mismatch: False

Draft step 0: in_token=tensor([[323]], device='cuda:6'), in_token_decoded= and, end_index: 9337
predicted_token: 1221, predict_score: 0.22110022604465485, token :  then

Draft step 1: in_token=tensor([[1221]], device='cuda:6'), in_token_decoded= then, end_index: 9338
Draft step 1, token  then, predict_score 0.22110022604465485 < threshold 0.6, stopping draft
Verifying token 0: verify_id=44742 ( folding), draft_id=1221 ( then), is_last=False, is_eos=False
Token 0 verification failed, accepting up to this token. is_last: False, is_eos: False, is_mismatch: True

Draft step 0: in_token=tensor([[44742]], device='cuda:6'), in_token_decoded= folding, end_index: 9338
predicted_token: 432, predict_score: 0.3077065348625183, token :  it

Draft step 1: in_token=tensor([[432]], device='cuda:6'), in_token_decoded= it, end_index: 9339
Draft step 1, token  it, predict_score 0.3077065348625183 < threshold 0.6, stopping draft
Verifying token 0: verify_id=432 ( it), draft_id=432 ( it), is_last=False, is_eos=False
Verifying token 1: verify_id=11 (,), draft_id=None (None), is_last=True, is_eos=False
Token 1 verification failed, accepting up to this token. is_last: True, is_eos: False, is_mismatch: False

Draft step 0: in_token=tensor([[11]], device='cuda:6'), in_token_decoded=,, end_index: 9340
predicted_token: 1221, predict_score: 0.45411157608032227, token :  then

Draft step 1: in_token=tensor([[1221]], device='cuda:6'), in_token_decoded= then, end_index: 9341
Draft step 1, token  then, predict_score 0.45411157608032227 < threshold 0.6, stopping draft
Verifying token 0: verify_id=1221 ( then), draft_id=1221 ( then), is_last=False, is_eos=False
Verifying token 1: verify_id=9099 ( placed), draft_id=None (None), is_last=True, is_eos=False
Token 1 verification failed, accepting up to this token. is_last: True, is_eos: False, is_mismatch: False

Draft step 0: in_token=tensor([[9099]], device='cuda:6'), in_token_decoded= placed, end_index: 9342
predicted_token: 389, predict_score: 0.292018324136734, token :  on

Draft step 1: in_token=tensor([[389]], device='cuda:6'), in_token_decoded= on, end_index: 9343
Draft step 1, token  on, predict_score 0.292018324136734 < threshold 0.6, stopping draft
Verifying token 0: verify_id=1119 ( into), draft_id=389 ( on), is_last=False, is_eos=False
Token 0 verification failed, accepting up to this token. is_last: False, is_eos: False, is_mismatch: True

Draft step 0: in_token=tensor([[1119]], device='cuda:6'), in_token_decoded= into, end_index: 9343
predicted_token: 264, predict_score: 0.6122984886169434, token :  a

Draft step 1: in_token=tensor([[264]], device='cuda:6'), in_token_decoded= a, end_index: 9344
predicted_token: 19212, predict_score: 0.30557578802108765, token :  bowl

Draft step 2: in_token=tensor([[19212]], device='cuda:6'), in_token_decoded= bowl, end_index: 9345
Draft step 2, token  bowl, predict_score 0.30557578802108765 < threshold 0.6, stopping draft
Verifying token 0: verify_id=264 ( a), draft_id=264 ( a), is_last=False, is_eos=False
Verifying token 1: verify_id=30352 ( dough), draft_id=19212 ( bowl), is_last=False, is_eos=False
Token 1 verification failed, accepting up to this token. is_last: False, is_eos: False, is_mismatch: True

Draft step 0: in_token=tensor([[30352]], device='cuda:6'), in_token_decoded= dough, end_index: 9345
predicted_token: 389, predict_score: 0.16518735885620117, token :  on

Draft step 1: in_token=tensor([[389]], device='cuda:6'), in_token_decoded= on, end_index: 9346
Draft step 1, token  on, predict_score 0.16518735885620117 < threshold 0.6, stopping draft
Verifying token 0: verify_id=37778 ( mixer), draft_id=389 ( on), is_last=False, is_eos=False
Token 0 verification failed, accepting up to this token. is_last: False, is_eos: False, is_mismatch: True

Draft step 0: in_token=tensor([[37778]], device='cuda:6'), in_token_decoded= mixer, end_index: 9346
predicted_token: 13, predict_score: 0.37503179907798767, token : .

Draft step 1: in_token=tensor([[13]], device='cuda:6'), in_token_decoded=., end_index: 9347
Draft step 1, token ., predict_score 0.37503179907798767 < threshold 0.6, stopping draft
Verifying token 0: verify_id=11 (,), draft_id=13 (.), is_last=False, is_eos=False
Token 0 verification failed, accepting up to this token. is_last: False, is_eos: False, is_mismatch: True

Draft step 0: in_token=tensor([[11]], device='cuda:6'), in_token_decoded=,, end_index: 9347
predicted_token: 323, predict_score: 0.7870357036590576, token :  and

Draft step 1: in_token=tensor([[323]], device='cuda:6'), in_token_decoded= and, end_index: 9348
predicted_token: 279, predict_score: 0.14964327216148376, token :  the

Draft step 2: in_token=tensor([[279]], device='cuda:6'), in_token_decoded= the, end_index: 9349
Draft step 2, token  the, predict_score 0.14964327216148376 < threshold 0.6, stopping draft
Verifying token 0: verify_id=323 ( and), draft_id=323 ( and), is_last=False, is_eos=False
Verifying token 1: verify_id=279 ( the), draft_id=279 ( the), is_last=False, is_eos=False
Verifying token 2: verify_id=1697 ( person), draft_id=None (None), is_last=True, is_eos=False
Token 2 verification failed, accepting up to this token. is_last: True, is_eos: False, is_mismatch: False

Draft step 0: in_token=tensor([[1697]], device='cuda:6'), in_token_decoded= person, end_index: 9350
predicted_token: 75, predict_score: 0.06334388256072998, token : l

Draft step 1: in_token=tensor([[75]], device='cuda:6'), in_token_decoded=l, end_index: 9351
Draft step 1, token l, predict_score 0.06334388256072998 < threshold 0.6, stopping draft
Verifying token 0: verify_id=594 ('s), draft_id=75 (l), is_last=False, is_eos=False
Token 0 verification failed, accepting up to this token. is_last: False, is_eos: False, is_mismatch: True

Draft step 0: in_token=tensor([[594]], device='cuda:6'), in_token_decoded='s, end_index: 9351
predicted_token: 30352, predict_score: 0.5601264834403992, token :  dough

Draft step 1: in_token=tensor([[30352]], device='cuda:6'), in_token_decoded= dough, end_index: 9352
Draft step 1, token  dough, predict_score 0.5601264834403992 < threshold 0.6, stopping draft
Verifying token 0: verify_id=6078 ( hands), draft_id=30352 ( dough), is_last=False, is_eos=False
Token 0 verification failed, accepting up to this token. is_last: False, is_eos: False, is_mismatch: True

Draft step 0: in_token=tensor([[6078]], device='cuda:6'), in_token_decoded= hands, end_index: 9352
predicted_token: 304, predict_score: 0.13672351837158203, token :  in

Draft step 1: in_token=tensor([[304]], device='cuda:6'), in_token_decoded= in, end_index: 9353
Draft step 1, token  in, predict_score 0.13672351837158203 < threshold 0.6, stopping draft
Verifying token 0: verify_id=3060 ( continue), draft_id=304 ( in), is_last=False, is_eos=False
Token 0 verification failed, accepting up to this token. is_last: False, is_eos: False, is_mismatch: True

Draft step 0: in_token=tensor([[3060]], device='cuda:6'), in_token_decoded= continue, end_index: 9353
predicted_token: 311, predict_score: 0.6997271776199341, token :  to

Draft step 1: in_token=tensor([[311]], device='cuda:6'), in_token_decoded= to, end_index: 9354
predicted_token: 23065, predict_score: 0.7482224702835083, token :  stir

Draft step 2: in_token=tensor([[23065]], device='cuda:6'), in_token_decoded= stir, end_index: 9355
predicted_token: 279, predict_score: 0.6687535643577576, token :  the

Draft step 3: in_token=tensor([[279]], device='cuda:6'), in_token_decoded= the, end_index: 9356
predicted_token: 30352, predict_score: 0.8222965598106384, token :  dough

Draft step 4: in_token=tensor([[30352]], device='cuda:6'), in_token_decoded= dough, end_index: 9357
predicted_token: 304, predict_score: 0.5146582722663879, token :  in

Draft step 5: in_token=tensor([[304]], device='cuda:6'), in_token_decoded= in, end_index: 9358
Draft step 5, token  in, predict_score 0.5146582722663879 < threshold 0.6, stopping draft
Verifying token 0: verify_id=311 ( to), draft_id=311 ( to), is_last=False, is_eos=False
Verifying token 1: verify_id=975 ( work), draft_id=23065 ( stir), is_last=False, is_eos=False
Token 1 verification failed, accepting up to this token. is_last: False, is_eos: False, is_mismatch: True

Draft step 0: in_token=tensor([[975]], device='cuda:6'), in_token_decoded= work, end_index: 9355
predicted_token: 448, predict_score: 0.13041973114013672, token :  with

Draft step 1: in_token=tensor([[448]], device='cuda:6'), in_token_decoded= with, end_index: 9356
Draft step 1, token  with, predict_score 0.13041973114013672 < threshold 0.6, stopping draft
Verifying token 0: verify_id=432 ( it), draft_id=448 ( with), is_last=False, is_eos=False
Token 0 verification failed, accepting up to this token. is_last: False, is_eos: False, is_mismatch: True

Draft step 0: in_token=tensor([[432]], device='cuda:6'), in_token_decoded= it, end_index: 9356
predicted_token: 13, predict_score: 0.310881644487381, token : .

Draft step 1: in_token=tensor([[13]], device='cuda:6'), in_token_decoded=., end_index: 9357
Draft step 1, token ., predict_score 0.310881644487381 < threshold 0.6, stopping draft
Verifying token 0: verify_id=4766 ( inside), draft_id=13 (.), is_last=False, is_eos=False
Token 0 verification failed, accepting up to this token. is_last: False, is_eos: False, is_mismatch: True

Draft step 0: in_token=tensor([[4766]], device='cuda:6'), in_token_decoded= inside, end_index: 9357
predicted_token: 279, predict_score: 0.5061609745025635, token :  the

Draft step 1: in_token=tensor([[279]], device='cuda:6'), in_token_decoded= the, end_index: 9358
Draft step 1, token  the, predict_score 0.5061609745025635 < threshold 0.6, stopping draft
Verifying token 0: verify_id=279 ( the), draft_id=279 ( the), is_last=False, is_eos=False
Verifying token 1: verify_id=37778 ( mixer), draft_id=None (None), is_last=True, is_eos=False
Token 1 verification failed, accepting up to this token. is_last: True, is_eos: False, is_mismatch: False

Draft step 0: in_token=tensor([[37778]], device='cuda:6'), in_token_decoded= mixer, end_index: 9359
predicted_token: 13, predict_score: 0.2900027334690094, token : .

Draft step 1: in_token=tensor([[13]], device='cuda:6'), in_token_decoded=., end_index: 9360
Draft step 1, token ., predict_score 0.2900027334690094 < threshold 0.6, stopping draft
Verifying token 0: verify_id=11 (,), draft_id=13 (.), is_last=False, is_eos=False
Token 0 verification failed, accepting up to this token. is_last: False, is_eos: False, is_mismatch: True

Draft step 0: in_token=tensor([[11]], device='cuda:6'), in_token_decoded=,, end_index: 9360
predicted_token: 323, predict_score: 0.4701705574989319, token :  and

Draft step 1: in_token=tensor([[323]], device='cuda:6'), in_token_decoded= and, end_index: 9361
Draft step 1, token  and, predict_score 0.4701705574989319 < threshold 0.6, stopping draft
Verifying token 0: verify_id=448 ( with), draft_id=323 ( and), is_last=False, is_eos=False
Token 0 verification failed, accepting up to this token. is_last: False, is_eos: False, is_mismatch: True

Draft step 0: in_token=tensor([[448]], device='cuda:6'), in_token_decoded= with, end_index: 9361
predicted_token: 264, predict_score: 0.24846994876861572, token :  a

Draft step 1: in_token=tensor([[264]], device='cuda:6'), in_token_decoded= a, end_index: 9362
Draft step 1, token  a, predict_score 0.24846994876861572 < threshold 0.6, stopping draft
Verifying token 0: verify_id=279 ( the), draft_id=264 ( a), is_last=False, is_eos=False
Token 0 verification failed, accepting up to this token. is_last: False, is_eos: False, is_mismatch: True

Draft step 0: in_token=tensor([[279]], device='cuda:6'), in_token_decoded= the, end_index: 9362
predicted_token: 91991, predict_score: 0.2884063720703125, token :  shovel

Draft step 1: in_token=tensor([[91991]], device='cuda:6'), in_token_decoded= shovel, end_index: 9363
Draft step 1, token  shovel, predict_score 0.2884063720703125 < threshold 0.6, stopping draft
Verifying token 0: verify_id=37778 ( mixer), draft_id=91991 ( shovel), is_last=False, is_eos=False
Token 0 verification failed, accepting up to this token. is_last: False, is_eos: False, is_mismatch: True

Draft step 0: in_token=tensor([[37778]], device='cuda:6'), in_token_decoded= mixer, end_index: 9363
predicted_token: 323, predict_score: 0.15729202330112457, token :  and

Draft step 1: in_token=tensor([[323]], device='cuda:6'), in_token_decoded= and, end_index: 9364
Draft step 1, token  and, predict_score 0.15729202330112457 < threshold 0.6, stopping draft
Verifying token 0: verify_id=594 ('s), draft_id=323 ( and), is_last=False, is_eos=False
Token 0 verification failed, accepting up to this token. is_last: False, is_eos: False, is_mismatch: True

Draft step 0: in_token=tensor([[594]], device='cuda:6'), in_token_decoded='s, end_index: 9364
predicted_token: 30352, predict_score: 0.11804898083209991, token :  dough

Draft step 1: in_token=tensor([[30352]], device='cuda:6'), in_token_decoded= dough, end_index: 9365
Draft step 1, token  dough, predict_score 0.11804898083209991 < threshold 0.6, stopping draft
Verifying token 0: verify_id=41642 ( blades), draft_id=30352 ( dough), is_last=False, is_eos=False
Token 0 verification failed, accepting up to this token. is_last: False, is_eos: False, is_mismatch: True

Draft step 0: in_token=tensor([[41642]], device='cuda:6'), in_token_decoded= blades, end_index: 9365
predicted_token: 323, predict_score: 0.38550081849098206, token :  and

Draft step 1: in_token=tensor([[323]], device='cuda:6'), in_token_decoded= and, end_index: 9366
Draft step 1, token  and, predict_score 0.38550081849098206 < threshold 0.6, stopping draft
Verifying token 0: verify_id=13054 ( turning), draft_id=323 ( and), is_last=False, is_eos=False
Token 0 verification failed, accepting up to this token. is_last: False, is_eos: False, is_mismatch: True

Draft step 0: in_token=tensor([[13054]], device='cuda:6'), in_token_decoded= turning, end_index: 9366
predicted_token: 389, predict_score: 0.409135639667511, token :  on

Draft step 1: in_token=tensor([[389]], device='cuda:6'), in_token_decoded= on, end_index: 9367
Draft step 1, token  on, predict_score 0.409135639667511 < threshold 0.6, stopping draft
Verifying token 0: verify_id=311 ( to), draft_id=389 ( on), is_last=False, is_eos=False
Token 0 verification failed, accepting up to this token. is_last: False, is_eos: False, is_mismatch: True

Draft step 0: in_token=tensor([[311]], device='cuda:6'), in_token_decoded= to, end_index: 9367
predicted_token: 1281, predict_score: 0.3225119411945343, token :  make

Draft step 1: in_token=tensor([[1281]], device='cuda:6'), in_token_decoded= make, end_index: 9368
Draft step 1, token  make, predict_score 0.3225119411945343 < threshold 0.6, stopping draft
Verifying token 0: verify_id=4623 ( further), draft_id=1281 ( make), is_last=False, is_eos=False
Token 0 verification failed, accepting up to this token. is_last: False, is_eos: False, is_mismatch: True

Draft step 0: in_token=tensor([[4623]], device='cuda:6'), in_token_decoded= further, end_index: 9368
predicted_token: 1281, predict_score: 0.08535934239625931, token :  make

Draft step 1: in_token=tensor([[1281]], device='cuda:6'), in_token_decoded= make, end_index: 9369
Draft step 1, token  make, predict_score 0.08535934239625931 < threshold 0.6, stopping draft
Verifying token 0: verify_id=13853 ( kne), draft_id=1281 ( make), is_last=False, is_eos=False
Token 0 verification failed, accepting up to this token. is_last: False, is_eos: False, is_mismatch: True

Draft step 0: in_token=tensor([[13853]], device='cuda:6'), in_token_decoded= kne, end_index: 9369
predicted_token: 2228, predict_score: 0.3427954614162445, token : ading

Draft step 1: in_token=tensor([[2228]], device='cuda:6'), in_token_decoded=ading, end_index: 9370
Draft step 1, token ading, predict_score 0.3427954614162445 < threshold 0.6, stopping draft
Verifying token 0: verify_id=329 (ad), draft_id=2228 (ading), is_last=False, is_eos=False
Token 0 verification failed, accepting up to this token. is_last: False, is_eos: False, is_mismatch: True

Draft step 0: in_token=tensor([[329]], device='cuda:6'), in_token_decoded=ad, end_index: 9370
predicted_token: 323, predict_score: 0.20148444175720215, token :  and

Draft step 1: in_token=tensor([[323]], device='cuda:6'), in_token_decoded= and, end_index: 9371
Draft step 1, token  and, predict_score 0.20148444175720215 < threshold 0.6, stopping draft
Verifying token 0: verify_id=279 ( the), draft_id=323 ( and), is_last=False, is_eos=False
Token 0 verification failed, accepting up to this token. is_last: False, is_eos: False, is_mismatch: True

Draft step 0: in_token=tensor([[279]], device='cuda:6'), in_token_decoded= the, end_index: 9371
predicted_token: 30352, predict_score: 0.9670936465263367, token :  dough

Draft step 1: in_token=tensor([[30352]], device='cuda:6'), in_token_decoded= dough, end_index: 9372
predicted_token: 304, predict_score: 0.19441141188144684, token :  in

Draft step 2: in_token=tensor([[304]], device='cuda:6'), in_token_decoded= in, end_index: 9373
Draft step 2, token  in, predict_score 0.19441141188144684 < threshold 0.6, stopping draft
Verifying token 0: verify_id=30352 ( dough), draft_id=30352 ( dough), is_last=False, is_eos=False
Verifying token 1: verify_id=11 (,), draft_id=304 ( in), is_last=False, is_eos=False
Token 1 verification failed, accepting up to this token. is_last: False, is_eos: False, is_mismatch: True

Draft step 0: in_token=tensor([[11]], device='cuda:6'), in_token_decoded=,, end_index: 9373
predicted_token: 323, predict_score: 0.8022667169570923, token :  and

Draft step 1: in_token=tensor([[323]], device='cuda:6'), in_token_decoded= and, end_index: 9374
predicted_token: 1221, predict_score: 0.4044102728366852, token :  then

Draft step 2: in_token=tensor([[1221]], device='cuda:6'), in_token_decoded= then, end_index: 9375
Draft step 2, token  then, predict_score 0.4044102728366852 < threshold 0.6, stopping draft
Verifying token 0: verify_id=323 ( and), draft_id=323 ( and), is_last=False, is_eos=False
Verifying token 1: verify_id=279 ( the), draft_id=1221 ( then), is_last=False, is_eos=False
Token 1 verification failed, accepting up to this token. is_last: False, is_eos: False, is_mismatch: True

Draft step 0: in_token=tensor([[279]], device='cuda:6'), in_token_decoded= the, end_index: 9375
predicted_token: 30352, predict_score: 0.7589945197105408, token :  dough

Draft step 1: in_token=tensor([[30352]], device='cuda:6'), in_token_decoded= dough, end_index: 9376
predicted_token: 374, predict_score: 0.29877132177352905, token :  is

Draft step 2: in_token=tensor([[374]], device='cuda:6'), in_token_decoded= is, end_index: 9377
Draft step 2, token  is, predict_score 0.29877132177352905 < threshold 0.6, stopping draft
Verifying token 0: verify_id=1697 ( person), draft_id=30352 ( dough), is_last=False, is_eos=False
Token 0 verification failed, accepting up to this token. is_last: False, is_eos: False, is_mismatch: True

Draft step 0: in_token=tensor([[1697]], device='cuda:6'), in_token_decoded= person, end_index: 9376
predicted_token: 75, predict_score: 0.07963252067565918, token : l

Draft step 1: in_token=tensor([[75]], device='cuda:6'), in_token_decoded=l, end_index: 9377
Draft step 1, token l, predict_score 0.07963252067565918 < threshold 0.6, stopping draft
Verifying token 0: verify_id=1221 ( then), draft_id=75 (l), is_last=False, is_eos=False
Token 0 verification failed, accepting up to this token. is_last: False, is_eos: False, is_mismatch: True

Draft step 0: in_token=tensor([[1221]], device='cuda:6'), in_token_decoded= then, end_index: 9377
predicted_token: 279, predict_score: 0.1581006497144699, token :  the

Draft step 1: in_token=tensor([[279]], device='cuda:6'), in_token_decoded= the, end_index: 9378
Draft step 1, token  the, predict_score 0.1581006497144699 < threshold 0.6, stopping draft
Verifying token 0: verify_id=21895 ( picks), draft_id=279 ( the), is_last=False, is_eos=False
Token 0 verification failed, accepting up to this token. is_last: False, is_eos: False, is_mismatch: True

Draft step 0: in_token=tensor([[21895]], device='cuda:6'), in_token_decoded= picks, end_index: 9378
predicted_token: 705, predict_score: 0.9941798448562622, token :  up

Draft step 1: in_token=tensor([[705]], device='cuda:6'), in_token_decoded= up, end_index: 9379
predicted_token: 279, predict_score: 0.48992180824279785, token :  the

Draft step 2: in_token=tensor([[279]], device='cuda:6'), in_token_decoded= the, end_index: 9380
Draft step 2, token  the, predict_score 0.48992180824279785 < threshold 0.6, stopping draft
Verifying token 0: verify_id=705 ( up), draft_id=705 ( up), is_last=False, is_eos=False
Verifying token 1: verify_id=264 ( a), draft_id=279 ( the), is_last=False, is_eos=False
Token 1 verification failed, accepting up to this token. is_last: False, is_eos: False, is_mismatch: True

Draft step 0: in_token=tensor([[264]], device='cuda:6'), in_token_decoded= a, end_index: 9380
predicted_token: 19212, predict_score: 0.23396694660186768, token :  bowl

Draft step 1: in_token=tensor([[19212]], device='cuda:6'), in_token_decoded= bowl, end_index: 9381
Draft step 1, token  bowl, predict_score 0.23396694660186768 < threshold 0.6, stopping draft
Verifying token 0: verify_id=6573 ( piece), draft_id=19212 ( bowl), is_last=False, is_eos=False
Token 0 verification failed, accepting up to this token. is_last: False, is_eos: False, is_mismatch: True

Draft step 0: in_token=tensor([[6573]], device='cuda:6'), in_token_decoded= piece, end_index: 9381
predicted_token: 315, predict_score: 0.9346107244491577, token :  of

Draft step 1: in_token=tensor([[315]], device='cuda:6'), in_token_decoded= of, end_index: 9382
predicted_token: 30352, predict_score: 0.8851406574249268, token :  dough

Draft step 2: in_token=tensor([[30352]], device='cuda:6'), in_token_decoded= dough, end_index: 9383
predicted_token: 323, predict_score: 0.19432219862937927, token :  and

Draft step 3: in_token=tensor([[323]], device='cuda:6'), in_token_decoded= and, end_index: 9384
Draft step 3, token  and, predict_score 0.19432219862937927 < threshold 0.6, stopping draft
Verifying token 0: verify_id=315 ( of), draft_id=315 ( of), is_last=False, is_eos=False
Verifying token 1: verify_id=30352 ( dough), draft_id=30352 ( dough), is_last=False, is_eos=False
Verifying token 2: verify_id=323 ( and), draft_id=323 ( and), is_last=False, is_eos=False
Verifying token 3: verify_id=7482 ( places), draft_id=None (None), is_last=True, is_eos=False
Token 3 verification failed, accepting up to this token. is_last: True, is_eos: False, is_mismatch: False

Draft step 0: in_token=tensor([[7482]], device='cuda:6'), in_token_decoded= places, end_index: 9385
predicted_token: 432, predict_score: 0.5239906311035156, token :  it

Draft step 1: in_token=tensor([[432]], device='cuda:6'), in_token_decoded= it, end_index: 9386
Draft step 1, token  it, predict_score 0.5239906311035156 < threshold 0.6, stopping draft
Verifying token 0: verify_id=432 ( it), draft_id=432 ( it), is_last=False, is_eos=False
Verifying token 1: verify_id=389 ( on), draft_id=None (None), is_last=True, is_eos=False
Token 1 verification failed, accepting up to this token. is_last: True, is_eos: False, is_mismatch: False

Draft step 0: in_token=tensor([[389]], device='cuda:6'), in_token_decoded= on, end_index: 9387
predicted_token: 279, predict_score: 0.8509723544120789, token :  the

Draft step 1: in_token=tensor([[279]], device='cuda:6'), in_token_decoded= the, end_index: 9388
predicted_token: 14376, predict_score: 0.47241735458374023, token :  cutting

Draft step 2: in_token=tensor([[14376]], device='cuda:6'), in_token_decoded= cutting, end_index: 9389
Draft step 2, token  cutting, predict_score 0.47241735458374023 < threshold 0.6, stopping draft
Verifying token 0: verify_id=279 ( the), draft_id=279 ( the), is_last=False, is_eos=False
Verifying token 1: verify_id=9317 ( metal), draft_id=14376 ( cutting), is_last=False, is_eos=False
Token 1 verification failed, accepting up to this token. is_last: False, is_eos: False, is_mismatch: True

Draft step 0: in_token=tensor([[9317]], device='cuda:6'), in_token_decoded= metal, end_index: 9389
predicted_token: 57209, predict_score: 0.3061864376068115, token :  basin

Draft step 1: in_token=tensor([[57209]], device='cuda:6'), in_token_decoded= basin, end_index: 9390
Draft step 1, token  basin, predict_score 0.3061864376068115 < threshold 0.6, stopping draft
Verifying token 0: verify_id=7329 ( surface), draft_id=57209 ( basin), is_last=False, is_eos=False
Token 0 verification failed, accepting up to this token. is_last: False, is_eos: False, is_mismatch: True

Draft step 0: in_token=tensor([[7329]], device='cuda:6'), in_token_decoded= surface, end_index: 9390
predicted_token: 13, predict_score: 0.3233550190925598, token : .

Draft step 1: in_token=tensor([[13]], device='cuda:6'), in_token_decoded=., end_index: 9391
Draft step 1, token ., predict_score 0.3233550190925598 < threshold 0.6, stopping draft
Verifying token 0: verify_id=11 (,), draft_id=13 (.), is_last=False, is_eos=False
Token 0 verification failed, accepting up to this token. is_last: False, is_eos: False, is_mismatch: True

Draft step 0: in_token=tensor([[11]], device='cuda:6'), in_token_decoded=,, end_index: 9391
predicted_token: 323, predict_score: 0.57063889503479, token :  and

Draft step 1: in_token=tensor([[323]], device='cuda:6'), in_token_decoded= and, end_index: 9392
Draft step 1, token  and, predict_score 0.57063889503479 < threshold 0.6, stopping draft
Verifying token 0: verify_id=448 ( with), draft_id=323 ( and), is_last=False, is_eos=False
Token 0 verification failed, accepting up to this token. is_last: False, is_eos: False, is_mismatch: True

Draft step 0: in_token=tensor([[448]], device='cuda:6'), in_token_decoded= with, end_index: 9392
predicted_token: 30352, predict_score: 0.2776506543159485, token :  dough

Draft step 1: in_token=tensor([[30352]], device='cuda:6'), in_token_decoded= dough, end_index: 9393
Draft step 1, token  dough, predict_score 0.2776506543159485 < threshold 0.6, stopping draft
Verifying token 0: verify_id=1008 ( other), draft_id=30352 ( dough), is_last=False, is_eos=False
Token 0 verification failed, accepting up to this token. is_last: False, is_eos: False, is_mismatch: True

Draft step 0: in_token=tensor([[1008]], device='cuda:6'), in_token_decoded= other, end_index: 9393
predicted_token: 30352, predict_score: 0.8859439492225647, token :  dough

Draft step 1: in_token=tensor([[30352]], device='cuda:6'), in_token_decoded= dough, end_index: 9394
predicted_token: 389, predict_score: 0.23023705184459686, token :  on

Draft step 2: in_token=tensor([[389]], device='cuda:6'), in_token_decoded= on, end_index: 9395
Draft step 2, token  on, predict_score 0.23023705184459686 < threshold 0.6, stopping draft
Verifying token 0: verify_id=9666 ( pieces), draft_id=30352 ( dough), is_last=False, is_eos=False
Token 0 verification failed, accepting up to this token. is_last: False, is_eos: False, is_mismatch: True

Draft step 0: in_token=tensor([[9666]], device='cuda:6'), in_token_decoded= pieces, end_index: 9394
predicted_token: 315, predict_score: 0.6769099831581116, token :  of

Draft step 1: in_token=tensor([[315]], device='cuda:6'), in_token_decoded= of, end_index: 9395
predicted_token: 30352, predict_score: 0.8719943165779114, token :  dough

Draft step 2: in_token=tensor([[30352]], device='cuda:6'), in_token_decoded= dough, end_index: 9396
predicted_token: 13, predict_score: 0.4890444576740265, token : .

Draft step 3: in_token=tensor([[13]], device='cuda:6'), in_token_decoded=., end_index: 9397
Draft step 3, token ., predict_score 0.4890444576740265 < threshold 0.6, stopping draft
Verifying token 0: verify_id=315 ( of), draft_id=315 ( of), is_last=False, is_eos=False
Verifying token 1: verify_id=30352 ( dough), draft_id=30352 ( dough), is_last=False, is_eos=False
Verifying token 2: verify_id=323 ( and), draft_id=13 (.), is_last=False, is_eos=False
Token 2 verification failed, accepting up to this token. is_last: False, is_eos: False, is_mismatch: True

Draft step 0: in_token=tensor([[323]], device='cuda:6'), in_token_decoded= and, end_index: 9397
predicted_token: 264, predict_score: 0.15370512008666992, token :  a

Draft step 1: in_token=tensor([[264]], device='cuda:6'), in_token_decoded= a, end_index: 9398
Draft step 1, token  a, predict_score 0.15370512008666992 < threshold 0.6, stopping draft
Verifying token 0: verify_id=264 ( a), draft_id=264 ( a), is_last=False, is_eos=False
Verifying token 1: verify_id=2613 ( small), draft_id=None (None), is_last=True, is_eos=False
Token 1 verification failed, accepting up to this token. is_last: True, is_eos: False, is_mismatch: False

Draft step 0: in_token=tensor([[2613]], device='cuda:6'), in_token_decoded= small, end_index: 9399
predicted_token: 3311, predict_score: 0.1317872703075409, token :  amount

Draft step 1: in_token=tensor([[3311]], device='cuda:6'), in_token_decoded= amount, end_index: 9400
Draft step 1, token  amount, predict_score 0.1317872703075409 < threshold 0.6, stopping draft
Verifying token 0: verify_id=5476 ( container), draft_id=3311 ( amount), is_last=False, is_eos=False
Token 0 verification failed, accepting up to this token. is_last: False, is_eos: False, is_mismatch: True

Draft step 0: in_token=tensor([[5476]], device='cuda:6'), in_token_decoded= container, end_index: 9400
predicted_token: 315, predict_score: 0.19361235201358795, token :  of

Draft step 1: in_token=tensor([[315]], device='cuda:6'), in_token_decoded= of, end_index: 9401
Draft step 1, token  of, predict_score 0.19361235201358795 < threshold 0.6, stopping draft
Verifying token 0: verify_id=14046 ( nearby), draft_id=315 ( of), is_last=False, is_eos=False
Token 0 verification failed, accepting up to this token. is_last: False, is_eos: False, is_mismatch: True

Draft step 0: in_token=tensor([[14046]], device='cuda:6'), in_token_decoded= nearby, end_index: 9401
predicted_token: 13, predict_score: 0.45539796352386475, token : .

Draft step 1: in_token=tensor([[13]], device='cuda:6'), in_token_decoded=., end_index: 9402
Draft step 1, token ., predict_score 0.45539796352386475 < threshold 0.6, stopping draft
Verifying token 0: verify_id=11 (,), draft_id=13 (.), is_last=False, is_eos=False
Token 0 verification failed, accepting up to this token. is_last: False, is_eos: False, is_mismatch: True

Draft step 0: in_token=tensor([[11]], device='cuda:6'), in_token_decoded=,, end_index: 9402
predicted_token: 323, predict_score: 0.5053377747535706, token :  and

Draft step 1: in_token=tensor([[323]], device='cuda:6'), in_token_decoded= and, end_index: 9403
Draft step 1, token  and, predict_score 0.5053377747535706 < threshold 0.6, stopping draft
Verifying token 0: verify_id=323 ( and), draft_id=323 ( and), is_last=False, is_eos=False
Verifying token 1: verify_id=279 ( the), draft_id=None (None), is_last=True, is_eos=False
Token 1 verification failed, accepting up to this token. is_last: True, is_eos: False, is_mismatch: False

Draft step 0: in_token=tensor([[279]], device='cuda:6'), in_token_decoded= the, end_index: 9404
predicted_token: 30352, predict_score: 0.34293726086616516, token :  dough

Draft step 1: in_token=tensor([[30352]], device='cuda:6'), in_token_decoded= dough, end_index: 9405
Draft step 1, token  dough, predict_score 0.34293726086616516 < threshold 0.6, stopping draft
Verifying token 0: verify_id=1697 ( person), draft_id=30352 ( dough), is_last=False, is_eos=False
Token 0 verification failed, accepting up to this token. is_last: False, is_eos: False, is_mismatch: True

Draft step 0: in_token=tensor([[1697]], device='cuda:6'), in_token_decoded= person, end_index: 9405
predicted_token: 2182, predict_score: 0.04120056703686714, token :  put

Draft step 1: in_token=tensor([[2182]], device='cuda:6'), in_token_decoded= put, end_index: 9406
Draft step 1, token  put, predict_score 0.04120056703686714 < threshold 0.6, stopping draft
Verifying token 0: verify_id=9539 ( continues), draft_id=2182 ( put), is_last=False, is_eos=False
Token 0 verification failed, accepting up to this token. is_last: False, is_eos: False, is_mismatch: True

Draft step 0: in_token=tensor([[9539]], device='cuda:6'), in_token_decoded= continues, end_index: 9406
predicted_token: 311, predict_score: 0.9493362903594971, token :  to

Draft step 1: in_token=tensor([[311]], device='cuda:6'), in_token_decoded= to, end_index: 9407
predicted_token: 23065, predict_score: 0.8185369968414307, token :  stir

Draft step 2: in_token=tensor([[23065]], device='cuda:6'), in_token_decoded= stir, end_index: 9408
predicted_token: 279, predict_score: 0.5813737511634827, token :  the

Draft step 3: in_token=tensor([[279]], device='cuda:6'), in_token_decoded= the, end_index: 9409
Draft step 3, token  the, predict_score 0.5813737511634827 < threshold 0.6, stopping draft
Verifying token 0: verify_id=311 ( to), draft_id=311 ( to), is_last=False, is_eos=False
Verifying token 1: verify_id=13853 ( kne), draft_id=23065 ( stir), is_last=False, is_eos=False
Token 1 verification failed, accepting up to this token. is_last: False, is_eos: False, is_mismatch: True

Draft step 0: in_token=tensor([[13853]], device='cuda:6'), in_token_decoded= kne, end_index: 9408
predicted_token: 329, predict_score: 0.5704401135444641, token : ad

Draft step 1: in_token=tensor([[329]], device='cuda:6'), in_token_decoded=ad, end_index: 9409
Draft step 1, token ad, predict_score 0.5704401135444641 < threshold 0.6, stopping draft
Verifying token 0: verify_id=329 (ad), draft_id=329 (ad), is_last=False, is_eos=False
Verifying token 1: verify_id=279 ( the), draft_id=None (None), is_last=True, is_eos=False
Token 1 verification failed, accepting up to this token. is_last: True, is_eos: False, is_mismatch: False

Draft step 0: in_token=tensor([[279]], device='cuda:6'), in_token_decoded= the, end_index: 9410
predicted_token: 30352, predict_score: 0.9671400189399719, token :  dough

Draft step 1: in_token=tensor([[30352]], device='cuda:6'), in_token_decoded= dough, end_index: 9411
predicted_token: 448, predict_score: 0.25008219480514526, token :  with

Draft step 2: in_token=tensor([[448]], device='cuda:6'), in_token_decoded= with, end_index: 9412
Draft step 2, token  with, predict_score 0.25008219480514526 < threshold 0.6, stopping draft
Verifying token 0: verify_id=30352 ( dough), draft_id=30352 ( dough), is_last=False, is_eos=False
Verifying token 1: verify_id=389 ( on), draft_id=448 ( with), is_last=False, is_eos=False
Token 1 verification failed, accepting up to this token. is_last: False, is_eos: False, is_mismatch: True

Draft step 0: in_token=tensor([[389]], device='cuda:6'), in_token_decoded= on, end_index: 9412
predicted_token: 279, predict_score: 0.8424949645996094, token :  the

Draft step 1: in_token=tensor([[279]], device='cuda:6'), in_token_decoded= the, end_index: 9413
predicted_token: 14376, predict_score: 0.3971910774707794, token :  cutting

Draft step 2: in_token=tensor([[14376]], device='cuda:6'), in_token_decoded= cutting, end_index: 9414
Draft step 2, token  cutting, predict_score 0.3971910774707794 < threshold 0.6, stopping draft
Verifying token 0: verify_id=279 ( the), draft_id=279 ( the), is_last=False, is_eos=False
Verifying token 1: verify_id=9317 ( metal), draft_id=14376 ( cutting), is_last=False, is_eos=False
Token 1 verification failed, accepting up to this token. is_last: False, is_eos: False, is_mismatch: True

Draft step 0: in_token=tensor([[9317]], device='cuda:6'), in_token_decoded= metal, end_index: 9414
predicted_token: 57209, predict_score: 0.2933720350265503, token :  basin

Draft step 1: in_token=tensor([[57209]], device='cuda:6'), in_token_decoded= basin, end_index: 9415
Draft step 1, token  basin, predict_score 0.2933720350265503 < threshold 0.6, stopping draft
Verifying token 0: verify_id=7329 ( surface), draft_id=57209 ( basin), is_last=False, is_eos=False
Token 0 verification failed, accepting up to this token. is_last: False, is_eos: False, is_mismatch: True

Draft step 0: in_token=tensor([[7329]], device='cuda:6'), in_token_decoded= surface, end_index: 9415
predicted_token: 13, predict_score: 0.7480085492134094, token : .

Draft step 1: in_token=tensor([[13]], device='cuda:6'), in_token_decoded=., end_index: 9416
predicted_token: 151645, predict_score: 0.918083131313324, token : <|im_end|>
Verifying token 0: verify_id=11 (,), draft_id=13 (.), is_last=False, is_eos=False
Token 0 verification failed, accepting up to this token. is_last: False, is_eos: False, is_mismatch: True

Draft step 0: in_token=tensor([[11]], device='cuda:6'), in_token_decoded=,, end_index: 9416
predicted_token: 323, predict_score: 0.6381478309631348, token :  and

Draft step 1: in_token=tensor([[323]], device='cuda:6'), in_token_decoded= and, end_index: 9417
predicted_token: 1221, predict_score: 0.24335995316505432, token :  then

Draft step 2: in_token=tensor([[1221]], device='cuda:6'), in_token_decoded= then, end_index: 9418
Draft step 2, token  then, predict_score 0.24335995316505432 < threshold 0.6, stopping draft
Verifying token 0: verify_id=448 ( with), draft_id=323 ( and), is_last=False, is_eos=False
Token 0 verification failed, accepting up to this token. is_last: False, is_eos: False, is_mismatch: True

Draft step 0: in_token=tensor([[448]], device='cuda:6'), in_token_decoded= with, end_index: 9417
predicted_token: 264, predict_score: 0.2346557229757309, token :  a

Draft step 1: in_token=tensor([[264]], device='cuda:6'), in_token_decoded= a, end_index: 9418
Draft step 1, token  a, predict_score 0.2346557229757309 < threshold 0.6, stopping draft
Verifying token 0: verify_id=279 ( the), draft_id=264 ( a), is_last=False, is_eos=False
Token 0 verification failed, accepting up to this token. is_last: False, is_eos: False, is_mismatch: True

Draft step 0: in_token=tensor([[279]], device='cuda:6'), in_token_decoded= the, end_index: 9418
predicted_token: 30352, predict_score: 0.3496452569961548, token :  dough

Draft step 1: in_token=tensor([[30352]], device='cuda:6'), in_token_decoded= dough, end_index: 9419
Draft step 1, token  dough, predict_score 0.3496452569961548 < threshold 0.6, stopping draft
Verifying token 0: verify_id=30352 ( dough), draft_id=30352 ( dough), is_last=False, is_eos=False
Verifying token 1: verify_id=25377 ( appearing), draft_id=None (None), is_last=True, is_eos=False
Token 1 verification failed, accepting up to this token. is_last: True, is_eos: False, is_mismatch: False

Draft step 0: in_token=tensor([[25377]], device='cuda:6'), in_token_decoded= appearing, end_index: 9420
predicted_token: 369, predict_score: 0.11345219612121582, token :  for

Draft step 1: in_token=tensor([[369]], device='cuda:6'), in_token_decoded= for, end_index: 9421
Draft step 1, token  for, predict_score 0.11345219612121582 < threshold 0.6, stopping draft
Verifying token 0: verify_id=1632 ( well), draft_id=369 ( for), is_last=False, is_eos=False
Token 0 verification failed, accepting up to this token. is_last: False, is_eos: False, is_mismatch: True

Draft step 0: in_token=tensor([[1632]], device='cuda:6'), in_token_decoded= well, end_index: 9421
predicted_token: 304, predict_score: 0.5411961674690247, token :  in

Draft step 1: in_token=tensor([[304]], device='cuda:6'), in_token_decoded= in, end_index: 9422
Draft step 1, token  in, predict_score 0.5411961674690247 < threshold 0.6, stopping draft
Verifying token 0: verify_id=12646 (-k), draft_id=304 ( in), is_last=False, is_eos=False
Token 0 verification failed, accepting up to this token. is_last: False, is_eos: False, is_mismatch: True

Draft step 0: in_token=tensor([[12646]], device='cuda:6'), in_token_decoded=-k, end_index: 9422
predicted_token: 4487, predict_score: 0.4485838711261749, token : ried

Draft step 1: in_token=tensor([[4487]], device='cuda:6'), in_token_decoded=ried, end_index: 9423
Draft step 1, token ried, predict_score 0.4485838711261749 < threshold 0.6, stopping draft
Verifying token 0: verify_id=811 (ne), draft_id=4487 (ried), is_last=False, is_eos=False
Token 0 verification failed, accepting up to this token. is_last: False, is_eos: False, is_mismatch: True

Draft step 0: in_token=tensor([[811]], device='cuda:6'), in_token_decoded=ne, end_index: 9423
predicted_token: 2228, predict_score: 0.06498585641384125, token : ading

Draft step 1: in_token=tensor([[2228]], device='cuda:6'), in_token_decoded=ading, end_index: 9424
Draft step 1, token ading, predict_score 0.06498585641384125 < threshold 0.6, stopping draft
Verifying token 0: verify_id=14255 (aded), draft_id=2228 (ading), is_last=False, is_eos=False
Token 0 verification failed, accepting up to this token. is_last: False, is_eos: False, is_mismatch: True

Draft step 0: in_token=tensor([[14255]], device='cuda:6'), in_token_decoded=aded, end_index: 9424
predicted_token: 30352, predict_score: 0.5277588963508606, token :  dough

Draft step 1: in_token=tensor([[30352]], device='cuda:6'), in_token_decoded= dough, end_index: 9425
Draft step 1, token  dough, predict_score 0.5277588963508606 < threshold 0.6, stopping draft
Verifying token 0: verify_id=323 ( and), draft_id=30352 ( dough), is_last=False, is_eos=False
Token 0 verification failed, accepting up to this token. is_last: False, is_eos: False, is_mismatch: True

Draft step 0: in_token=tensor([[323]], device='cuda:6'), in_token_decoded= and, end_index: 9425
predicted_token: 9099, predict_score: 0.10719461739063263, token :  placed

Draft step 1: in_token=tensor([[9099]], device='cuda:6'), in_token_decoded= placed, end_index: 9426
Draft step 1, token  placed, predict_score 0.10719461739063263 < threshold 0.6, stopping draft
Verifying token 0: verify_id=10876 ( smooth), draft_id=9099 ( placed), is_last=False, is_eos=False
Token 0 verification failed, accepting up to this token. is_last: False, is_eos: False, is_mismatch: True

Draft step 0: in_token=tensor([[10876]], device='cuda:6'), in_token_decoded= smooth, end_index: 9426
predicted_token: 13, predict_score: 0.11736705154180527, token : .

Draft step 1: in_token=tensor([[13]], device='cuda:6'), in_token_decoded=., end_index: 9427
Draft step 1, token ., predict_score 0.11736705154180527 < threshold 0.6, stopping draft
Verifying token 0: verify_id=11 (,), draft_id=13 (.), is_last=False, is_eos=False
Token 0 verification failed, accepting up to this token. is_last: False, is_eos: False, is_mismatch: True

Draft step 0: in_token=tensor([[11]], device='cuda:6'), in_token_decoded=,, end_index: 9427
predicted_token: 1221, predict_score: 0.5906603336334229, token :  then

Draft step 1: in_token=tensor([[1221]], device='cuda:6'), in_token_decoded= then, end_index: 9428
Draft step 1, token  then, predict_score 0.5906603336334229 < threshold 0.6, stopping draft
Verifying token 0: verify_id=323 ( and), draft_id=1221 ( then), is_last=False, is_eos=False
Token 0 verification failed, accepting up to this token. is_last: False, is_eos: False, is_mismatch: True

Draft step 0: in_token=tensor([[323]], device='cuda:6'), in_token_decoded= and, end_index: 9428
predicted_token: 1221, predict_score: 0.2056610882282257, token :  then

Draft step 1: in_token=tensor([[1221]], device='cuda:6'), in_token_decoded= then, end_index: 9429
Draft step 1, token  then, predict_score 0.2056610882282257 < threshold 0.6, stopping draft
Verifying token 0: verify_id=279 ( the), draft_id=1221 ( then), is_last=False, is_eos=False
Token 0 verification failed, accepting up to this token. is_last: False, is_eos: False, is_mismatch: True

Draft step 0: in_token=tensor([[279]], device='cuda:6'), in_token_decoded= the, end_index: 9429
predicted_token: 30352, predict_score: 0.5503685474395752, token :  dough

Draft step 1: in_token=tensor([[30352]], device='cuda:6'), in_token_decoded= dough, end_index: 9430
Draft step 1, token  dough, predict_score 0.5503685474395752 < threshold 0.6, stopping draft
Verifying token 0: verify_id=1697 ( person), draft_id=30352 ( dough), is_last=False, is_eos=False
Token 0 verification failed, accepting up to this token. is_last: False, is_eos: False, is_mismatch: True

Draft step 0: in_token=tensor([[1697]], device='cuda:6'), in_token_decoded= person, end_index: 9430
predicted_token: 75, predict_score: 0.057326339185237885, token : l

Draft step 1: in_token=tensor([[75]], device='cuda:6'), in_token_decoded=l, end_index: 9431
Draft step 1, token l, predict_score 0.057326339185237885 < threshold 0.6, stopping draft
Verifying token 0: verify_id=374 ( is), draft_id=75 (l), is_last=False, is_eos=False
Token 0 verification failed, accepting up to this token. is_last: False, is_eos: False, is_mismatch: True

Draft step 0: in_token=tensor([[374]], device='cuda:6'), in_token_decoded= is, end_index: 9431
predicted_token: 9099, predict_score: 0.310738205909729, token :  placed

Draft step 1: in_token=tensor([[9099]], device='cuda:6'), in_token_decoded= placed, end_index: 9432
Draft step 1, token  placed, predict_score 0.310738205909729 < threshold 0.6, stopping draft
Verifying token 0: verify_id=20045 ( preparing), draft_id=9099 ( placed), is_last=False, is_eos=False
Token 0 verification failed, accepting up to this token. is_last: False, is_eos: False, is_mismatch: True

Draft step 0: in_token=tensor([[20045]], device='cuda:6'), in_token_decoded= preparing, end_index: 9432
predicted_token: 311, predict_score: 0.9511318206787109, token :  to

Draft step 1: in_token=tensor([[311]], device='cuda:6'), in_token_decoded= to, end_index: 9433
predicted_token: 2182, predict_score: 0.16395030915737152, token :  put

Draft step 2: in_token=tensor([[2182]], device='cuda:6'), in_token_decoded= put, end_index: 9434
Draft step 2, token  put, predict_score 0.16395030915737152 < threshold 0.6, stopping draft
Verifying token 0: verify_id=311 ( to), draft_id=311 ( to), is_last=False, is_eos=False
Verifying token 1: verify_id=1992 ( place), draft_id=2182 ( put), is_last=False, is_eos=False
Token 1 verification failed, accepting up to this token. is_last: False, is_eos: False, is_mismatch: True

Draft step 0: in_token=tensor([[1992]], device='cuda:6'), in_token_decoded= place, end_index: 9434
predicted_token: 279, predict_score: 0.37010157108306885, token :  the

Draft step 1: in_token=tensor([[279]], device='cuda:6'), in_token_decoded= the, end_index: 9435
Draft step 1, token  the, predict_score 0.37010157108306885 < threshold 0.6, stopping draft
Verifying token 0: verify_id=279 ( the), draft_id=279 ( the), is_last=False, is_eos=False
Verifying token 1: verify_id=30352 ( dough), draft_id=None (None), is_last=True, is_eos=False
Token 1 verification failed, accepting up to this token. is_last: True, is_eos: False, is_mismatch: False

Draft step 0: in_token=tensor([[30352]], device='cuda:6'), in_token_decoded= dough, end_index: 9436
predicted_token: 13, predict_score: 0.22010235488414764, token : .

Draft step 1: in_token=tensor([[13]], device='cuda:6'), in_token_decoded=., end_index: 9437
Draft step 1, token ., predict_score 0.22010235488414764 < threshold 0.6, stopping draft
Verifying token 0: verify_id=1119 ( into), draft_id=13 (.), is_last=False, is_eos=False
Token 0 verification failed, accepting up to this token. is_last: False, is_eos: False, is_mismatch: True

Draft step 0: in_token=tensor([[1119]], device='cuda:6'), in_token_decoded= into, end_index: 9437
predicted_token: 264, predict_score: 0.5987131595611572, token :  a

Draft step 1: in_token=tensor([[264]], device='cuda:6'), in_token_decoded= a, end_index: 9438
Draft step 1, token  a, predict_score 0.5987131595611572 < threshold 0.6, stopping draft
Verifying token 0: verify_id=279 ( the), draft_id=264 ( a), is_last=False, is_eos=False
Token 0 verification failed, accepting up to this token. is_last: False, is_eos: False, is_mismatch: True

Draft step 0: in_token=tensor([[279]], device='cuda:6'), in_token_decoded= the, end_index: 9438
predicted_token: 57209, predict_score: 0.4000971019268036, token :  basin

Draft step 1: in_token=tensor([[57209]], device='cuda:6'), in_token_decoded= basin, end_index: 9439
Draft step 1, token  basin, predict_score 0.4000971019268036 < threshold 0.6, stopping draft
Verifying token 0: verify_id=23387 ( oven), draft_id=57209 ( basin), is_last=False, is_eos=False
Token 0 verification failed, accepting up to this token. is_last: False, is_eos: False, is_mismatch: True

Draft step 0: in_token=tensor([[23387]], device='cuda:6'), in_token_decoded= oven, end_index: 9439
predicted_token: 13, predict_score: 0.7864940762519836, token : .

Draft step 1: in_token=tensor([[13]], device='cuda:6'), in_token_decoded=., end_index: 9440
predicted_token: 151645, predict_score: 0.9649144411087036, token : <|im_end|>
Verifying token 0: verify_id=13 (.), draft_id=13 (.), is_last=False, is_eos=False
Verifying token 1: verify_id=151645 (<|im_end|>), draft_id=151645 (<|im_end|>), is_last=False, is_eos=True
Token 1 verification failed, accepting up to this token. is_last: False, is_eos: True, is_mismatch: False
New tokens: ["The dough is kneaded by pressing and folding it, then placed into a dough mixer, and the person's hands continue to work it inside the mixer, with the mixer's blades turning to further knead the dough, and the person then picks up a piece of dough and places it on the metal surface, with other pieces of dough and a small container nearby, and the person continues to knead the dough on the metal surface, with the dough appearing well-kneaded and smooth, and the person is preparing to place the dough into the oven.<|im_end|>"]
Total new tokens generated: 112
[Spec] avg_accept=1.37 | tokens=112 | context_len=9329
[Adapter] acc=31/98 (31.6%) | avg_confidence=0.444 | context_len=9329
\n===== Lossless Check =====
Speculative output: The dough is kneaded by pressing and folding it, then placed into a dough mixer, and the person's hands continue to work it inside the mixer, with the mixer's blades turning to further knead the dough, and the person then picks up a piece of dough and places it on the metal surface, with other pieces of dough and a small container nearby, and the person continues to knead the dough on the metal surface, with the dough appearing well-kneaded and smooth, and the person is preparing to place the dough into the oven.
AR manual output:   The dough is kneaded by pressing and folding it, then placed into a dough mixer, and the person's hands continue to work it inside the mixer, with the mixer's blades turning to further knead the dough, and the person then picks up a piece of dough and places it on the metal surface, with other pieces of dough and a small container nearby, and the person continues to knead the dough on the metal surface, with the dough appearing well-kneaded and smooth, and the person is preparing to place the dough into the oven.
Exact match: True
OK: Outputs match. Speculative decoding is lossless.
Speedup: 1.13x
Speedup_decode: 1.09x
Spec decode tok/s: 31.37
AR decode tok/s:   28.78
 first token :NO

Draft step 0: in_token=tensor([[8996]], device='cuda:6'), in_token_decoded=NO, end_index: 9503
predicted_token: 3596, predict_score: 0.9999774694442749, token :  RE

Draft step 1: in_token=tensor([[3596]], device='cuda:6'), in_token_decoded= RE, end_index: 9504
predicted_token: 24834, predict_score: 0.999984860420227, token : PLY

Draft step 2: in_token=tensor([[24834]], device='cuda:6'), in_token_decoded=PLY, end_index: 9505
predicted_token: 151645, predict_score: 0.9990237951278687, token : <|im_end|>
Verifying token 0: verify_id=3596 ( RE), draft_id=3596 ( RE), is_last=False, is_eos=False
Verifying token 1: verify_id=24834 (PLY), draft_id=24834 (PLY), is_last=False, is_eos=False
Verifying token 2: verify_id=151645 (<|im_end|>), draft_id=151645 (<|im_end|>), is_last=False, is_eos=True
Token 2 verification failed, accepting up to this token. is_last: False, is_eos: True, is_mismatch: False
New tokens: ['NO REPLY<|im_end|>']
Total new tokens generated: 4
[Spec] avg_accept=3.00 | tokens=4 | context_len=9502
[Adapter] acc=3/3 (100.0%) | avg_confidence=1.000 | context_len=9502
\n===== Lossless Check =====
Speculative output: NO REPLY
AR manual output:   NO REPLY
Exact match: True
OK: Outputs match. Speculative decoding is lossless.
Speedup: 0.92x
Speedup_decode: 0.99x
Spec decode tok/s: 37.11
AR decode tok/s:   37.57
 first token :NO

Draft step 0: in_token=tensor([[8996]], device='cuda:6'), in_token_decoded=NO, end_index: 9568
predicted_token: 3596, predict_score: 0.9999828338623047, token :  RE

Draft step 1: in_token=tensor([[3596]], device='cuda:6'), in_token_decoded= RE, end_index: 9569
predicted_token: 24834, predict_score: 0.9999536275863647, token : PLY

Draft step 2: in_token=tensor([[24834]], device='cuda:6'), in_token_decoded=PLY, end_index: 9570
predicted_token: 151645, predict_score: 0.9991807341575623, token : <|im_end|>
Verifying token 0: verify_id=3596 ( RE), draft_id=3596 ( RE), is_last=False, is_eos=False
Verifying token 1: verify_id=24834 (PLY), draft_id=24834 (PLY), is_last=False, is_eos=False
Verifying token 2: verify_id=151645 (<|im_end|>), draft_id=151645 (<|im_end|>), is_last=False, is_eos=True
Token 2 verification failed, accepting up to this token. is_last: False, is_eos: True, is_mismatch: False
New tokens: ['NO REPLY<|im_end|>']
Total new tokens generated: 4
[Spec] avg_accept=3.00 | tokens=4 | context_len=9567
[Adapter] acc=3/3 (100.0%) | avg_confidence=1.000 | context_len=9567
\n===== Lossless Check =====
Speculative output: NO REPLY
AR manual output:   NO REPLY
Exact match: True
OK: Outputs match. Speculative decoding is lossless.
Speedup: 2.07x
Speedup_decode: 1.24x
Spec decode tok/s: 37.64
AR decode tok/s:   30.32
 first token :NO

Draft step 0: in_token=tensor([[8996]], device='cuda:6'), in_token_decoded=NO, end_index: 9633
predicted_token: 3596, predict_score: 0.9999853372573853, token :  RE

Draft step 1: in_token=tensor([[3596]], device='cuda:6'), in_token_decoded= RE, end_index: 9634
predicted_token: 24834, predict_score: 0.9999748468399048, token : PLY

Draft step 2: in_token=tensor([[24834]], device='cuda:6'), in_token_decoded=PLY, end_index: 9635
predicted_token: 151645, predict_score: 0.9992362260818481, token : <|im_end|>
Verifying token 0: verify_id=3596 ( RE), draft_id=3596 ( RE), is_last=False, is_eos=False
Verifying token 1: verify_id=24834 (PLY), draft_id=24834 (PLY), is_last=False, is_eos=False
Verifying token 2: verify_id=151645 (<|im_end|>), draft_id=151645 (<|im_end|>), is_last=False, is_eos=True
Token 2 verification failed, accepting up to this token. is_last: False, is_eos: True, is_mismatch: False
New tokens: ['NO REPLY<|im_end|>']
Total new tokens generated: 4
[Spec] avg_accept=3.00 | tokens=4 | context_len=9632
[Adapter] acc=3/3 (100.0%) | avg_confidence=1.000 | context_len=9632
\n===== Lossless Check =====
Speculative output: NO REPLY
AR manual output:   NO REPLY
Exact match: True
OK: Outputs match. Speculative decoding is lossless.
Speedup: 1.68x
Speedup_decode: 1.12x
Spec decode tok/s: 42.22
AR decode tok/s:   37.56
 first token :NO

Draft step 0: in_token=tensor([[8996]], device='cuda:6'), in_token_decoded=NO, end_index: 9698
predicted_token: 3596, predict_score: 0.9999829530715942, token :  RE

Draft step 1: in_token=tensor([[3596]], device='cuda:6'), in_token_decoded= RE, end_index: 9699
predicted_token: 24834, predict_score: 0.9999748468399048, token : PLY

Draft step 2: in_token=tensor([[24834]], device='cuda:6'), in_token_decoded=PLY, end_index: 9700
predicted_token: 151645, predict_score: 0.9992315769195557, token : <|im_end|>
Verifying token 0: verify_id=3596 ( RE), draft_id=3596 ( RE), is_last=False, is_eos=False
Verifying token 1: verify_id=24834 (PLY), draft_id=24834 (PLY), is_last=False, is_eos=False
Verifying token 2: verify_id=151645 (<|im_end|>), draft_id=151645 (<|im_end|>), is_last=False, is_eos=True
Token 2 verification failed, accepting up to this token. is_last: False, is_eos: True, is_mismatch: False
New tokens: ['NO REPLY<|im_end|>']
Total new tokens generated: 4
[Spec] avg_accept=3.00 | tokens=4 | context_len=9697
[Adapter] acc=3/3 (100.0%) | avg_confidence=1.000 | context_len=9697
\n===== Lossless Check =====
Speculative output: NO REPLY
AR manual output:   NO REPLY
Exact match: True
OK: Outputs match. Speculative decoding is lossless.
Speedup: 1.68x
Speedup_decode: 0.93x
Spec decode tok/s: 35.02
AR decode tok/s:   37.62
 first token :NO

Draft step 0: in_token=tensor([[8996]], device='cuda:6'), in_token_decoded=NO, end_index: 9763
predicted_token: 3596, predict_score: 0.9999829530715942, token :  RE

Draft step 1: in_token=tensor([[3596]], device='cuda:6'), in_token_decoded= RE, end_index: 9764
predicted_token: 24834, predict_score: 0.9999762773513794, token : PLY

Draft step 2: in_token=tensor([[24834]], device='cuda:6'), in_token_decoded=PLY, end_index: 9765
predicted_token: 151645, predict_score: 0.9993070363998413, token : <|im_end|>
Verifying token 0: verify_id=3596 ( RE), draft_id=3596 ( RE), is_last=False, is_eos=False
Verifying token 1: verify_id=24834 (PLY), draft_id=24834 (PLY), is_last=False, is_eos=False
Verifying token 2: verify_id=151645 (<|im_end|>), draft_id=151645 (<|im_end|>), is_last=False, is_eos=True
Token 2 verification failed, accepting up to this token. is_last: False, is_eos: True, is_mismatch: False
New tokens: ['NO REPLY<|im_end|>']
Total new tokens generated: 4
[Spec] avg_accept=3.00 | tokens=4 | context_len=9762
[Adapter] acc=3/3 (100.0%) | avg_confidence=1.000 | context_len=9762
\n===== Lossless Check =====
Speculative output: NO REPLY
AR manual output:   NO REPLY
Exact match: True
OK: Outputs match. Speculative decoding is lossless.
Speedup: 1.67x
Speedup_decode: 1.11x
Spec decode tok/s: 41.85
AR decode tok/s:   37.55
 first token :NO

Draft step 0: in_token=tensor([[8996]], device='cuda:6'), in_token_decoded=NO, end_index: 9828
predicted_token: 3596, predict_score: 0.9999762773513794, token :  RE

Draft step 1: in_token=tensor([[3596]], device='cuda:6'), in_token_decoded= RE, end_index: 9829
predicted_token: 24834, predict_score: 0.9999797344207764, token : PLY

Draft step 2: in_token=tensor([[24834]], device='cuda:6'), in_token_decoded=PLY, end_index: 9830
predicted_token: 151645, predict_score: 0.9992688298225403, token : <|im_end|>
Verifying token 0: verify_id=3596 ( RE), draft_id=3596 ( RE), is_last=False, is_eos=False
Verifying token 1: verify_id=24834 (PLY), draft_id=24834 (PLY), is_last=False, is_eos=False
Verifying token 2: verify_id=151645 (<|im_end|>), draft_id=151645 (<|im_end|>), is_last=False, is_eos=True
Token 2 verification failed, accepting up to this token. is_last: False, is_eos: True, is_mismatch: False
New tokens: ['NO REPLY<|im_end|>']
Total new tokens generated: 4
[Spec] avg_accept=3.00 | tokens=4 | context_len=9827
[Adapter] acc=3/3 (100.0%) | avg_confidence=1.000 | context_len=9827
\n===== Lossless Check =====
Speculative output: NO REPLY
AR manual output:   NO REPLY
Exact match: True
OK: Outputs match. Speculative decoding is lossless.
Speedup: 0.95x
Speedup_decode: 0.96x
Spec decode tok/s: 36.16
AR decode tok/s:   37.64
 first token :NO

Draft step 0: in_token=tensor([[8996]], device='cuda:6'), in_token_decoded=NO, end_index: 9893
predicted_token: 3596, predict_score: 0.9999784231185913, token :  RE

Draft step 1: in_token=tensor([[3596]], device='cuda:6'), in_token_decoded= RE, end_index: 9894
predicted_token: 24834, predict_score: 0.9999771118164062, token : PLY

Draft step 2: in_token=tensor([[24834]], device='cuda:6'), in_token_decoded=PLY, end_index: 9895
predicted_token: 151645, predict_score: 0.9993672966957092, token : <|im_end|>
Verifying token 0: verify_id=3596 ( RE), draft_id=3596 ( RE), is_last=False, is_eos=False
Verifying token 1: verify_id=24834 (PLY), draft_id=24834 (PLY), is_last=False, is_eos=False
Verifying token 2: verify_id=151645 (<|im_end|>), draft_id=151645 (<|im_end|>), is_last=False, is_eos=True
Token 2 verification failed, accepting up to this token. is_last: False, is_eos: True, is_mismatch: False
New tokens: ['NO REPLY<|im_end|>']
Total new tokens generated: 4
[Spec] avg_accept=3.00 | tokens=4 | context_len=9892
[Adapter] acc=3/3 (100.0%) | avg_confidence=1.000 | context_len=9892
\n===== Lossless Check =====
Speculative output: NO REPLY
AR manual output:   NO REPLY
Exact match: True
OK: Outputs match. Speculative decoding is lossless.
Speedup: 1.69x
Speedup_decode: 1.10x
Spec decode tok/s: 41.08
AR decode tok/s:   37.36
 first token :NO

Draft step 0: in_token=tensor([[8996]], device='cuda:6'), in_token_decoded=NO, end_index: 9958
predicted_token: 3596, predict_score: 0.9999707937240601, token :  RE

Draft step 1: in_token=tensor([[3596]], device='cuda:6'), in_token_decoded= RE, end_index: 9959
predicted_token: 24834, predict_score: 0.9999765157699585, token : PLY

Draft step 2: in_token=tensor([[24834]], device='cuda:6'), in_token_decoded=PLY, end_index: 9960
predicted_token: 151645, predict_score: 0.9993821382522583, token : <|im_end|>
Verifying token 0: verify_id=3596 ( RE), draft_id=3596 ( RE), is_last=False, is_eos=False
Verifying token 1: verify_id=24834 (PLY), draft_id=24834 (PLY), is_last=False, is_eos=False
Verifying token 2: verify_id=151645 (<|im_end|>), draft_id=151645 (<|im_end|>), is_last=False, is_eos=True
Token 2 verification failed, accepting up to this token. is_last: False, is_eos: True, is_mismatch: False
New tokens: ['NO REPLY<|im_end|>']
Total new tokens generated: 4
[Spec] avg_accept=3.00 | tokens=4 | context_len=9957
[Adapter] acc=3/3 (100.0%) | avg_confidence=1.000 | context_len=9957
\n===== Lossless Check =====
Speculative output: NO REPLY
AR manual output:   NO REPLY
Exact match: True
OK: Outputs match. Speculative decoding is lossless.
Speedup: 1.68x
Speedup_decode: 0.90x
Spec decode tok/s: 33.53
AR decode tok/s:   37.30
 first token :NO

Draft step 0: in_token=tensor([[8996]], device='cuda:6'), in_token_decoded=NO, end_index: 10023
predicted_token: 3596, predict_score: 0.9999762773513794, token :  RE

Draft step 1: in_token=tensor([[3596]], device='cuda:6'), in_token_decoded= RE, end_index: 10024
predicted_token: 24834, predict_score: 0.9999736547470093, token : PLY

Draft step 2: in_token=tensor([[24834]], device='cuda:6'), in_token_decoded=PLY, end_index: 10025
predicted_token: 151645, predict_score: 0.9993622899055481, token : <|im_end|>
Verifying token 0: verify_id=3596 ( RE), draft_id=3596 ( RE), is_last=False, is_eos=False
Verifying token 1: verify_id=24834 (PLY), draft_id=24834 (PLY), is_last=False, is_eos=False
Verifying token 2: verify_id=151645 (<|im_end|>), draft_id=151645 (<|im_end|>), is_last=False, is_eos=True
Token 2 verification failed, accepting up to this token. is_last: False, is_eos: True, is_mismatch: False
New tokens: ['NO REPLY<|im_end|>']
Total new tokens generated: 4
[Spec] avg_accept=3.00 | tokens=4 | context_len=10022
[Adapter] acc=3/3 (100.0%) | avg_confidence=1.000 | context_len=10022
\n===== Lossless Check =====
Speculative output: NO REPLY
AR manual output:   NO REPLY
Exact match: True
OK: Outputs match. Speculative decoding is lossless.
Speedup: 1.67x
Speedup_decode: 0.91x
Spec decode tok/s: 34.18
AR decode tok/s:   37.57
 first token :NO

Draft step 0: in_token=tensor([[8996]], device='cuda:6'), in_token_decoded=NO, end_index: 10088
predicted_token: 3596, predict_score: 0.9999724626541138, token :  RE

Draft step 1: in_token=tensor([[3596]], device='cuda:6'), in_token_decoded= RE, end_index: 10089
predicted_token: 24834, predict_score: 0.9999735355377197, token : PLY

Draft step 2: in_token=tensor([[24834]], device='cuda:6'), in_token_decoded=PLY, end_index: 10090
predicted_token: 151645, predict_score: 0.9993294477462769, token : <|im_end|>
Verifying token 0: verify_id=3596 ( RE), draft_id=3596 ( RE), is_last=False, is_eos=False
Verifying token 1: verify_id=24834 (PLY), draft_id=24834 (PLY), is_last=False, is_eos=False
Verifying token 2: verify_id=151645 (<|im_end|>), draft_id=151645 (<|im_end|>), is_last=False, is_eos=True
Token 2 verification failed, accepting up to this token. is_last: False, is_eos: True, is_mismatch: False
New tokens: ['NO REPLY<|im_end|>']
Total new tokens generated: 4
[Spec] avg_accept=3.00 | tokens=4 | context_len=10087
[Adapter] acc=3/3 (100.0%) | avg_confidence=1.000 | context_len=10087
\n===== Lossless Check =====
Speculative output: NO REPLY
AR manual output:   NO REPLY
Exact match: True
OK: Outputs match. Speculative decoding is lossless.
Speedup: 2.10x
Speedup_decode: 1.20x
Spec decode tok/s: 35.70
AR decode tok/s:   29.77
 first token :NO

Draft step 0: in_token=tensor([[8996]], device='cuda:6'), in_token_decoded=NO, end_index: 10153
predicted_token: 3596, predict_score: 0.9999732971191406, token :  RE

Draft step 1: in_token=tensor([[3596]], device='cuda:6'), in_token_decoded= RE, end_index: 10154
predicted_token: 24834, predict_score: 0.9999769926071167, token : PLY

Draft step 2: in_token=tensor([[24834]], device='cuda:6'), in_token_decoded=PLY, end_index: 10155
predicted_token: 151645, predict_score: 0.9994571805000305, token : <|im_end|>
Verifying token 0: verify_id=3596 ( RE), draft_id=3596 ( RE), is_last=False, is_eos=False
Verifying token 1: verify_id=24834 (PLY), draft_id=24834 (PLY), is_last=False, is_eos=False
Verifying token 2: verify_id=151645 (<|im_end|>), draft_id=151645 (<|im_end|>), is_last=False, is_eos=True
Token 2 verification failed, accepting up to this token. is_last: False, is_eos: True, is_mismatch: False
New tokens: ['NO REPLY<|im_end|>']
Total new tokens generated: 4
[Spec] avg_accept=3.00 | tokens=4 | context_len=10152
[Adapter] acc=3/3 (100.0%) | avg_confidence=1.000 | context_len=10152
\n===== Lossless Check =====
Speculative output: NO REPLY
AR manual output:   NO REPLY
Exact match: True
OK: Outputs match. Speculative decoding is lossless.
Speedup: 0.90x
Speedup_decode: 0.98x
Spec decode tok/s: 37.03
AR decode tok/s:   37.63
 first token :NO

Draft step 0: in_token=tensor([[8996]], device='cuda:6'), in_token_decoded=NO, end_index: 10218
predicted_token: 3596, predict_score: 0.9999668598175049, token :  RE

Draft step 1: in_token=tensor([[3596]], device='cuda:6'), in_token_decoded= RE, end_index: 10219
predicted_token: 24834, predict_score: 0.999972939491272, token : PLY

Draft step 2: in_token=tensor([[24834]], device='cuda:6'), in_token_decoded=PLY, end_index: 10220
predicted_token: 151645, predict_score: 0.9993196725845337, token : <|im_end|>
Verifying token 0: verify_id=3596 ( RE), draft_id=3596 ( RE), is_last=False, is_eos=False
Verifying token 1: verify_id=24834 (PLY), draft_id=24834 (PLY), is_last=False, is_eos=False
Verifying token 2: verify_id=151645 (<|im_end|>), draft_id=151645 (<|im_end|>), is_last=False, is_eos=True
Token 2 verification failed, accepting up to this token. is_last: False, is_eos: True, is_mismatch: False
New tokens: ['NO REPLY<|im_end|>']
Total new tokens generated: 4
[Spec] avg_accept=3.00 | tokens=4 | context_len=10217
[Adapter] acc=3/3 (100.0%) | avg_confidence=1.000 | context_len=10217
\n===== Lossless Check =====
Speculative output: NO REPLY
AR manual output:   NO REPLY
Exact match: True
OK: Outputs match. Speculative decoding is lossless.
Speedup: 1.70x
Speedup_decode: 0.94x
Spec decode tok/s: 34.37
AR decode tok/s:   36.52
 first token :NO

Draft step 0: in_token=tensor([[8996]], device='cuda:6'), in_token_decoded=NO, end_index: 10283
predicted_token: 3596, predict_score: 0.9999721050262451, token :  RE

Draft step 1: in_token=tensor([[3596]], device='cuda:6'), in_token_decoded= RE, end_index: 10284
predicted_token: 24834, predict_score: 0.999975323677063, token : PLY

Draft step 2: in_token=tensor([[24834]], device='cuda:6'), in_token_decoded=PLY, end_index: 10285
predicted_token: 151645, predict_score: 0.9993667006492615, token : <|im_end|>
Verifying token 0: verify_id=3596 ( RE), draft_id=3596 ( RE), is_last=False, is_eos=False
Verifying token 1: verify_id=24834 (PLY), draft_id=24834 (PLY), is_last=False, is_eos=False
Verifying token 2: verify_id=151645 (<|im_end|>), draft_id=151645 (<|im_end|>), is_last=False, is_eos=True
Token 2 verification failed, accepting up to this token. is_last: False, is_eos: True, is_mismatch: False
New tokens: ['NO REPLY<|im_end|>']
Total new tokens generated: 4
[Spec] avg_accept=3.00 | tokens=4 | context_len=10282
[Adapter] acc=3/3 (100.0%) | avg_confidence=1.000 | context_len=10282
\n===== Lossless Check =====
Speculative output: NO REPLY
AR manual output:   NO REPLY
Exact match: True
OK: Outputs match. Speculative decoding is lossless.
Speedup: 1.68x
Speedup_decode: 0.98x
Spec decode tok/s: 36.80
AR decode tok/s:   37.42
 first token :NO

Draft step 0: in_token=tensor([[8996]], device='cuda:6'), in_token_decoded=NO, end_index: 10348
predicted_token: 3596, predict_score: 0.9999613761901855, token :  RE

Draft step 1: in_token=tensor([[3596]], device='cuda:6'), in_token_decoded= RE, end_index: 10349
predicted_token: 24834, predict_score: 0.9999737739562988, token : PLY

Draft step 2: in_token=tensor([[24834]], device='cuda:6'), in_token_decoded=PLY, end_index: 10350
predicted_token: 151645, predict_score: 0.9993301630020142, token : <|im_end|>
Verifying token 0: verify_id=3596 ( RE), draft_id=3596 ( RE), is_last=False, is_eos=False
Verifying token 1: verify_id=24834 (PLY), draft_id=24834 (PLY), is_last=False, is_eos=False
Verifying token 2: verify_id=151645 (<|im_end|>), draft_id=151645 (<|im_end|>), is_last=False, is_eos=True
Token 2 verification failed, accepting up to this token. is_last: False, is_eos: True, is_mismatch: False
New tokens: ['NO REPLY<|im_end|>']
Total new tokens generated: 4
[Spec] avg_accept=3.00 | tokens=4 | context_len=10347
[Adapter] acc=3/3 (100.0%) | avg_confidence=1.000 | context_len=10347
\n===== Lossless Check =====
Speculative output: NO REPLY
AR manual output:   NO REPLY
Exact match: True
OK: Outputs match. Speculative decoding is lossless.
Speedup: 1.68x
Speedup_decode: 0.95x
Spec decode tok/s: 35.68
AR decode tok/s:   37.54
 first token :NO

Draft step 0: in_token=tensor([[8996]], device='cuda:6'), in_token_decoded=NO, end_index: 10413
predicted_token: 3596, predict_score: 0.9999657869338989, token :  RE

Draft step 1: in_token=tensor([[3596]], device='cuda:6'), in_token_decoded= RE, end_index: 10414
predicted_token: 24834, predict_score: 0.9999728202819824, token : PLY

Draft step 2: in_token=tensor([[24834]], device='cuda:6'), in_token_decoded=PLY, end_index: 10415
predicted_token: 151645, predict_score: 0.9993433356285095, token : <|im_end|>
Verifying token 0: verify_id=3596 ( RE), draft_id=3596 ( RE), is_last=False, is_eos=False
Verifying token 1: verify_id=24834 (PLY), draft_id=24834 (PLY), is_last=False, is_eos=False
Verifying token 2: verify_id=151645 (<|im_end|>), draft_id=151645 (<|im_end|>), is_last=False, is_eos=True
Token 2 verification failed, accepting up to this token. is_last: False, is_eos: True, is_mismatch: False
New tokens: ['NO REPLY<|im_end|>']
Total new tokens generated: 4
[Spec] avg_accept=3.00 | tokens=4 | context_len=10412
[Adapter] acc=3/3 (100.0%) | avg_confidence=1.000 | context_len=10412
\n===== Lossless Check =====
Speculative output: NO REPLY
AR manual output:   NO REPLY
Exact match: True
OK: Outputs match. Speculative decoding is lossless.
Speedup: 1.04x
Speedup_decode: 1.09x
Spec decode tok/s: 36.26
AR decode tok/s:   33.23
 first token :NO

Draft step 0: in_token=tensor([[8996]], device='cuda:6'), in_token_decoded=NO, end_index: 10478
predicted_token: 3596, predict_score: 0.9999649524688721, token :  RE

Draft step 1: in_token=tensor([[3596]], device='cuda:6'), in_token_decoded= RE, end_index: 10479
predicted_token: 24834, predict_score: 0.9999767541885376, token : PLY

Draft step 2: in_token=tensor([[24834]], device='cuda:6'), in_token_decoded=PLY, end_index: 10480
predicted_token: 151645, predict_score: 0.9992876648902893, token : <|im_end|>
Verifying token 0: verify_id=3596 ( RE), draft_id=3596 ( RE), is_last=False, is_eos=False
Verifying token 1: verify_id=24834 (PLY), draft_id=24834 (PLY), is_last=False, is_eos=False
Verifying token 2: verify_id=151645 (<|im_end|>), draft_id=151645 (<|im_end|>), is_last=False, is_eos=True
Token 2 verification failed, accepting up to this token. is_last: False, is_eos: True, is_mismatch: False
New tokens: ['NO REPLY<|im_end|>']
Total new tokens generated: 4
[Spec] avg_accept=3.00 | tokens=4 | context_len=10477
[Adapter] acc=3/3 (100.0%) | avg_confidence=1.000 | context_len=10477
\n===== Lossless Check =====
Speculative output: NO REPLY
AR manual output:   NO REPLY
Exact match: True
OK: Outputs match. Speculative decoding is lossless.
Speedup: 1.65x
Speedup_decode: 0.89x
Spec decode tok/s: 33.26
AR decode tok/s:   37.49
 first token :NO

Draft step 0: in_token=tensor([[8996]], device='cuda:6'), in_token_decoded=NO, end_index: 10543
predicted_token: 3596, predict_score: 0.999964714050293, token :  RE

Draft step 1: in_token=tensor([[3596]], device='cuda:6'), in_token_decoded= RE, end_index: 10544
predicted_token: 24834, predict_score: 0.9999676942825317, token : PLY

Draft step 2: in_token=tensor([[24834]], device='cuda:6'), in_token_decoded=PLY, end_index: 10545
predicted_token: 151645, predict_score: 0.999321460723877, token : <|im_end|>
Verifying token 0: verify_id=3596 ( RE), draft_id=3596 ( RE), is_last=False, is_eos=False
Verifying token 1: verify_id=24834 (PLY), draft_id=24834 (PLY), is_last=False, is_eos=False
Verifying token 2: verify_id=151645 (<|im_end|>), draft_id=151645 (<|im_end|>), is_last=False, is_eos=True
Token 2 verification failed, accepting up to this token. is_last: False, is_eos: True, is_mismatch: False
New tokens: ['NO REPLY<|im_end|>']
Total new tokens generated: 4
[Spec] avg_accept=3.00 | tokens=4 | context_len=10542
[Adapter] acc=3/3 (100.0%) | avg_confidence=1.000 | context_len=10542
\n===== Lossless Check =====
Speculative output: NO REPLY
AR manual output:   NO REPLY
Exact match: True
OK: Outputs match. Speculative decoding is lossless.
Speedup: 1.66x
Speedup_decode: 0.95x
Spec decode tok/s: 35.45
AR decode tok/s:   37.33
 first token :NO

Draft step 0: in_token=tensor([[8996]], device='cuda:6'), in_token_decoded=NO, end_index: 10608
predicted_token: 3596, predict_score: 0.9999555349349976, token :  RE

Draft step 1: in_token=tensor([[3596]], device='cuda:6'), in_token_decoded= RE, end_index: 10609
predicted_token: 24834, predict_score: 0.9999691247940063, token : PLY

Draft step 2: in_token=tensor([[24834]], device='cuda:6'), in_token_decoded=PLY, end_index: 10610
predicted_token: 151645, predict_score: 0.999211311340332, token : <|im_end|>
Verifying token 0: verify_id=3596 ( RE), draft_id=3596 ( RE), is_last=False, is_eos=False
Verifying token 1: verify_id=24834 (PLY), draft_id=24834 (PLY), is_last=False, is_eos=False
Verifying token 2: verify_id=151645 (<|im_end|>), draft_id=151645 (<|im_end|>), is_last=False, is_eos=True
Token 2 verification failed, accepting up to this token. is_last: False, is_eos: True, is_mismatch: False
New tokens: ['NO REPLY<|im_end|>']
Total new tokens generated: 4
[Spec] avg_accept=3.00 | tokens=4 | context_len=10607
[Adapter] acc=3/3 (100.0%) | avg_confidence=1.000 | context_len=10607
\n===== Lossless Check =====
Speculative output: NO REPLY
AR manual output:   NO REPLY
Exact match: True
OK: Outputs match. Speculative decoding is lossless.
Speedup: 1.66x
Speedup_decode: 0.89x
Spec decode tok/s: 33.61
AR decode tok/s:   37.67
 first token :NO

Draft step 0: in_token=tensor([[8996]], device='cuda:6'), in_token_decoded=NO, end_index: 10673
predicted_token: 3596, predict_score: 0.9999493360519409, token :  RE

Draft step 1: in_token=tensor([[3596]], device='cuda:6'), in_token_decoded= RE, end_index: 10674
predicted_token: 24834, predict_score: 0.9999719858169556, token : PLY

Draft step 2: in_token=tensor([[24834]], device='cuda:6'), in_token_decoded=PLY, end_index: 10675
predicted_token: 151645, predict_score: 0.9992006421089172, token : <|im_end|>
Verifying token 0: verify_id=3596 ( RE), draft_id=3596 ( RE), is_last=False, is_eos=False
Verifying token 1: verify_id=24834 (PLY), draft_id=24834 (PLY), is_last=False, is_eos=False
Verifying token 2: verify_id=151645 (<|im_end|>), draft_id=151645 (<|im_end|>), is_last=False, is_eos=True
Token 2 verification failed, accepting up to this token. is_last: False, is_eos: True, is_mismatch: False
New tokens: ['NO REPLY<|im_end|>']
Total new tokens generated: 4
[Spec] avg_accept=3.00 | tokens=4 | context_len=10672
[Adapter] acc=3/3 (100.0%) | avg_confidence=1.000 | context_len=10672
\n===== Lossless Check =====
Speculative output: NO REPLY
AR manual output:   NO REPLY
Exact match: True
OK: Outputs match. Speculative decoding is lossless.
Speedup: 0.95x
Speedup_decode: 1.01x
Spec decode tok/s: 37.97
AR decode tok/s:   37.57
 first token :NO

Draft step 0: in_token=tensor([[8996]], device='cuda:6'), in_token_decoded=NO, end_index: 10738
predicted_token: 3596, predict_score: 0.9999512434005737, token :  RE

Draft step 1: in_token=tensor([[3596]], device='cuda:6'), in_token_decoded= RE, end_index: 10739
predicted_token: 24834, predict_score: 0.9999706745147705, token : PLY

Draft step 2: in_token=tensor([[24834]], device='cuda:6'), in_token_decoded=PLY, end_index: 10740
predicted_token: 151645, predict_score: 0.9992383718490601, token : <|im_end|>
Verifying token 0: verify_id=3596 ( RE), draft_id=3596 ( RE), is_last=False, is_eos=False
Verifying token 1: verify_id=24834 (PLY), draft_id=24834 (PLY), is_last=False, is_eos=False
Verifying token 2: verify_id=151645 (<|im_end|>), draft_id=151645 (<|im_end|>), is_last=False, is_eos=True
Token 2 verification failed, accepting up to this token. is_last: False, is_eos: True, is_mismatch: False
New tokens: ['NO REPLY<|im_end|>']
Total new tokens generated: 4
[Spec] avg_accept=3.00 | tokens=4 | context_len=10737
[Adapter] acc=3/3 (100.0%) | avg_confidence=1.000 | context_len=10737
\n===== Lossless Check =====
Speculative output: NO REPLY
AR manual output:   NO REPLY
Exact match: True
OK: Outputs match. Speculative decoding is lossless.
Speedup: 2.32x
Speedup_decode: 1.20x
Spec decode tok/s: 32.45
AR decode tok/s:   27.06
 first token :NO

Draft step 0: in_token=tensor([[8996]], device='cuda:6'), in_token_decoded=NO, end_index: 10803
predicted_token: 3596, predict_score: 0.9999593496322632, token :  RE

Draft step 1: in_token=tensor([[3596]], device='cuda:6'), in_token_decoded= RE, end_index: 10804
predicted_token: 24834, predict_score: 0.9999675750732422, token : PLY

Draft step 2: in_token=tensor([[24834]], device='cuda:6'), in_token_decoded=PLY, end_index: 10805
predicted_token: 151645, predict_score: 0.9993853569030762, token : <|im_end|>
Verifying token 0: verify_id=3596 ( RE), draft_id=3596 ( RE), is_last=False, is_eos=False
Verifying token 1: verify_id=24834 (PLY), draft_id=24834 (PLY), is_last=False, is_eos=False
Verifying token 2: verify_id=151645 (<|im_end|>), draft_id=151645 (<|im_end|>), is_last=False, is_eos=True
Token 2 verification failed, accepting up to this token. is_last: False, is_eos: True, is_mismatch: False
New tokens: ['NO REPLY<|im_end|>']
Total new tokens generated: 4
[Spec] avg_accept=3.00 | tokens=4 | context_len=10802
[Adapter] acc=3/3 (100.0%) | avg_confidence=1.000 | context_len=10802
\n===== Lossless Check =====
Speculative output: NO REPLY
AR manual output:   NO REPLY
Exact match: True
OK: Outputs match. Speculative decoding is lossless.
Speedup: 1.65x
Speedup_decode: 1.16x
Spec decode tok/s: 32.64
AR decode tok/s:   28.14
 first token :NO

Draft step 0: in_token=tensor([[8996]], device='cuda:6'), in_token_decoded=NO, end_index: 10868
predicted_token: 3596, predict_score: 0.9999676942825317, token :  RE

Draft step 1: in_token=tensor([[3596]], device='cuda:6'), in_token_decoded= RE, end_index: 10869
predicted_token: 24834, predict_score: 0.999969482421875, token : PLY

Draft step 2: in_token=tensor([[24834]], device='cuda:6'), in_token_decoded=PLY, end_index: 10870
predicted_token: 151645, predict_score: 0.9991033673286438, token : <|im_end|>
Verifying token 0: verify_id=3596 ( RE), draft_id=3596 ( RE), is_last=False, is_eos=False
Verifying token 1: verify_id=24834 (PLY), draft_id=24834 (PLY), is_last=False, is_eos=False
Verifying token 2: verify_id=151645 (<|im_end|>), draft_id=151645 (<|im_end|>), is_last=False, is_eos=True
Token 2 verification failed, accepting up to this token. is_last: False, is_eos: True, is_mismatch: False
New tokens: ['NO REPLY<|im_end|>']
Total new tokens generated: 4
[Spec] avg_accept=3.00 | tokens=4 | context_len=10867
[Adapter] acc=3/3 (100.0%) | avg_confidence=1.000 | context_len=10867
\n===== Lossless Check =====
Speculative output: NO REPLY
AR manual output:   NO REPLY
Exact match: True
OK: Outputs match. Speculative decoding is lossless.
Speedup: 1.46x
Speedup_decode: 0.95x
Spec decode tok/s: 29.81
AR decode tok/s:   31.45
 first token :NO

Draft step 0: in_token=tensor([[8996]], device='cuda:6'), in_token_decoded=NO, end_index: 10933
predicted_token: 3596, predict_score: 0.9999667406082153, token :  RE

Draft step 1: in_token=tensor([[3596]], device='cuda:6'), in_token_decoded= RE, end_index: 10934
predicted_token: 24834, predict_score: 0.9999676942825317, token : PLY

Draft step 2: in_token=tensor([[24834]], device='cuda:6'), in_token_decoded=PLY, end_index: 10935
predicted_token: 151645, predict_score: 0.9992761015892029, token : <|im_end|>
Verifying token 0: verify_id=3596 ( RE), draft_id=3596 ( RE), is_last=False, is_eos=False
Verifying token 1: verify_id=24834 (PLY), draft_id=24834 (PLY), is_last=False, is_eos=False
Verifying token 2: verify_id=151645 (<|im_end|>), draft_id=151645 (<|im_end|>), is_last=False, is_eos=True
Token 2 verification failed, accepting up to this token. is_last: False, is_eos: True, is_mismatch: False
New tokens: ['NO REPLY<|im_end|>']
Total new tokens generated: 4
[Spec] avg_accept=3.00 | tokens=4 | context_len=10932
[Adapter] acc=3/3 (100.0%) | avg_confidence=1.000 | context_len=10932
\n===== Lossless Check =====
Speculative output: NO REPLY
AR manual output:   NO REPLY
Exact match: True
OK: Outputs match. Speculative decoding is lossless.
Speedup: 0.99x
Speedup_decode: 1.04x
Spec decode tok/s: 38.83
AR decode tok/s:   37.23
 first token :NO

Draft step 0: in_token=tensor([[8996]], device='cuda:6'), in_token_decoded=NO, end_index: 10998
predicted_token: 3596, predict_score: 0.9999603033065796, token :  RE

Draft step 1: in_token=tensor([[3596]], device='cuda:6'), in_token_decoded= RE, end_index: 10999
predicted_token: 24834, predict_score: 0.9999738931655884, token : PLY

Draft step 2: in_token=tensor([[24834]], device='cuda:6'), in_token_decoded=PLY, end_index: 11000
predicted_token: 151645, predict_score: 0.9993322491645813, token : <|im_end|>
Verifying token 0: verify_id=3596 ( RE), draft_id=3596 ( RE), is_last=False, is_eos=False
Verifying token 1: verify_id=24834 (PLY), draft_id=24834 (PLY), is_last=False, is_eos=False
Verifying token 2: verify_id=151645 (<|im_end|>), draft_id=151645 (<|im_end|>), is_last=False, is_eos=True
Token 2 verification failed, accepting up to this token. is_last: False, is_eos: True, is_mismatch: False
New tokens: ['NO REPLY<|im_end|>']
Total new tokens generated: 4
[Spec] avg_accept=3.00 | tokens=4 | context_len=10997
[Adapter] acc=3/3 (100.0%) | avg_confidence=1.000 | context_len=10997
\n===== Lossless Check =====
Speculative output: NO REPLY
AR manual output:   NO REPLY
Exact match: True
OK: Outputs match. Speculative decoding is lossless.
Speedup: 1.69x
Speedup_decode: 0.85x
Spec decode tok/s: 31.65
AR decode tok/s:   37.15
 first token :NO

Draft step 0: in_token=tensor([[8996]], device='cuda:6'), in_token_decoded=NO, end_index: 11063
predicted_token: 3596, predict_score: 0.9999599456787109, token :  RE

Draft step 1: in_token=tensor([[3596]], device='cuda:6'), in_token_decoded= RE, end_index: 11064
predicted_token: 24834, predict_score: 0.999963641166687, token : PLY

Draft step 2: in_token=tensor([[24834]], device='cuda:6'), in_token_decoded=PLY, end_index: 11065
predicted_token: 151645, predict_score: 0.9993423819541931, token : <|im_end|>
Verifying token 0: verify_id=3596 ( RE), draft_id=3596 ( RE), is_last=False, is_eos=False
Verifying token 1: verify_id=24834 (PLY), draft_id=24834 (PLY), is_last=False, is_eos=False
Verifying token 2: verify_id=151645 (<|im_end|>), draft_id=151645 (<|im_end|>), is_last=False, is_eos=True
Token 2 verification failed, accepting up to this token. is_last: False, is_eos: True, is_mismatch: False
New tokens: ['NO REPLY<|im_end|>']
Total new tokens generated: 4
[Spec] avg_accept=3.00 | tokens=4 | context_len=11062
[Adapter] acc=3/3 (100.0%) | avg_confidence=1.000 | context_len=11062
\n===== Lossless Check =====
Speculative output: NO REPLY
AR manual output:   NO REPLY
Exact match: True
OK: Outputs match. Speculative decoding is lossless.
Speedup: 1.65x
Speedup_decode: 0.93x
Spec decode tok/s: 34.86
AR decode tok/s:   37.41
 first token :NO

Draft step 0: in_token=tensor([[8996]], device='cuda:6'), in_token_decoded=NO, end_index: 11128
predicted_token: 3596, predict_score: 0.9999635219573975, token :  RE

Draft step 1: in_token=tensor([[3596]], device='cuda:6'), in_token_decoded= RE, end_index: 11129
predicted_token: 24834, predict_score: 0.9999659061431885, token : PLY

Draft step 2: in_token=tensor([[24834]], device='cuda:6'), in_token_decoded=PLY, end_index: 11130
predicted_token: 151645, predict_score: 0.9993535876274109, token : <|im_end|>
Verifying token 0: verify_id=3596 ( RE), draft_id=3596 ( RE), is_last=False, is_eos=False
Verifying token 1: verify_id=24834 (PLY), draft_id=24834 (PLY), is_last=False, is_eos=False
Verifying token 2: verify_id=151645 (<|im_end|>), draft_id=151645 (<|im_end|>), is_last=False, is_eos=True
Token 2 verification failed, accepting up to this token. is_last: False, is_eos: True, is_mismatch: False
New tokens: ['NO REPLY<|im_end|>']
Total new tokens generated: 4
[Spec] avg_accept=3.00 | tokens=4 | context_len=11127
[Adapter] acc=3/3 (100.0%) | avg_confidence=1.000 | context_len=11127
\n===== Lossless Check =====
Speculative output: NO REPLY
AR manual output:   NO REPLY
Exact match: True
OK: Outputs match. Speculative decoding is lossless.
Speedup: 1.07x
Speedup_decode: 1.00x
Spec decode tok/s: 35.20
AR decode tok/s:   35.28
 first token :NO

Draft step 0: in_token=tensor([[8996]], device='cuda:6'), in_token_decoded=NO, end_index: 11193
predicted_token: 3596, predict_score: 0.9999650716781616, token :  RE

Draft step 1: in_token=tensor([[3596]], device='cuda:6'), in_token_decoded= RE, end_index: 11194
predicted_token: 24834, predict_score: 0.9999617338180542, token : PLY

Draft step 2: in_token=tensor([[24834]], device='cuda:6'), in_token_decoded=PLY, end_index: 11195
predicted_token: 151645, predict_score: 0.9993380904197693, token : <|im_end|>
Verifying token 0: verify_id=3596 ( RE), draft_id=3596 ( RE), is_last=False, is_eos=False
Verifying token 1: verify_id=24834 (PLY), draft_id=24834 (PLY), is_last=False, is_eos=False
Verifying token 2: verify_id=151645 (<|im_end|>), draft_id=151645 (<|im_end|>), is_last=False, is_eos=True
Token 2 verification failed, accepting up to this token. is_last: False, is_eos: True, is_mismatch: False
New tokens: ['NO REPLY<|im_end|>']
Total new tokens generated: 4
[Spec] avg_accept=3.00 | tokens=4 | context_len=11192
[Adapter] acc=3/3 (100.0%) | avg_confidence=1.000 | context_len=11192
\n===== Lossless Check =====
Speculative output: NO REPLY
AR manual output:   NO REPLY
Exact match: True
OK: Outputs match. Speculative decoding is lossless.
Speedup: 1.71x
Speedup_decode: 1.03x
Spec decode tok/s: 37.53
AR decode tok/s:   36.40
 first token :NO

Draft step 0: in_token=tensor([[8996]], device='cuda:6'), in_token_decoded=NO, end_index: 11258
predicted_token: 3596, predict_score: 0.99996018409729, token :  RE

Draft step 1: in_token=tensor([[3596]], device='cuda:6'), in_token_decoded= RE, end_index: 11259
predicted_token: 24834, predict_score: 0.9999706745147705, token : PLY

Draft step 2: in_token=tensor([[24834]], device='cuda:6'), in_token_decoded=PLY, end_index: 11260
predicted_token: 151645, predict_score: 0.9993607401847839, token : <|im_end|>
Verifying token 0: verify_id=3596 ( RE), draft_id=3596 ( RE), is_last=False, is_eos=False
Verifying token 1: verify_id=24834 (PLY), draft_id=24834 (PLY), is_last=False, is_eos=False
Verifying token 2: verify_id=151645 (<|im_end|>), draft_id=151645 (<|im_end|>), is_last=False, is_eos=True
Token 2 verification failed, accepting up to this token. is_last: False, is_eos: True, is_mismatch: False
New tokens: ['NO REPLY<|im_end|>']
Total new tokens generated: 4
[Spec] avg_accept=3.00 | tokens=4 | context_len=11257
[Adapter] acc=3/3 (100.0%) | avg_confidence=1.000 | context_len=11257
\n===== Lossless Check =====
Speculative output: NO REPLY
AR manual output:   NO REPLY
Exact match: True
OK: Outputs match. Speculative decoding is lossless.
Speedup: 1.71x
Speedup_decode: 0.79x
Spec decode tok/s: 29.07
AR decode tok/s:   36.61
 first token :NO

Draft step 0: in_token=tensor([[8996]], device='cuda:6'), in_token_decoded=NO, end_index: 11323
predicted_token: 3596, predict_score: 0.9999587535858154, token :  RE

Draft step 1: in_token=tensor([[3596]], device='cuda:6'), in_token_decoded= RE, end_index: 11324
predicted_token: 24834, predict_score: 0.9999663829803467, token : PLY

Draft step 2: in_token=tensor([[24834]], device='cuda:6'), in_token_decoded=PLY, end_index: 11325
predicted_token: 151645, predict_score: 0.9993342757225037, token : <|im_end|>
Verifying token 0: verify_id=3596 ( RE), draft_id=3596 ( RE), is_last=False, is_eos=False
Verifying token 1: verify_id=24834 (PLY), draft_id=24834 (PLY), is_last=False, is_eos=False
Verifying token 2: verify_id=151645 (<|im_end|>), draft_id=151645 (<|im_end|>), is_last=False, is_eos=True
Token 2 verification failed, accepting up to this token. is_last: False, is_eos: True, is_mismatch: False
New tokens: ['NO REPLY<|im_end|>']
Total new tokens generated: 4
[Spec] avg_accept=3.00 | tokens=4 | context_len=11322
[Adapter] acc=3/3 (100.0%) | avg_confidence=1.000 | context_len=11322
\n===== Lossless Check =====
Speculative output: NO REPLY
AR manual output:   NO REPLY
Exact match: True
OK: Outputs match. Speculative decoding is lossless.
Speedup: 1.12x
Speedup_decode: 1.09x
Spec decode tok/s: 38.17
AR decode tok/s:   35.07
 first token :NO

Draft step 0: in_token=tensor([[8996]], device='cuda:6'), in_token_decoded=NO, end_index: 11388
predicted_token: 3596, predict_score: 0.9999498128890991, token :  RE

Draft step 1: in_token=tensor([[3596]], device='cuda:6'), in_token_decoded= RE, end_index: 11389
predicted_token: 24834, predict_score: 0.9999703168869019, token : PLY

Draft step 2: in_token=tensor([[24834]], device='cuda:6'), in_token_decoded=PLY, end_index: 11390
predicted_token: 151645, predict_score: 0.9993066787719727, token : <|im_end|>
Verifying token 0: verify_id=3596 ( RE), draft_id=3596 ( RE), is_last=False, is_eos=False
Verifying token 1: verify_id=24834 (PLY), draft_id=24834 (PLY), is_last=False, is_eos=False
Verifying token 2: verify_id=151645 (<|im_end|>), draft_id=151645 (<|im_end|>), is_last=False, is_eos=True
Token 2 verification failed, accepting up to this token. is_last: False, is_eos: True, is_mismatch: False
New tokens: ['NO REPLY<|im_end|>']
Total new tokens generated: 4
[Spec] avg_accept=3.00 | tokens=4 | context_len=11387
[Adapter] acc=3/3 (100.0%) | avg_confidence=1.000 | context_len=11387
\n===== Lossless Check =====
Speculative output: NO REPLY
AR manual output:   NO REPLY
Exact match: True
OK: Outputs match. Speculative decoding is lossless.
Speedup: 1.67x
Speedup_decode: 0.79x
Spec decode tok/s: 29.53
AR decode tok/s:   37.44
 first token :NO

Draft step 0: in_token=tensor([[8996]], device='cuda:6'), in_token_decoded=NO, end_index: 11453
predicted_token: 3596, predict_score: 0.9999547004699707, token :  RE

Draft step 1: in_token=tensor([[3596]], device='cuda:6'), in_token_decoded= RE, end_index: 11454
predicted_token: 24834, predict_score: 0.9999474287033081, token : PLY

Draft step 2: in_token=tensor([[24834]], device='cuda:6'), in_token_decoded=PLY, end_index: 11455
predicted_token: 151645, predict_score: 0.9992666840553284, token : <|im_end|>
Verifying token 0: verify_id=3596 ( RE), draft_id=3596 ( RE), is_last=False, is_eos=False
Verifying token 1: verify_id=24834 (PLY), draft_id=24834 (PLY), is_last=False, is_eos=False
Verifying token 2: verify_id=151645 (<|im_end|>), draft_id=151645 (<|im_end|>), is_last=False, is_eos=True
Token 2 verification failed, accepting up to this token. is_last: False, is_eos: True, is_mismatch: False
New tokens: ['NO REPLY<|im_end|>']
Total new tokens generated: 4
[Spec] avg_accept=3.00 | tokens=4 | context_len=11452
[Adapter] acc=3/3 (100.0%) | avg_confidence=1.000 | context_len=11452
\n===== Lossless Check =====
Speculative output: NO REPLY
AR manual output:   NO REPLY
Exact match: True
OK: Outputs match. Speculative decoding is lossless.
Speedup: 1.76x
Speedup_decode: 0.99x
Spec decode tok/s: 35.17
AR decode tok/s:   35.41
 first token :NO

Draft step 0: in_token=tensor([[8996]], device='cuda:6'), in_token_decoded=NO, end_index: 11518
predicted_token: 3596, predict_score: 0.9999563694000244, token :  RE

Draft step 1: in_token=tensor([[3596]], device='cuda:6'), in_token_decoded= RE, end_index: 11519
predicted_token: 24834, predict_score: 0.9999701976776123, token : PLY

Draft step 2: in_token=tensor([[24834]], device='cuda:6'), in_token_decoded=PLY, end_index: 11520
predicted_token: 151645, predict_score: 0.9992884397506714, token : <|im_end|>
Verifying token 0: verify_id=3596 ( RE), draft_id=3596 ( RE), is_last=False, is_eos=False
Verifying token 1: verify_id=24834 (PLY), draft_id=24834 (PLY), is_last=False, is_eos=False
Verifying token 2: verify_id=151645 (<|im_end|>), draft_id=151645 (<|im_end|>), is_last=False, is_eos=True
Token 2 verification failed, accepting up to this token. is_last: False, is_eos: True, is_mismatch: False
New tokens: ['NO REPLY<|im_end|>']
Total new tokens generated: 4
[Spec] avg_accept=3.00 | tokens=4 | context_len=11517
[Adapter] acc=3/3 (100.0%) | avg_confidence=1.000 | context_len=11517
\n===== Lossless Check =====
Speculative output: NO REPLY
AR manual output:   NO REPLY
Exact match: True
OK: Outputs match. Speculative decoding is lossless.
Speedup: 1.48x
Speedup_decode: 1.15x
Spec decode tok/s: 42.77
AR decode tok/s:   37.19
 first token :NO

Draft step 0: in_token=tensor([[8996]], device='cuda:6'), in_token_decoded=NO, end_index: 11583
predicted_token: 3596, predict_score: 0.9999605417251587, token :  RE

Draft step 1: in_token=tensor([[3596]], device='cuda:6'), in_token_decoded= RE, end_index: 11584
predicted_token: 24834, predict_score: 0.9999583959579468, token : PLY

Draft step 2: in_token=tensor([[24834]], device='cuda:6'), in_token_decoded=PLY, end_index: 11585
predicted_token: 151645, predict_score: 0.9992928504943848, token : <|im_end|>
Verifying token 0: verify_id=3596 ( RE), draft_id=3596 ( RE), is_last=False, is_eos=False
Verifying token 1: verify_id=24834 (PLY), draft_id=24834 (PLY), is_last=False, is_eos=False
Verifying token 2: verify_id=151645 (<|im_end|>), draft_id=151645 (<|im_end|>), is_last=False, is_eos=True
Token 2 verification failed, accepting up to this token. is_last: False, is_eos: True, is_mismatch: False
New tokens: ['NO REPLY<|im_end|>']
Total new tokens generated: 4
[Spec] avg_accept=3.00 | tokens=4 | context_len=11582
[Adapter] acc=3/3 (100.0%) | avg_confidence=1.000 | context_len=11582
\n===== Lossless Check =====
Speculative output: NO REPLY
AR manual output:   NO REPLY
Exact match: True
OK: Outputs match. Speculative decoding is lossless.
Speedup: 1.67x
Speedup_decode: 0.88x
Spec decode tok/s: 33.19
AR decode tok/s:   37.63
 first token :NO

Draft step 0: in_token=tensor([[8996]], device='cuda:6'), in_token_decoded=NO, end_index: 11648
predicted_token: 3596, predict_score: 0.9999425411224365, token :  RE

Draft step 1: in_token=tensor([[3596]], device='cuda:6'), in_token_decoded= RE, end_index: 11649
predicted_token: 24834, predict_score: 0.9999663829803467, token : PLY

Draft step 2: in_token=tensor([[24834]], device='cuda:6'), in_token_decoded=PLY, end_index: 11650
predicted_token: 151645, predict_score: 0.9992792010307312, token : <|im_end|>
Verifying token 0: verify_id=3596 ( RE), draft_id=3596 ( RE), is_last=False, is_eos=False
Verifying token 1: verify_id=24834 (PLY), draft_id=24834 (PLY), is_last=False, is_eos=False
Verifying token 2: verify_id=151645 (<|im_end|>), draft_id=151645 (<|im_end|>), is_last=False, is_eos=True
Token 2 verification failed, accepting up to this token. is_last: False, is_eos: True, is_mismatch: False
New tokens: ['NO REPLY<|im_end|>']
Total new tokens generated: 4
[Spec] avg_accept=3.00 | tokens=4 | context_len=11647
[Adapter] acc=3/3 (100.0%) | avg_confidence=1.000 | context_len=11647
\n===== Lossless Check =====
Speculative output: NO REPLY
AR manual output:   NO REPLY
Exact match: True
OK: Outputs match. Speculative decoding is lossless.
Speedup: 1.68x
Speedup_decode: 0.84x
Spec decode tok/s: 31.70
AR decode tok/s:   37.73
 first token :NO

Draft step 0: in_token=tensor([[8996]], device='cuda:6'), in_token_decoded=NO, end_index: 11713
predicted_token: 3596, predict_score: 0.999943733215332, token :  RE

Draft step 1: in_token=tensor([[3596]], device='cuda:6'), in_token_decoded= RE, end_index: 11714
predicted_token: 24834, predict_score: 0.999958872795105, token : PLY

Draft step 2: in_token=tensor([[24834]], device='cuda:6'), in_token_decoded=PLY, end_index: 11715
predicted_token: 151645, predict_score: 0.9992784857749939, token : <|im_end|>
Verifying token 0: verify_id=3596 ( RE), draft_id=3596 ( RE), is_last=False, is_eos=False
Verifying token 1: verify_id=24834 (PLY), draft_id=24834 (PLY), is_last=False, is_eos=False
Verifying token 2: verify_id=151645 (<|im_end|>), draft_id=151645 (<|im_end|>), is_last=False, is_eos=True
Token 2 verification failed, accepting up to this token. is_last: False, is_eos: True, is_mismatch: False
New tokens: ['NO REPLY<|im_end|>']
Total new tokens generated: 4
[Spec] avg_accept=3.00 | tokens=4 | context_len=11712
[Adapter] acc=3/3 (100.0%) | avg_confidence=1.000 | context_len=11712
\n===== Lossless Check =====
Speculative output: NO REPLY
AR manual output:   NO REPLY
Exact match: True
OK: Outputs match. Speculative decoding is lossless.
Speedup: 1.03x
Speedup_decode: 1.07x
Spec decode tok/s: 39.92
AR decode tok/s:   37.45
 first token :NO

Draft step 0: in_token=tensor([[8996]], device='cuda:6'), in_token_decoded=NO, end_index: 11778
predicted_token: 3596, predict_score: 0.9999384880065918, token :  RE

Draft step 1: in_token=tensor([[3596]], device='cuda:6'), in_token_decoded= RE, end_index: 11779
predicted_token: 24834, predict_score: 0.9999545812606812, token : PLY

Draft step 2: in_token=tensor([[24834]], device='cuda:6'), in_token_decoded=PLY, end_index: 11780
predicted_token: 151645, predict_score: 0.9992751479148865, token : <|im_end|>
Verifying token 0: verify_id=3596 ( RE), draft_id=3596 ( RE), is_last=False, is_eos=False
Verifying token 1: verify_id=24834 (PLY), draft_id=24834 (PLY), is_last=False, is_eos=False
Verifying token 2: verify_id=151645 (<|im_end|>), draft_id=151645 (<|im_end|>), is_last=False, is_eos=True
Token 2 verification failed, accepting up to this token. is_last: False, is_eos: True, is_mismatch: False
New tokens: ['NO REPLY<|im_end|>']
Total new tokens generated: 4
[Spec] avg_accept=3.00 | tokens=4 | context_len=11777
[Adapter] acc=3/3 (100.0%) | avg_confidence=1.000 | context_len=11777
\n===== Lossless Check =====
Speculative output: NO REPLY
AR manual output:   NO REPLY
Exact match: True
OK: Outputs match. Speculative decoding is lossless.
Speedup: 1.65x
Speedup_decode: 0.76x
Spec decode tok/s: 28.48
AR decode tok/s:   37.70
 first token :NO

Draft step 0: in_token=tensor([[8996]], device='cuda:6'), in_token_decoded=NO, end_index: 11843
predicted_token: 3596, predict_score: 0.9999474287033081, token :  RE

Draft step 1: in_token=tensor([[3596]], device='cuda:6'), in_token_decoded= RE, end_index: 11844
predicted_token: 24834, predict_score: 0.9999610185623169, token : PLY

Draft step 2: in_token=tensor([[24834]], device='cuda:6'), in_token_decoded=PLY, end_index: 11845
predicted_token: 151645, predict_score: 0.9991666078567505, token : <|im_end|>
Verifying token 0: verify_id=3596 ( RE), draft_id=3596 ( RE), is_last=False, is_eos=False
Verifying token 1: verify_id=24834 (PLY), draft_id=24834 (PLY), is_last=False, is_eos=False
Verifying token 2: verify_id=151645 (<|im_end|>), draft_id=151645 (<|im_end|>), is_last=False, is_eos=True
Token 2 verification failed, accepting up to this token. is_last: False, is_eos: True, is_mismatch: False
New tokens: ['NO REPLY<|im_end|>']
Total new tokens generated: 4
[Spec] avg_accept=3.00 | tokens=4 | context_len=11842
[Adapter] acc=3/3 (100.0%) | avg_confidence=1.000 | context_len=11842
\n===== Lossless Check =====
Speculative output: NO REPLY
AR manual output:   NO REPLY
Exact match: True
OK: Outputs match. Speculative decoding is lossless.
Speedup: 1.46x
Speedup_decode: 1.06x
Spec decode tok/s: 35.65
AR decode tok/s:   33.57
 first token :NO

Draft step 0: in_token=tensor([[8996]], device='cuda:6'), in_token_decoded=NO, end_index: 11908
predicted_token: 3596, predict_score: 0.9999595880508423, token :  RE

Draft step 1: in_token=tensor([[3596]], device='cuda:6'), in_token_decoded= RE, end_index: 11909
predicted_token: 24834, predict_score: 0.9999642372131348, token : PLY

Draft step 2: in_token=tensor([[24834]], device='cuda:6'), in_token_decoded=PLY, end_index: 11910
predicted_token: 151645, predict_score: 0.9991931319236755, token : <|im_end|>
Verifying token 0: verify_id=3596 ( RE), draft_id=3596 ( RE), is_last=False, is_eos=False
Verifying token 1: verify_id=24834 (PLY), draft_id=24834 (PLY), is_last=False, is_eos=False
Verifying token 2: verify_id=151645 (<|im_end|>), draft_id=151645 (<|im_end|>), is_last=False, is_eos=True
Token 2 verification failed, accepting up to this token. is_last: False, is_eos: True, is_mismatch: False
New tokens: ['NO REPLY<|im_end|>']
Total new tokens generated: 4
[Spec] avg_accept=3.00 | tokens=4 | context_len=11907
[Adapter] acc=3/3 (100.0%) | avg_confidence=1.000 | context_len=11907
\n===== Lossless Check =====
Speculative output: NO REPLY
AR manual output:   NO REPLY
Exact match: True
OK: Outputs match. Speculative decoding is lossless.
Speedup: 1.10x
Speedup_decode: 0.97x
Spec decode tok/s: 35.77
AR decode tok/s:   36.69
 first token :NO

Draft step 0: in_token=tensor([[8996]], device='cuda:6'), in_token_decoded=NO, end_index: 11973
predicted_token: 3596, predict_score: 0.9999600648880005, token :  RE

Draft step 1: in_token=tensor([[3596]], device='cuda:6'), in_token_decoded= RE, end_index: 11974
predicted_token: 24834, predict_score: 0.9999504089355469, token : PLY

Draft step 2: in_token=tensor([[24834]], device='cuda:6'), in_token_decoded=PLY, end_index: 11975
predicted_token: 151645, predict_score: 0.9992423057556152, token : <|im_end|>
Verifying token 0: verify_id=3596 ( RE), draft_id=3596 ( RE), is_last=False, is_eos=False
Verifying token 1: verify_id=24834 (PLY), draft_id=24834 (PLY), is_last=False, is_eos=False
Verifying token 2: verify_id=151645 (<|im_end|>), draft_id=151645 (<|im_end|>), is_last=False, is_eos=True
Token 2 verification failed, accepting up to this token. is_last: False, is_eos: True, is_mismatch: False
New tokens: ['NO REPLY<|im_end|>']
Total new tokens generated: 4
[Spec] avg_accept=3.00 | tokens=4 | context_len=11972
[Adapter] acc=3/3 (100.0%) | avg_confidence=1.000 | context_len=11972
\n===== Lossless Check =====
Speculative output: NO REPLY
AR manual output:   NO REPLY
Exact match: True
OK: Outputs match. Speculative decoding is lossless.
Speedup: 1.70x
Speedup_decode: 0.86x
Spec decode tok/s: 31.54
AR decode tok/s:   36.49
 first token :NO

Draft step 0: in_token=tensor([[8996]], device='cuda:6'), in_token_decoded=NO, end_index: 12038
predicted_token: 3596, predict_score: 0.99993896484375, token :  RE

Draft step 1: in_token=tensor([[3596]], device='cuda:6'), in_token_decoded= RE, end_index: 12039
predicted_token: 24834, predict_score: 0.9999616146087646, token : PLY

Draft step 2: in_token=tensor([[24834]], device='cuda:6'), in_token_decoded=PLY, end_index: 12040
predicted_token: 151645, predict_score: 0.9992620348930359, token : <|im_end|>
Verifying token 0: verify_id=3596 ( RE), draft_id=3596 ( RE), is_last=False, is_eos=False
Verifying token 1: verify_id=24834 (PLY), draft_id=24834 (PLY), is_last=False, is_eos=False
Verifying token 2: verify_id=151645 (<|im_end|>), draft_id=151645 (<|im_end|>), is_last=False, is_eos=True
Token 2 verification failed, accepting up to this token. is_last: False, is_eos: True, is_mismatch: False
New tokens: ['NO REPLY<|im_end|>']
Total new tokens generated: 4
[Spec] avg_accept=3.00 | tokens=4 | context_len=12037
[Adapter] acc=3/3 (100.0%) | avg_confidence=1.000 | context_len=12037
\n===== Lossless Check =====
Speculative output: NO REPLY
AR manual output:   NO REPLY
Exact match: True
OK: Outputs match. Speculative decoding is lossless.
Speedup: 1.70x
Speedup_decode: 0.82x
Spec decode tok/s: 29.92
AR decode tok/s:   36.44
 first token :NO

Draft step 0: in_token=tensor([[8996]], device='cuda:6'), in_token_decoded=NO, end_index: 12103
predicted_token: 3596, predict_score: 0.9999493360519409, token :  RE

Draft step 1: in_token=tensor([[3596]], device='cuda:6'), in_token_decoded= RE, end_index: 12104
predicted_token: 24834, predict_score: 0.9999586343765259, token : PLY

Draft step 2: in_token=tensor([[24834]], device='cuda:6'), in_token_decoded=PLY, end_index: 12105
predicted_token: 151645, predict_score: 0.999187171459198, token : <|im_end|>
Verifying token 0: verify_id=3596 ( RE), draft_id=3596 ( RE), is_last=False, is_eos=False
Verifying token 1: verify_id=24834 (PLY), draft_id=24834 (PLY), is_last=False, is_eos=False
Verifying token 2: verify_id=151645 (<|im_end|>), draft_id=151645 (<|im_end|>), is_last=False, is_eos=True
Token 2 verification failed, accepting up to this token. is_last: False, is_eos: True, is_mismatch: False
New tokens: ['NO REPLY<|im_end|>']
Total new tokens generated: 4
[Spec] avg_accept=3.00 | tokens=4 | context_len=12102
[Adapter] acc=3/3 (100.0%) | avg_confidence=1.000 | context_len=12102
\n===== Lossless Check =====
Speculative output: NO REPLY
AR manual output:   NO REPLY
Exact match: True
OK: Outputs match. Speculative decoding is lossless.
Speedup: 1.01x
Speedup_decode: 0.97x
Spec decode tok/s: 36.40
AR decode tok/s:   37.68
 first token :NO

Draft step 0: in_token=tensor([[8996]], device='cuda:6'), in_token_decoded=NO, end_index: 12168
predicted_token: 3596, predict_score: 0.9999548196792603, token :  RE

Draft step 1: in_token=tensor([[3596]], device='cuda:6'), in_token_decoded= RE, end_index: 12169
predicted_token: 24834, predict_score: 0.9999563694000244, token : PLY

Draft step 2: in_token=tensor([[24834]], device='cuda:6'), in_token_decoded=PLY, end_index: 12170
predicted_token: 151645, predict_score: 0.9992130994796753, token : <|im_end|>
Verifying token 0: verify_id=3596 ( RE), draft_id=3596 ( RE), is_last=False, is_eos=False
Verifying token 1: verify_id=24834 (PLY), draft_id=24834 (PLY), is_last=False, is_eos=False
Verifying token 2: verify_id=151645 (<|im_end|>), draft_id=151645 (<|im_end|>), is_last=False, is_eos=True
Token 2 verification failed, accepting up to this token. is_last: False, is_eos: True, is_mismatch: False
New tokens: ['NO REPLY<|im_end|>']
Total new tokens generated: 4
[Spec] avg_accept=3.00 | tokens=4 | context_len=12167
[Adapter] acc=3/3 (100.0%) | avg_confidence=1.000 | context_len=12167
\n===== Lossless Check =====
Speculative output: NO REPLY
AR manual output:   NO REPLY
Exact match: True
OK: Outputs match. Speculative decoding is lossless.
Speedup: 1.68x
Speedup_decode: 0.74x
Spec decode tok/s: 27.83
AR decode tok/s:   37.58
 first token :NO

Draft step 0: in_token=tensor([[8996]], device='cuda:6'), in_token_decoded=NO, end_index: 12233
predicted_token: 3596, predict_score: 0.999954104423523, token :  RE

Draft step 1: in_token=tensor([[3596]], device='cuda:6'), in_token_decoded= RE, end_index: 12234
predicted_token: 24834, predict_score: 0.999954342842102, token : PLY

Draft step 2: in_token=tensor([[24834]], device='cuda:6'), in_token_decoded=PLY, end_index: 12235
predicted_token: 151645, predict_score: 0.9991663694381714, token : <|im_end|>
Verifying token 0: verify_id=3596 ( RE), draft_id=3596 ( RE), is_last=False, is_eos=False
Verifying token 1: verify_id=24834 (PLY), draft_id=24834 (PLY), is_last=False, is_eos=False
Verifying token 2: verify_id=151645 (<|im_end|>), draft_id=151645 (<|im_end|>), is_last=False, is_eos=True
Token 2 verification failed, accepting up to this token. is_last: False, is_eos: True, is_mismatch: False
New tokens: ['NO REPLY<|im_end|>']
Total new tokens generated: 4
[Spec] avg_accept=3.00 | tokens=4 | context_len=12232
[Adapter] acc=3/3 (100.0%) | avg_confidence=1.000 | context_len=12232
\n===== Lossless Check =====
Speculative output: NO REPLY
AR manual output:   NO REPLY
Exact match: True
OK: Outputs match. Speculative decoding is lossless.
Speedup: 1.70x
Speedup_decode: 1.01x
Spec decode tok/s: 36.71
AR decode tok/s:   36.43
 first token :NO

Draft step 0: in_token=tensor([[8996]], device='cuda:6'), in_token_decoded=NO, end_index: 12298
predicted_token: 3596, predict_score: 0.9999525547027588, token :  RE

Draft step 1: in_token=tensor([[3596]], device='cuda:6'), in_token_decoded= RE, end_index: 12299
predicted_token: 24834, predict_score: 0.9999634027481079, token : PLY

Draft step 2: in_token=tensor([[24834]], device='cuda:6'), in_token_decoded=PLY, end_index: 12300
predicted_token: 151645, predict_score: 0.9993219375610352, token : <|im_end|>
Verifying token 0: verify_id=3596 ( RE), draft_id=3596 ( RE), is_last=False, is_eos=False
Verifying token 1: verify_id=24834 (PLY), draft_id=24834 (PLY), is_last=False, is_eos=False
Verifying token 2: verify_id=151645 (<|im_end|>), draft_id=151645 (<|im_end|>), is_last=False, is_eos=True
Token 2 verification failed, accepting up to this token. is_last: False, is_eos: True, is_mismatch: False
New tokens: ['NO REPLY<|im_end|>']
Total new tokens generated: 4
[Spec] avg_accept=3.00 | tokens=4 | context_len=12297
[Adapter] acc=3/3 (100.0%) | avg_confidence=1.000 | context_len=12297
\n===== Lossless Check =====
Speculative output: NO REPLY
AR manual output:   NO REPLY
Exact match: True
OK: Outputs match. Speculative decoding is lossless.
Speedup: 1.17x
Speedup_decode: 0.96x
Spec decode tok/s: 35.75
AR decode tok/s:   37.35
 first token :NO

Draft step 0: in_token=tensor([[8996]], device='cuda:6'), in_token_decoded=NO, end_index: 12363
predicted_token: 3596, predict_score: 0.9999626874923706, token :  RE

Draft step 1: in_token=tensor([[3596]], device='cuda:6'), in_token_decoded= RE, end_index: 12364
predicted_token: 24834, predict_score: 0.9999616146087646, token : PLY

Draft step 2: in_token=tensor([[24834]], device='cuda:6'), in_token_decoded=PLY, end_index: 12365
predicted_token: 151645, predict_score: 0.9992595314979553, token : <|im_end|>
Verifying token 0: verify_id=3596 ( RE), draft_id=3596 ( RE), is_last=False, is_eos=False
Verifying token 1: verify_id=24834 (PLY), draft_id=24834 (PLY), is_last=False, is_eos=False
Verifying token 2: verify_id=151645 (<|im_end|>), draft_id=151645 (<|im_end|>), is_last=False, is_eos=True
Token 2 verification failed, accepting up to this token. is_last: False, is_eos: True, is_mismatch: False
New tokens: ['NO REPLY<|im_end|>']
Total new tokens generated: 4
[Spec] avg_accept=3.00 | tokens=4 | context_len=12362
[Adapter] acc=3/3 (100.0%) | avg_confidence=1.000 | context_len=12362
\n===== Lossless Check =====
Speculative output: NO REPLY
AR manual output:   NO REPLY
Exact match: True
OK: Outputs match. Speculative decoding is lossless.
Speedup: 1.70x
Speedup_decode: 0.88x
Spec decode tok/s: 32.05
AR decode tok/s:   36.46
 first token :NO

Draft step 0: in_token=tensor([[8996]], device='cuda:6'), in_token_decoded=NO, end_index: 12428
predicted_token: 3596, predict_score: 0.9999629259109497, token :  RE

Draft step 1: in_token=tensor([[3596]], device='cuda:6'), in_token_decoded= RE, end_index: 12429
predicted_token: 24834, predict_score: 0.9999523162841797, token : PLY

Draft step 2: in_token=tensor([[24834]], device='cuda:6'), in_token_decoded=PLY, end_index: 12430
predicted_token: 151645, predict_score: 0.9992535710334778, token : <|im_end|>
Verifying token 0: verify_id=3596 ( RE), draft_id=3596 ( RE), is_last=False, is_eos=False
Verifying token 1: verify_id=24834 (PLY), draft_id=24834 (PLY), is_last=False, is_eos=False
Verifying token 2: verify_id=151645 (<|im_end|>), draft_id=151645 (<|im_end|>), is_last=False, is_eos=True
Token 2 verification failed, accepting up to this token. is_last: False, is_eos: True, is_mismatch: False
New tokens: ['NO REPLY<|im_end|>']
Total new tokens generated: 4
[Spec] avg_accept=3.00 | tokens=4 | context_len=12427
[Adapter] acc=3/3 (100.0%) | avg_confidence=1.000 | context_len=12427
\n===== Lossless Check =====
Speculative output: NO REPLY
AR manual output:   NO REPLY
Exact match: True
OK: Outputs match. Speculative decoding is lossless.
Speedup: 1.23x
Speedup_decode: 0.99x
Spec decode tok/s: 36.23
AR decode tok/s:   36.56

--- Question c2d06df7-5d3a-4116-9edb-f1c81a4f669b-0-360.mp4 Summary (181 turns) ---
Avg accept: 2.90 | Avg draft accept: 1.90
Spec: 37.9 tok/s | AR: 31.8 tok/s | Speedup: 1.19x
Match: 179/181
Short reply avg confidence: 1.000 (170 turns)
Long reply avg confidence: 0.426 (11 turns)
  0%|          | 1/326 [06:21<34:26:02, 381.42s/it]  0%|          | 1/326 [06:21<34:26:02, 381.42s/it]

============================================================
AGGREGATE RESULTS (181 turns)
============================================================
Avg accept length: 2.90
Avg draft accept length: 1.90
Spec decode: 1366 tokens / 36.03s = 37.9 tok/s
AR decode:   1372 tokens / 43.15s = 31.8 tok/s
Overall decode speedup: 1.19x
Avg speedup: 1.57x
Lossless match rate: 179/181 (98.9%)
Short reply: acc=510/510 (100.0%) | avg_confidence=1.000 (170 turns)
Long reply: acc=179/588 (30.4%) | avg_confidence=0.426 (11 turns)
