set MAX_PIXELS: 25088
set VIDEO_MAX_PIXELS: 602112
set FPS: 2.0
set FPS_MAX_FRAMES: 768
set VIDEO_TOTAL_PIXELS: 90316800
Hello! You are loading qwen_vl_utils from: /data/wangzhichao/projects/SSD_full_history/qwen_vl_utils/__init__.py
Hello! You are loading Qwen2.5-VL model from: /data/wangzhichao/projects/SSD_full_history/model/__init__.py
Namespace(llm_pretrained='/data/wangzhichao/projects/MMDuet2/ckpt/MMDuet2_ckpt', attn_implementation='flash_attention_2', system_prompt='You are a helpful assistant. Your task is to answer questions based on continuously incoming video frames. Your responses should include information from the video since your last reply (if any). If the information in this segment of the video cannot answer the question, output "NO REPLY".', input_assistant_turns=False, test_fname='./data/annotations/2fps/ego_dataset.json', output_fname='./outputs/2fps/preds_auto_full_10_no_reply_ML_egoexo4d.jsonl', start_idx=0, end_idx=1, max_turns=None, device='cuda:6', do_sample=False, temperature=1.0, top_k=40, use_speculative_decoding=True, compare_AR_SSD=True, adapter_path='/data/wangzhichao/projects/SSD_full_history/adapter_checkpoints/MLP/egoexo4d_ar_sft_train_my_ar_0.0_no_reply_2/epochs/epoch024_acc0.9399_accept0.8791_loss1.2955', exit_layer=2, disable_adapter_mlp=False, speculative_threshold=0.6, speculative_steps=6)
found 0 existing question ids in ./outputs/2fps/preds_auto_full_10_no_reply_ML_egoexo4d.jsonl
You are attempting to use Flash Attention 2.0 with a model not initialized on GPU. Make sure to move the model to GPU after initializing it on CPU with `model.to('cuda')`.
model load debug: loaded all keep masks for Qwen2_5_VLModel
Loading checkpoint shards:   0%|          | 0/2 [00:00<?, ?it/s]Loading checkpoint shards:  50%|█████     | 1/2 [00:00<00:00,  3.16it/s]Loading checkpoint shards: 100%|██████████| 2/2 [00:00<00:00,  4.65it/s]Loading checkpoint shards: 100%|██████████| 2/2 [00:00<00:00,  4.34it/s]
Adapter config: use_mlp=True
AdapterModel(
  (norm): RMSNorm()
  (layers): ModuleList(
    (0): AdapterDecoderLayer(
      (self_attn): AdapterAttention(
        (q_proj): Linear(in_features=2048, out_features=2048, bias=True)
        (k_proj): Linear(in_features=2048, out_features=256, bias=True)
        (v_proj): Linear(in_features=2048, out_features=256, bias=True)
        (o_proj): Linear(in_features=2048, out_features=2048, bias=False)
        (rotary_emb): RotaryEmbedding()
      )
      (input_layernorm): RMSNorm()
      (post_attention_layernorm): RMSNorm()
      (gate_proj): Linear(in_features=2048, out_features=11008, bias=False)
      (up_proj): Linear(in_features=2048, out_features=11008, bias=False)
      (down_proj): Linear(in_features=11008, out_features=2048, bias=False)
    )
  )
)
Loaded adapter weights from /data/wangzhichao/projects/SSD_full_history/adapter_checkpoints/MLP/egoexo4d_ar_sft_train_my_ar_0.0_no_reply_2/epochs/epoch024_acc0.9399_accept0.8791_loss1.2955/adapter_model.bin (all 13 keys matched)
Using a slow image processor as `use_fast` is unset and a slow processor was saved with this model. `use_fast=True` will be the default behavior in v4.48, even if the model was saved with a slow processor. This will result in minor differences in outputs. You'll still be able to use a slow processor with `use_fast=False`.
setting frame_interval=1.0 for testing on args.test_fname='./data/annotations/2fps/ego_dataset.json'
  0%|          | 0/326 [00:00<?, ?it/s] first token :NO

Draft step 0: in_token=tensor([[8996]], device='cuda:6'), in_token_decoded=NO, end_index: 86
predicted_token: 3596, predict_score: 0.9999943971633911, token :  RE

Draft step 1: in_token=tensor([[3596]], device='cuda:6'), in_token_decoded= RE, end_index: 87
predicted_token: 24834, predict_score: 0.9999936819076538, token : PLY

Draft step 2: in_token=tensor([[24834]], device='cuda:6'), in_token_decoded=PLY, end_index: 88
predicted_token: 151645, predict_score: 0.9378948211669922, token : <|im_end|>
Verifying token 0: verify_id=3596 ( RE), draft_id=3596 ( RE), is_last=False, is_eos=False
Verifying token 1: verify_id=24834 (PLY), draft_id=24834 (PLY), is_last=False, is_eos=False
Verifying token 2: verify_id=151645 (<|im_end|>), draft_id=151645 (<|im_end|>), is_last=False, is_eos=True
Token 2 verification failed, accepting up to this token. is_last: False, is_eos: True, is_mismatch: False
New tokens: ['NO REPLY<|im_end|>']
Total new tokens generated: 4
[Spec] avg_accept=3.00 | tokens=4 | context_len=85
[Adapter] acc=3/3 (100.0%) | avg_confidence=0.979 | drafted_avg_confidence=0.979 | context_len=85
\n===== Lossless Check =====
Speculative output: NO REPLY
AR manual output:   NO REPLY
Exact match: True
OK: Outputs match. Speculative decoding is lossless.
Speedup: 0.88x
Speedup_decode: 1.10x
Spec decode tok/s: 36.98
AR decode tok/s:   33.56
 first token :NO

Draft step 0: in_token=tensor([[8996]], device='cuda:6'), in_token_decoded=NO, end_index: 151
predicted_token: 3596, predict_score: 0.9999973773956299, token :  RE

Draft step 1: in_token=tensor([[3596]], device='cuda:6'), in_token_decoded= RE, end_index: 152
predicted_token: 24834, predict_score: 0.9999983310699463, token : PLY

Draft step 2: in_token=tensor([[24834]], device='cuda:6'), in_token_decoded=PLY, end_index: 153
predicted_token: 151645, predict_score: 0.9395135045051575, token : <|im_end|>
Verifying token 0: verify_id=3596 ( RE), draft_id=3596 ( RE), is_last=False, is_eos=False
Verifying token 1: verify_id=24834 (PLY), draft_id=24834 (PLY), is_last=False, is_eos=False
Verifying token 2: verify_id=151645 (<|im_end|>), draft_id=151645 (<|im_end|>), is_last=False, is_eos=True
Token 2 verification failed, accepting up to this token. is_last: False, is_eos: True, is_mismatch: False
New tokens: ['NO REPLY<|im_end|>']
Total new tokens generated: 4
[Spec] avg_accept=3.00 | tokens=4 | context_len=150
[Adapter] acc=3/3 (100.0%) | avg_confidence=0.980 | drafted_avg_confidence=0.980 | context_len=150
\n===== Lossless Check =====
Speculative output: NO REPLY
AR manual output:   NO REPLY
Exact match: True
OK: Outputs match. Speculative decoding is lossless.
Speedup: 1.10x
Speedup_decode: 1.44x
Spec decode tok/s: 47.96
AR decode tok/s:   33.24
 first token :NO

Draft step 0: in_token=tensor([[8996]], device='cuda:6'), in_token_decoded=NO, end_index: 216
predicted_token: 3596, predict_score: 0.9999972581863403, token :  RE

Draft step 1: in_token=tensor([[3596]], device='cuda:6'), in_token_decoded= RE, end_index: 217
predicted_token: 24834, predict_score: 0.9999982118606567, token : PLY

Draft step 2: in_token=tensor([[24834]], device='cuda:6'), in_token_decoded=PLY, end_index: 218
predicted_token: 151645, predict_score: 0.9393691420555115, token : <|im_end|>
Verifying token 0: verify_id=3596 ( RE), draft_id=3596 ( RE), is_last=False, is_eos=False
Verifying token 1: verify_id=24834 (PLY), draft_id=24834 (PLY), is_last=False, is_eos=False
Verifying token 2: verify_id=151645 (<|im_end|>), draft_id=151645 (<|im_end|>), is_last=False, is_eos=True
Token 2 verification failed, accepting up to this token. is_last: False, is_eos: True, is_mismatch: False
New tokens: ['NO REPLY<|im_end|>']
Total new tokens generated: 4
[Spec] avg_accept=3.00 | tokens=4 | context_len=215
[Adapter] acc=3/3 (100.0%) | avg_confidence=0.980 | drafted_avg_confidence=0.980 | context_len=215
\n===== Lossless Check =====
Speculative output: NO REPLY
AR manual output:   NO REPLY
Exact match: True
OK: Outputs match. Speculative decoding is lossless.
Speedup: 1.82x
Speedup_decode: 2.41x
Spec decode tok/s: 80.99
AR decode tok/s:   33.62
 first token :NO

Draft step 0: in_token=tensor([[8996]], device='cuda:6'), in_token_decoded=NO, end_index: 281
predicted_token: 3596, predict_score: 0.9999971389770508, token :  RE

Draft step 1: in_token=tensor([[3596]], device='cuda:6'), in_token_decoded= RE, end_index: 282
predicted_token: 24834, predict_score: 0.9999984502792358, token : PLY

Draft step 2: in_token=tensor([[24834]], device='cuda:6'), in_token_decoded=PLY, end_index: 283
predicted_token: 151645, predict_score: 0.9383509755134583, token : <|im_end|>
Verifying token 0: verify_id=3596 ( RE), draft_id=3596 ( RE), is_last=False, is_eos=False
Verifying token 1: verify_id=24834 (PLY), draft_id=24834 (PLY), is_last=False, is_eos=False
Verifying token 2: verify_id=151645 (<|im_end|>), draft_id=151645 (<|im_end|>), is_last=False, is_eos=True
Token 2 verification failed, accepting up to this token. is_last: False, is_eos: True, is_mismatch: False
New tokens: ['NO REPLY<|im_end|>']
Total new tokens generated: 4
[Spec] avg_accept=3.00 | tokens=4 | context_len=280
[Adapter] acc=3/3 (100.0%) | avg_confidence=0.979 | drafted_avg_confidence=0.979 | context_len=280
\n===== Lossless Check =====
Speculative output: NO REPLY
AR manual output:   NO REPLY
Exact match: True
OK: Outputs match. Speculative decoding is lossless.
Speedup: 1.29x
Speedup_decode: 1.68x
Spec decode tok/s: 50.99
AR decode tok/s:   30.33
 first token :NO

Draft step 0: in_token=tensor([[8996]], device='cuda:6'), in_token_decoded=NO, end_index: 346
predicted_token: 3596, predict_score: 0.9999982118606567, token :  RE

Draft step 1: in_token=tensor([[3596]], device='cuda:6'), in_token_decoded= RE, end_index: 347
predicted_token: 24834, predict_score: 0.9999990463256836, token : PLY

Draft step 2: in_token=tensor([[24834]], device='cuda:6'), in_token_decoded=PLY, end_index: 348
predicted_token: 151645, predict_score: 0.9384207725524902, token : <|im_end|>
Verifying token 0: verify_id=3596 ( RE), draft_id=3596 ( RE), is_last=False, is_eos=False
Verifying token 1: verify_id=24834 (PLY), draft_id=24834 (PLY), is_last=False, is_eos=False
Verifying token 2: verify_id=151645 (<|im_end|>), draft_id=151645 (<|im_end|>), is_last=False, is_eos=True
Token 2 verification failed, accepting up to this token. is_last: False, is_eos: True, is_mismatch: False
New tokens: ['NO REPLY<|im_end|>']
Total new tokens generated: 4
[Spec] avg_accept=3.00 | tokens=4 | context_len=345
[Adapter] acc=3/3 (100.0%) | avg_confidence=0.979 | drafted_avg_confidence=0.979 | context_len=345
\n===== Lossless Check =====
Speculative output: NO REPLY
AR manual output:   NO REPLY
Exact match: True
OK: Outputs match. Speculative decoding is lossless.
Speedup: 1.89x
Speedup_decode: 2.50x
Spec decode tok/s: 76.84
AR decode tok/s:   30.75
 first token :NO

Draft step 0: in_token=tensor([[8996]], device='cuda:6'), in_token_decoded=NO, end_index: 411
predicted_token: 3596, predict_score: 0.9999982118606567, token :  RE

Draft step 1: in_token=tensor([[3596]], device='cuda:6'), in_token_decoded= RE, end_index: 412
predicted_token: 24834, predict_score: 0.999998927116394, token : PLY

Draft step 2: in_token=tensor([[24834]], device='cuda:6'), in_token_decoded=PLY, end_index: 413
predicted_token: 151645, predict_score: 0.939328134059906, token : <|im_end|>
Verifying token 0: verify_id=3596 ( RE), draft_id=3596 ( RE), is_last=False, is_eos=False
Verifying token 1: verify_id=24834 (PLY), draft_id=24834 (PLY), is_last=False, is_eos=False
Verifying token 2: verify_id=151645 (<|im_end|>), draft_id=151645 (<|im_end|>), is_last=False, is_eos=True
Token 2 verification failed, accepting up to this token. is_last: False, is_eos: True, is_mismatch: False
New tokens: ['NO REPLY<|im_end|>']
Total new tokens generated: 4
[Spec] avg_accept=3.00 | tokens=4 | context_len=410
[Adapter] acc=3/3 (100.0%) | avg_confidence=0.980 | drafted_avg_confidence=0.980 | context_len=410
\n===== Lossless Check =====
Speculative output: NO REPLY
AR manual output:   NO REPLY
Exact match: True
OK: Outputs match. Speculative decoding is lossless.
Speedup: 1.44x
Speedup_decode: 1.87x
Spec decode tok/s: 59.40
AR decode tok/s:   31.82
 first token :NO

Draft step 0: in_token=tensor([[8996]], device='cuda:6'), in_token_decoded=NO, end_index: 476
predicted_token: 3596, predict_score: 0.9999978542327881, token :  RE

Draft step 1: in_token=tensor([[3596]], device='cuda:6'), in_token_decoded= RE, end_index: 477
predicted_token: 24834, predict_score: 0.999998927116394, token : PLY

Draft step 2: in_token=tensor([[24834]], device='cuda:6'), in_token_decoded=PLY, end_index: 478
predicted_token: 151645, predict_score: 0.93867027759552, token : <|im_end|>
Verifying token 0: verify_id=3596 ( RE), draft_id=3596 ( RE), is_last=False, is_eos=False
Verifying token 1: verify_id=24834 (PLY), draft_id=24834 (PLY), is_last=False, is_eos=False
Verifying token 2: verify_id=151645 (<|im_end|>), draft_id=151645 (<|im_end|>), is_last=False, is_eos=True
Token 2 verification failed, accepting up to this token. is_last: False, is_eos: True, is_mismatch: False
New tokens: ['NO REPLY<|im_end|>']
Total new tokens generated: 4
[Spec] avg_accept=3.00 | tokens=4 | context_len=475
[Adapter] acc=3/3 (100.0%) | avg_confidence=0.980 | drafted_avg_confidence=0.980 | context_len=475
\n===== Lossless Check =====
Speculative output: NO REPLY
AR manual output:   NO REPLY
Exact match: True
OK: Outputs match. Speculative decoding is lossless.
Speedup: 1.44x
Speedup_decode: 1.86x
Spec decode tok/s: 53.93
AR decode tok/s:   28.92
 first token :NO

Draft step 0: in_token=tensor([[8996]], device='cuda:6'), in_token_decoded=NO, end_index: 541
predicted_token: 3596, predict_score: 0.9999985694885254, token :  RE

Draft step 1: in_token=tensor([[3596]], device='cuda:6'), in_token_decoded= RE, end_index: 542
predicted_token: 24834, predict_score: 0.9999983310699463, token : PLY

Draft step 2: in_token=tensor([[24834]], device='cuda:6'), in_token_decoded=PLY, end_index: 543
predicted_token: 151645, predict_score: 0.9382007718086243, token : <|im_end|>
Verifying token 0: verify_id=3596 ( RE), draft_id=3596 ( RE), is_last=False, is_eos=False
Verifying token 1: verify_id=24834 (PLY), draft_id=24834 (PLY), is_last=False, is_eos=False
Verifying token 2: verify_id=151645 (<|im_end|>), draft_id=151645 (<|im_end|>), is_last=False, is_eos=True
Token 2 verification failed, accepting up to this token. is_last: False, is_eos: True, is_mismatch: False
New tokens: ['NO REPLY<|im_end|>']
Total new tokens generated: 4
[Spec] avg_accept=3.00 | tokens=4 | context_len=540
[Adapter] acc=3/3 (100.0%) | avg_confidence=0.979 | drafted_avg_confidence=0.979 | context_len=540
\n===== Lossless Check =====
Speculative output: NO REPLY
AR manual output:   NO REPLY
Exact match: True
OK: Outputs match. Speculative decoding is lossless.
Speedup: 1.46x
Speedup_decode: 1.89x
Spec decode tok/s: 59.56
AR decode tok/s:   31.60
 first token :NO

Draft step 0: in_token=tensor([[8996]], device='cuda:6'), in_token_decoded=NO, end_index: 606
predicted_token: 3596, predict_score: 0.9999983310699463, token :  RE

Draft step 1: in_token=tensor([[3596]], device='cuda:6'), in_token_decoded= RE, end_index: 607
predicted_token: 24834, predict_score: 0.9999972581863403, token : PLY

Draft step 2: in_token=tensor([[24834]], device='cuda:6'), in_token_decoded=PLY, end_index: 608
predicted_token: 151645, predict_score: 0.939578652381897, token : <|im_end|>
Verifying token 0: verify_id=3596 ( RE), draft_id=3596 ( RE), is_last=False, is_eos=False
Verifying token 1: verify_id=24834 (PLY), draft_id=24834 (PLY), is_last=False, is_eos=False
Verifying token 2: verify_id=151645 (<|im_end|>), draft_id=151645 (<|im_end|>), is_last=False, is_eos=True
Token 2 verification failed, accepting up to this token. is_last: False, is_eos: True, is_mismatch: False
New tokens: ['NO REPLY<|im_end|>']
Total new tokens generated: 4
[Spec] avg_accept=3.00 | tokens=4 | context_len=605
[Adapter] acc=3/3 (100.0%) | avg_confidence=0.980 | drafted_avg_confidence=0.980 | context_len=605
\n===== Lossless Check =====
Speculative output: NO REPLY
AR manual output:   NO REPLY
Exact match: True
OK: Outputs match. Speculative decoding is lossless.
Speedup: 1.22x
Speedup_decode: 1.58x
Spec decode tok/s: 50.98
AR decode tok/s:   32.36
 first token :NO

Draft step 0: in_token=tensor([[8996]], device='cuda:6'), in_token_decoded=NO, end_index: 671
predicted_token: 3596, predict_score: 0.9999980926513672, token :  RE

Draft step 1: in_token=tensor([[3596]], device='cuda:6'), in_token_decoded= RE, end_index: 672
predicted_token: 24834, predict_score: 0.9999967813491821, token : PLY

Draft step 2: in_token=tensor([[24834]], device='cuda:6'), in_token_decoded=PLY, end_index: 673
predicted_token: 151645, predict_score: 0.9397285580635071, token : <|im_end|>
Verifying token 0: verify_id=3596 ( RE), draft_id=3596 ( RE), is_last=False, is_eos=False
Verifying token 1: verify_id=24834 (PLY), draft_id=24834 (PLY), is_last=False, is_eos=False
Verifying token 2: verify_id=151645 (<|im_end|>), draft_id=151645 (<|im_end|>), is_last=False, is_eos=True
Token 2 verification failed, accepting up to this token. is_last: False, is_eos: True, is_mismatch: False
New tokens: ['NO REPLY<|im_end|>']
Total new tokens generated: 4
[Spec] avg_accept=3.00 | tokens=4 | context_len=670
[Adapter] acc=3/3 (100.0%) | avg_confidence=0.980 | drafted_avg_confidence=0.980 | context_len=670
\n===== Lossless Check =====
Speculative output: NO REPLY
AR manual output:   NO REPLY
Exact match: True
OK: Outputs match. Speculative decoding is lossless.
Speedup: 1.35x
Speedup_decode: 1.78x
Spec decode tok/s: 55.32
AR decode tok/s:   31.14
 first token :NO

Draft step 0: in_token=tensor([[8996]], device='cuda:6'), in_token_decoded=NO, end_index: 736
predicted_token: 3596, predict_score: 0.9999977350234985, token :  RE

Draft step 1: in_token=tensor([[3596]], device='cuda:6'), in_token_decoded= RE, end_index: 737
predicted_token: 24834, predict_score: 0.9999970197677612, token : PLY

Draft step 2: in_token=tensor([[24834]], device='cuda:6'), in_token_decoded=PLY, end_index: 738
predicted_token: 151645, predict_score: 0.9374176859855652, token : <|im_end|>
Verifying token 0: verify_id=3596 ( RE), draft_id=3596 ( RE), is_last=False, is_eos=False
Verifying token 1: verify_id=24834 (PLY), draft_id=24834 (PLY), is_last=False, is_eos=False
Verifying token 2: verify_id=151645 (<|im_end|>), draft_id=151645 (<|im_end|>), is_last=False, is_eos=True
Token 2 verification failed, accepting up to this token. is_last: False, is_eos: True, is_mismatch: False
New tokens: ['NO REPLY<|im_end|>']
Total new tokens generated: 4
[Spec] avg_accept=3.00 | tokens=4 | context_len=735
[Adapter] acc=3/3 (100.0%) | avg_confidence=0.979 | drafted_avg_confidence=0.979 | context_len=735
\n===== Lossless Check =====
Speculative output: NO REPLY
AR manual output:   NO REPLY
Exact match: True
OK: Outputs match. Speculative decoding is lossless.
Speedup: 1.61x
Speedup_decode: 2.04x
Spec decode tok/s: 63.73
AR decode tok/s:   31.19
 first token :NO

Draft step 0: in_token=tensor([[8996]], device='cuda:6'), in_token_decoded=NO, end_index: 801
predicted_token: 3596, predict_score: 0.9999978542327881, token :  RE

Draft step 1: in_token=tensor([[3596]], device='cuda:6'), in_token_decoded= RE, end_index: 802
predicted_token: 24834, predict_score: 0.9999978542327881, token : PLY

Draft step 2: in_token=tensor([[24834]], device='cuda:6'), in_token_decoded=PLY, end_index: 803
predicted_token: 151645, predict_score: 0.9400514960289001, token : <|im_end|>
Verifying token 0: verify_id=3596 ( RE), draft_id=3596 ( RE), is_last=False, is_eos=False
Verifying token 1: verify_id=24834 (PLY), draft_id=24834 (PLY), is_last=False, is_eos=False
Verifying token 2: verify_id=151645 (<|im_end|>), draft_id=151645 (<|im_end|>), is_last=False, is_eos=True
Token 2 verification failed, accepting up to this token. is_last: False, is_eos: True, is_mismatch: False
New tokens: ['NO REPLY<|im_end|>']
Total new tokens generated: 4
[Spec] avg_accept=3.00 | tokens=4 | context_len=800
[Adapter] acc=3/3 (100.0%) | avg_confidence=0.980 | drafted_avg_confidence=0.980 | context_len=800
\n===== Lossless Check =====
Speculative output: NO REPLY
AR manual output:   NO REPLY
Exact match: True
OK: Outputs match. Speculative decoding is lossless.
Speedup: 1.48x
Speedup_decode: 1.91x
Spec decode tok/s: 54.11
AR decode tok/s:   28.39
 first token :NO

Draft step 0: in_token=tensor([[8996]], device='cuda:6'), in_token_decoded=NO, end_index: 866
predicted_token: 3596, predict_score: 0.999997615814209, token :  RE

Draft step 1: in_token=tensor([[3596]], device='cuda:6'), in_token_decoded= RE, end_index: 867
predicted_token: 24834, predict_score: 0.9999980926513672, token : PLY

Draft step 2: in_token=tensor([[24834]], device='cuda:6'), in_token_decoded=PLY, end_index: 868
predicted_token: 151645, predict_score: 0.9371726512908936, token : <|im_end|>
Verifying token 0: verify_id=3596 ( RE), draft_id=3596 ( RE), is_last=False, is_eos=False
Verifying token 1: verify_id=24834 (PLY), draft_id=24834 (PLY), is_last=False, is_eos=False
Verifying token 2: verify_id=151645 (<|im_end|>), draft_id=151645 (<|im_end|>), is_last=False, is_eos=True
Token 2 verification failed, accepting up to this token. is_last: False, is_eos: True, is_mismatch: False
New tokens: ['NO REPLY<|im_end|>']
Total new tokens generated: 4
[Spec] avg_accept=3.00 | tokens=4 | context_len=865
[Adapter] acc=3/3 (100.0%) | avg_confidence=0.979 | drafted_avg_confidence=0.979 | context_len=865
\n===== Lossless Check =====
Speculative output: NO REPLY
AR manual output:   NO REPLY
Exact match: True
OK: Outputs match. Speculative decoding is lossless.
Speedup: 1.89x
Speedup_decode: 2.47x
Spec decode tok/s: 77.62
AR decode tok/s:   31.42
 first token :NO

Draft step 0: in_token=tensor([[8996]], device='cuda:6'), in_token_decoded=NO, end_index: 931
predicted_token: 3596, predict_score: 0.9999967813491821, token :  RE

Draft step 1: in_token=tensor([[3596]], device='cuda:6'), in_token_decoded= RE, end_index: 932
predicted_token: 24834, predict_score: 0.9999986886978149, token : PLY

Draft step 2: in_token=tensor([[24834]], device='cuda:6'), in_token_decoded=PLY, end_index: 933
predicted_token: 151645, predict_score: 0.9400370717048645, token : <|im_end|>
Verifying token 0: verify_id=3596 ( RE), draft_id=3596 ( RE), is_last=False, is_eos=False
Verifying token 1: verify_id=24834 (PLY), draft_id=24834 (PLY), is_last=False, is_eos=False
Verifying token 2: verify_id=151645 (<|im_end|>), draft_id=151645 (<|im_end|>), is_last=False, is_eos=True
Token 2 verification failed, accepting up to this token. is_last: False, is_eos: True, is_mismatch: False
New tokens: ['NO REPLY<|im_end|>']
Total new tokens generated: 4
[Spec] avg_accept=3.00 | tokens=4 | context_len=930
[Adapter] acc=3/3 (100.0%) | avg_confidence=0.980 | drafted_avg_confidence=0.980 | context_len=930
\n===== Lossless Check =====
Speculative output: NO REPLY
AR manual output:   NO REPLY
Exact match: True
OK: Outputs match. Speculative decoding is lossless.
Speedup: 1.68x
Speedup_decode: 2.20x
Spec decode tok/s: 67.40
AR decode tok/s:   30.65
 first token :NO

Draft step 0: in_token=tensor([[8996]], device='cuda:6'), in_token_decoded=NO, end_index: 996
predicted_token: 3596, predict_score: 0.9999974966049194, token :  RE

Draft step 1: in_token=tensor([[3596]], device='cuda:6'), in_token_decoded= RE, end_index: 997
predicted_token: 24834, predict_score: 0.9999974966049194, token : PLY

Draft step 2: in_token=tensor([[24834]], device='cuda:6'), in_token_decoded=PLY, end_index: 998
predicted_token: 151645, predict_score: 0.9401976466178894, token : <|im_end|>
Verifying token 0: verify_id=3596 ( RE), draft_id=3596 ( RE), is_last=False, is_eos=False
Verifying token 1: verify_id=24834 (PLY), draft_id=24834 (PLY), is_last=False, is_eos=False
Verifying token 2: verify_id=151645 (<|im_end|>), draft_id=151645 (<|im_end|>), is_last=False, is_eos=True
Token 2 verification failed, accepting up to this token. is_last: False, is_eos: True, is_mismatch: False
New tokens: ['NO REPLY<|im_end|>']
Total new tokens generated: 4
[Spec] avg_accept=3.00 | tokens=4 | context_len=995
[Adapter] acc=3/3 (100.0%) | avg_confidence=0.980 | drafted_avg_confidence=0.980 | context_len=995
\n===== Lossless Check =====
Speculative output: NO REPLY
AR manual output:   NO REPLY
Exact match: True
OK: Outputs match. Speculative decoding is lossless.
Speedup: 1.34x
Speedup_decode: 1.72x
Spec decode tok/s: 49.82
AR decode tok/s:   28.92
 first token :NO

Draft step 0: in_token=tensor([[8996]], device='cuda:6'), in_token_decoded=NO, end_index: 1061
predicted_token: 3596, predict_score: 0.9999973773956299, token :  RE

Draft step 1: in_token=tensor([[3596]], device='cuda:6'), in_token_decoded= RE, end_index: 1062
predicted_token: 24834, predict_score: 0.9999986886978149, token : PLY

Draft step 2: in_token=tensor([[24834]], device='cuda:6'), in_token_decoded=PLY, end_index: 1063
predicted_token: 151645, predict_score: 0.9371289610862732, token : <|im_end|>
Verifying token 0: verify_id=3596 ( RE), draft_id=3596 ( RE), is_last=False, is_eos=False
Verifying token 1: verify_id=24834 (PLY), draft_id=24834 (PLY), is_last=False, is_eos=False
Verifying token 2: verify_id=151645 (<|im_end|>), draft_id=151645 (<|im_end|>), is_last=False, is_eos=True
Token 2 verification failed, accepting up to this token. is_last: False, is_eos: True, is_mismatch: False
New tokens: ['NO REPLY<|im_end|>']
Total new tokens generated: 4
[Spec] avg_accept=3.00 | tokens=4 | context_len=1060
[Adapter] acc=3/3 (100.0%) | avg_confidence=0.979 | drafted_avg_confidence=0.979 | context_len=1060
\n===== Lossless Check =====
Speculative output: NO REPLY
AR manual output:   NO REPLY
Exact match: True
OK: Outputs match. Speculative decoding is lossless.
Speedup: 1.37x
Speedup_decode: 1.70x
Spec decode tok/s: 49.07
AR decode tok/s:   28.89
 first token :NO

Draft step 0: in_token=tensor([[8996]], device='cuda:6'), in_token_decoded=NO, end_index: 1126
predicted_token: 3596, predict_score: 0.9999964237213135, token :  RE

Draft step 1: in_token=tensor([[3596]], device='cuda:6'), in_token_decoded= RE, end_index: 1127
predicted_token: 24834, predict_score: 0.9999990463256836, token : PLY

Draft step 2: in_token=tensor([[24834]], device='cuda:6'), in_token_decoded=PLY, end_index: 1128
predicted_token: 151645, predict_score: 0.9399878978729248, token : <|im_end|>
Verifying token 0: verify_id=3596 ( RE), draft_id=3596 ( RE), is_last=False, is_eos=False
Verifying token 1: verify_id=24834 (PLY), draft_id=24834 (PLY), is_last=False, is_eos=False
Verifying token 2: verify_id=151645 (<|im_end|>), draft_id=151645 (<|im_end|>), is_last=False, is_eos=True
Token 2 verification failed, accepting up to this token. is_last: False, is_eos: True, is_mismatch: False
New tokens: ['NO REPLY<|im_end|>']
Total new tokens generated: 4
[Spec] avg_accept=3.00 | tokens=4 | context_len=1125
[Adapter] acc=3/3 (100.0%) | avg_confidence=0.980 | drafted_avg_confidence=0.980 | context_len=1125
\n===== Lossless Check =====
Speculative output: NO REPLY
AR manual output:   NO REPLY
Exact match: True
OK: Outputs match. Speculative decoding is lossless.
Speedup: 1.68x
Speedup_decode: 2.10x
Spec decode tok/s: 57.55
AR decode tok/s:   27.43
 first token :NO

Draft step 0: in_token=tensor([[8996]], device='cuda:6'), in_token_decoded=NO, end_index: 1191
predicted_token: 3596, predict_score: 0.999996542930603, token :  RE

Draft step 1: in_token=tensor([[3596]], device='cuda:6'), in_token_decoded= RE, end_index: 1192
predicted_token: 24834, predict_score: 0.9999983310699463, token : PLY

Draft step 2: in_token=tensor([[24834]], device='cuda:6'), in_token_decoded=PLY, end_index: 1193
predicted_token: 151645, predict_score: 0.939805805683136, token : <|im_end|>
Verifying token 0: verify_id=3596 ( RE), draft_id=3596 ( RE), is_last=False, is_eos=False
Verifying token 1: verify_id=24834 (PLY), draft_id=24834 (PLY), is_last=False, is_eos=False
Verifying token 2: verify_id=151645 (<|im_end|>), draft_id=151645 (<|im_end|>), is_last=False, is_eos=True
Token 2 verification failed, accepting up to this token. is_last: False, is_eos: True, is_mismatch: False
New tokens: ['NO REPLY<|im_end|>']
Total new tokens generated: 4
[Spec] avg_accept=3.00 | tokens=4 | context_len=1190
[Adapter] acc=3/3 (100.0%) | avg_confidence=0.980 | drafted_avg_confidence=0.980 | context_len=1190
\n===== Lossless Check =====
Speculative output: NO REPLY
AR manual output:   NO REPLY
Exact match: True
OK: Outputs match. Speculative decoding is lossless.
Speedup: 1.93x
Speedup_decode: 2.48x
Spec decode tok/s: 79.74
AR decode tok/s:   32.17
 first token :NO

Draft step 0: in_token=tensor([[8996]], device='cuda:6'), in_token_decoded=NO, end_index: 1256
predicted_token: 3596, predict_score: 0.999996542930603, token :  RE

Draft step 1: in_token=tensor([[3596]], device='cuda:6'), in_token_decoded= RE, end_index: 1257
predicted_token: 24834, predict_score: 0.9999982118606567, token : PLY

Draft step 2: in_token=tensor([[24834]], device='cuda:6'), in_token_decoded=PLY, end_index: 1258
predicted_token: 151645, predict_score: 0.9364938139915466, token : <|im_end|>
Verifying token 0: verify_id=3596 ( RE), draft_id=3596 ( RE), is_last=False, is_eos=False
Verifying token 1: verify_id=24834 (PLY), draft_id=24834 (PLY), is_last=False, is_eos=False
Verifying token 2: verify_id=151645 (<|im_end|>), draft_id=151645 (<|im_end|>), is_last=False, is_eos=True
Token 2 verification failed, accepting up to this token. is_last: False, is_eos: True, is_mismatch: False
New tokens: ['NO REPLY<|im_end|>']
Total new tokens generated: 4
[Spec] avg_accept=3.00 | tokens=4 | context_len=1255
[Adapter] acc=3/3 (100.0%) | avg_confidence=0.979 | drafted_avg_confidence=0.979 | context_len=1255
\n===== Lossless Check =====
Speculative output: NO REPLY
AR manual output:   NO REPLY
Exact match: True
OK: Outputs match. Speculative decoding is lossless.
Speedup: 1.85x
Speedup_decode: 2.18x
Spec decode tok/s: 70.14
AR decode tok/s:   32.21
 first token :NO

Draft step 0: in_token=tensor([[8996]], device='cuda:6'), in_token_decoded=NO, end_index: 1321
predicted_token: 3596, predict_score: 0.9999982118606567, token :  RE

Draft step 1: in_token=tensor([[3596]], device='cuda:6'), in_token_decoded= RE, end_index: 1322
predicted_token: 24834, predict_score: 0.9999984502792358, token : PLY

Draft step 2: in_token=tensor([[24834]], device='cuda:6'), in_token_decoded=PLY, end_index: 1323
predicted_token: 151645, predict_score: 0.9396687746047974, token : <|im_end|>
Verifying token 0: verify_id=3596 ( RE), draft_id=3596 ( RE), is_last=False, is_eos=False
Verifying token 1: verify_id=24834 (PLY), draft_id=24834 (PLY), is_last=False, is_eos=False
Verifying token 2: verify_id=151645 (<|im_end|>), draft_id=151645 (<|im_end|>), is_last=False, is_eos=True
Token 2 verification failed, accepting up to this token. is_last: False, is_eos: True, is_mismatch: False
New tokens: ['NO REPLY<|im_end|>']
Total new tokens generated: 4
[Spec] avg_accept=3.00 | tokens=4 | context_len=1320
[Adapter] acc=3/3 (100.0%) | avg_confidence=0.980 | drafted_avg_confidence=0.980 | context_len=1320
\n===== Lossless Check =====
Speculative output: NO REPLY
AR manual output:   NO REPLY
Exact match: True
OK: Outputs match. Speculative decoding is lossless.
Speedup: 1.37x
Speedup_decode: 1.70x
Spec decode tok/s: 53.87
AR decode tok/s:   31.78
 first token :NO

Draft step 0: in_token=tensor([[8996]], device='cuda:6'), in_token_decoded=NO, end_index: 1386
predicted_token: 3596, predict_score: 0.9999977350234985, token :  RE

Draft step 1: in_token=tensor([[3596]], device='cuda:6'), in_token_decoded= RE, end_index: 1387
predicted_token: 24834, predict_score: 0.9999977350234985, token : PLY

Draft step 2: in_token=tensor([[24834]], device='cuda:6'), in_token_decoded=PLY, end_index: 1388
predicted_token: 151645, predict_score: 0.9395529627799988, token : <|im_end|>
Verifying token 0: verify_id=3596 ( RE), draft_id=3596 ( RE), is_last=False, is_eos=False
Verifying token 1: verify_id=24834 (PLY), draft_id=24834 (PLY), is_last=False, is_eos=False
Verifying token 2: verify_id=151645 (<|im_end|>), draft_id=151645 (<|im_end|>), is_last=False, is_eos=True
Token 2 verification failed, accepting up to this token. is_last: False, is_eos: True, is_mismatch: False
New tokens: ['NO REPLY<|im_end|>']
Total new tokens generated: 4
[Spec] avg_accept=3.00 | tokens=4 | context_len=1385
[Adapter] acc=3/3 (100.0%) | avg_confidence=0.980 | drafted_avg_confidence=0.980 | context_len=1385
\n===== Lossless Check =====
Speculative output: NO REPLY
AR manual output:   NO REPLY
Exact match: True
OK: Outputs match. Speculative decoding is lossless.
Speedup: 2.04x
Speedup_decode: 2.58x
Spec decode tok/s: 72.44
AR decode tok/s:   28.04
 first token :NO

Draft step 0: in_token=tensor([[8996]], device='cuda:6'), in_token_decoded=NO, end_index: 1451
predicted_token: 3596, predict_score: 0.9999961853027344, token :  RE

Draft step 1: in_token=tensor([[3596]], device='cuda:6'), in_token_decoded= RE, end_index: 1452
predicted_token: 24834, predict_score: 0.9999979734420776, token : PLY

Draft step 2: in_token=tensor([[24834]], device='cuda:6'), in_token_decoded=PLY, end_index: 1453
predicted_token: 151645, predict_score: 0.9395559430122375, token : <|im_end|>
Verifying token 0: verify_id=3596 ( RE), draft_id=3596 ( RE), is_last=False, is_eos=False
Verifying token 1: verify_id=24834 (PLY), draft_id=24834 (PLY), is_last=False, is_eos=False
Verifying token 2: verify_id=151645 (<|im_end|>), draft_id=151645 (<|im_end|>), is_last=False, is_eos=True
Token 2 verification failed, accepting up to this token. is_last: False, is_eos: True, is_mismatch: False
New tokens: ['NO REPLY<|im_end|>']
Total new tokens generated: 4
[Spec] avg_accept=3.00 | tokens=4 | context_len=1450
[Adapter] acc=3/3 (100.0%) | avg_confidence=0.980 | drafted_avg_confidence=0.980 | context_len=1450
\n===== Lossless Check =====
Speculative output: NO REPLY
AR manual output:   NO REPLY
Exact match: True
OK: Outputs match. Speculative decoding is lossless.
Speedup: 1.25x
Speedup_decode: 1.56x
Spec decode tok/s: 50.11
AR decode tok/s:   32.19
 first token :NO

Draft step 0: in_token=tensor([[8996]], device='cuda:6'), in_token_decoded=NO, end_index: 1516
predicted_token: 3596, predict_score: 0.9999964237213135, token :  RE

Draft step 1: in_token=tensor([[3596]], device='cuda:6'), in_token_decoded= RE, end_index: 1517
predicted_token: 24834, predict_score: 0.9999985694885254, token : PLY

Draft step 2: in_token=tensor([[24834]], device='cuda:6'), in_token_decoded=PLY, end_index: 1518
predicted_token: 151645, predict_score: 0.9399414658546448, token : <|im_end|>
Verifying token 0: verify_id=3596 ( RE), draft_id=3596 ( RE), is_last=False, is_eos=False
Verifying token 1: verify_id=24834 (PLY), draft_id=24834 (PLY), is_last=False, is_eos=False
Verifying token 2: verify_id=151645 (<|im_end|>), draft_id=151645 (<|im_end|>), is_last=False, is_eos=True
Token 2 verification failed, accepting up to this token. is_last: False, is_eos: True, is_mismatch: False
New tokens: ['NO REPLY<|im_end|>']
Total new tokens generated: 4
[Spec] avg_accept=3.00 | tokens=4 | context_len=1515
[Adapter] acc=3/3 (100.0%) | avg_confidence=0.980 | drafted_avg_confidence=0.980 | context_len=1515
\n===== Lossless Check =====
Speculative output: NO REPLY
AR manual output:   NO REPLY
Exact match: True
OK: Outputs match. Speculative decoding is lossless.
Speedup: 1.90x
Speedup_decode: 2.36x
Spec decode tok/s: 73.66
AR decode tok/s:   31.15
 first token :NO

Draft step 0: in_token=tensor([[8996]], device='cuda:6'), in_token_decoded=NO, end_index: 1581
predicted_token: 3596, predict_score: 0.9999967813491821, token :  RE

Draft step 1: in_token=tensor([[3596]], device='cuda:6'), in_token_decoded= RE, end_index: 1582
predicted_token: 24834, predict_score: 0.9999986886978149, token : PLY

Draft step 2: in_token=tensor([[24834]], device='cuda:6'), in_token_decoded=PLY, end_index: 1583
predicted_token: 151645, predict_score: 0.9396218061447144, token : <|im_end|>
Verifying token 0: verify_id=3596 ( RE), draft_id=3596 ( RE), is_last=False, is_eos=False
Verifying token 1: verify_id=24834 (PLY), draft_id=24834 (PLY), is_last=False, is_eos=False
Verifying token 2: verify_id=151645 (<|im_end|>), draft_id=151645 (<|im_end|>), is_last=False, is_eos=True
Token 2 verification failed, accepting up to this token. is_last: False, is_eos: True, is_mismatch: False
New tokens: ['NO REPLY<|im_end|>']
Total new tokens generated: 4
[Spec] avg_accept=3.00 | tokens=4 | context_len=1580
[Adapter] acc=3/3 (100.0%) | avg_confidence=0.980 | drafted_avg_confidence=0.980 | context_len=1580
\n===== Lossless Check =====
Speculative output: NO REPLY
AR manual output:   NO REPLY
Exact match: True
OK: Outputs match. Speculative decoding is lossless.
Speedup: 1.82x
Speedup_decode: 2.31x
Spec decode tok/s: 72.00
AR decode tok/s:   31.17
 first token :NO

Draft step 0: in_token=tensor([[8996]], device='cuda:6'), in_token_decoded=NO, end_index: 1646
predicted_token: 3596, predict_score: 0.9999970197677612, token :  RE

Draft step 1: in_token=tensor([[3596]], device='cuda:6'), in_token_decoded= RE, end_index: 1647
predicted_token: 24834, predict_score: 0.999998927116394, token : PLY

Draft step 2: in_token=tensor([[24834]], device='cuda:6'), in_token_decoded=PLY, end_index: 1648
predicted_token: 151645, predict_score: 0.939795196056366, token : <|im_end|>
Verifying token 0: verify_id=3596 ( RE), draft_id=3596 ( RE), is_last=False, is_eos=False
Verifying token 1: verify_id=24834 (PLY), draft_id=24834 (PLY), is_last=False, is_eos=False
Verifying token 2: verify_id=151645 (<|im_end|>), draft_id=151645 (<|im_end|>), is_last=False, is_eos=True
Token 2 verification failed, accepting up to this token. is_last: False, is_eos: True, is_mismatch: False
New tokens: ['NO REPLY<|im_end|>']
Total new tokens generated: 4
[Spec] avg_accept=3.00 | tokens=4 | context_len=1645
[Adapter] acc=3/3 (100.0%) | avg_confidence=0.980 | drafted_avg_confidence=0.980 | context_len=1645
\n===== Lossless Check =====
Speculative output: NO REPLY
AR manual output:   NO REPLY
Exact match: True
OK: Outputs match. Speculative decoding is lossless.
Speedup: 1.84x
Speedup_decode: 2.30x
Spec decode tok/s: 75.47
AR decode tok/s:   32.75
 first token :NO

Draft step 0: in_token=tensor([[8996]], device='cuda:6'), in_token_decoded=NO, end_index: 1711
predicted_token: 3596, predict_score: 0.9999970197677612, token :  RE

Draft step 1: in_token=tensor([[3596]], device='cuda:6'), in_token_decoded= RE, end_index: 1712
predicted_token: 24834, predict_score: 0.9999986886978149, token : PLY

Draft step 2: in_token=tensor([[24834]], device='cuda:6'), in_token_decoded=PLY, end_index: 1713
predicted_token: 151645, predict_score: 0.9397087693214417, token : <|im_end|>
Verifying token 0: verify_id=3596 ( RE), draft_id=3596 ( RE), is_last=False, is_eos=False
Verifying token 1: verify_id=24834 (PLY), draft_id=24834 (PLY), is_last=False, is_eos=False
Verifying token 2: verify_id=151645 (<|im_end|>), draft_id=151645 (<|im_end|>), is_last=False, is_eos=True
Token 2 verification failed, accepting up to this token. is_last: False, is_eos: True, is_mismatch: False
New tokens: ['NO REPLY<|im_end|>']
Total new tokens generated: 4
[Spec] avg_accept=3.00 | tokens=4 | context_len=1710
[Adapter] acc=3/3 (100.0%) | avg_confidence=0.980 | drafted_avg_confidence=0.980 | context_len=1710
\n===== Lossless Check =====
Speculative output: NO REPLY
AR manual output:   NO REPLY
Exact match: True
OK: Outputs match. Speculative decoding is lossless.
Speedup: 1.41x
Speedup_decode: 1.63x
Spec decode tok/s: 50.94
AR decode tok/s:   31.27
 first token :NO

Draft step 0: in_token=tensor([[8996]], device='cuda:6'), in_token_decoded=NO, end_index: 1776
predicted_token: 3596, predict_score: 0.9999971389770508, token :  RE

Draft step 1: in_token=tensor([[3596]], device='cuda:6'), in_token_decoded= RE, end_index: 1777
predicted_token: 24834, predict_score: 0.9999988079071045, token : PLY

Draft step 2: in_token=tensor([[24834]], device='cuda:6'), in_token_decoded=PLY, end_index: 1778
predicted_token: 151645, predict_score: 0.9395818114280701, token : <|im_end|>
Verifying token 0: verify_id=3596 ( RE), draft_id=3596 ( RE), is_last=False, is_eos=False
Verifying token 1: verify_id=24834 (PLY), draft_id=24834 (PLY), is_last=False, is_eos=False
Verifying token 2: verify_id=151645 (<|im_end|>), draft_id=151645 (<|im_end|>), is_last=False, is_eos=True
Token 2 verification failed, accepting up to this token. is_last: False, is_eos: True, is_mismatch: False
New tokens: ['NO REPLY<|im_end|>']
Total new tokens generated: 4
[Spec] avg_accept=3.00 | tokens=4 | context_len=1775
[Adapter] acc=3/3 (100.0%) | avg_confidence=0.980 | drafted_avg_confidence=0.980 | context_len=1775
\n===== Lossless Check =====
Speculative output: NO REPLY
AR manual output:   NO REPLY
Exact match: True
OK: Outputs match. Speculative decoding is lossless.
Speedup: 1.73x
Speedup_decode: 2.16x
Spec decode tok/s: 70.19
AR decode tok/s:   32.56
 first token :NO

Draft step 0: in_token=tensor([[8996]], device='cuda:6'), in_token_decoded=NO, end_index: 1841
predicted_token: 3596, predict_score: 0.9999966621398926, token :  RE

Draft step 1: in_token=tensor([[3596]], device='cuda:6'), in_token_decoded= RE, end_index: 1842
predicted_token: 24834, predict_score: 0.9999991655349731, token : PLY

Draft step 2: in_token=tensor([[24834]], device='cuda:6'), in_token_decoded=PLY, end_index: 1843
predicted_token: 151645, predict_score: 0.9398778080940247, token : <|im_end|>
Verifying token 0: verify_id=3596 ( RE), draft_id=3596 ( RE), is_last=False, is_eos=False
Verifying token 1: verify_id=24834 (PLY), draft_id=24834 (PLY), is_last=False, is_eos=False
Verifying token 2: verify_id=151645 (<|im_end|>), draft_id=151645 (<|im_end|>), is_last=False, is_eos=True
Token 2 verification failed, accepting up to this token. is_last: False, is_eos: True, is_mismatch: False
New tokens: ['NO REPLY<|im_end|>']
Total new tokens generated: 4
[Spec] avg_accept=3.00 | tokens=4 | context_len=1840
[Adapter] acc=3/3 (100.0%) | avg_confidence=0.980 | drafted_avg_confidence=0.980 | context_len=1840
\n===== Lossless Check =====
Speculative output: NO REPLY
AR manual output:   NO REPLY
Exact match: True
OK: Outputs match. Speculative decoding is lossless.
Speedup: 1.25x
Speedup_decode: 1.46x
Spec decode tok/s: 46.49
AR decode tok/s:   31.73
 first token :NO

Draft step 0: in_token=tensor([[8996]], device='cuda:6'), in_token_decoded=NO, end_index: 1906
predicted_token: 3596, predict_score: 0.9999973773956299, token :  RE

Draft step 1: in_token=tensor([[3596]], device='cuda:6'), in_token_decoded= RE, end_index: 1907
predicted_token: 24834, predict_score: 0.9999990463256836, token : PLY

Draft step 2: in_token=tensor([[24834]], device='cuda:6'), in_token_decoded=PLY, end_index: 1908
predicted_token: 151645, predict_score: 0.9397842288017273, token : <|im_end|>
Verifying token 0: verify_id=3596 ( RE), draft_id=3596 ( RE), is_last=False, is_eos=False
Verifying token 1: verify_id=24834 (PLY), draft_id=24834 (PLY), is_last=False, is_eos=False
Verifying token 2: verify_id=151645 (<|im_end|>), draft_id=151645 (<|im_end|>), is_last=False, is_eos=True
Token 2 verification failed, accepting up to this token. is_last: False, is_eos: True, is_mismatch: False
New tokens: ['NO REPLY<|im_end|>']
Total new tokens generated: 4
[Spec] avg_accept=3.00 | tokens=4 | context_len=1905
[Adapter] acc=3/3 (100.0%) | avg_confidence=0.980 | drafted_avg_confidence=0.980 | context_len=1905
\n===== Lossless Check =====
Speculative output: NO REPLY
AR manual output:   NO REPLY
Exact match: True
OK: Outputs match. Speculative decoding is lossless.
Speedup: 1.43x
Speedup_decode: 1.79x
Spec decode tok/s: 56.09
AR decode tok/s:   31.27
 first token :NO

Draft step 0: in_token=tensor([[8996]], device='cuda:6'), in_token_decoded=NO, end_index: 1971
predicted_token: 3596, predict_score: 0.9999978542327881, token :  RE

Draft step 1: in_token=tensor([[3596]], device='cuda:6'), in_token_decoded= RE, end_index: 1972
predicted_token: 24834, predict_score: 0.999998927116394, token : PLY

Draft step 2: in_token=tensor([[24834]], device='cuda:6'), in_token_decoded=PLY, end_index: 1973
predicted_token: 151645, predict_score: 0.9400385618209839, token : <|im_end|>
Verifying token 0: verify_id=3596 ( RE), draft_id=3596 ( RE), is_last=False, is_eos=False
Verifying token 1: verify_id=24834 (PLY), draft_id=24834 (PLY), is_last=False, is_eos=False
Verifying token 2: verify_id=151645 (<|im_end|>), draft_id=151645 (<|im_end|>), is_last=False, is_eos=True
Token 2 verification failed, accepting up to this token. is_last: False, is_eos: True, is_mismatch: False
New tokens: ['NO REPLY<|im_end|>']
Total new tokens generated: 4
[Spec] avg_accept=3.00 | tokens=4 | context_len=1970
[Adapter] acc=3/3 (100.0%) | avg_confidence=0.980 | drafted_avg_confidence=0.980 | context_len=1970
\n===== Lossless Check =====
Speculative output: NO REPLY
AR manual output:   NO REPLY
Exact match: True
OK: Outputs match. Speculative decoding is lossless.
Speedup: 1.31x
Speedup_decode: 1.63x
Spec decode tok/s: 51.91
AR decode tok/s:   31.77
 first token :NO

Draft step 0: in_token=tensor([[8996]], device='cuda:6'), in_token_decoded=NO, end_index: 2036
predicted_token: 3596, predict_score: 0.9999966621398926, token :  RE

Draft step 1: in_token=tensor([[3596]], device='cuda:6'), in_token_decoded= RE, end_index: 2037
predicted_token: 24834, predict_score: 0.9999990463256836, token : PLY

Draft step 2: in_token=tensor([[24834]], device='cuda:6'), in_token_decoded=PLY, end_index: 2038
predicted_token: 151645, predict_score: 0.9400516152381897, token : <|im_end|>
Verifying token 0: verify_id=3596 ( RE), draft_id=3596 ( RE), is_last=False, is_eos=False
Verifying token 1: verify_id=24834 (PLY), draft_id=24834 (PLY), is_last=False, is_eos=False
Verifying token 2: verify_id=151645 (<|im_end|>), draft_id=151645 (<|im_end|>), is_last=False, is_eos=True
Token 2 verification failed, accepting up to this token. is_last: False, is_eos: True, is_mismatch: False
New tokens: ['NO REPLY<|im_end|>']
Total new tokens generated: 4
[Spec] avg_accept=3.00 | tokens=4 | context_len=2035
[Adapter] acc=3/3 (100.0%) | avg_confidence=0.980 | drafted_avg_confidence=0.980 | context_len=2035
\n===== Lossless Check =====
Speculative output: NO REPLY
AR manual output:   NO REPLY
Exact match: True
OK: Outputs match. Speculative decoding is lossless.
Speedup: 2.03x
Speedup_decode: 2.47x
Spec decode tok/s: 70.76
AR decode tok/s:   28.65
 first token :NO

Draft step 0: in_token=tensor([[8996]], device='cuda:6'), in_token_decoded=NO, end_index: 2101
predicted_token: 3596, predict_score: 0.9999963045120239, token :  RE

Draft step 1: in_token=tensor([[3596]], device='cuda:6'), in_token_decoded= RE, end_index: 2102
predicted_token: 24834, predict_score: 0.9999991655349731, token : PLY

Draft step 2: in_token=tensor([[24834]], device='cuda:6'), in_token_decoded=PLY, end_index: 2103
predicted_token: 151645, predict_score: 0.9395480155944824, token : <|im_end|>
Verifying token 0: verify_id=3596 ( RE), draft_id=3596 ( RE), is_last=False, is_eos=False
Verifying token 1: verify_id=24834 (PLY), draft_id=24834 (PLY), is_last=False, is_eos=False
Verifying token 2: verify_id=151645 (<|im_end|>), draft_id=151645 (<|im_end|>), is_last=False, is_eos=True
Token 2 verification failed, accepting up to this token. is_last: False, is_eos: True, is_mismatch: False
New tokens: ['NO REPLY<|im_end|>']
Total new tokens generated: 4
[Spec] avg_accept=3.00 | tokens=4 | context_len=2100
[Adapter] acc=3/3 (100.0%) | avg_confidence=0.980 | drafted_avg_confidence=0.980 | context_len=2100
\n===== Lossless Check =====
Speculative output: NO REPLY
AR manual output:   NO REPLY
Exact match: True
OK: Outputs match. Speculative decoding is lossless.
Speedup: 2.15x
Speedup_decode: 2.65x
Spec decode tok/s: 69.54
AR decode tok/s:   26.22
 first token :NO

Draft step 0: in_token=tensor([[8996]], device='cuda:6'), in_token_decoded=NO, end_index: 2166
predicted_token: 3596, predict_score: 0.9999983310699463, token :  RE

Draft step 1: in_token=tensor([[3596]], device='cuda:6'), in_token_decoded= RE, end_index: 2167
predicted_token: 24834, predict_score: 0.9999980926513672, token : PLY

Draft step 2: in_token=tensor([[24834]], device='cuda:6'), in_token_decoded=PLY, end_index: 2168
predicted_token: 151645, predict_score: 0.9396156072616577, token : <|im_end|>
Verifying token 0: verify_id=3596 ( RE), draft_id=3596 ( RE), is_last=False, is_eos=False
Verifying token 1: verify_id=24834 (PLY), draft_id=24834 (PLY), is_last=False, is_eos=False
Verifying token 2: verify_id=151645 (<|im_end|>), draft_id=151645 (<|im_end|>), is_last=False, is_eos=True
Token 2 verification failed, accepting up to this token. is_last: False, is_eos: True, is_mismatch: False
New tokens: ['NO REPLY<|im_end|>']
Total new tokens generated: 4
[Spec] avg_accept=3.00 | tokens=4 | context_len=2165
[Adapter] acc=3/3 (100.0%) | avg_confidence=0.980 | drafted_avg_confidence=0.980 | context_len=2165
\n===== Lossless Check =====
Speculative output: NO REPLY
AR manual output:   NO REPLY
Exact match: True
OK: Outputs match. Speculative decoding is lossless.
Speedup: 1.95x
Speedup_decode: 2.41x
Spec decode tok/s: 65.25
AR decode tok/s:   27.12
 first token :NO

Draft step 0: in_token=tensor([[8996]], device='cuda:6'), in_token_decoded=NO, end_index: 2231
predicted_token: 3596, predict_score: 0.9999984502792358, token :  RE

Draft step 1: in_token=tensor([[3596]], device='cuda:6'), in_token_decoded= RE, end_index: 2232
predicted_token: 24834, predict_score: 0.9999990463256836, token : PLY

Draft step 2: in_token=tensor([[24834]], device='cuda:6'), in_token_decoded=PLY, end_index: 2233
predicted_token: 151645, predict_score: 0.9396219849586487, token : <|im_end|>
Verifying token 0: verify_id=3596 ( RE), draft_id=3596 ( RE), is_last=False, is_eos=False
Verifying token 1: verify_id=24834 (PLY), draft_id=24834 (PLY), is_last=False, is_eos=False
Verifying token 2: verify_id=151645 (<|im_end|>), draft_id=151645 (<|im_end|>), is_last=False, is_eos=True
Token 2 verification failed, accepting up to this token. is_last: False, is_eos: True, is_mismatch: False
New tokens: ['NO REPLY<|im_end|>']
Total new tokens generated: 4
[Spec] avg_accept=3.00 | tokens=4 | context_len=2230
[Adapter] acc=3/3 (100.0%) | avg_confidence=0.980 | drafted_avg_confidence=0.980 | context_len=2230
\n===== Lossless Check =====
Speculative output: NO REPLY
AR manual output:   NO REPLY
Exact match: True
OK: Outputs match. Speculative decoding is lossless.
Speedup: 1.72x
Speedup_decode: 1.91x
Spec decode tok/s: 54.11
AR decode tok/s:   28.32
 first token :NO

Draft step 0: in_token=tensor([[8996]], device='cuda:6'), in_token_decoded=NO, end_index: 2296
predicted_token: 3596, predict_score: 0.9999979734420776, token :  RE

Draft step 1: in_token=tensor([[3596]], device='cuda:6'), in_token_decoded= RE, end_index: 2297
predicted_token: 24834, predict_score: 0.9999992847442627, token : PLY

Draft step 2: in_token=tensor([[24834]], device='cuda:6'), in_token_decoded=PLY, end_index: 2298
predicted_token: 151645, predict_score: 0.939977765083313, token : <|im_end|>
Verifying token 0: verify_id=3596 ( RE), draft_id=3596 ( RE), is_last=False, is_eos=False
Verifying token 1: verify_id=24834 (PLY), draft_id=24834 (PLY), is_last=False, is_eos=False
Verifying token 2: verify_id=151645 (<|im_end|>), draft_id=151645 (<|im_end|>), is_last=False, is_eos=True
Token 2 verification failed, accepting up to this token. is_last: False, is_eos: True, is_mismatch: False
New tokens: ['NO REPLY<|im_end|>']
Total new tokens generated: 4
[Spec] avg_accept=3.00 | tokens=4 | context_len=2295
[Adapter] acc=3/3 (100.0%) | avg_confidence=0.980 | drafted_avg_confidence=0.980 | context_len=2295
\n===== Lossless Check =====
Speculative output: NO REPLY
AR manual output:   NO REPLY
Exact match: True
OK: Outputs match. Speculative decoding is lossless.
Speedup: 1.28x
Speedup_decode: 1.58x
Spec decode tok/s: 51.60
AR decode tok/s:   32.67
 first token :NO

Draft step 0: in_token=tensor([[8996]], device='cuda:6'), in_token_decoded=NO, end_index: 2361
predicted_token: 3596, predict_score: 0.9999955892562866, token :  RE

Draft step 1: in_token=tensor([[3596]], device='cuda:6'), in_token_decoded= RE, end_index: 2362
predicted_token: 24834, predict_score: 0.9999990463256836, token : PLY

Draft step 2: in_token=tensor([[24834]], device='cuda:6'), in_token_decoded=PLY, end_index: 2363
predicted_token: 151645, predict_score: 0.9398748874664307, token : <|im_end|>
Verifying token 0: verify_id=3596 ( RE), draft_id=3596 ( RE), is_last=False, is_eos=False
Verifying token 1: verify_id=24834 (PLY), draft_id=24834 (PLY), is_last=False, is_eos=False
Verifying token 2: verify_id=151645 (<|im_end|>), draft_id=151645 (<|im_end|>), is_last=False, is_eos=True
Token 2 verification failed, accepting up to this token. is_last: False, is_eos: True, is_mismatch: False
New tokens: ['NO REPLY<|im_end|>']
Total new tokens generated: 4
[Spec] avg_accept=3.00 | tokens=4 | context_len=2360
[Adapter] acc=3/3 (100.0%) | avg_confidence=0.980 | drafted_avg_confidence=0.980 | context_len=2360
\n===== Lossless Check =====
Speculative output: NO REPLY
AR manual output:   NO REPLY
Exact match: True
OK: Outputs match. Speculative decoding is lossless.
Speedup: 1.62x
Speedup_decode: 1.87x
Spec decode tok/s: 49.51
AR decode tok/s:   26.53
 first token :NO

Draft step 0: in_token=tensor([[8996]], device='cuda:6'), in_token_decoded=NO, end_index: 2426
predicted_token: 3596, predict_score: 0.9999967813491821, token :  RE

Draft step 1: in_token=tensor([[3596]], device='cuda:6'), in_token_decoded= RE, end_index: 2427
predicted_token: 24834, predict_score: 0.9999992847442627, token : PLY

Draft step 2: in_token=tensor([[24834]], device='cuda:6'), in_token_decoded=PLY, end_index: 2428
predicted_token: 151645, predict_score: 0.9393985271453857, token : <|im_end|>
Verifying token 0: verify_id=3596 ( RE), draft_id=3596 ( RE), is_last=False, is_eos=False
Verifying token 1: verify_id=24834 (PLY), draft_id=24834 (PLY), is_last=False, is_eos=False
Verifying token 2: verify_id=151645 (<|im_end|>), draft_id=151645 (<|im_end|>), is_last=False, is_eos=True
Token 2 verification failed, accepting up to this token. is_last: False, is_eos: True, is_mismatch: False
New tokens: ['NO REPLY<|im_end|>']
Total new tokens generated: 4
[Spec] avg_accept=3.00 | tokens=4 | context_len=2425
[Adapter] acc=3/3 (100.0%) | avg_confidence=0.980 | drafted_avg_confidence=0.980 | context_len=2425
\n===== Lossless Check =====
Speculative output: NO REPLY
AR manual output:   NO REPLY
Exact match: True
OK: Outputs match. Speculative decoding is lossless.
Speedup: 1.28x
Speedup_decode: 1.46x
Spec decode tok/s: 37.85
AR decode tok/s:   25.87
 first token :NO

Draft step 0: in_token=tensor([[8996]], device='cuda:6'), in_token_decoded=NO, end_index: 2491
predicted_token: 3596, predict_score: 0.9999973773956299, token :  RE

Draft step 1: in_token=tensor([[3596]], device='cuda:6'), in_token_decoded= RE, end_index: 2492
predicted_token: 24834, predict_score: 0.9999992847442627, token : PLY

Draft step 2: in_token=tensor([[24834]], device='cuda:6'), in_token_decoded=PLY, end_index: 2493
predicted_token: 151645, predict_score: 0.9393031001091003, token : <|im_end|>
Verifying token 0: verify_id=3596 ( RE), draft_id=3596 ( RE), is_last=False, is_eos=False
Verifying token 1: verify_id=24834 (PLY), draft_id=24834 (PLY), is_last=False, is_eos=False
Verifying token 2: verify_id=151645 (<|im_end|>), draft_id=151645 (<|im_end|>), is_last=False, is_eos=True
Token 2 verification failed, accepting up to this token. is_last: False, is_eos: True, is_mismatch: False
New tokens: ['NO REPLY<|im_end|>']
Total new tokens generated: 4
[Spec] avg_accept=3.00 | tokens=4 | context_len=2490
[Adapter] acc=3/3 (100.0%) | avg_confidence=0.980 | drafted_avg_confidence=0.980 | context_len=2490
\n===== Lossless Check =====
Speculative output: NO REPLY
AR manual output:   NO REPLY
Exact match: True
OK: Outputs match. Speculative decoding is lossless.
Speedup: 2.13x
Speedup_decode: 2.57x
Spec decode tok/s: 61.71
AR decode tok/s:   23.97
 first token :NO

Draft step 0: in_token=tensor([[8996]], device='cuda:6'), in_token_decoded=NO, end_index: 2556
predicted_token: 3596, predict_score: 0.9999960660934448, token :  RE

Draft step 1: in_token=tensor([[3596]], device='cuda:6'), in_token_decoded= RE, end_index: 2557
predicted_token: 24834, predict_score: 0.9999994039535522, token : PLY

Draft step 2: in_token=tensor([[24834]], device='cuda:6'), in_token_decoded=PLY, end_index: 2558
predicted_token: 151645, predict_score: 0.939628005027771, token : <|im_end|>
Verifying token 0: verify_id=3596 ( RE), draft_id=3596 ( RE), is_last=False, is_eos=False
Verifying token 1: verify_id=24834 (PLY), draft_id=24834 (PLY), is_last=False, is_eos=False
Verifying token 2: verify_id=151645 (<|im_end|>), draft_id=151645 (<|im_end|>), is_last=False, is_eos=True
Token 2 verification failed, accepting up to this token. is_last: False, is_eos: True, is_mismatch: False
New tokens: ['NO REPLY<|im_end|>']
Total new tokens generated: 4
[Spec] avg_accept=3.00 | tokens=4 | context_len=2555
[Adapter] acc=3/3 (100.0%) | avg_confidence=0.980 | drafted_avg_confidence=0.980 | context_len=2555
\n===== Lossless Check =====
Speculative output: NO REPLY
AR manual output:   NO REPLY
Exact match: True
OK: Outputs match. Speculative decoding is lossless.
Speedup: 1.47x
Speedup_decode: 1.63x
Spec decode tok/s: 43.55
AR decode tok/s:   26.65
 first token :NO

Draft step 0: in_token=tensor([[8996]], device='cuda:6'), in_token_decoded=NO, end_index: 2621
predicted_token: 3596, predict_score: 0.999996542930603, token :  RE

Draft step 1: in_token=tensor([[3596]], device='cuda:6'), in_token_decoded= RE, end_index: 2622
predicted_token: 24834, predict_score: 0.9999991655349731, token : PLY

Draft step 2: in_token=tensor([[24834]], device='cuda:6'), in_token_decoded=PLY, end_index: 2623
predicted_token: 151645, predict_score: 0.9394616484642029, token : <|im_end|>
Verifying token 0: verify_id=3596 ( RE), draft_id=3596 ( RE), is_last=False, is_eos=False
Verifying token 1: verify_id=24834 (PLY), draft_id=24834 (PLY), is_last=False, is_eos=False
Verifying token 2: verify_id=151645 (<|im_end|>), draft_id=151645 (<|im_end|>), is_last=False, is_eos=True
Token 2 verification failed, accepting up to this token. is_last: False, is_eos: True, is_mismatch: False
New tokens: ['NO REPLY<|im_end|>']
Total new tokens generated: 4
[Spec] avg_accept=3.00 | tokens=4 | context_len=2620
[Adapter] acc=3/3 (100.0%) | avg_confidence=0.980 | drafted_avg_confidence=0.980 | context_len=2620
\n===== Lossless Check =====
Speculative output: NO REPLY
AR manual output:   NO REPLY
Exact match: True
OK: Outputs match. Speculative decoding is lossless.
Speedup: 1.62x
Speedup_decode: 1.94x
Spec decode tok/s: 60.52
AR decode tok/s:   31.17
 first token :NO

Draft step 0: in_token=tensor([[8996]], device='cuda:6'), in_token_decoded=NO, end_index: 2686
predicted_token: 3596, predict_score: 0.9999967813491821, token :  RE

Draft step 1: in_token=tensor([[3596]], device='cuda:6'), in_token_decoded= RE, end_index: 2687
predicted_token: 24834, predict_score: 0.9999994039535522, token : PLY

Draft step 2: in_token=tensor([[24834]], device='cuda:6'), in_token_decoded=PLY, end_index: 2688
predicted_token: 151645, predict_score: 0.9391670227050781, token : <|im_end|>
Verifying token 0: verify_id=3596 ( RE), draft_id=3596 ( RE), is_last=False, is_eos=False
Verifying token 1: verify_id=24834 (PLY), draft_id=24834 (PLY), is_last=False, is_eos=False
Verifying token 2: verify_id=151645 (<|im_end|>), draft_id=151645 (<|im_end|>), is_last=False, is_eos=True
Token 2 verification failed, accepting up to this token. is_last: False, is_eos: True, is_mismatch: False
New tokens: ['NO REPLY<|im_end|>']
Total new tokens generated: 4
[Spec] avg_accept=3.00 | tokens=4 | context_len=2685
[Adapter] acc=3/3 (100.0%) | avg_confidence=0.980 | drafted_avg_confidence=0.980 | context_len=2685
\n===== Lossless Check =====
Speculative output: NO REPLY
AR manual output:   NO REPLY
Exact match: True
OK: Outputs match. Speculative decoding is lossless.
Speedup: 1.56x
Speedup_decode: 1.58x
Spec decode tok/s: 50.34
AR decode tok/s:   31.84
 first token :NO

Draft step 0: in_token=tensor([[8996]], device='cuda:6'), in_token_decoded=NO, end_index: 2751
predicted_token: 3596, predict_score: 0.9999957084655762, token :  RE

Draft step 1: in_token=tensor([[3596]], device='cuda:6'), in_token_decoded= RE, end_index: 2752
predicted_token: 24834, predict_score: 0.9999995231628418, token : PLY

Draft step 2: in_token=tensor([[24834]], device='cuda:6'), in_token_decoded=PLY, end_index: 2753
predicted_token: 151645, predict_score: 0.9390246868133545, token : <|im_end|>
Verifying token 0: verify_id=3596 ( RE), draft_id=3596 ( RE), is_last=False, is_eos=False
Verifying token 1: verify_id=24834 (PLY), draft_id=24834 (PLY), is_last=False, is_eos=False
Verifying token 2: verify_id=151645 (<|im_end|>), draft_id=151645 (<|im_end|>), is_last=False, is_eos=True
Token 2 verification failed, accepting up to this token. is_last: False, is_eos: True, is_mismatch: False
New tokens: ['NO REPLY<|im_end|>']
Total new tokens generated: 4
[Spec] avg_accept=3.00 | tokens=4 | context_len=2750
[Adapter] acc=3/3 (100.0%) | avg_confidence=0.980 | drafted_avg_confidence=0.980 | context_len=2750
\n===== Lossless Check =====
Speculative output: NO REPLY
AR manual output:   NO REPLY
Exact match: True
OK: Outputs match. Speculative decoding is lossless.
Speedup: 1.41x
Speedup_decode: 1.71x
Spec decode tok/s: 55.23
AR decode tok/s:   32.28
 first token :NO

Draft step 0: in_token=tensor([[8996]], device='cuda:6'), in_token_decoded=NO, end_index: 2816
predicted_token: 3596, predict_score: 0.9999953508377075, token :  RE

Draft step 1: in_token=tensor([[3596]], device='cuda:6'), in_token_decoded= RE, end_index: 2817
predicted_token: 24834, predict_score: 0.9999992847442627, token : PLY

Draft step 2: in_token=tensor([[24834]], device='cuda:6'), in_token_decoded=PLY, end_index: 2818
predicted_token: 151645, predict_score: 0.9392065405845642, token : <|im_end|>
Verifying token 0: verify_id=3596 ( RE), draft_id=3596 ( RE), is_last=False, is_eos=False
Verifying token 1: verify_id=24834 (PLY), draft_id=24834 (PLY), is_last=False, is_eos=False
Verifying token 2: verify_id=151645 (<|im_end|>), draft_id=151645 (<|im_end|>), is_last=False, is_eos=True
Token 2 verification failed, accepting up to this token. is_last: False, is_eos: True, is_mismatch: False
New tokens: ['NO REPLY<|im_end|>']
Total new tokens generated: 4
[Spec] avg_accept=3.00 | tokens=4 | context_len=2815
[Adapter] acc=3/3 (100.0%) | avg_confidence=0.980 | drafted_avg_confidence=0.980 | context_len=2815
\n===== Lossless Check =====
Speculative output: NO REPLY
AR manual output:   NO REPLY
Exact match: True
OK: Outputs match. Speculative decoding is lossless.
Speedup: 1.71x
Speedup_decode: 1.96x
Spec decode tok/s: 63.77
AR decode tok/s:   32.53
 first token :NO

Draft step 0: in_token=tensor([[8996]], device='cuda:6'), in_token_decoded=NO, end_index: 2881
predicted_token: 3596, predict_score: 0.9999966621398926, token :  RE

Draft step 1: in_token=tensor([[3596]], device='cuda:6'), in_token_decoded= RE, end_index: 2882
predicted_token: 24834, predict_score: 0.9999991655349731, token : PLY

Draft step 2: in_token=tensor([[24834]], device='cuda:6'), in_token_decoded=PLY, end_index: 2883
predicted_token: 151645, predict_score: 0.9380441308021545, token : <|im_end|>
Verifying token 0: verify_id=3596 ( RE), draft_id=3596 ( RE), is_last=False, is_eos=False
Verifying token 1: verify_id=24834 (PLY), draft_id=24834 (PLY), is_last=False, is_eos=False
Verifying token 2: verify_id=151645 (<|im_end|>), draft_id=151645 (<|im_end|>), is_last=False, is_eos=True
Token 2 verification failed, accepting up to this token. is_last: False, is_eos: True, is_mismatch: False
New tokens: ['NO REPLY<|im_end|>']
Total new tokens generated: 4
[Spec] avg_accept=3.00 | tokens=4 | context_len=2880
[Adapter] acc=3/3 (100.0%) | avg_confidence=0.979 | drafted_avg_confidence=0.979 | context_len=2880
\n===== Lossless Check =====
Speculative output: NO REPLY
AR manual output:   NO REPLY
Exact match: True
OK: Outputs match. Speculative decoding is lossless.
Speedup: 0.97x
Speedup_decode: 1.21x
Spec decode tok/s: 40.28
AR decode tok/s:   33.25
 first token :NO

Draft step 0: in_token=tensor([[8996]], device='cuda:6'), in_token_decoded=NO, end_index: 2946
predicted_token: 3596, predict_score: 0.9999974966049194, token :  RE

Draft step 1: in_token=tensor([[3596]], device='cuda:6'), in_token_decoded= RE, end_index: 2947
predicted_token: 24834, predict_score: 0.9999994039535522, token : PLY

Draft step 2: in_token=tensor([[24834]], device='cuda:6'), in_token_decoded=PLY, end_index: 2948
predicted_token: 151645, predict_score: 0.9389857053756714, token : <|im_end|>
Verifying token 0: verify_id=3596 ( RE), draft_id=3596 ( RE), is_last=False, is_eos=False
Verifying token 1: verify_id=24834 (PLY), draft_id=24834 (PLY), is_last=False, is_eos=False
Verifying token 2: verify_id=151645 (<|im_end|>), draft_id=151645 (<|im_end|>), is_last=False, is_eos=True
Token 2 verification failed, accepting up to this token. is_last: False, is_eos: True, is_mismatch: False
New tokens: ['NO REPLY<|im_end|>']
Total new tokens generated: 4
[Spec] avg_accept=3.00 | tokens=4 | context_len=2945
[Adapter] acc=3/3 (100.0%) | avg_confidence=0.980 | drafted_avg_confidence=0.980 | context_len=2945
\n===== Lossless Check =====
Speculative output: NO REPLY
AR manual output:   NO REPLY
Exact match: True
OK: Outputs match. Speculative decoding is lossless.
Speedup: 1.40x
Speedup_decode: 1.43x
Spec decode tok/s: 44.03
AR decode tok/s:   30.82
 first token :NO

Draft step 0: in_token=tensor([[8996]], device='cuda:6'), in_token_decoded=NO, end_index: 3011
predicted_token: 3596, predict_score: 0.9999977350234985, token :  RE

Draft step 1: in_token=tensor([[3596]], device='cuda:6'), in_token_decoded= RE, end_index: 3012
predicted_token: 24834, predict_score: 0.9999995231628418, token : PLY

Draft step 2: in_token=tensor([[24834]], device='cuda:6'), in_token_decoded=PLY, end_index: 3013
predicted_token: 151645, predict_score: 0.9391547441482544, token : <|im_end|>
Verifying token 0: verify_id=3596 ( RE), draft_id=3596 ( RE), is_last=False, is_eos=False
Verifying token 1: verify_id=24834 (PLY), draft_id=24834 (PLY), is_last=False, is_eos=False
Verifying token 2: verify_id=151645 (<|im_end|>), draft_id=151645 (<|im_end|>), is_last=False, is_eos=True
Token 2 verification failed, accepting up to this token. is_last: False, is_eos: True, is_mismatch: False
New tokens: ['NO REPLY<|im_end|>']
Total new tokens generated: 4
[Spec] avg_accept=3.00 | tokens=4 | context_len=3010
[Adapter] acc=3/3 (100.0%) | avg_confidence=0.980 | drafted_avg_confidence=0.980 | context_len=3010
\n===== Lossless Check =====
Speculative output: NO REPLY
AR manual output:   NO REPLY
Exact match: True
OK: Outputs match. Speculative decoding is lossless.
Speedup: 1.28x
Speedup_decode: 1.55x
Spec decode tok/s: 48.24
AR decode tok/s:   31.18
 first token :NO

Draft step 0: in_token=tensor([[8996]], device='cuda:6'), in_token_decoded=NO, end_index: 3076
predicted_token: 3596, predict_score: 0.9999963045120239, token :  RE

Draft step 1: in_token=tensor([[3596]], device='cuda:6'), in_token_decoded= RE, end_index: 3077
predicted_token: 24834, predict_score: 0.9999994039535522, token : PLY

Draft step 2: in_token=tensor([[24834]], device='cuda:6'), in_token_decoded=PLY, end_index: 3078
predicted_token: 151645, predict_score: 0.9385164976119995, token : <|im_end|>
Verifying token 0: verify_id=3596 ( RE), draft_id=3596 ( RE), is_last=False, is_eos=False
Verifying token 1: verify_id=24834 (PLY), draft_id=24834 (PLY), is_last=False, is_eos=False
Verifying token 2: verify_id=151645 (<|im_end|>), draft_id=151645 (<|im_end|>), is_last=False, is_eos=True
Token 2 verification failed, accepting up to this token. is_last: False, is_eos: True, is_mismatch: False
New tokens: ['NO REPLY<|im_end|>']
Total new tokens generated: 4
[Spec] avg_accept=3.00 | tokens=4 | context_len=3075
[Adapter] acc=3/3 (100.0%) | avg_confidence=0.980 | drafted_avg_confidence=0.980 | context_len=3075
\n===== Lossless Check =====
Speculative output: NO REPLY
AR manual output:   NO REPLY
Exact match: True
OK: Outputs match. Speculative decoding is lossless.
Speedup: 1.93x
Speedup_decode: 1.77x
Spec decode tok/s: 50.73
AR decode tok/s:   28.72
 first token :NO

Draft step 0: in_token=tensor([[8996]], device='cuda:6'), in_token_decoded=NO, end_index: 3141
predicted_token: 3596, predict_score: 0.9999966621398926, token :  RE

Draft step 1: in_token=tensor([[3596]], device='cuda:6'), in_token_decoded= RE, end_index: 3142
predicted_token: 24834, predict_score: 0.9999995231628418, token : PLY

Draft step 2: in_token=tensor([[24834]], device='cuda:6'), in_token_decoded=PLY, end_index: 3143
predicted_token: 151645, predict_score: 0.939193606376648, token : <|im_end|>
Verifying token 0: verify_id=3596 ( RE), draft_id=3596 ( RE), is_last=False, is_eos=False
Verifying token 1: verify_id=24834 (PLY), draft_id=24834 (PLY), is_last=False, is_eos=False
Verifying token 2: verify_id=151645 (<|im_end|>), draft_id=151645 (<|im_end|>), is_last=False, is_eos=True
Token 2 verification failed, accepting up to this token. is_last: False, is_eos: True, is_mismatch: False
New tokens: ['NO REPLY<|im_end|>']
Total new tokens generated: 4
[Spec] avg_accept=3.00 | tokens=4 | context_len=3140
[Adapter] acc=3/3 (100.0%) | avg_confidence=0.980 | drafted_avg_confidence=0.980 | context_len=3140
\n===== Lossless Check =====
Speculative output: NO REPLY
AR manual output:   NO REPLY
Exact match: True
OK: Outputs match. Speculative decoding is lossless.
Speedup: 1.26x
Speedup_decode: 1.33x
Spec decode tok/s: 40.97
AR decode tok/s:   30.80
 first token :NO

Draft step 0: in_token=tensor([[8996]], device='cuda:6'), in_token_decoded=NO, end_index: 3206
predicted_token: 3596, predict_score: 0.9999969005584717, token :  RE

Draft step 1: in_token=tensor([[3596]], device='cuda:6'), in_token_decoded= RE, end_index: 3207
predicted_token: 24834, predict_score: 0.9999995231628418, token : PLY

Draft step 2: in_token=tensor([[24834]], device='cuda:6'), in_token_decoded=PLY, end_index: 3208
predicted_token: 151645, predict_score: 0.9389933347702026, token : <|im_end|>
Verifying token 0: verify_id=3596 ( RE), draft_id=3596 ( RE), is_last=False, is_eos=False
Verifying token 1: verify_id=24834 (PLY), draft_id=24834 (PLY), is_last=False, is_eos=False
Verifying token 2: verify_id=151645 (<|im_end|>), draft_id=151645 (<|im_end|>), is_last=False, is_eos=True
Token 2 verification failed, accepting up to this token. is_last: False, is_eos: True, is_mismatch: False
New tokens: ['NO REPLY<|im_end|>']
Total new tokens generated: 4
[Spec] avg_accept=3.00 | tokens=4 | context_len=3205
[Adapter] acc=3/3 (100.0%) | avg_confidence=0.980 | drafted_avg_confidence=0.980 | context_len=3205
\n===== Lossless Check =====
Speculative output: NO REPLY
AR manual output:   NO REPLY
Exact match: True
OK: Outputs match. Speculative decoding is lossless.
Speedup: 1.36x
Speedup_decode: 1.33x
Spec decode tok/s: 41.28
AR decode tok/s:   31.06
 first token :NO

Draft step 0: in_token=tensor([[8996]], device='cuda:6'), in_token_decoded=NO, end_index: 3271
predicted_token: 3596, predict_score: 0.9999979734420776, token :  RE

Draft step 1: in_token=tensor([[3596]], device='cuda:6'), in_token_decoded= RE, end_index: 3272
predicted_token: 24834, predict_score: 0.9999994039535522, token : PLY

Draft step 2: in_token=tensor([[24834]], device='cuda:6'), in_token_decoded=PLY, end_index: 3273
predicted_token: 151645, predict_score: 0.9383326172828674, token : <|im_end|>
Verifying token 0: verify_id=3596 ( RE), draft_id=3596 ( RE), is_last=False, is_eos=False
Verifying token 1: verify_id=24834 (PLY), draft_id=24834 (PLY), is_last=False, is_eos=False
Verifying token 2: verify_id=151645 (<|im_end|>), draft_id=151645 (<|im_end|>), is_last=False, is_eos=True
Token 2 verification failed, accepting up to this token. is_last: False, is_eos: True, is_mismatch: False
New tokens: ['NO REPLY<|im_end|>']
Total new tokens generated: 4
[Spec] avg_accept=3.00 | tokens=4 | context_len=3270
[Adapter] acc=3/3 (100.0%) | avg_confidence=0.979 | drafted_avg_confidence=0.979 | context_len=3270
\n===== Lossless Check =====
Speculative output: NO REPLY
AR manual output:   NO REPLY
Exact match: True
OK: Outputs match. Speculative decoding is lossless.
Speedup: 1.32x
Speedup_decode: 1.47x
Spec decode tok/s: 43.23
AR decode tok/s:   29.45
 first token :NO

Draft step 0: in_token=tensor([[8996]], device='cuda:6'), in_token_decoded=NO, end_index: 3336
predicted_token: 3596, predict_score: 0.9999979734420776, token :  RE

Draft step 1: in_token=tensor([[3596]], device='cuda:6'), in_token_decoded= RE, end_index: 3337
predicted_token: 24834, predict_score: 0.9999995231628418, token : PLY

Draft step 2: in_token=tensor([[24834]], device='cuda:6'), in_token_decoded=PLY, end_index: 3338
predicted_token: 151645, predict_score: 0.9390578269958496, token : <|im_end|>
Verifying token 0: verify_id=3596 ( RE), draft_id=3596 ( RE), is_last=False, is_eos=False
Verifying token 1: verify_id=24834 (PLY), draft_id=24834 (PLY), is_last=False, is_eos=False
Verifying token 2: verify_id=151645 (<|im_end|>), draft_id=151645 (<|im_end|>), is_last=False, is_eos=True
Token 2 verification failed, accepting up to this token. is_last: False, is_eos: True, is_mismatch: False
New tokens: ['NO REPLY<|im_end|>']
Total new tokens generated: 4
[Spec] avg_accept=3.00 | tokens=4 | context_len=3335
[Adapter] acc=3/3 (100.0%) | avg_confidence=0.980 | drafted_avg_confidence=0.980 | context_len=3335
\n===== Lossless Check =====
Speculative output: NO REPLY
AR manual output:   NO REPLY
Exact match: True
OK: Outputs match. Speculative decoding is lossless.
Speedup: 1.43x
Speedup_decode: 1.38x
Spec decode tok/s: 38.32
AR decode tok/s:   27.78
 first token :NO

Draft step 0: in_token=tensor([[8996]], device='cuda:6'), in_token_decoded=NO, end_index: 3401
predicted_token: 3596, predict_score: 0.9999969005584717, token :  RE

Draft step 1: in_token=tensor([[3596]], device='cuda:6'), in_token_decoded= RE, end_index: 3402
predicted_token: 24834, predict_score: 0.9999995231628418, token : PLY

Draft step 2: in_token=tensor([[24834]], device='cuda:6'), in_token_decoded=PLY, end_index: 3403
predicted_token: 151645, predict_score: 0.93843674659729, token : <|im_end|>
Verifying token 0: verify_id=3596 ( RE), draft_id=3596 ( RE), is_last=False, is_eos=False
Verifying token 1: verify_id=24834 (PLY), draft_id=24834 (PLY), is_last=False, is_eos=False
Verifying token 2: verify_id=151645 (<|im_end|>), draft_id=151645 (<|im_end|>), is_last=False, is_eos=True
Token 2 verification failed, accepting up to this token. is_last: False, is_eos: True, is_mismatch: False
New tokens: ['NO REPLY<|im_end|>']
Total new tokens generated: 4
[Spec] avg_accept=3.00 | tokens=4 | context_len=3400
[Adapter] acc=3/3 (100.0%) | avg_confidence=0.979 | drafted_avg_confidence=0.979 | context_len=3400
\n===== Lossless Check =====
Speculative output: NO REPLY
AR manual output:   NO REPLY
Exact match: True
OK: Outputs match. Speculative decoding is lossless.
Speedup: 1.05x
Speedup_decode: 1.21x
Spec decode tok/s: 40.41
AR decode tok/s:   33.48
 first token :NO

Draft step 0: in_token=tensor([[8996]], device='cuda:6'), in_token_decoded=NO, end_index: 3466
predicted_token: 3596, predict_score: 0.9999955892562866, token :  RE

Draft step 1: in_token=tensor([[3596]], device='cuda:6'), in_token_decoded= RE, end_index: 3467
predicted_token: 24834, predict_score: 0.9999994039535522, token : PLY

Draft step 2: in_token=tensor([[24834]], device='cuda:6'), in_token_decoded=PLY, end_index: 3468
predicted_token: 151645, predict_score: 0.9391919374465942, token : <|im_end|>
Verifying token 0: verify_id=3596 ( RE), draft_id=3596 ( RE), is_last=False, is_eos=False
Verifying token 1: verify_id=24834 (PLY), draft_id=24834 (PLY), is_last=False, is_eos=False
Verifying token 2: verify_id=151645 (<|im_end|>), draft_id=151645 (<|im_end|>), is_last=False, is_eos=True
Token 2 verification failed, accepting up to this token. is_last: False, is_eos: True, is_mismatch: False
New tokens: ['NO REPLY<|im_end|>']
Total new tokens generated: 4
[Spec] avg_accept=3.00 | tokens=4 | context_len=3465
[Adapter] acc=3/3 (100.0%) | avg_confidence=0.980 | drafted_avg_confidence=0.980 | context_len=3465
\n===== Lossless Check =====
Speculative output: NO REPLY
AR manual output:   NO REPLY
Exact match: True
OK: Outputs match. Speculative decoding is lossless.
Speedup: 1.58x
Speedup_decode: 1.50x
Spec decode tok/s: 45.62
AR decode tok/s:   30.35
 first token :NO

Draft step 0: in_token=tensor([[8996]], device='cuda:6'), in_token_decoded=NO, end_index: 3531
predicted_token: 3596, predict_score: 0.9999970197677612, token :  RE

Draft step 1: in_token=tensor([[3596]], device='cuda:6'), in_token_decoded= RE, end_index: 3532
predicted_token: 24834, predict_score: 0.9999995231628418, token : PLY

Draft step 2: in_token=tensor([[24834]], device='cuda:6'), in_token_decoded=PLY, end_index: 3533
predicted_token: 151645, predict_score: 0.9384062886238098, token : <|im_end|>
Verifying token 0: verify_id=3596 ( RE), draft_id=3596 ( RE), is_last=False, is_eos=False
Verifying token 1: verify_id=24834 (PLY), draft_id=24834 (PLY), is_last=False, is_eos=False
Verifying token 2: verify_id=151645 (<|im_end|>), draft_id=151645 (<|im_end|>), is_last=False, is_eos=True
Token 2 verification failed, accepting up to this token. is_last: False, is_eos: True, is_mismatch: False
New tokens: ['NO REPLY<|im_end|>']
Total new tokens generated: 4
[Spec] avg_accept=3.00 | tokens=4 | context_len=3530
[Adapter] acc=3/3 (100.0%) | avg_confidence=0.979 | drafted_avg_confidence=0.979 | context_len=3530
\n===== Lossless Check =====
Speculative output: NO REPLY
AR manual output:   NO REPLY
Exact match: True
OK: Outputs match. Speculative decoding is lossless.
Speedup: 1.59x
Speedup_decode: 1.80x
Spec decode tok/s: 55.49
AR decode tok/s:   30.89
 first token :NO

Draft step 0: in_token=tensor([[8996]], device='cuda:6'), in_token_decoded=NO, end_index: 3596
predicted_token: 3596, predict_score: 0.9999972581863403, token :  RE

Draft step 1: in_token=tensor([[3596]], device='cuda:6'), in_token_decoded= RE, end_index: 3597
predicted_token: 24834, predict_score: 0.9999995231628418, token : PLY

Draft step 2: in_token=tensor([[24834]], device='cuda:6'), in_token_decoded=PLY, end_index: 3598
predicted_token: 151645, predict_score: 0.9383746981620789, token : <|im_end|>
Verifying token 0: verify_id=3596 ( RE), draft_id=3596 ( RE), is_last=False, is_eos=False
Verifying token 1: verify_id=24834 (PLY), draft_id=24834 (PLY), is_last=False, is_eos=False
Verifying token 2: verify_id=151645 (<|im_end|>), draft_id=151645 (<|im_end|>), is_last=False, is_eos=True
Token 2 verification failed, accepting up to this token. is_last: False, is_eos: True, is_mismatch: False
New tokens: ['NO REPLY<|im_end|>']
Total new tokens generated: 4
[Spec] avg_accept=3.00 | tokens=4 | context_len=3595
[Adapter] acc=3/3 (100.0%) | avg_confidence=0.979 | drafted_avg_confidence=0.979 | context_len=3595
\n===== Lossless Check =====
Speculative output: NO REPLY
AR manual output:   NO REPLY
Exact match: True
OK: Outputs match. Speculative decoding is lossless.
Speedup: 2.02x
Speedup_decode: 2.09x
Spec decode tok/s: 64.57
AR decode tok/s:   30.87
 first token :NO

Draft step 0: in_token=tensor([[8996]], device='cuda:6'), in_token_decoded=NO, end_index: 3661
predicted_token: 3596, predict_score: 0.9999974966049194, token :  RE

Draft step 1: in_token=tensor([[3596]], device='cuda:6'), in_token_decoded= RE, end_index: 3662
predicted_token: 24834, predict_score: 0.9999995231628418, token : PLY

Draft step 2: in_token=tensor([[24834]], device='cuda:6'), in_token_decoded=PLY, end_index: 3663
predicted_token: 151645, predict_score: 0.9379277229309082, token : <|im_end|>
Verifying token 0: verify_id=3596 ( RE), draft_id=3596 ( RE), is_last=False, is_eos=False
Verifying token 1: verify_id=24834 (PLY), draft_id=24834 (PLY), is_last=False, is_eos=False
Verifying token 2: verify_id=151645 (<|im_end|>), draft_id=151645 (<|im_end|>), is_last=False, is_eos=True
Token 2 verification failed, accepting up to this token. is_last: False, is_eos: True, is_mismatch: False
New tokens: ['NO REPLY<|im_end|>']
Total new tokens generated: 4
[Spec] avg_accept=3.00 | tokens=4 | context_len=3660
[Adapter] acc=3/3 (100.0%) | avg_confidence=0.979 | drafted_avg_confidence=0.979 | context_len=3660
\n===== Lossless Check =====
Speculative output: NO REPLY
AR manual output:   NO REPLY
Exact match: True
OK: Outputs match. Speculative decoding is lossless.
Speedup: 2.05x
Speedup_decode: 2.19x
Spec decode tok/s: 65.45
AR decode tok/s:   29.82
 first token :NO

Draft step 0: in_token=tensor([[8996]], device='cuda:6'), in_token_decoded=NO, end_index: 3726
predicted_token: 3596, predict_score: 0.9999974966049194, token :  RE

Draft step 1: in_token=tensor([[3596]], device='cuda:6'), in_token_decoded= RE, end_index: 3727
predicted_token: 24834, predict_score: 0.9999995231628418, token : PLY

Draft step 2: in_token=tensor([[24834]], device='cuda:6'), in_token_decoded=PLY, end_index: 3728
predicted_token: 151645, predict_score: 0.937923014163971, token : <|im_end|>
Verifying token 0: verify_id=3596 ( RE), draft_id=3596 ( RE), is_last=False, is_eos=False
Verifying token 1: verify_id=24834 (PLY), draft_id=24834 (PLY), is_last=False, is_eos=False
Verifying token 2: verify_id=151645 (<|im_end|>), draft_id=151645 (<|im_end|>), is_last=False, is_eos=True
Token 2 verification failed, accepting up to this token. is_last: False, is_eos: True, is_mismatch: False
New tokens: ['NO REPLY<|im_end|>']
Total new tokens generated: 4
[Spec] avg_accept=3.00 | tokens=4 | context_len=3725
[Adapter] acc=3/3 (100.0%) | avg_confidence=0.979 | drafted_avg_confidence=0.979 | context_len=3725
\n===== Lossless Check =====
Speculative output: NO REPLY
AR manual output:   NO REPLY
Exact match: True
OK: Outputs match. Speculative decoding is lossless.
Speedup: 1.27x
Speedup_decode: 1.16x
Spec decode tok/s: 36.57
AR decode tok/s:   31.49
 first token :NO

Draft step 0: in_token=tensor([[8996]], device='cuda:6'), in_token_decoded=NO, end_index: 3791
predicted_token: 3596, predict_score: 0.9999983310699463, token :  RE

Draft step 1: in_token=tensor([[3596]], device='cuda:6'), in_token_decoded= RE, end_index: 3792
predicted_token: 24834, predict_score: 0.9999995231628418, token : PLY

Draft step 2: in_token=tensor([[24834]], device='cuda:6'), in_token_decoded=PLY, end_index: 3793
predicted_token: 151645, predict_score: 0.9378724694252014, token : <|im_end|>
Verifying token 0: verify_id=3596 ( RE), draft_id=3596 ( RE), is_last=False, is_eos=False
Verifying token 1: verify_id=24834 (PLY), draft_id=24834 (PLY), is_last=False, is_eos=False
Verifying token 2: verify_id=151645 (<|im_end|>), draft_id=151645 (<|im_end|>), is_last=False, is_eos=True
Token 2 verification failed, accepting up to this token. is_last: False, is_eos: True, is_mismatch: False
New tokens: ['NO REPLY<|im_end|>']
Total new tokens generated: 4
[Spec] avg_accept=3.00 | tokens=4 | context_len=3790
[Adapter] acc=3/3 (100.0%) | avg_confidence=0.979 | drafted_avg_confidence=0.979 | context_len=3790
\n===== Lossless Check =====
Speculative output: NO REPLY
AR manual output:   NO REPLY
Exact match: True
OK: Outputs match. Speculative decoding is lossless.
Speedup: 1.73x
Speedup_decode: 1.87x
Spec decode tok/s: 62.46
AR decode tok/s:   33.39
 first token :NO

Draft step 0: in_token=tensor([[8996]], device='cuda:6'), in_token_decoded=NO, end_index: 3856
predicted_token: 3596, predict_score: 0.9999983310699463, token :  RE

Draft step 1: in_token=tensor([[3596]], device='cuda:6'), in_token_decoded= RE, end_index: 3857
predicted_token: 24834, predict_score: 0.9999996423721313, token : PLY

Draft step 2: in_token=tensor([[24834]], device='cuda:6'), in_token_decoded=PLY, end_index: 3858
predicted_token: 151645, predict_score: 0.9376305937767029, token : <|im_end|>
Verifying token 0: verify_id=3596 ( RE), draft_id=3596 ( RE), is_last=False, is_eos=False
Verifying token 1: verify_id=24834 (PLY), draft_id=24834 (PLY), is_last=False, is_eos=False
Verifying token 2: verify_id=151645 (<|im_end|>), draft_id=151645 (<|im_end|>), is_last=False, is_eos=True
Token 2 verification failed, accepting up to this token. is_last: False, is_eos: True, is_mismatch: False
New tokens: ['NO REPLY<|im_end|>']
Total new tokens generated: 4
[Spec] avg_accept=3.00 | tokens=4 | context_len=3855
[Adapter] acc=3/3 (100.0%) | avg_confidence=0.979 | drafted_avg_confidence=0.979 | context_len=3855
\n===== Lossless Check =====
Speculative output: NO REPLY
AR manual output:   NO REPLY
Exact match: True
OK: Outputs match. Speculative decoding is lossless.
Speedup: 1.98x
Speedup_decode: 2.02x
Spec decode tok/s: 63.35
AR decode tok/s:   31.29
 first token :NO

Draft step 0: in_token=tensor([[8996]], device='cuda:6'), in_token_decoded=NO, end_index: 3921
predicted_token: 3596, predict_score: 0.9999978542327881, token :  RE

Draft step 1: in_token=tensor([[3596]], device='cuda:6'), in_token_decoded= RE, end_index: 3922
predicted_token: 24834, predict_score: 0.9999995231628418, token : PLY

Draft step 2: in_token=tensor([[24834]], device='cuda:6'), in_token_decoded=PLY, end_index: 3923
predicted_token: 151645, predict_score: 0.9375813603401184, token : <|im_end|>
Verifying token 0: verify_id=3596 ( RE), draft_id=3596 ( RE), is_last=False, is_eos=False
Verifying token 1: verify_id=24834 (PLY), draft_id=24834 (PLY), is_last=False, is_eos=False
Verifying token 2: verify_id=151645 (<|im_end|>), draft_id=151645 (<|im_end|>), is_last=False, is_eos=True
Token 2 verification failed, accepting up to this token. is_last: False, is_eos: True, is_mismatch: False
New tokens: ['NO REPLY<|im_end|>']
Total new tokens generated: 4
[Spec] avg_accept=3.00 | tokens=4 | context_len=3920
[Adapter] acc=3/3 (100.0%) | avg_confidence=0.979 | drafted_avg_confidence=0.979 | context_len=3920
\n===== Lossless Check =====
Speculative output: NO REPLY
AR manual output:   NO REPLY
Exact match: True
OK: Outputs match. Speculative decoding is lossless.
Speedup: 1.46x
Speedup_decode: 1.50x
Spec decode tok/s: 50.02
AR decode tok/s:   33.35
 first token :NO

Draft step 0: in_token=tensor([[8996]], device='cuda:6'), in_token_decoded=NO, end_index: 3986
predicted_token: 3596, predict_score: 0.9999972581863403, token :  RE

Draft step 1: in_token=tensor([[3596]], device='cuda:6'), in_token_decoded= RE, end_index: 3987
predicted_token: 24834, predict_score: 0.9999991655349731, token : PLY

Draft step 2: in_token=tensor([[24834]], device='cuda:6'), in_token_decoded=PLY, end_index: 3988
predicted_token: 151645, predict_score: 0.9380804300308228, token : <|im_end|>
Verifying token 0: verify_id=3596 ( RE), draft_id=3596 ( RE), is_last=False, is_eos=False
Verifying token 1: verify_id=24834 (PLY), draft_id=24834 (PLY), is_last=False, is_eos=False
Verifying token 2: verify_id=151645 (<|im_end|>), draft_id=151645 (<|im_end|>), is_last=False, is_eos=True
Token 2 verification failed, accepting up to this token. is_last: False, is_eos: True, is_mismatch: False
New tokens: ['NO REPLY<|im_end|>']
Total new tokens generated: 4
[Spec] avg_accept=3.00 | tokens=4 | context_len=3985
[Adapter] acc=3/3 (100.0%) | avg_confidence=0.979 | drafted_avg_confidence=0.979 | context_len=3985
\n===== Lossless Check =====
Speculative output: NO REPLY
AR manual output:   NO REPLY
Exact match: True
OK: Outputs match. Speculative decoding is lossless.
Speedup: 1.20x
Speedup_decode: 1.16x
Spec decode tok/s: 39.41
AR decode tok/s:   34.09
 first token :NO

Draft step 0: in_token=tensor([[8996]], device='cuda:6'), in_token_decoded=NO, end_index: 4051
predicted_token: 3596, predict_score: 0.999996542930603, token :  RE

Draft step 1: in_token=tensor([[3596]], device='cuda:6'), in_token_decoded= RE, end_index: 4052
predicted_token: 24834, predict_score: 0.9999995231628418, token : PLY

Draft step 2: in_token=tensor([[24834]], device='cuda:6'), in_token_decoded=PLY, end_index: 4053
predicted_token: 151645, predict_score: 0.9376828074455261, token : <|im_end|>
Verifying token 0: verify_id=3596 ( RE), draft_id=3596 ( RE), is_last=False, is_eos=False
Verifying token 1: verify_id=24834 (PLY), draft_id=24834 (PLY), is_last=False, is_eos=False
Verifying token 2: verify_id=151645 (<|im_end|>), draft_id=151645 (<|im_end|>), is_last=False, is_eos=True
Token 2 verification failed, accepting up to this token. is_last: False, is_eos: True, is_mismatch: False
New tokens: ['NO REPLY<|im_end|>']
Total new tokens generated: 4
[Spec] avg_accept=3.00 | tokens=4 | context_len=4050
[Adapter] acc=3/3 (100.0%) | avg_confidence=0.979 | drafted_avg_confidence=0.979 | context_len=4050
\n===== Lossless Check =====
Speculative output: NO REPLY
AR manual output:   NO REPLY
Exact match: True
OK: Outputs match. Speculative decoding is lossless.
Speedup: 1.41x
Speedup_decode: 1.33x
Spec decode tok/s: 45.32
AR decode tok/s:   34.11
 first token :NO

Draft step 0: in_token=tensor([[8996]], device='cuda:6'), in_token_decoded=NO, end_index: 4116
predicted_token: 3596, predict_score: 0.9999972581863403, token :  RE

Draft step 1: in_token=tensor([[3596]], device='cuda:6'), in_token_decoded= RE, end_index: 4117
predicted_token: 24834, predict_score: 0.9999991655349731, token : PLY

Draft step 2: in_token=tensor([[24834]], device='cuda:6'), in_token_decoded=PLY, end_index: 4118
predicted_token: 151645, predict_score: 0.9376968741416931, token : <|im_end|>
Verifying token 0: verify_id=3596 ( RE), draft_id=3596 ( RE), is_last=False, is_eos=False
Verifying token 1: verify_id=24834 (PLY), draft_id=24834 (PLY), is_last=False, is_eos=False
Verifying token 2: verify_id=151645 (<|im_end|>), draft_id=151645 (<|im_end|>), is_last=False, is_eos=True
Token 2 verification failed, accepting up to this token. is_last: False, is_eos: True, is_mismatch: False
New tokens: ['NO REPLY<|im_end|>']
Total new tokens generated: 4
[Spec] avg_accept=3.00 | tokens=4 | context_len=4115
[Adapter] acc=3/3 (100.0%) | avg_confidence=0.979 | drafted_avg_confidence=0.979 | context_len=4115
\n===== Lossless Check =====
Speculative output: NO REPLY
AR manual output:   NO REPLY
Exact match: True
OK: Outputs match. Speculative decoding is lossless.
Speedup: 1.39x
Speedup_decode: 1.19x
Spec decode tok/s: 36.61
AR decode tok/s:   30.75
 first token :NO

Draft step 0: in_token=tensor([[8996]], device='cuda:6'), in_token_decoded=NO, end_index: 4181
predicted_token: 3596, predict_score: 0.9999982118606567, token :  RE

Draft step 1: in_token=tensor([[3596]], device='cuda:6'), in_token_decoded= RE, end_index: 4182
predicted_token: 24834, predict_score: 0.9999994039535522, token : PLY

Draft step 2: in_token=tensor([[24834]], device='cuda:6'), in_token_decoded=PLY, end_index: 4183
predicted_token: 151645, predict_score: 0.9382385611534119, token : <|im_end|>
Verifying token 0: verify_id=3596 ( RE), draft_id=3596 ( RE), is_last=False, is_eos=False
Verifying token 1: verify_id=24834 (PLY), draft_id=24834 (PLY), is_last=False, is_eos=False
Verifying token 2: verify_id=151645 (<|im_end|>), draft_id=151645 (<|im_end|>), is_last=False, is_eos=True
Token 2 verification failed, accepting up to this token. is_last: False, is_eos: True, is_mismatch: False
New tokens: ['NO REPLY<|im_end|>']
Total new tokens generated: 4
[Spec] avg_accept=3.00 | tokens=4 | context_len=4180
[Adapter] acc=3/3 (100.0%) | avg_confidence=0.979 | drafted_avg_confidence=0.979 | context_len=4180
\n===== Lossless Check =====
Speculative output: NO REPLY
AR manual output:   NO REPLY
Exact match: True
OK: Outputs match. Speculative decoding is lossless.
Speedup: 1.64x
Speedup_decode: 1.72x
Spec decode tok/s: 65.59
AR decode tok/s:   38.19
 first token :NO

Draft step 0: in_token=tensor([[8996]], device='cuda:6'), in_token_decoded=NO, end_index: 4246
predicted_token: 3596, predict_score: 0.9999984502792358, token :  RE

Draft step 1: in_token=tensor([[3596]], device='cuda:6'), in_token_decoded= RE, end_index: 4247
predicted_token: 24834, predict_score: 0.9999994039535522, token : PLY

Draft step 2: in_token=tensor([[24834]], device='cuda:6'), in_token_decoded=PLY, end_index: 4248
predicted_token: 151645, predict_score: 0.9377350211143494, token : <|im_end|>
Verifying token 0: verify_id=3596 ( RE), draft_id=3596 ( RE), is_last=False, is_eos=False
Verifying token 1: verify_id=24834 (PLY), draft_id=24834 (PLY), is_last=False, is_eos=False
Verifying token 2: verify_id=151645 (<|im_end|>), draft_id=151645 (<|im_end|>), is_last=False, is_eos=True
Token 2 verification failed, accepting up to this token. is_last: False, is_eos: True, is_mismatch: False
New tokens: ['NO REPLY<|im_end|>']
Total new tokens generated: 4
[Spec] avg_accept=3.00 | tokens=4 | context_len=4245
[Adapter] acc=3/3 (100.0%) | avg_confidence=0.979 | drafted_avg_confidence=0.979 | context_len=4245
\n===== Lossless Check =====
Speculative output: NO REPLY
AR manual output:   NO REPLY
Exact match: True
OK: Outputs match. Speculative decoding is lossless.
Speedup: 1.67x
Speedup_decode: 1.63x
Spec decode tok/s: 61.13
AR decode tok/s:   37.47
 first token :NO

Draft step 0: in_token=tensor([[8996]], device='cuda:6'), in_token_decoded=NO, end_index: 4311
predicted_token: 3596, predict_score: 0.9999988079071045, token :  RE

Draft step 1: in_token=tensor([[3596]], device='cuda:6'), in_token_decoded= RE, end_index: 4312
predicted_token: 24834, predict_score: 0.9999995231628418, token : PLY

Draft step 2: in_token=tensor([[24834]], device='cuda:6'), in_token_decoded=PLY, end_index: 4313
predicted_token: 151645, predict_score: 0.9374829530715942, token : <|im_end|>
Verifying token 0: verify_id=3596 ( RE), draft_id=3596 ( RE), is_last=False, is_eos=False
Verifying token 1: verify_id=24834 (PLY), draft_id=24834 (PLY), is_last=False, is_eos=False
Verifying token 2: verify_id=151645 (<|im_end|>), draft_id=151645 (<|im_end|>), is_last=False, is_eos=True
Token 2 verification failed, accepting up to this token. is_last: False, is_eos: True, is_mismatch: False
New tokens: ['NO REPLY<|im_end|>']
Total new tokens generated: 4
[Spec] avg_accept=3.00 | tokens=4 | context_len=4310
[Adapter] acc=3/3 (100.0%) | avg_confidence=0.979 | drafted_avg_confidence=0.979 | context_len=4310
\n===== Lossless Check =====
Speculative output: NO REPLY
AR manual output:   NO REPLY
Exact match: True
OK: Outputs match. Speculative decoding is lossless.
Speedup: 0.90x
Speedup_decode: 1.13x
Spec decode tok/s: 39.25
AR decode tok/s:   34.86
 first token :NO

Draft step 0: in_token=tensor([[8996]], device='cuda:6'), in_token_decoded=NO, end_index: 4376
predicted_token: 3596, predict_score: 0.9999980926513672, token :  RE

Draft step 1: in_token=tensor([[3596]], device='cuda:6'), in_token_decoded= RE, end_index: 4377
predicted_token: 24834, predict_score: 0.9999995231628418, token : PLY

Draft step 2: in_token=tensor([[24834]], device='cuda:6'), in_token_decoded=PLY, end_index: 4378
predicted_token: 151645, predict_score: 0.9375756978988647, token : <|im_end|>
Verifying token 0: verify_id=3596 ( RE), draft_id=3596 ( RE), is_last=False, is_eos=False
Verifying token 1: verify_id=24834 (PLY), draft_id=24834 (PLY), is_last=False, is_eos=False
Verifying token 2: verify_id=151645 (<|im_end|>), draft_id=151645 (<|im_end|>), is_last=False, is_eos=True
Token 2 verification failed, accepting up to this token. is_last: False, is_eos: True, is_mismatch: False
New tokens: ['NO REPLY<|im_end|>']
Total new tokens generated: 4
[Spec] avg_accept=3.00 | tokens=4 | context_len=4375
[Adapter] acc=3/3 (100.0%) | avg_confidence=0.979 | drafted_avg_confidence=0.979 | context_len=4375
\n===== Lossless Check =====
Speculative output: NO REPLY
AR manual output:   NO REPLY
Exact match: True
OK: Outputs match. Speculative decoding is lossless.
Speedup: 1.08x
Speedup_decode: 0.95x
Spec decode tok/s: 33.46
AR decode tok/s:   35.30
 first token :NO

Draft step 0: in_token=tensor([[8996]], device='cuda:6'), in_token_decoded=NO, end_index: 4441
predicted_token: 3596, predict_score: 0.9999982118606567, token :  RE

Draft step 1: in_token=tensor([[3596]], device='cuda:6'), in_token_decoded= RE, end_index: 4442
predicted_token: 24834, predict_score: 0.9999995231628418, token : PLY

Draft step 2: in_token=tensor([[24834]], device='cuda:6'), in_token_decoded=PLY, end_index: 4443
predicted_token: 151645, predict_score: 0.937475323677063, token : <|im_end|>
Verifying token 0: verify_id=3596 ( RE), draft_id=3596 ( RE), is_last=False, is_eos=False
Verifying token 1: verify_id=24834 (PLY), draft_id=24834 (PLY), is_last=False, is_eos=False
Verifying token 2: verify_id=151645 (<|im_end|>), draft_id=151645 (<|im_end|>), is_last=False, is_eos=True
Token 2 verification failed, accepting up to this token. is_last: False, is_eos: True, is_mismatch: False
New tokens: ['NO REPLY<|im_end|>']
Total new tokens generated: 4
[Spec] avg_accept=3.00 | tokens=4 | context_len=4440
[Adapter] acc=3/3 (100.0%) | avg_confidence=0.979 | drafted_avg_confidence=0.979 | context_len=4440
\n===== Lossless Check =====
Speculative output: NO REPLY
AR manual output:   NO REPLY
Exact match: True
OK: Outputs match. Speculative decoding is lossless.
Speedup: 1.87x
Speedup_decode: 1.62x
Spec decode tok/s: 49.98
AR decode tok/s:   30.82
 first token :NO

Draft step 0: in_token=tensor([[8996]], device='cuda:6'), in_token_decoded=NO, end_index: 4506
predicted_token: 3596, predict_score: 0.999998927116394, token :  RE

Draft step 1: in_token=tensor([[3596]], device='cuda:6'), in_token_decoded= RE, end_index: 4507
predicted_token: 24834, predict_score: 0.9999996423721313, token : PLY

Draft step 2: in_token=tensor([[24834]], device='cuda:6'), in_token_decoded=PLY, end_index: 4508
predicted_token: 151645, predict_score: 0.9381546378135681, token : <|im_end|>
Verifying token 0: verify_id=3596 ( RE), draft_id=3596 ( RE), is_last=False, is_eos=False
Verifying token 1: verify_id=24834 (PLY), draft_id=24834 (PLY), is_last=False, is_eos=False
Verifying token 2: verify_id=151645 (<|im_end|>), draft_id=151645 (<|im_end|>), is_last=False, is_eos=True
Token 2 verification failed, accepting up to this token. is_last: False, is_eos: True, is_mismatch: False
New tokens: ['NO REPLY<|im_end|>']
Total new tokens generated: 4
[Spec] avg_accept=3.00 | tokens=4 | context_len=4505
[Adapter] acc=3/3 (100.0%) | avg_confidence=0.979 | drafted_avg_confidence=0.979 | context_len=4505
\n===== Lossless Check =====
Speculative output: NO REPLY
AR manual output:   NO REPLY
Exact match: True
OK: Outputs match. Speculative decoding is lossless.
Speedup: 1.83x
Speedup_decode: 1.53x
Spec decode tok/s: 47.02
AR decode tok/s:   30.63
 first token :NO

Draft step 0: in_token=tensor([[8996]], device='cuda:6'), in_token_decoded=NO, end_index: 4571
predicted_token: 3596, predict_score: 0.9999988079071045, token :  RE

Draft step 1: in_token=tensor([[3596]], device='cuda:6'), in_token_decoded= RE, end_index: 4572
predicted_token: 24834, predict_score: 0.9999995231628418, token : PLY

Draft step 2: in_token=tensor([[24834]], device='cuda:6'), in_token_decoded=PLY, end_index: 4573
predicted_token: 151645, predict_score: 0.9373102188110352, token : <|im_end|>
Verifying token 0: verify_id=3596 ( RE), draft_id=3596 ( RE), is_last=False, is_eos=False
Verifying token 1: verify_id=24834 (PLY), draft_id=24834 (PLY), is_last=False, is_eos=False
Verifying token 2: verify_id=151645 (<|im_end|>), draft_id=151645 (<|im_end|>), is_last=False, is_eos=True
Token 2 verification failed, accepting up to this token. is_last: False, is_eos: True, is_mismatch: False
New tokens: ['NO REPLY<|im_end|>']
Total new tokens generated: 4
[Spec] avg_accept=3.00 | tokens=4 | context_len=4570
[Adapter] acc=3/3 (100.0%) | avg_confidence=0.979 | drafted_avg_confidence=0.979 | context_len=4570
\n===== Lossless Check =====
Speculative output: NO REPLY
AR manual output:   NO REPLY
Exact match: True
OK: Outputs match. Speculative decoding is lossless.
Speedup: 1.27x
Speedup_decode: 1.15x
Spec decode tok/s: 34.63
AR decode tok/s:   30.22
 first token :NO

Draft step 0: in_token=tensor([[8996]], device='cuda:6'), in_token_decoded=NO, end_index: 4636
predicted_token: 3596, predict_score: 0.9999980926513672, token :  RE

Draft step 1: in_token=tensor([[3596]], device='cuda:6'), in_token_decoded= RE, end_index: 4637
predicted_token: 24834, predict_score: 0.9999995231628418, token : PLY

Draft step 2: in_token=tensor([[24834]], device='cuda:6'), in_token_decoded=PLY, end_index: 4638
predicted_token: 151645, predict_score: 0.9372813105583191, token : <|im_end|>
Verifying token 0: verify_id=3596 ( RE), draft_id=3596 ( RE), is_last=False, is_eos=False
Verifying token 1: verify_id=24834 (PLY), draft_id=24834 (PLY), is_last=False, is_eos=False
Verifying token 2: verify_id=151645 (<|im_end|>), draft_id=151645 (<|im_end|>), is_last=False, is_eos=True
Token 2 verification failed, accepting up to this token. is_last: False, is_eos: True, is_mismatch: False
New tokens: ['NO REPLY<|im_end|>']
Total new tokens generated: 4
[Spec] avg_accept=3.00 | tokens=4 | context_len=4635
[Adapter] acc=3/3 (100.0%) | avg_confidence=0.979 | drafted_avg_confidence=0.979 | context_len=4635
\n===== Lossless Check =====
Speculative output: NO REPLY
AR manual output:   NO REPLY
Exact match: True
OK: Outputs match. Speculative decoding is lossless.
Speedup: 1.17x
Speedup_decode: 1.24x
Spec decode tok/s: 43.34
AR decode tok/s:   34.90
 first token :NO

Draft step 0: in_token=tensor([[8996]], device='cuda:6'), in_token_decoded=NO, end_index: 4701
predicted_token: 3596, predict_score: 0.999997615814209, token :  RE

Draft step 1: in_token=tensor([[3596]], device='cuda:6'), in_token_decoded= RE, end_index: 4702
predicted_token: 24834, predict_score: 0.9999995231628418, token : PLY

Draft step 2: in_token=tensor([[24834]], device='cuda:6'), in_token_decoded=PLY, end_index: 4703
predicted_token: 151645, predict_score: 0.937396764755249, token : <|im_end|>
Verifying token 0: verify_id=3596 ( RE), draft_id=3596 ( RE), is_last=False, is_eos=False
Verifying token 1: verify_id=24834 (PLY), draft_id=24834 (PLY), is_last=False, is_eos=False
Verifying token 2: verify_id=151645 (<|im_end|>), draft_id=151645 (<|im_end|>), is_last=False, is_eos=True
Token 2 verification failed, accepting up to this token. is_last: False, is_eos: True, is_mismatch: False
New tokens: ['NO REPLY<|im_end|>']
Total new tokens generated: 4
[Spec] avg_accept=3.00 | tokens=4 | context_len=4700
[Adapter] acc=3/3 (100.0%) | avg_confidence=0.979 | drafted_avg_confidence=0.979 | context_len=4700
\n===== Lossless Check =====
Speculative output: NO REPLY
AR manual output:   NO REPLY
Exact match: True
OK: Outputs match. Speculative decoding is lossless.
Speedup: 1.32x
Speedup_decode: 1.15x
Spec decode tok/s: 35.41
AR decode tok/s:   30.68
 first token :NO

Draft step 0: in_token=tensor([[8996]], device='cuda:6'), in_token_decoded=NO, end_index: 4766
predicted_token: 3596, predict_score: 0.9999977350234985, token :  RE

Draft step 1: in_token=tensor([[3596]], device='cuda:6'), in_token_decoded= RE, end_index: 4767
predicted_token: 24834, predict_score: 0.9999994039535522, token : PLY

Draft step 2: in_token=tensor([[24834]], device='cuda:6'), in_token_decoded=PLY, end_index: 4768
predicted_token: 151645, predict_score: 0.9375327229499817, token : <|im_end|>
Verifying token 0: verify_id=3596 ( RE), draft_id=3596 ( RE), is_last=False, is_eos=False
Verifying token 1: verify_id=24834 (PLY), draft_id=24834 (PLY), is_last=False, is_eos=False
Verifying token 2: verify_id=151645 (<|im_end|>), draft_id=151645 (<|im_end|>), is_last=False, is_eos=True
Token 2 verification failed, accepting up to this token. is_last: False, is_eos: True, is_mismatch: False
New tokens: ['NO REPLY<|im_end|>']
Total new tokens generated: 4
[Spec] avg_accept=3.00 | tokens=4 | context_len=4765
[Adapter] acc=3/3 (100.0%) | avg_confidence=0.979 | drafted_avg_confidence=0.979 | context_len=4765
\n===== Lossless Check =====
Speculative output: NO REPLY
AR manual output:   NO REPLY
Exact match: True
OK: Outputs match. Speculative decoding is lossless.
Speedup: 1.73x
Speedup_decode: 1.38x
Spec decode tok/s: 45.17
AR decode tok/s:   32.78
 first token :NO

Draft step 0: in_token=tensor([[8996]], device='cuda:6'), in_token_decoded=NO, end_index: 4831
predicted_token: 3596, predict_score: 0.9999979734420776, token :  RE

Draft step 1: in_token=tensor([[3596]], device='cuda:6'), in_token_decoded= RE, end_index: 4832
predicted_token: 24834, predict_score: 0.9999996423721313, token : PLY

Draft step 2: in_token=tensor([[24834]], device='cuda:6'), in_token_decoded=PLY, end_index: 4833
predicted_token: 151645, predict_score: 0.9372761249542236, token : <|im_end|>
Verifying token 0: verify_id=3596 ( RE), draft_id=3596 ( RE), is_last=False, is_eos=False
Verifying token 1: verify_id=24834 (PLY), draft_id=24834 (PLY), is_last=False, is_eos=False
Verifying token 2: verify_id=151645 (<|im_end|>), draft_id=151645 (<|im_end|>), is_last=False, is_eos=True
Token 2 verification failed, accepting up to this token. is_last: False, is_eos: True, is_mismatch: False
New tokens: ['NO REPLY<|im_end|>']
Total new tokens generated: 4
[Spec] avg_accept=3.00 | tokens=4 | context_len=4830
[Adapter] acc=3/3 (100.0%) | avg_confidence=0.979 | drafted_avg_confidence=0.979 | context_len=4830
\n===== Lossless Check =====
Speculative output: NO REPLY
AR manual output:   NO REPLY
Exact match: True
OK: Outputs match. Speculative decoding is lossless.
Speedup: 1.70x
Speedup_decode: 1.46x
Spec decode tok/s: 45.62
AR decode tok/s:   31.35
 first token :NO

Draft step 0: in_token=tensor([[8996]], device='cuda:6'), in_token_decoded=NO, end_index: 4896
predicted_token: 3596, predict_score: 0.9999974966049194, token :  RE

Draft step 1: in_token=tensor([[3596]], device='cuda:6'), in_token_decoded= RE, end_index: 4897
predicted_token: 24834, predict_score: 0.9999991655349731, token : PLY

Draft step 2: in_token=tensor([[24834]], device='cuda:6'), in_token_decoded=PLY, end_index: 4898
predicted_token: 151645, predict_score: 0.9374996423721313, token : <|im_end|>
Verifying token 0: verify_id=3596 ( RE), draft_id=3596 ( RE), is_last=False, is_eos=False
Verifying token 1: verify_id=24834 (PLY), draft_id=24834 (PLY), is_last=False, is_eos=False
Verifying token 2: verify_id=151645 (<|im_end|>), draft_id=151645 (<|im_end|>), is_last=False, is_eos=True
Token 2 verification failed, accepting up to this token. is_last: False, is_eos: True, is_mismatch: False
New tokens: ['NO REPLY<|im_end|>']
Total new tokens generated: 4
[Spec] avg_accept=3.00 | tokens=4 | context_len=4895
[Adapter] acc=3/3 (100.0%) | avg_confidence=0.979 | drafted_avg_confidence=0.979 | context_len=4895
\n===== Lossless Check =====
Speculative output: NO REPLY
AR manual output:   NO REPLY
Exact match: True
OK: Outputs match. Speculative decoding is lossless.
Speedup: 2.08x
Speedup_decode: 1.97x
Spec decode tok/s: 58.50
AR decode tok/s:   29.63
 first token :NO

Draft step 0: in_token=tensor([[8996]], device='cuda:6'), in_token_decoded=NO, end_index: 4961
predicted_token: 3596, predict_score: 0.999997615814209, token :  RE

Draft step 1: in_token=tensor([[3596]], device='cuda:6'), in_token_decoded= RE, end_index: 4962
predicted_token: 24834, predict_score: 0.9999994039535522, token : PLY

Draft step 2: in_token=tensor([[24834]], device='cuda:6'), in_token_decoded=PLY, end_index: 4963
predicted_token: 151645, predict_score: 0.9373350739479065, token : <|im_end|>
Verifying token 0: verify_id=3596 ( RE), draft_id=3596 ( RE), is_last=False, is_eos=False
Verifying token 1: verify_id=24834 (PLY), draft_id=24834 (PLY), is_last=False, is_eos=False
Verifying token 2: verify_id=151645 (<|im_end|>), draft_id=151645 (<|im_end|>), is_last=False, is_eos=True
Token 2 verification failed, accepting up to this token. is_last: False, is_eos: True, is_mismatch: False
New tokens: ['NO REPLY<|im_end|>']
Total new tokens generated: 4
[Spec] avg_accept=3.00 | tokens=4 | context_len=4960
[Adapter] acc=3/3 (100.0%) | avg_confidence=0.979 | drafted_avg_confidence=0.979 | context_len=4960
\n===== Lossless Check =====
Speculative output: NO REPLY
AR manual output:   NO REPLY
Exact match: True
OK: Outputs match. Speculative decoding is lossless.
Speedup: 1.22x
Speedup_decode: 1.19x
Spec decode tok/s: 40.57
AR decode tok/s:   34.15
 first token :NO

Draft step 0: in_token=tensor([[8996]], device='cuda:6'), in_token_decoded=NO, end_index: 5026
predicted_token: 3596, predict_score: 0.9999967813491821, token :  RE

Draft step 1: in_token=tensor([[3596]], device='cuda:6'), in_token_decoded= RE, end_index: 5027
predicted_token: 24834, predict_score: 0.9999992847442627, token : PLY

Draft step 2: in_token=tensor([[24834]], device='cuda:6'), in_token_decoded=PLY, end_index: 5028
predicted_token: 151645, predict_score: 0.9372913837432861, token : <|im_end|>
Verifying token 0: verify_id=3596 ( RE), draft_id=3596 ( RE), is_last=False, is_eos=False
Verifying token 1: verify_id=24834 (PLY), draft_id=24834 (PLY), is_last=False, is_eos=False
Verifying token 2: verify_id=151645 (<|im_end|>), draft_id=151645 (<|im_end|>), is_last=False, is_eos=True
Token 2 verification failed, accepting up to this token. is_last: False, is_eos: True, is_mismatch: False
New tokens: ['NO REPLY<|im_end|>']
Total new tokens generated: 4
[Spec] avg_accept=3.00 | tokens=4 | context_len=5025
[Adapter] acc=3/3 (100.0%) | avg_confidence=0.979 | drafted_avg_confidence=0.979 | context_len=5025
\n===== Lossless Check =====
Speculative output: NO REPLY
AR manual output:   NO REPLY
Exact match: True
OK: Outputs match. Speculative decoding is lossless.
Speedup: 1.15x
Speedup_decode: 1.03x
Spec decode tok/s: 34.26
AR decode tok/s:   33.41
 first token :NO

Draft step 0: in_token=tensor([[8996]], device='cuda:6'), in_token_decoded=NO, end_index: 5091
predicted_token: 3596, predict_score: 0.9999960660934448, token :  RE

Draft step 1: in_token=tensor([[3596]], device='cuda:6'), in_token_decoded= RE, end_index: 5092
predicted_token: 24834, predict_score: 0.9999992847442627, token : PLY

Draft step 2: in_token=tensor([[24834]], device='cuda:6'), in_token_decoded=PLY, end_index: 5093
predicted_token: 151645, predict_score: 0.9374198317527771, token : <|im_end|>
Verifying token 0: verify_id=3596 ( RE), draft_id=3596 ( RE), is_last=False, is_eos=False
Verifying token 1: verify_id=24834 (PLY), draft_id=24834 (PLY), is_last=False, is_eos=False
Verifying token 2: verify_id=151645 (<|im_end|>), draft_id=151645 (<|im_end|>), is_last=False, is_eos=True
Token 2 verification failed, accepting up to this token. is_last: False, is_eos: True, is_mismatch: False
New tokens: ['NO REPLY<|im_end|>']
Total new tokens generated: 4
[Spec] avg_accept=3.00 | tokens=4 | context_len=5090
[Adapter] acc=3/3 (100.0%) | avg_confidence=0.979 | drafted_avg_confidence=0.979 | context_len=5090
\n===== Lossless Check =====
Speculative output: NO REPLY
AR manual output:   NO REPLY
Exact match: True
OK: Outputs match. Speculative decoding is lossless.
Speedup: 1.54x
Speedup_decode: 1.30x
Spec decode tok/s: 39.63
AR decode tok/s:   30.43
 first token :NO

Draft step 0: in_token=tensor([[8996]], device='cuda:6'), in_token_decoded=NO, end_index: 5156
predicted_token: 3596, predict_score: 0.9999963045120239, token :  RE

Draft step 1: in_token=tensor([[3596]], device='cuda:6'), in_token_decoded= RE, end_index: 5157
predicted_token: 24834, predict_score: 0.999998927116394, token : PLY

Draft step 2: in_token=tensor([[24834]], device='cuda:6'), in_token_decoded=PLY, end_index: 5158
predicted_token: 151645, predict_score: 0.9377857446670532, token : <|im_end|>
Verifying token 0: verify_id=3596 ( RE), draft_id=3596 ( RE), is_last=False, is_eos=False
Verifying token 1: verify_id=24834 (PLY), draft_id=24834 (PLY), is_last=False, is_eos=False
Verifying token 2: verify_id=151645 (<|im_end|>), draft_id=151645 (<|im_end|>), is_last=False, is_eos=True
Token 2 verification failed, accepting up to this token. is_last: False, is_eos: True, is_mismatch: False
New tokens: ['NO REPLY<|im_end|>']
Total new tokens generated: 4
[Spec] avg_accept=3.00 | tokens=4 | context_len=5155
[Adapter] acc=3/3 (100.0%) | avg_confidence=0.979 | drafted_avg_confidence=0.979 | context_len=5155
\n===== Lossless Check =====
Speculative output: NO REPLY
AR manual output:   NO REPLY
Exact match: True
OK: Outputs match. Speculative decoding is lossless.
Speedup: 1.41x
Speedup_decode: 1.62x
Spec decode tok/s: 50.19
AR decode tok/s:   31.05
 first token :The

Draft step 0: in_token=tensor([[785]], device='cuda:6'), in_token_decoded=The, end_index: 5221
predicted_token: 30352, predict_score: 0.5799582004547119, token :  dough
Draft step 0, token  dough, predict_score 0.5799582004547119 < threshold 0.6, stopping further draft
Verifying token 0: verify_id=30352 ( dough), draft_id=30352 ( dough), is_last=False, is_eos=False

Draft step 0: in_token=tensor([[30352]], device='cuda:6'), in_token_decoded= dough, end_index: 5222
predicted_token: 374, predict_score: 0.8648226261138916, token :  is

Draft step 1: in_token=tensor([[374]], device='cuda:6'), in_token_decoded= is, end_index: 5223
predicted_token: 22447, predict_score: 0.3249266743659973, token :  rolled
Draft step 1, token  rolled, predict_score 0.3249266743659973 < threshold 0.6, stopping further draft
Verifying token 0: verify_id=374 ( is), draft_id=374 ( is), is_last=False, is_eos=False
Verifying token 1: verify_id=13853 ( kne), draft_id=22447 ( rolled), is_last=False, is_eos=False
Token 1 verification failed, accepting up to this token. is_last: False, is_eos: False, is_mismatch: True

Draft step 0: in_token=tensor([[13853]], device='cuda:6'), in_token_decoded= kne, end_index: 5224
predicted_token: 311, predict_score: 0.04770951718091965, token :  to
Draft step 0, token  to, predict_score 0.04770951718091965 < threshold 0.6, stopping further draft
Verifying token 0: verify_id=14255 (aded), draft_id=311 ( to), is_last=False, is_eos=False
Token 0 verification failed, accepting up to this token. is_last: False, is_eos: False, is_mismatch: True

Draft step 0: in_token=tensor([[14255]], device='cuda:6'), in_token_decoded=aded, end_index: 5225
predicted_token: 311, predict_score: 0.182734414935112, token :  to
Draft step 0, token  to, predict_score 0.182734414935112 < threshold 0.6, stopping further draft
Verifying token 0: verify_id=553 ( by), draft_id=311 ( to), is_last=False, is_eos=False
Token 0 verification failed, accepting up to this token. is_last: False, is_eos: False, is_mismatch: True

Draft step 0: in_token=tensor([[553]], device='cuda:6'), in_token_decoded= by, end_index: 5226
predicted_token: 25352, predict_score: 0.111115962266922, token :  pressing
Draft step 0, token  pressing, predict_score 0.111115962266922 < threshold 0.6, stopping further draft
Verifying token 0: verify_id=25352 ( pressing), draft_id=25352 ( pressing), is_last=False, is_eos=False

Draft step 0: in_token=tensor([[25352]], device='cuda:6'), in_token_decoded= pressing, end_index: 5227
predicted_token: 279, predict_score: 0.27455461025238037, token :  the
Draft step 0, token  the, predict_score 0.27455461025238037 < threshold 0.6, stopping further draft
Verifying token 0: verify_id=323 ( and), draft_id=279 ( the), is_last=False, is_eos=False
Token 0 verification failed, accepting up to this token. is_last: False, is_eos: False, is_mismatch: True

Draft step 0: in_token=tensor([[323]], device='cuda:6'), in_token_decoded= and, end_index: 5228
predicted_token: 1221, predict_score: 0.03993091359734535, token :  then
Draft step 0, token  then, predict_score 0.03993091359734535 < threshold 0.6, stopping further draft
Verifying token 0: verify_id=44742 ( folding), draft_id=1221 ( then), is_last=False, is_eos=False
Token 0 verification failed, accepting up to this token. is_last: False, is_eos: False, is_mismatch: True

Draft step 0: in_token=tensor([[44742]], device='cuda:6'), in_token_decoded= folding, end_index: 5229
predicted_token: 432, predict_score: 0.21651007235050201, token :  it
Draft step 0, token  it, predict_score 0.21651007235050201 < threshold 0.6, stopping further draft
Verifying token 0: verify_id=432 ( it), draft_id=432 ( it), is_last=False, is_eos=False

Draft step 0: in_token=tensor([[432]], device='cuda:6'), in_token_decoded= it, end_index: 5230
predicted_token: 311, predict_score: 0.22410613298416138, token :  to
Draft step 0, token  to, predict_score 0.22410613298416138 < threshold 0.6, stopping further draft
Verifying token 0: verify_id=11 (,), draft_id=311 ( to), is_last=False, is_eos=False
Token 0 verification failed, accepting up to this token. is_last: False, is_eos: False, is_mismatch: True

Draft step 0: in_token=tensor([[11]], device='cuda:6'), in_token_decoded=,, end_index: 5231
predicted_token: 448, predict_score: 0.5294487476348877, token :  with
Draft step 0, token  with, predict_score 0.5294487476348877 < threshold 0.6, stopping further draft
Verifying token 0: verify_id=448 ( with), draft_id=448 ( with), is_last=False, is_eos=False

Draft step 0: in_token=tensor([[448]], device='cuda:6'), in_token_decoded= with, end_index: 5232
predicted_token: 279, predict_score: 0.5465294122695923, token :  the
Draft step 0, token  the, predict_score 0.5465294122695923 < threshold 0.6, stopping further draft
Verifying token 0: verify_id=279 ( the), draft_id=279 ( the), is_last=False, is_eos=False

Draft step 0: in_token=tensor([[279]], device='cuda:6'), in_token_decoded= the, end_index: 5233
predicted_token: 20097, predict_score: 0.24608954787254333, token :  rolling
Draft step 0, token  rolling, predict_score 0.24608954787254333 < threshold 0.6, stopping further draft
Verifying token 0: verify_id=1697 ( person), draft_id=20097 ( rolling), is_last=False, is_eos=False
Token 0 verification failed, accepting up to this token. is_last: False, is_eos: False, is_mismatch: True

Draft step 0: in_token=tensor([[1697]], device='cuda:6'), in_token_decoded= person, end_index: 5234
predicted_token: 594, predict_score: 0.4046047627925873, token : 's
Draft step 0, token 's, predict_score 0.4046047627925873 < threshold 0.6, stopping further draft
Verifying token 0: verify_id=594 ('s), draft_id=594 ('s), is_last=False, is_eos=False

Draft step 0: in_token=tensor([[594]], device='cuda:6'), in_token_decoded='s, end_index: 5235
predicted_token: 1424, predict_score: 0.31813812255859375, token :  hand
Draft step 0, token  hand, predict_score 0.31813812255859375 < threshold 0.6, stopping further draft
Verifying token 0: verify_id=6078 ( hands), draft_id=1424 ( hand), is_last=False, is_eos=False
Token 0 verification failed, accepting up to this token. is_last: False, is_eos: False, is_mismatch: True

Draft step 0: in_token=tensor([[6078]], device='cuda:6'), in_token_decoded= hands, end_index: 5236
predicted_token: 389, predict_score: 0.25510692596435547, token :  on
Draft step 0, token  on, predict_score 0.25510692596435547 < threshold 0.6, stopping further draft
Verifying token 0: verify_id=7218 ( moving), draft_id=389 ( on), is_last=False, is_eos=False
Token 0 verification failed, accepting up to this token. is_last: False, is_eos: False, is_mismatch: True

Draft step 0: in_token=tensor([[7218]], device='cuda:6'), in_token_decoded= moving, end_index: 5237
predicted_token: 311, predict_score: 0.1799953579902649, token :  to
Draft step 0, token  to, predict_score 0.1799953579902649 < threshold 0.6, stopping further draft
Verifying token 0: verify_id=432 ( it), draft_id=311 ( to), is_last=False, is_eos=False
Token 0 verification failed, accepting up to this token. is_last: False, is_eos: False, is_mismatch: True

Draft step 0: in_token=tensor([[432]], device='cuda:6'), in_token_decoded= it, end_index: 5238
predicted_token: 311, predict_score: 0.22849901020526886, token :  to
Draft step 0, token  to, predict_score 0.22849901020526886 < threshold 0.6, stopping further draft
Verifying token 0: verify_id=1182 ( back), draft_id=311 ( to), is_last=False, is_eos=False
Token 0 verification failed, accepting up to this token. is_last: False, is_eos: False, is_mismatch: True

Draft step 0: in_token=tensor([[1182]], device='cuda:6'), in_token_decoded= back, end_index: 5239
predicted_token: 389, predict_score: 0.2446974664926529, token :  on
Draft step 0, token  on, predict_score 0.2446974664926529 < threshold 0.6, stopping further draft
Verifying token 0: verify_id=323 ( and), draft_id=389 ( on), is_last=False, is_eos=False
Token 0 verification failed, accepting up to this token. is_last: False, is_eos: False, is_mismatch: True

Draft step 0: in_token=tensor([[323]], device='cuda:6'), in_token_decoded= and, end_index: 5240
predicted_token: 279, predict_score: 0.06055370345711708, token :  the
Draft step 0, token  the, predict_score 0.06055370345711708 < threshold 0.6, stopping further draft
Verifying token 0: verify_id=13241 ( forth), draft_id=279 ( the), is_last=False, is_eos=False
Token 0 verification failed, accepting up to this token. is_last: False, is_eos: False, is_mismatch: True

Draft step 0: in_token=tensor([[13241]], device='cuda:6'), in_token_decoded= forth, end_index: 5241
predicted_token: 304, predict_score: 0.18033266067504883, token :  in
Draft step 0, token  in, predict_score 0.18033266067504883 < threshold 0.6, stopping further draft
Verifying token 0: verify_id=311 ( to), draft_id=304 ( in), is_last=False, is_eos=False
Token 0 verification failed, accepting up to this token. is_last: False, is_eos: False, is_mismatch: True

Draft step 0: in_token=tensor([[311]], device='cuda:6'), in_token_decoded= to, end_index: 5242
predicted_token: 1779, predict_score: 0.23649750649929047, token :  check
Draft step 0, token  check, predict_score 0.23649750649929047 < threshold 0.6, stopping further draft
Verifying token 0: verify_id=975 ( work), draft_id=1779 ( check), is_last=False, is_eos=False
Token 0 verification failed, accepting up to this token. is_last: False, is_eos: False, is_mismatch: True

Draft step 0: in_token=tensor([[975]], device='cuda:6'), in_token_decoded= work, end_index: 5243
predicted_token: 389, predict_score: 0.8874337077140808, token :  on

Draft step 1: in_token=tensor([[389]], device='cuda:6'), in_token_decoded= on, end_index: 5244
predicted_token: 432, predict_score: 0.5139523148536682, token :  it
Draft step 1, token  it, predict_score 0.5139523148536682 < threshold 0.6, stopping further draft
Verifying token 0: verify_id=432 ( it), draft_id=389 ( on), is_last=False, is_eos=False
Token 0 verification failed, accepting up to this token. is_last: False, is_eos: False, is_mismatch: True

Draft step 0: in_token=tensor([[432]], device='cuda:6'), in_token_decoded= it, end_index: 5244
predicted_token: 304, predict_score: 0.260315477848053, token :  in
Draft step 0, token  in, predict_score 0.260315477848053 < threshold 0.6, stopping further draft
Verifying token 0: verify_id=1119 ( into), draft_id=304 ( in), is_last=False, is_eos=False
Token 0 verification failed, accepting up to this token. is_last: False, is_eos: False, is_mismatch: True

Draft step 0: in_token=tensor([[1119]], device='cuda:6'), in_token_decoded= into, end_index: 5245
predicted_token: 279, predict_score: 0.7638370990753174, token :  the

Draft step 1: in_token=tensor([[279]], device='cuda:6'), in_token_decoded= the, end_index: 5246
predicted_token: 19212, predict_score: 0.289323627948761, token :  bowl
Draft step 1, token  bowl, predict_score 0.289323627948761 < threshold 0.6, stopping further draft
Verifying token 0: verify_id=264 ( a), draft_id=279 ( the), is_last=False, is_eos=False
Token 0 verification failed, accepting up to this token. is_last: False, is_eos: False, is_mismatch: True

Draft step 0: in_token=tensor([[264]], device='cuda:6'), in_token_decoded= a, end_index: 5246
predicted_token: 19212, predict_score: 0.7656832337379456, token :  bowl

Draft step 1: in_token=tensor([[19212]], device='cuda:6'), in_token_decoded= bowl, end_index: 5247
predicted_token: 13, predict_score: 0.5699139833450317, token : .
Draft step 1, token ., predict_score 0.5699139833450317 < threshold 0.6, stopping further draft
Verifying token 0: verify_id=803 ( more), draft_id=19212 ( bowl), is_last=False, is_eos=False
Token 0 verification failed, accepting up to this token. is_last: False, is_eos: False, is_mismatch: True

Draft step 0: in_token=tensor([[803]], device='cuda:6'), in_token_decoded= more, end_index: 5247
predicted_token: 1136, predict_score: 0.07492204010486603, token :  sc
Draft step 0, token  sc, predict_score 0.07492204010486603 < threshold 0.6, stopping further draft
Verifying token 0: verify_id=13794 ( uniform), draft_id=1136 ( sc), is_last=False, is_eos=False
Token 0 verification failed, accepting up to this token. is_last: False, is_eos: False, is_mismatch: True

Draft step 0: in_token=tensor([[13794]], device='cuda:6'), in_token_decoded= uniform, end_index: 5248
predicted_token: 11, predict_score: 0.7786996960639954, token : ,

Draft step 1: in_token=tensor([[11]], device='cuda:6'), in_token_decoded=,, end_index: 5249
predicted_token: 323, predict_score: 0.522222638130188, token :  and
Draft step 1, token  and, predict_score 0.522222638130188 < threshold 0.6, stopping further draft
Verifying token 0: verify_id=6083 ( shape), draft_id=11 (,), is_last=False, is_eos=False
Token 0 verification failed, accepting up to this token. is_last: False, is_eos: False, is_mismatch: True

Draft step 0: in_token=tensor([[6083]], device='cuda:6'), in_token_decoded= shape, end_index: 5249
predicted_token: 13, predict_score: 0.7835783958435059, token : .

Draft step 1: in_token=tensor([[13]], device='cuda:6'), in_token_decoded=., end_index: 5250
predicted_token: 151645, predict_score: 0.9292868375778198, token : <|im_end|>
Verifying token 0: verify_id=13 (.), draft_id=13 (.), is_last=False, is_eos=False
Verifying token 1: verify_id=151645 (<|im_end|>), draft_id=151645 (<|im_end|>), is_last=False, is_eos=True
Token 1 verification failed, accepting up to this token. is_last: False, is_eos: True, is_mismatch: False
New tokens: ["The dough is kneaded by pressing and folding it, with the person's hands moving it back and forth to work it into a more uniform shape.<|im_end|>"]
Total new tokens generated: 31
[Spec] avg_accept=1.07 | tokens=31 | context_len=5220
[Adapter] acc=9/30 (30.0%) | avg_confidence=0.395 | drafted_avg_confidence=0.395 | context_len=5220
\n===== Lossless Check =====
Speculative output: The dough is kneaded by pressing and folding it, with the person's hands moving it back and forth to work it into a more uniform shape.
AR manual output:   The dough is kneaded by pressing and folding it, with the person's hands moving it back and forth to work it into a more uniform shape.
Exact match: True
OK: Outputs match. Speculative decoding is lossless.
Speedup: 0.90x
Speedup_decode: 0.90x
Spec decode tok/s: 21.81
AR decode tok/s:   24.21
 first token :NO

Draft step 0: in_token=tensor([[8996]], device='cuda:6'), in_token_decoded=NO, end_index: 5313
predicted_token: 3596, predict_score: 0.9999977350234985, token :  RE

Draft step 1: in_token=tensor([[3596]], device='cuda:6'), in_token_decoded= RE, end_index: 5314
predicted_token: 24834, predict_score: 0.9999994039535522, token : PLY

Draft step 2: in_token=tensor([[24834]], device='cuda:6'), in_token_decoded=PLY, end_index: 5315
predicted_token: 151645, predict_score: 0.9365686774253845, token : <|im_end|>
Verifying token 0: verify_id=3596 ( RE), draft_id=3596 ( RE), is_last=False, is_eos=False
Verifying token 1: verify_id=24834 (PLY), draft_id=24834 (PLY), is_last=False, is_eos=False
Verifying token 2: verify_id=151645 (<|im_end|>), draft_id=151645 (<|im_end|>), is_last=False, is_eos=True
Token 2 verification failed, accepting up to this token. is_last: False, is_eos: True, is_mismatch: False
New tokens: ['NO REPLY<|im_end|>']
Total new tokens generated: 4
[Spec] avg_accept=3.00 | tokens=4 | context_len=5312
[Adapter] acc=3/3 (100.0%) | avg_confidence=0.979 | drafted_avg_confidence=0.979 | context_len=5312
\n===== Lossless Check =====
Speculative output: NO REPLY
AR manual output:   NO REPLY
Exact match: True
OK: Outputs match. Speculative decoding is lossless.
Speedup: 1.29x
Speedup_decode: 1.41x
Spec decode tok/s: 41.98
AR decode tok/s:   29.79
 first token :NO

Draft step 0: in_token=tensor([[8996]], device='cuda:6'), in_token_decoded=NO, end_index: 5378
predicted_token: 3596, predict_score: 0.999997615814209, token :  RE

Draft step 1: in_token=tensor([[3596]], device='cuda:6'), in_token_decoded= RE, end_index: 5379
predicted_token: 24834, predict_score: 0.9999995231628418, token : PLY

Draft step 2: in_token=tensor([[24834]], device='cuda:6'), in_token_decoded=PLY, end_index: 5380
predicted_token: 151645, predict_score: 0.9368070960044861, token : <|im_end|>
Verifying token 0: verify_id=3596 ( RE), draft_id=3596 ( RE), is_last=False, is_eos=False
Verifying token 1: verify_id=24834 (PLY), draft_id=24834 (PLY), is_last=False, is_eos=False
Verifying token 2: verify_id=151645 (<|im_end|>), draft_id=151645 (<|im_end|>), is_last=False, is_eos=True
Token 2 verification failed, accepting up to this token. is_last: False, is_eos: True, is_mismatch: False
New tokens: ['NO REPLY<|im_end|>']
Total new tokens generated: 4
[Spec] avg_accept=3.00 | tokens=4 | context_len=5377
[Adapter] acc=3/3 (100.0%) | avg_confidence=0.979 | drafted_avg_confidence=0.979 | context_len=5377
\n===== Lossless Check =====
Speculative output: NO REPLY
AR manual output:   NO REPLY
Exact match: True
OK: Outputs match. Speculative decoding is lossless.
Speedup: 1.56x
Speedup_decode: 1.30x
Spec decode tok/s: 36.46
AR decode tok/s:   28.07
 first token :NO

Draft step 0: in_token=tensor([[8996]], device='cuda:6'), in_token_decoded=NO, end_index: 5443
predicted_token: 3596, predict_score: 0.9999971389770508, token :  RE

Draft step 1: in_token=tensor([[3596]], device='cuda:6'), in_token_decoded= RE, end_index: 5444
predicted_token: 24834, predict_score: 0.9999994039535522, token : PLY

Draft step 2: in_token=tensor([[24834]], device='cuda:6'), in_token_decoded=PLY, end_index: 5445
predicted_token: 151645, predict_score: 0.9361149072647095, token : <|im_end|>
Verifying token 0: verify_id=3596 ( RE), draft_id=3596 ( RE), is_last=False, is_eos=False
Verifying token 1: verify_id=24834 (PLY), draft_id=24834 (PLY), is_last=False, is_eos=False
Verifying token 2: verify_id=151645 (<|im_end|>), draft_id=151645 (<|im_end|>), is_last=False, is_eos=True
Token 2 verification failed, accepting up to this token. is_last: False, is_eos: True, is_mismatch: False
New tokens: ['NO REPLY<|im_end|>']
Total new tokens generated: 4
[Spec] avg_accept=3.00 | tokens=4 | context_len=5442
[Adapter] acc=3/3 (100.0%) | avg_confidence=0.979 | drafted_avg_confidence=0.979 | context_len=5442
\n===== Lossless Check =====
Speculative output: NO REPLY
AR manual output:   NO REPLY
Exact match: True
OK: Outputs match. Speculative decoding is lossless.
Speedup: 1.69x
Speedup_decode: 1.28x
Spec decode tok/s: 41.08
AR decode tok/s:   32.10
 first token :The

Draft step 0: in_token=tensor([[785]], device='cuda:6'), in_token_decoded=The, end_index: 5508
predicted_token: 30352, predict_score: 0.32785284519195557, token :  dough
Draft step 0, token  dough, predict_score 0.32785284519195557 < threshold 0.6, stopping further draft
Verifying token 0: verify_id=30352 ( dough), draft_id=30352 ( dough), is_last=False, is_eos=False

Draft step 0: in_token=tensor([[30352]], device='cuda:6'), in_token_decoded= dough, end_index: 5509
predicted_token: 374, predict_score: 0.8016481399536133, token :  is

Draft step 1: in_token=tensor([[374]], device='cuda:6'), in_token_decoded= is, end_index: 5510
predicted_token: 22447, predict_score: 0.42986565828323364, token :  rolled
Draft step 1, token  rolled, predict_score 0.42986565828323364 < threshold 0.6, stopping further draft
Verifying token 0: verify_id=374 ( is), draft_id=374 ( is), is_last=False, is_eos=False
Verifying token 1: verify_id=13853 ( kne), draft_id=22447 ( rolled), is_last=False, is_eos=False
Token 1 verification failed, accepting up to this token. is_last: False, is_eos: False, is_mismatch: True

Draft step 0: in_token=tensor([[13853]], device='cuda:6'), in_token_decoded= kne, end_index: 5511
predicted_token: 311, predict_score: 0.028177134692668915, token :  to
Draft step 0, token  to, predict_score 0.028177134692668915 < threshold 0.6, stopping further draft
Verifying token 0: verify_id=14255 (aded), draft_id=311 ( to), is_last=False, is_eos=False
Token 0 verification failed, accepting up to this token. is_last: False, is_eos: False, is_mismatch: True

Draft step 0: in_token=tensor([[14255]], device='cuda:6'), in_token_decoded=aded, end_index: 5512
predicted_token: 311, predict_score: 0.16790644824504852, token :  to
Draft step 0, token  to, predict_score 0.16790644824504852 < threshold 0.6, stopping further draft
Verifying token 0: verify_id=553 ( by), draft_id=311 ( to), is_last=False, is_eos=False
Token 0 verification failed, accepting up to this token. is_last: False, is_eos: False, is_mismatch: True

Draft step 0: in_token=tensor([[553]], device='cuda:6'), in_token_decoded= by, end_index: 5513
predicted_token: 25352, predict_score: 0.09776628017425537, token :  pressing
Draft step 0, token  pressing, predict_score 0.09776628017425537 < threshold 0.6, stopping further draft
Verifying token 0: verify_id=25352 ( pressing), draft_id=25352 ( pressing), is_last=False, is_eos=False

Draft step 0: in_token=tensor([[25352]], device='cuda:6'), in_token_decoded= pressing, end_index: 5514
predicted_token: 279, predict_score: 0.2988165020942688, token :  the
Draft step 0, token  the, predict_score 0.2988165020942688 < threshold 0.6, stopping further draft
Verifying token 0: verify_id=323 ( and), draft_id=279 ( the), is_last=False, is_eos=False
Token 0 verification failed, accepting up to this token. is_last: False, is_eos: False, is_mismatch: True

Draft step 0: in_token=tensor([[323]], device='cuda:6'), in_token_decoded= and, end_index: 5515
predicted_token: 1221, predict_score: 0.034357767552137375, token :  then
Draft step 0, token  then, predict_score 0.034357767552137375 < threshold 0.6, stopping further draft
Verifying token 0: verify_id=44742 ( folding), draft_id=1221 ( then), is_last=False, is_eos=False
Token 0 verification failed, accepting up to this token. is_last: False, is_eos: False, is_mismatch: True

Draft step 0: in_token=tensor([[44742]], device='cuda:6'), in_token_decoded= folding, end_index: 5516
predicted_token: 432, predict_score: 0.2771492600440979, token :  it
Draft step 0, token  it, predict_score 0.2771492600440979 < threshold 0.6, stopping further draft
Verifying token 0: verify_id=432 ( it), draft_id=432 ( it), is_last=False, is_eos=False

Draft step 0: in_token=tensor([[432]], device='cuda:6'), in_token_decoded= it, end_index: 5517
predicted_token: 448, predict_score: 0.23801331222057343, token :  with
Draft step 0, token  with, predict_score 0.23801331222057343 < threshold 0.6, stopping further draft
Verifying token 0: verify_id=11 (,), draft_id=448 ( with), is_last=False, is_eos=False
Token 0 verification failed, accepting up to this token. is_last: False, is_eos: False, is_mismatch: True

Draft step 0: in_token=tensor([[11]], device='cuda:6'), in_token_decoded=,, end_index: 5518
predicted_token: 448, predict_score: 0.31923383474349976, token :  with
Draft step 0, token  with, predict_score 0.31923383474349976 < threshold 0.6, stopping further draft
Verifying token 0: verify_id=448 ( with), draft_id=448 ( with), is_last=False, is_eos=False

Draft step 0: in_token=tensor([[448]], device='cuda:6'), in_token_decoded= with, end_index: 5519
predicted_token: 279, predict_score: 0.39251378178596497, token :  the
Draft step 0, token  the, predict_score 0.39251378178596497 < threshold 0.6, stopping further draft
Verifying token 0: verify_id=279 ( the), draft_id=279 ( the), is_last=False, is_eos=False

Draft step 0: in_token=tensor([[279]], device='cuda:6'), in_token_decoded= the, end_index: 5520
predicted_token: 20097, predict_score: 0.11288333684206009, token :  rolling
Draft step 0, token  rolling, predict_score 0.11288333684206009 < threshold 0.6, stopping further draft
Verifying token 0: verify_id=1697 ( person), draft_id=20097 ( rolling), is_last=False, is_eos=False
Token 0 verification failed, accepting up to this token. is_last: False, is_eos: False, is_mismatch: True

Draft step 0: in_token=tensor([[1697]], device='cuda:6'), in_token_decoded= person, end_index: 5521
predicted_token: 594, predict_score: 0.36600732803344727, token : 's
Draft step 0, token 's, predict_score 0.36600732803344727 < threshold 0.6, stopping further draft
Verifying token 0: verify_id=594 ('s), draft_id=594 ('s), is_last=False, is_eos=False

Draft step 0: in_token=tensor([[594]], device='cuda:6'), in_token_decoded='s, end_index: 5522
predicted_token: 1424, predict_score: 0.3307545483112335, token :  hand
Draft step 0, token  hand, predict_score 0.3307545483112335 < threshold 0.6, stopping further draft
Verifying token 0: verify_id=6078 ( hands), draft_id=1424 ( hand), is_last=False, is_eos=False
Token 0 verification failed, accepting up to this token. is_last: False, is_eos: False, is_mismatch: True

Draft step 0: in_token=tensor([[6078]], device='cuda:6'), in_token_decoded= hands, end_index: 5523
predicted_token: 389, predict_score: 0.20286454260349274, token :  on
Draft step 0, token  on, predict_score 0.20286454260349274 < threshold 0.6, stopping further draft
Verifying token 0: verify_id=7218 ( moving), draft_id=389 ( on), is_last=False, is_eos=False
Token 0 verification failed, accepting up to this token. is_last: False, is_eos: False, is_mismatch: True

Draft step 0: in_token=tensor([[7218]], device='cuda:6'), in_token_decoded= moving, end_index: 5524
predicted_token: 311, predict_score: 0.12427973747253418, token :  to
Draft step 0, token  to, predict_score 0.12427973747253418 < threshold 0.6, stopping further draft
Verifying token 0: verify_id=432 ( it), draft_id=311 ( to), is_last=False, is_eos=False
Token 0 verification failed, accepting up to this token. is_last: False, is_eos: False, is_mismatch: True

Draft step 0: in_token=tensor([[432]], device='cuda:6'), in_token_decoded= it, end_index: 5525
predicted_token: 311, predict_score: 0.1971428096294403, token :  to
Draft step 0, token  to, predict_score 0.1971428096294403 < threshold 0.6, stopping further draft
Verifying token 0: verify_id=1182 ( back), draft_id=311 ( to), is_last=False, is_eos=False
Token 0 verification failed, accepting up to this token. is_last: False, is_eos: False, is_mismatch: True

Draft step 0: in_token=tensor([[1182]], device='cuda:6'), in_token_decoded= back, end_index: 5526
predicted_token: 311, predict_score: 0.15156763792037964, token :  to
Draft step 0, token  to, predict_score 0.15156763792037964 < threshold 0.6, stopping further draft
Verifying token 0: verify_id=323 ( and), draft_id=311 ( to), is_last=False, is_eos=False
Token 0 verification failed, accepting up to this token. is_last: False, is_eos: False, is_mismatch: True

Draft step 0: in_token=tensor([[323]], device='cuda:6'), in_token_decoded= and, end_index: 5527
predicted_token: 11893, predict_score: 0.04083435609936714, token :  lift
Draft step 0, token  lift, predict_score 0.04083435609936714 < threshold 0.6, stopping further draft
Verifying token 0: verify_id=13241 ( forth), draft_id=11893 ( lift), is_last=False, is_eos=False
Token 0 verification failed, accepting up to this token. is_last: False, is_eos: False, is_mismatch: True

Draft step 0: in_token=tensor([[13241]], device='cuda:6'), in_token_decoded= forth, end_index: 5528
predicted_token: 304, predict_score: 0.20735201239585876, token :  in
Draft step 0, token  in, predict_score 0.20735201239585876 < threshold 0.6, stopping further draft
Verifying token 0: verify_id=311 ( to), draft_id=304 ( in), is_last=False, is_eos=False
Token 0 verification failed, accepting up to this token. is_last: False, is_eos: False, is_mismatch: True

Draft step 0: in_token=tensor([[311]], device='cuda:6'), in_token_decoded= to, end_index: 5529
predicted_token: 1779, predict_score: 0.295229971408844, token :  check
Draft step 0, token  check, predict_score 0.295229971408844 < threshold 0.6, stopping further draft
Verifying token 0: verify_id=975 ( work), draft_id=1779 ( check), is_last=False, is_eos=False
Token 0 verification failed, accepting up to this token. is_last: False, is_eos: False, is_mismatch: True

Draft step 0: in_token=tensor([[975]], device='cuda:6'), in_token_decoded= work, end_index: 5530
predicted_token: 389, predict_score: 0.8715845942497253, token :  on

Draft step 1: in_token=tensor([[389]], device='cuda:6'), in_token_decoded= on, end_index: 5531
predicted_token: 432, predict_score: 0.46339550614356995, token :  it
Draft step 1, token  it, predict_score 0.46339550614356995 < threshold 0.6, stopping further draft
Verifying token 0: verify_id=432 ( it), draft_id=389 ( on), is_last=False, is_eos=False
Token 0 verification failed, accepting up to this token. is_last: False, is_eos: False, is_mismatch: True

Draft step 0: in_token=tensor([[432]], device='cuda:6'), in_token_decoded= it, end_index: 5531
predicted_token: 304, predict_score: 0.19090650975704193, token :  in
Draft step 0, token  in, predict_score 0.19090650975704193 < threshold 0.6, stopping further draft
Verifying token 0: verify_id=1119 ( into), draft_id=304 ( in), is_last=False, is_eos=False
Token 0 verification failed, accepting up to this token. is_last: False, is_eos: False, is_mismatch: True

Draft step 0: in_token=tensor([[1119]], device='cuda:6'), in_token_decoded= into, end_index: 5532
predicted_token: 279, predict_score: 0.8645483255386353, token :  the

Draft step 1: in_token=tensor([[279]], device='cuda:6'), in_token_decoded= the, end_index: 5533
predicted_token: 19212, predict_score: 0.2049298882484436, token :  bowl
Draft step 1, token  bowl, predict_score 0.2049298882484436 < threshold 0.6, stopping further draft
Verifying token 0: verify_id=264 ( a), draft_id=279 ( the), is_last=False, is_eos=False
Token 0 verification failed, accepting up to this token. is_last: False, is_eos: False, is_mismatch: True

Draft step 0: in_token=tensor([[264]], device='cuda:6'), in_token_decoded= a, end_index: 5533
predicted_token: 19212, predict_score: 0.6188358664512634, token :  bowl

Draft step 1: in_token=tensor([[19212]], device='cuda:6'), in_token_decoded= bowl, end_index: 5534
predicted_token: 13, predict_score: 0.37911486625671387, token : .
Draft step 1, token ., predict_score 0.37911486625671387 < threshold 0.6, stopping further draft
Verifying token 0: verify_id=803 ( more), draft_id=19212 ( bowl), is_last=False, is_eos=False
Token 0 verification failed, accepting up to this token. is_last: False, is_eos: False, is_mismatch: True

Draft step 0: in_token=tensor([[803]], device='cuda:6'), in_token_decoded= more, end_index: 5534
predicted_token: 1136, predict_score: 0.08563552051782608, token :  sc
Draft step 0, token  sc, predict_score 0.08563552051782608 < threshold 0.6, stopping further draft
Verifying token 0: verify_id=13794 ( uniform), draft_id=1136 ( sc), is_last=False, is_eos=False
Token 0 verification failed, accepting up to this token. is_last: False, is_eos: False, is_mismatch: True

Draft step 0: in_token=tensor([[13794]], device='cuda:6'), in_token_decoded= uniform, end_index: 5535
predicted_token: 11, predict_score: 0.5987499952316284, token : ,
Draft step 0, token ,, predict_score 0.5987499952316284 < threshold 0.6, stopping further draft
Verifying token 0: verify_id=6083 ( shape), draft_id=11 (,), is_last=False, is_eos=False
Token 0 verification failed, accepting up to this token. is_last: False, is_eos: False, is_mismatch: True

Draft step 0: in_token=tensor([[6083]], device='cuda:6'), in_token_decoded= shape, end_index: 5536
predicted_token: 13, predict_score: 0.7922362089157104, token : .

Draft step 1: in_token=tensor([[13]], device='cuda:6'), in_token_decoded=., end_index: 5537
predicted_token: 151645, predict_score: 0.9277446866035461, token : <|im_end|>
Verifying token 0: verify_id=11 (,), draft_id=13 (.), is_last=False, is_eos=False
Token 0 verification failed, accepting up to this token. is_last: False, is_eos: False, is_mismatch: True

Draft step 0: in_token=tensor([[11]], device='cuda:6'), in_token_decoded=,, end_index: 5537
predicted_token: 323, predict_score: 0.43515530228614807, token :  and
Draft step 0, token  and, predict_score 0.43515530228614807 < threshold 0.6, stopping further draft
Verifying token 0: verify_id=323 ( and), draft_id=323 ( and), is_last=False, is_eos=False

Draft step 0: in_token=tensor([[323]], device='cuda:6'), in_token_decoded= and, end_index: 5538
predicted_token: 279, predict_score: 0.15379752218723297, token :  the
Draft step 0, token  the, predict_score 0.15379752218723297 < threshold 0.6, stopping further draft
Verifying token 0: verify_id=1221 ( then), draft_id=279 ( the), is_last=False, is_eos=False
Token 0 verification failed, accepting up to this token. is_last: False, is_eos: False, is_mismatch: True

Draft step 0: in_token=tensor([[1221]], device='cuda:6'), in_token_decoded= then, end_index: 5539
predicted_token: 25352, predict_score: 0.1256653368473053, token :  pressing
Draft step 0, token  pressing, predict_score 0.1256653368473053 < threshold 0.6, stopping further draft
Verifying token 0: verify_id=9099 ( placed), draft_id=25352 ( pressing), is_last=False, is_eos=False
Token 0 verification failed, accepting up to this token. is_last: False, is_eos: False, is_mismatch: True

Draft step 0: in_token=tensor([[9099]], device='cuda:6'), in_token_decoded= placed, end_index: 5540
predicted_token: 389, predict_score: 0.5335537791252136, token :  on
Draft step 0, token  on, predict_score 0.5335537791252136 < threshold 0.6, stopping further draft
Verifying token 0: verify_id=1119 ( into), draft_id=389 ( on), is_last=False, is_eos=False
Token 0 verification failed, accepting up to this token. is_last: False, is_eos: False, is_mismatch: True

Draft step 0: in_token=tensor([[1119]], device='cuda:6'), in_token_decoded= into, end_index: 5541
predicted_token: 279, predict_score: 0.6288076043128967, token :  the

Draft step 1: in_token=tensor([[279]], device='cuda:6'), in_token_decoded= the, end_index: 5542
predicted_token: 19212, predict_score: 0.2323552668094635, token :  bowl
Draft step 1, token  bowl, predict_score 0.2323552668094635 < threshold 0.6, stopping further draft
Verifying token 0: verify_id=264 ( a), draft_id=279 ( the), is_last=False, is_eos=False
Token 0 verification failed, accepting up to this token. is_last: False, is_eos: False, is_mismatch: True

Draft step 0: in_token=tensor([[264]], device='cuda:6'), in_token_decoded= a, end_index: 5542
predicted_token: 19212, predict_score: 0.882344663143158, token :  bowl

Draft step 1: in_token=tensor([[19212]], device='cuda:6'), in_token_decoded= bowl, end_index: 5543
predicted_token: 369, predict_score: 0.32026755809783936, token :  for
Draft step 1, token  for, predict_score 0.32026755809783936 < threshold 0.6, stopping further draft
Verifying token 0: verify_id=30352 ( dough), draft_id=19212 ( bowl), is_last=False, is_eos=False
Token 0 verification failed, accepting up to this token. is_last: False, is_eos: False, is_mismatch: True

Draft step 0: in_token=tensor([[30352]], device='cuda:6'), in_token_decoded= dough, end_index: 5543
predicted_token: 311, predict_score: 0.1436157375574112, token :  to
Draft step 0, token  to, predict_score 0.1436157375574112 < threshold 0.6, stopping further draft
Verifying token 0: verify_id=37778 ( mixer), draft_id=311 ( to), is_last=False, is_eos=False
Token 0 verification failed, accepting up to this token. is_last: False, is_eos: False, is_mismatch: True

Draft step 0: in_token=tensor([[37778]], device='cuda:6'), in_token_decoded= mixer, end_index: 5544
predicted_token: 311, predict_score: 0.2750820815563202, token :  to
Draft step 0, token  to, predict_score 0.2750820815563202 < threshold 0.6, stopping further draft
Verifying token 0: verify_id=13 (.), draft_id=311 ( to), is_last=False, is_eos=False
Token 0 verification failed, accepting up to this token. is_last: False, is_eos: False, is_mismatch: True

Draft step 0: in_token=tensor([[13]], device='cuda:6'), in_token_decoded=., end_index: 5545
predicted_token: 151645, predict_score: 0.9261566400527954, token : <|im_end|>
Verifying token 0: verify_id=151645 (<|im_end|>), draft_id=151645 (<|im_end|>), is_last=False, is_eos=True
Token 0 verification failed, accepting up to this token. is_last: False, is_eos: True, is_mismatch: False
New tokens: ["The dough is kneaded by pressing and folding it, with the person's hands moving it back and forth to work it into a more uniform shape, and then placed into a dough mixer.<|im_end|>"]
Total new tokens generated: 39
[Spec] avg_accept=1.03 | tokens=39 | context_len=5507
[Adapter] acc=9/38 (23.7%) | avg_confidence=0.366 | drafted_avg_confidence=0.366 | context_len=5507
\n===== Lossless Check =====
Speculative output: The dough is kneaded by pressing and folding it, with the person's hands moving it back and forth to work it into a more uniform shape, and then placed into a dough mixer.
AR manual output:   The dough is kneaded by pressing and folding it, with the person's hands moving it back and forth to work it into a more uniform shape, and then placed into a dough mixer.
Exact match: True
OK: Outputs match. Speculative decoding is lossless.
Speedup: 0.89x
Speedup_decode: 0.88x
Spec decode tok/s: 20.99
AR decode tok/s:   23.82
 first token :NO

Draft step 0: in_token=tensor([[8996]], device='cuda:6'), in_token_decoded=NO, end_index: 5608
predicted_token: 3596, predict_score: 0.9999971389770508, token :  RE

Draft step 1: in_token=tensor([[3596]], device='cuda:6'), in_token_decoded= RE, end_index: 5609
predicted_token: 24834, predict_score: 0.9999992847442627, token : PLY

Draft step 2: in_token=tensor([[24834]], device='cuda:6'), in_token_decoded=PLY, end_index: 5610
predicted_token: 151645, predict_score: 0.9377543330192566, token : <|im_end|>
Verifying token 0: verify_id=3596 ( RE), draft_id=3596 ( RE), is_last=False, is_eos=False
Verifying token 1: verify_id=24834 (PLY), draft_id=24834 (PLY), is_last=False, is_eos=False
Verifying token 2: verify_id=151645 (<|im_end|>), draft_id=151645 (<|im_end|>), is_last=False, is_eos=True
Token 2 verification failed, accepting up to this token. is_last: False, is_eos: True, is_mismatch: False
New tokens: ['NO REPLY<|im_end|>']
Total new tokens generated: 4
[Spec] avg_accept=3.00 | tokens=4 | context_len=5607
[Adapter] acc=3/3 (100.0%) | avg_confidence=0.979 | drafted_avg_confidence=0.979 | context_len=5607
\n===== Lossless Check =====
Speculative output: NO REPLY
AR manual output:   NO REPLY
Exact match: True
OK: Outputs match. Speculative decoding is lossless.
Speedup: 1.76x
Speedup_decode: 1.15x
Spec decode tok/s: 36.62
AR decode tok/s:   31.79
 first token :NO

Draft step 0: in_token=tensor([[8996]], device='cuda:6'), in_token_decoded=NO, end_index: 5673
predicted_token: 3596, predict_score: 0.9999961853027344, token :  RE

Draft step 1: in_token=tensor([[3596]], device='cuda:6'), in_token_decoded= RE, end_index: 5674
predicted_token: 24834, predict_score: 0.9999991655349731, token : PLY

Draft step 2: in_token=tensor([[24834]], device='cuda:6'), in_token_decoded=PLY, end_index: 5675
predicted_token: 151645, predict_score: 0.9369176626205444, token : <|im_end|>
Verifying token 0: verify_id=3596 ( RE), draft_id=3596 ( RE), is_last=False, is_eos=False
Verifying token 1: verify_id=24834 (PLY), draft_id=24834 (PLY), is_last=False, is_eos=False
Verifying token 2: verify_id=151645 (<|im_end|>), draft_id=151645 (<|im_end|>), is_last=False, is_eos=True
Token 2 verification failed, accepting up to this token. is_last: False, is_eos: True, is_mismatch: False
New tokens: ['NO REPLY<|im_end|>']
Total new tokens generated: 4
[Spec] avg_accept=3.00 | tokens=4 | context_len=5672
[Adapter] acc=3/3 (100.0%) | avg_confidence=0.979 | drafted_avg_confidence=0.979 | context_len=5672
\n===== Lossless Check =====
Speculative output: NO REPLY
AR manual output:   NO REPLY
Exact match: True
OK: Outputs match. Speculative decoding is lossless.
Speedup: 1.79x
Speedup_decode: 1.73x
Spec decode tok/s: 52.93
AR decode tok/s:   30.56
 first token :NO

Draft step 0: in_token=tensor([[8996]], device='cuda:6'), in_token_decoded=NO, end_index: 5738
predicted_token: 3596, predict_score: 0.9999963045120239, token :  RE

Draft step 1: in_token=tensor([[3596]], device='cuda:6'), in_token_decoded= RE, end_index: 5739
predicted_token: 24834, predict_score: 0.9999991655349731, token : PLY

Draft step 2: in_token=tensor([[24834]], device='cuda:6'), in_token_decoded=PLY, end_index: 5740
predicted_token: 151645, predict_score: 0.9367784857749939, token : <|im_end|>
Verifying token 0: verify_id=3596 ( RE), draft_id=3596 ( RE), is_last=False, is_eos=False
Verifying token 1: verify_id=24834 (PLY), draft_id=24834 (PLY), is_last=False, is_eos=False
Verifying token 2: verify_id=151645 (<|im_end|>), draft_id=151645 (<|im_end|>), is_last=False, is_eos=True
Token 2 verification failed, accepting up to this token. is_last: False, is_eos: True, is_mismatch: False
New tokens: ['NO REPLY<|im_end|>']
Total new tokens generated: 4
[Spec] avg_accept=3.00 | tokens=4 | context_len=5737
[Adapter] acc=3/3 (100.0%) | avg_confidence=0.979 | drafted_avg_confidence=0.979 | context_len=5737
\n===== Lossless Check =====
Speculative output: NO REPLY
AR manual output:   NO REPLY
Exact match: True
OK: Outputs match. Speculative decoding is lossless.
Speedup: 1.62x
Speedup_decode: 1.03x
Spec decode tok/s: 35.05
AR decode tok/s:   33.99
 first token :The

Draft step 0: in_token=tensor([[785]], device='cuda:6'), in_token_decoded=The, end_index: 5803
predicted_token: 30352, predict_score: 0.3233337998390198, token :  dough
Draft step 0, token  dough, predict_score 0.3233337998390198 < threshold 0.6, stopping further draft
Verifying token 0: verify_id=30352 ( dough), draft_id=30352 ( dough), is_last=False, is_eos=False

Draft step 0: in_token=tensor([[30352]], device='cuda:6'), in_token_decoded= dough, end_index: 5804
predicted_token: 374, predict_score: 0.6447761058807373, token :  is

Draft step 1: in_token=tensor([[374]], device='cuda:6'), in_token_decoded= is, end_index: 5805
predicted_token: 22447, predict_score: 0.2581455409526825, token :  rolled
Draft step 1, token  rolled, predict_score 0.2581455409526825 < threshold 0.6, stopping further draft
Verifying token 0: verify_id=374 ( is), draft_id=374 ( is), is_last=False, is_eos=False
Verifying token 1: verify_id=13853 ( kne), draft_id=22447 ( rolled), is_last=False, is_eos=False
Token 1 verification failed, accepting up to this token. is_last: False, is_eos: False, is_mismatch: True

Draft step 0: in_token=tensor([[13853]], device='cuda:6'), in_token_decoded= kne, end_index: 5806
predicted_token: 311, predict_score: 0.042514171451330185, token :  to
Draft step 0, token  to, predict_score 0.042514171451330185 < threshold 0.6, stopping further draft
Verifying token 0: verify_id=14255 (aded), draft_id=311 ( to), is_last=False, is_eos=False
Token 0 verification failed, accepting up to this token. is_last: False, is_eos: False, is_mismatch: True

Draft step 0: in_token=tensor([[14255]], device='cuda:6'), in_token_decoded=aded, end_index: 5807
predicted_token: 448, predict_score: 0.15701299905776978, token :  with
Draft step 0, token  with, predict_score 0.15701299905776978 < threshold 0.6, stopping further draft
Verifying token 0: verify_id=553 ( by), draft_id=448 ( with), is_last=False, is_eos=False
Token 0 verification failed, accepting up to this token. is_last: False, is_eos: False, is_mismatch: True

Draft step 0: in_token=tensor([[553]], device='cuda:6'), in_token_decoded= by, end_index: 5808
predicted_token: 25352, predict_score: 0.09253097325563431, token :  pressing
Draft step 0, token  pressing, predict_score 0.09253097325563431 < threshold 0.6, stopping further draft
Verifying token 0: verify_id=25352 ( pressing), draft_id=25352 ( pressing), is_last=False, is_eos=False

Draft step 0: in_token=tensor([[25352]], device='cuda:6'), in_token_decoded= pressing, end_index: 5809
predicted_token: 389, predict_score: 0.49377742409706116, token :  on
Draft step 0, token  on, predict_score 0.49377742409706116 < threshold 0.6, stopping further draft
Verifying token 0: verify_id=323 ( and), draft_id=389 ( on), is_last=False, is_eos=False
Token 0 verification failed, accepting up to this token. is_last: False, is_eos: False, is_mismatch: True

Draft step 0: in_token=tensor([[323]], device='cuda:6'), in_token_decoded= and, end_index: 5810
predicted_token: 13295, predict_score: 0.03852798789739609, token :  checking
Draft step 0, token  checking, predict_score 0.03852798789739609 < threshold 0.6, stopping further draft
Verifying token 0: verify_id=44742 ( folding), draft_id=13295 ( checking), is_last=False, is_eos=False
Token 0 verification failed, accepting up to this token. is_last: False, is_eos: False, is_mismatch: True

Draft step 0: in_token=tensor([[44742]], device='cuda:6'), in_token_decoded= folding, end_index: 5811
predicted_token: 432, predict_score: 0.1146664023399353, token :  it
Draft step 0, token  it, predict_score 0.1146664023399353 < threshold 0.6, stopping further draft
Verifying token 0: verify_id=432 ( it), draft_id=432 ( it), is_last=False, is_eos=False

Draft step 0: in_token=tensor([[432]], device='cuda:6'), in_token_decoded= it, end_index: 5812
predicted_token: 448, predict_score: 0.1867251843214035, token :  with
Draft step 0, token  with, predict_score 0.1867251843214035 < threshold 0.6, stopping further draft
Verifying token 0: verify_id=11 (,), draft_id=448 ( with), is_last=False, is_eos=False
Token 0 verification failed, accepting up to this token. is_last: False, is_eos: False, is_mismatch: True

Draft step 0: in_token=tensor([[11]], device='cuda:6'), in_token_decoded=,, end_index: 5813
predicted_token: 448, predict_score: 0.431753009557724, token :  with
Draft step 0, token  with, predict_score 0.431753009557724 < threshold 0.6, stopping further draft
Verifying token 0: verify_id=448 ( with), draft_id=448 ( with), is_last=False, is_eos=False

Draft step 0: in_token=tensor([[448]], device='cuda:6'), in_token_decoded= with, end_index: 5814
predicted_token: 279, predict_score: 0.5254616737365723, token :  the
Draft step 0, token  the, predict_score 0.5254616737365723 < threshold 0.6, stopping further draft
Verifying token 0: verify_id=279 ( the), draft_id=279 ( the), is_last=False, is_eos=False

Draft step 0: in_token=tensor([[279]], device='cuda:6'), in_token_decoded= the, end_index: 5815
predicted_token: 20097, predict_score: 0.09628955274820328, token :  rolling
Draft step 0, token  rolling, predict_score 0.09628955274820328 < threshold 0.6, stopping further draft
Verifying token 0: verify_id=1697 ( person), draft_id=20097 ( rolling), is_last=False, is_eos=False
Token 0 verification failed, accepting up to this token. is_last: False, is_eos: False, is_mismatch: True

Draft step 0: in_token=tensor([[1697]], device='cuda:6'), in_token_decoded= person, end_index: 5816
predicted_token: 594, predict_score: 0.44229641556739807, token : 's
Draft step 0, token 's, predict_score 0.44229641556739807 < threshold 0.6, stopping further draft
Verifying token 0: verify_id=594 ('s), draft_id=594 ('s), is_last=False, is_eos=False

Draft step 0: in_token=tensor([[594]], device='cuda:6'), in_token_decoded='s, end_index: 5817
predicted_token: 6078, predict_score: 0.32001176476478577, token :  hands
Draft step 0, token  hands, predict_score 0.32001176476478577 < threshold 0.6, stopping further draft
Verifying token 0: verify_id=6078 ( hands), draft_id=6078 ( hands), is_last=False, is_eos=False

Draft step 0: in_token=tensor([[6078]], device='cuda:6'), in_token_decoded= hands, end_index: 5818
predicted_token: 389, predict_score: 0.2963498830795288, token :  on
Draft step 0, token  on, predict_score 0.2963498830795288 < threshold 0.6, stopping further draft
Verifying token 0: verify_id=7218 ( moving), draft_id=389 ( on), is_last=False, is_eos=False
Token 0 verification failed, accepting up to this token. is_last: False, is_eos: False, is_mismatch: True

Draft step 0: in_token=tensor([[7218]], device='cuda:6'), in_token_decoded= moving, end_index: 5819
predicted_token: 311, predict_score: 0.17635978758335114, token :  to
Draft step 0, token  to, predict_score 0.17635978758335114 < threshold 0.6, stopping further draft
Verifying token 0: verify_id=432 ( it), draft_id=311 ( to), is_last=False, is_eos=False
Token 0 verification failed, accepting up to this token. is_last: False, is_eos: False, is_mismatch: True

Draft step 0: in_token=tensor([[432]], device='cuda:6'), in_token_decoded= it, end_index: 5820
predicted_token: 311, predict_score: 0.26585638523101807, token :  to
Draft step 0, token  to, predict_score 0.26585638523101807 < threshold 0.6, stopping further draft
Verifying token 0: verify_id=1182 ( back), draft_id=311 ( to), is_last=False, is_eos=False
Token 0 verification failed, accepting up to this token. is_last: False, is_eos: False, is_mismatch: True

Draft step 0: in_token=tensor([[1182]], device='cuda:6'), in_token_decoded= back, end_index: 5821
predicted_token: 389, predict_score: 0.3193458616733551, token :  on
Draft step 0, token  on, predict_score 0.3193458616733551 < threshold 0.6, stopping further draft
Verifying token 0: verify_id=323 ( and), draft_id=389 ( on), is_last=False, is_eos=False
Token 0 verification failed, accepting up to this token. is_last: False, is_eos: False, is_mismatch: True

Draft step 0: in_token=tensor([[323]], device='cuda:6'), in_token_decoded= and, end_index: 5822
predicted_token: 13241, predict_score: 0.09149493277072906, token :  forth
Draft step 0, token  forth, predict_score 0.09149493277072906 < threshold 0.6, stopping further draft
Verifying token 0: verify_id=13241 ( forth), draft_id=13241 ( forth), is_last=False, is_eos=False

Draft step 0: in_token=tensor([[13241]], device='cuda:6'), in_token_decoded= forth, end_index: 5823
predicted_token: 448, predict_score: 0.2056209146976471, token :  with
Draft step 0, token  with, predict_score 0.2056209146976471 < threshold 0.6, stopping further draft
Verifying token 0: verify_id=311 ( to), draft_id=448 ( with), is_last=False, is_eos=False
Token 0 verification failed, accepting up to this token. is_last: False, is_eos: False, is_mismatch: True

Draft step 0: in_token=tensor([[311]], device='cuda:6'), in_token_decoded= to, end_index: 5824
predicted_token: 1779, predict_score: 0.4397391378879547, token :  check
Draft step 0, token  check, predict_score 0.4397391378879547 < threshold 0.6, stopping further draft
Verifying token 0: verify_id=975 ( work), draft_id=1779 ( check), is_last=False, is_eos=False
Token 0 verification failed, accepting up to this token. is_last: False, is_eos: False, is_mismatch: True

Draft step 0: in_token=tensor([[975]], device='cuda:6'), in_token_decoded= work, end_index: 5825
predicted_token: 389, predict_score: 0.8779131174087524, token :  on

Draft step 1: in_token=tensor([[389]], device='cuda:6'), in_token_decoded= on, end_index: 5826
predicted_token: 279, predict_score: 0.7972339391708374, token :  the

Draft step 2: in_token=tensor([[279]], device='cuda:6'), in_token_decoded= the, end_index: 5827
predicted_token: 30352, predict_score: 0.0702965036034584, token :  dough
Draft step 2, token  dough, predict_score 0.0702965036034584 < threshold 0.6, stopping further draft
Verifying token 0: verify_id=432 ( it), draft_id=389 ( on), is_last=False, is_eos=False
Token 0 verification failed, accepting up to this token. is_last: False, is_eos: False, is_mismatch: True

Draft step 0: in_token=tensor([[432]], device='cuda:6'), in_token_decoded= it, end_index: 5826
predicted_token: 304, predict_score: 0.22793829441070557, token :  in
Draft step 0, token  in, predict_score 0.22793829441070557 < threshold 0.6, stopping further draft
Verifying token 0: verify_id=1119 ( into), draft_id=304 ( in), is_last=False, is_eos=False
Token 0 verification failed, accepting up to this token. is_last: False, is_eos: False, is_mismatch: True

Draft step 0: in_token=tensor([[1119]], device='cuda:6'), in_token_decoded= into, end_index: 5827
predicted_token: 279, predict_score: 0.862777590751648, token :  the

Draft step 1: in_token=tensor([[279]], device='cuda:6'), in_token_decoded= the, end_index: 5828
predicted_token: 19212, predict_score: 0.18409447371959686, token :  bowl
Draft step 1, token  bowl, predict_score 0.18409447371959686 < threshold 0.6, stopping further draft
Verifying token 0: verify_id=264 ( a), draft_id=279 ( the), is_last=False, is_eos=False
Token 0 verification failed, accepting up to this token. is_last: False, is_eos: False, is_mismatch: True

Draft step 0: in_token=tensor([[264]], device='cuda:6'), in_token_decoded= a, end_index: 5828
predicted_token: 19212, predict_score: 0.8245192766189575, token :  bowl

Draft step 1: in_token=tensor([[19212]], device='cuda:6'), in_token_decoded= bowl, end_index: 5829
predicted_token: 13, predict_score: 0.2965506613254547, token : .
Draft step 1, token ., predict_score 0.2965506613254547 < threshold 0.6, stopping further draft
Verifying token 0: verify_id=803 ( more), draft_id=19212 ( bowl), is_last=False, is_eos=False
Token 0 verification failed, accepting up to this token. is_last: False, is_eos: False, is_mismatch: True

Draft step 0: in_token=tensor([[803]], device='cuda:6'), in_token_decoded= more, end_index: 5829
predicted_token: 1136, predict_score: 0.07051412761211395, token :  sc
Draft step 0, token  sc, predict_score 0.07051412761211395 < threshold 0.6, stopping further draft
Verifying token 0: verify_id=13794 ( uniform), draft_id=1136 ( sc), is_last=False, is_eos=False
Token 0 verification failed, accepting up to this token. is_last: False, is_eos: False, is_mismatch: True

Draft step 0: in_token=tensor([[13794]], device='cuda:6'), in_token_decoded= uniform, end_index: 5830
predicted_token: 11, predict_score: 0.6802949905395508, token : ,

Draft step 1: in_token=tensor([[11]], device='cuda:6'), in_token_decoded=,, end_index: 5831
predicted_token: 323, predict_score: 0.4920557737350464, token :  and
Draft step 1, token  and, predict_score 0.4920557737350464 < threshold 0.6, stopping further draft
Verifying token 0: verify_id=6083 ( shape), draft_id=11 (,), is_last=False, is_eos=False
Token 0 verification failed, accepting up to this token. is_last: False, is_eos: False, is_mismatch: True

Draft step 0: in_token=tensor([[6083]], device='cuda:6'), in_token_decoded= shape, end_index: 5831
predicted_token: 13, predict_score: 0.7488852739334106, token : .

Draft step 1: in_token=tensor([[13]], device='cuda:6'), in_token_decoded=., end_index: 5832
predicted_token: 151645, predict_score: 0.9287756681442261, token : <|im_end|>
Verifying token 0: verify_id=11 (,), draft_id=13 (.), is_last=False, is_eos=False
Token 0 verification failed, accepting up to this token. is_last: False, is_eos: False, is_mismatch: True

Draft step 0: in_token=tensor([[11]], device='cuda:6'), in_token_decoded=,, end_index: 5832
predicted_token: 323, predict_score: 0.32229119539260864, token :  and
Draft step 0, token  and, predict_score 0.32229119539260864 < threshold 0.6, stopping further draft
Verifying token 0: verify_id=323 ( and), draft_id=323 ( and), is_last=False, is_eos=False

Draft step 0: in_token=tensor([[323]], device='cuda:6'), in_token_decoded= and, end_index: 5833
predicted_token: 279, predict_score: 0.13405658304691315, token :  the
Draft step 0, token  the, predict_score 0.13405658304691315 < threshold 0.6, stopping further draft
Verifying token 0: verify_id=1221 ( then), draft_id=279 ( the), is_last=False, is_eos=False
Token 0 verification failed, accepting up to this token. is_last: False, is_eos: False, is_mismatch: True

Draft step 0: in_token=tensor([[1221]], device='cuda:6'), in_token_decoded= then, end_index: 5834
predicted_token: 25352, predict_score: 0.0559144988656044, token :  pressing
Draft step 0, token  pressing, predict_score 0.0559144988656044 < threshold 0.6, stopping further draft
Verifying token 0: verify_id=9099 ( placed), draft_id=25352 ( pressing), is_last=False, is_eos=False
Token 0 verification failed, accepting up to this token. is_last: False, is_eos: False, is_mismatch: True

Draft step 0: in_token=tensor([[9099]], device='cuda:6'), in_token_decoded= placed, end_index: 5835
predicted_token: 389, predict_score: 0.4751591682434082, token :  on
Draft step 0, token  on, predict_score 0.4751591682434082 < threshold 0.6, stopping further draft
Verifying token 0: verify_id=1119 ( into), draft_id=389 ( on), is_last=False, is_eos=False
Token 0 verification failed, accepting up to this token. is_last: False, is_eos: False, is_mismatch: True

Draft step 0: in_token=tensor([[1119]], device='cuda:6'), in_token_decoded= into, end_index: 5836
predicted_token: 279, predict_score: 0.7599924802780151, token :  the

Draft step 1: in_token=tensor([[279]], device='cuda:6'), in_token_decoded= the, end_index: 5837
predicted_token: 19212, predict_score: 0.6175373792648315, token :  bowl

Draft step 2: in_token=tensor([[19212]], device='cuda:6'), in_token_decoded= bowl, end_index: 5838
predicted_token: 13, predict_score: 0.3161293864250183, token : .
Draft step 2, token ., predict_score 0.3161293864250183 < threshold 0.6, stopping further draft
Verifying token 0: verify_id=264 ( a), draft_id=279 ( the), is_last=False, is_eos=False
Token 0 verification failed, accepting up to this token. is_last: False, is_eos: False, is_mismatch: True

Draft step 0: in_token=tensor([[264]], device='cuda:6'), in_token_decoded= a, end_index: 5837
predicted_token: 19212, predict_score: 0.924419105052948, token :  bowl

Draft step 1: in_token=tensor([[19212]], device='cuda:6'), in_token_decoded= bowl, end_index: 5838
predicted_token: 369, predict_score: 0.30752071738243103, token :  for
Draft step 1, token  for, predict_score 0.30752071738243103 < threshold 0.6, stopping further draft
Verifying token 0: verify_id=30352 ( dough), draft_id=19212 ( bowl), is_last=False, is_eos=False
Token 0 verification failed, accepting up to this token. is_last: False, is_eos: False, is_mismatch: True

Draft step 0: in_token=tensor([[30352]], device='cuda:6'), in_token_decoded= dough, end_index: 5838
predicted_token: 311, predict_score: 0.1855180561542511, token :  to
Draft step 0, token  to, predict_score 0.1855180561542511 < threshold 0.6, stopping further draft
Verifying token 0: verify_id=37778 ( mixer), draft_id=311 ( to), is_last=False, is_eos=False
Token 0 verification failed, accepting up to this token. is_last: False, is_eos: False, is_mismatch: True

Draft step 0: in_token=tensor([[37778]], device='cuda:6'), in_token_decoded= mixer, end_index: 5839
predicted_token: 13, predict_score: 0.2149864286184311, token : .
Draft step 0, token ., predict_score 0.2149864286184311 < threshold 0.6, stopping further draft
Verifying token 0: verify_id=311 ( to), draft_id=13 (.), is_last=False, is_eos=False
Token 0 verification failed, accepting up to this token. is_last: False, is_eos: False, is_mismatch: True

Draft step 0: in_token=tensor([[311]], device='cuda:6'), in_token_decoded= to, end_index: 5840
predicted_token: 1779, predict_score: 0.2392081320285797, token :  check
Draft step 0, token  check, predict_score 0.2392081320285797 < threshold 0.6, stopping further draft
Verifying token 0: verify_id=387 ( be), draft_id=1779 ( check), is_last=False, is_eos=False
Token 0 verification failed, accepting up to this token. is_last: False, is_eos: False, is_mismatch: True

Draft step 0: in_token=tensor([[387]], device='cuda:6'), in_token_decoded= be, end_index: 5841
predicted_token: 8930, predict_score: 0.06494459509849548, token :  opened
Draft step 0, token  opened, predict_score 0.06494459509849548 < threshold 0.6, stopping further draft
Verifying token 0: verify_id=13853 ( kne), draft_id=8930 ( opened), is_last=False, is_eos=False
Token 0 verification failed, accepting up to this token. is_last: False, is_eos: False, is_mismatch: True

Draft step 0: in_token=tensor([[13853]], device='cuda:6'), in_token_decoded= kne, end_index: 5842
predicted_token: 13, predict_score: 0.05489303171634674, token : .
Draft step 0, token ., predict_score 0.05489303171634674 < threshold 0.6, stopping further draft
Verifying token 0: verify_id=14255 (aded), draft_id=13 (.), is_last=False, is_eos=False
Token 0 verification failed, accepting up to this token. is_last: False, is_eos: False, is_mismatch: True

Draft step 0: in_token=tensor([[14255]], device='cuda:6'), in_token_decoded=aded, end_index: 5843
predicted_token: 13, predict_score: 0.4202463626861572, token : .
Draft step 0, token ., predict_score 0.4202463626861572 < threshold 0.6, stopping further draft
Verifying token 0: verify_id=4623 ( further), draft_id=13 (.), is_last=False, is_eos=False
Token 0 verification failed, accepting up to this token. is_last: False, is_eos: False, is_mismatch: True

Draft step 0: in_token=tensor([[4623]], device='cuda:6'), in_token_decoded= further, end_index: 5844
predicted_token: 13, predict_score: 0.36409926414489746, token : .
Draft step 0, token ., predict_score 0.36409926414489746 < threshold 0.6, stopping further draft
Verifying token 0: verify_id=13 (.), draft_id=13 (.), is_last=False, is_eos=False

Draft step 0: in_token=tensor([[13]], device='cuda:6'), in_token_decoded=., end_index: 5845
predicted_token: 151645, predict_score: 0.9261741042137146, token : <|im_end|>
Verifying token 0: verify_id=151645 (<|im_end|>), draft_id=151645 (<|im_end|>), is_last=False, is_eos=True
Token 0 verification failed, accepting up to this token. is_last: False, is_eos: True, is_mismatch: False
New tokens: ["The dough is kneaded by pressing and folding it, with the person's hands moving it back and forth to work it into a more uniform shape, and then placed into a dough mixer to be kneaded further.<|im_end|>"]
Total new tokens generated: 44
[Spec] avg_accept=1.02 | tokens=44 | context_len=5802
[Adapter] acc=12/43 (27.9%) | avg_confidence=0.373 | drafted_avg_confidence=0.373 | context_len=5802
\n===== Lossless Check =====
Speculative output: The dough is kneaded by pressing and folding it, with the person's hands moving it back and forth to work it into a more uniform shape, and then placed into a dough mixer to be kneaded further.
AR manual output:   The dough is kneaded by pressing and folding it, with the person's hands moving it back and forth to work it into a more uniform shape, and then placed into a dough mixer to be kneaded further.
Exact match: True
OK: Outputs match. Speculative decoding is lossless.
Speedup: 0.88x
Speedup_decode: 0.89x
Spec decode tok/s: 21.23
AR decode tok/s:   23.97
 first token :NO

Draft step 0: in_token=tensor([[8996]], device='cuda:6'), in_token_decoded=NO, end_index: 5908
predicted_token: 3596, predict_score: 0.9999988079071045, token :  RE

Draft step 1: in_token=tensor([[3596]], device='cuda:6'), in_token_decoded= RE, end_index: 5909
predicted_token: 24834, predict_score: 0.9999995231628418, token : PLY

Draft step 2: in_token=tensor([[24834]], device='cuda:6'), in_token_decoded=PLY, end_index: 5910
predicted_token: 151645, predict_score: 0.9365055561065674, token : <|im_end|>
Verifying token 0: verify_id=3596 ( RE), draft_id=3596 ( RE), is_last=False, is_eos=False
Verifying token 1: verify_id=24834 (PLY), draft_id=24834 (PLY), is_last=False, is_eos=False
Verifying token 2: verify_id=151645 (<|im_end|>), draft_id=151645 (<|im_end|>), is_last=False, is_eos=True
Token 2 verification failed, accepting up to this token. is_last: False, is_eos: True, is_mismatch: False
New tokens: ['NO REPLY<|im_end|>']
Total new tokens generated: 4
[Spec] avg_accept=3.00 | tokens=4 | context_len=5907
[Adapter] acc=3/3 (100.0%) | avg_confidence=0.979 | drafted_avg_confidence=0.979 | context_len=5907
\n===== Lossless Check =====
Speculative output: NO REPLY
AR manual output:   NO REPLY
Exact match: True
OK: Outputs match. Speculative decoding is lossless.
Speedup: 1.36x
Speedup_decode: 1.25x
Spec decode tok/s: 35.99
AR decode tok/s:   28.86
 first token :NO

Draft step 0: in_token=tensor([[8996]], device='cuda:6'), in_token_decoded=NO, end_index: 5973
predicted_token: 3596, predict_score: 0.9999985694885254, token :  RE

Draft step 1: in_token=tensor([[3596]], device='cuda:6'), in_token_decoded= RE, end_index: 5974
predicted_token: 24834, predict_score: 0.9999995231628418, token : PLY

Draft step 2: in_token=tensor([[24834]], device='cuda:6'), in_token_decoded=PLY, end_index: 5975
predicted_token: 151645, predict_score: 0.9365409016609192, token : <|im_end|>
Verifying token 0: verify_id=3596 ( RE), draft_id=3596 ( RE), is_last=False, is_eos=False
Verifying token 1: verify_id=24834 (PLY), draft_id=24834 (PLY), is_last=False, is_eos=False
Verifying token 2: verify_id=151645 (<|im_end|>), draft_id=151645 (<|im_end|>), is_last=False, is_eos=True
Token 2 verification failed, accepting up to this token. is_last: False, is_eos: True, is_mismatch: False
New tokens: ['NO REPLY<|im_end|>']
Total new tokens generated: 4
[Spec] avg_accept=3.00 | tokens=4 | context_len=5972
[Adapter] acc=3/3 (100.0%) | avg_confidence=0.979 | drafted_avg_confidence=0.979 | context_len=5972
\n===== Lossless Check =====
Speculative output: NO REPLY
AR manual output:   NO REPLY
Exact match: True
OK: Outputs match. Speculative decoding is lossless.
Speedup: 1.66x
Speedup_decode: 1.15x
Spec decode tok/s: 38.06
AR decode tok/s:   33.06
 first token :NO

Draft step 0: in_token=tensor([[8996]], device='cuda:6'), in_token_decoded=NO, end_index: 6038
predicted_token: 3596, predict_score: 0.9999983310699463, token :  RE

Draft step 1: in_token=tensor([[3596]], device='cuda:6'), in_token_decoded= RE, end_index: 6039
predicted_token: 24834, predict_score: 0.9999995231628418, token : PLY

Draft step 2: in_token=tensor([[24834]], device='cuda:6'), in_token_decoded=PLY, end_index: 6040
predicted_token: 151645, predict_score: 0.9363625645637512, token : <|im_end|>
Verifying token 0: verify_id=3596 ( RE), draft_id=3596 ( RE), is_last=False, is_eos=False
Verifying token 1: verify_id=24834 (PLY), draft_id=24834 (PLY), is_last=False, is_eos=False
Verifying token 2: verify_id=151645 (<|im_end|>), draft_id=151645 (<|im_end|>), is_last=False, is_eos=True
Token 2 verification failed, accepting up to this token. is_last: False, is_eos: True, is_mismatch: False
New tokens: ['NO REPLY<|im_end|>']
Total new tokens generated: 4
[Spec] avg_accept=3.00 | tokens=4 | context_len=6037
[Adapter] acc=3/3 (100.0%) | avg_confidence=0.979 | drafted_avg_confidence=0.979 | context_len=6037
\n===== Lossless Check =====
Speculative output: NO REPLY
AR manual output:   NO REPLY
Exact match: True
OK: Outputs match. Speculative decoding is lossless.
Speedup: 1.26x
Speedup_decode: 0.84x
Spec decode tok/s: 29.36
AR decode tok/s:   34.76
 first token :NO

Draft step 0: in_token=tensor([[8996]], device='cuda:6'), in_token_decoded=NO, end_index: 6103
predicted_token: 3596, predict_score: 0.9999977350234985, token :  RE

Draft step 1: in_token=tensor([[3596]], device='cuda:6'), in_token_decoded= RE, end_index: 6104
predicted_token: 24834, predict_score: 0.9999994039535522, token : PLY

Draft step 2: in_token=tensor([[24834]], device='cuda:6'), in_token_decoded=PLY, end_index: 6105
predicted_token: 151645, predict_score: 0.9357783198356628, token : <|im_end|>
Verifying token 0: verify_id=3596 ( RE), draft_id=3596 ( RE), is_last=False, is_eos=False
Verifying token 1: verify_id=24834 (PLY), draft_id=24834 (PLY), is_last=False, is_eos=False
Verifying token 2: verify_id=151645 (<|im_end|>), draft_id=151645 (<|im_end|>), is_last=False, is_eos=True
Token 2 verification failed, accepting up to this token. is_last: False, is_eos: True, is_mismatch: False
New tokens: ['NO REPLY<|im_end|>']
Total new tokens generated: 4
[Spec] avg_accept=3.00 | tokens=4 | context_len=6102
[Adapter] acc=3/3 (100.0%) | avg_confidence=0.979 | drafted_avg_confidence=0.979 | context_len=6102
\n===== Lossless Check =====
Speculative output: NO REPLY
AR manual output:   NO REPLY
Exact match: True
OK: Outputs match. Speculative decoding is lossless.
Speedup: 1.54x
Speedup_decode: 1.12x
Spec decode tok/s: 35.34
AR decode tok/s:   31.47
 first token :NO

Draft step 0: in_token=tensor([[8996]], device='cuda:6'), in_token_decoded=NO, end_index: 6168
predicted_token: 3596, predict_score: 0.999996542930603, token :  RE

Draft step 1: in_token=tensor([[3596]], device='cuda:6'), in_token_decoded= RE, end_index: 6169
predicted_token: 24834, predict_score: 0.9999994039535522, token : PLY

Draft step 2: in_token=tensor([[24834]], device='cuda:6'), in_token_decoded=PLY, end_index: 6170
predicted_token: 151645, predict_score: 0.9359623193740845, token : <|im_end|>
Verifying token 0: verify_id=3596 ( RE), draft_id=3596 ( RE), is_last=False, is_eos=False
Verifying token 1: verify_id=24834 (PLY), draft_id=24834 (PLY), is_last=False, is_eos=False
Verifying token 2: verify_id=151645 (<|im_end|>), draft_id=151645 (<|im_end|>), is_last=False, is_eos=True
Token 2 verification failed, accepting up to this token. is_last: False, is_eos: True, is_mismatch: False
New tokens: ['NO REPLY<|im_end|>']
Total new tokens generated: 4
[Spec] avg_accept=3.00 | tokens=4 | context_len=6167
[Adapter] acc=3/3 (100.0%) | avg_confidence=0.979 | drafted_avg_confidence=0.979 | context_len=6167
\n===== Lossless Check =====
Speculative output: NO REPLY
AR manual output:   NO REPLY
Exact match: True
OK: Outputs match. Speculative decoding is lossless.
Speedup: 1.21x
Speedup_decode: 0.85x
Spec decode tok/s: 25.72
AR decode tok/s:   30.39
 first token :NO

Draft step 0: in_token=tensor([[8996]], device='cuda:6'), in_token_decoded=NO, end_index: 6233
predicted_token: 3596, predict_score: 0.9999972581863403, token :  RE

Draft step 1: in_token=tensor([[3596]], device='cuda:6'), in_token_decoded= RE, end_index: 6234
predicted_token: 24834, predict_score: 0.9999996423721313, token : PLY

Draft step 2: in_token=tensor([[24834]], device='cuda:6'), in_token_decoded=PLY, end_index: 6235
predicted_token: 151645, predict_score: 0.9360507726669312, token : <|im_end|>
Verifying token 0: verify_id=3596 ( RE), draft_id=3596 ( RE), is_last=False, is_eos=False
Verifying token 1: verify_id=24834 (PLY), draft_id=24834 (PLY), is_last=False, is_eos=False
Verifying token 2: verify_id=151645 (<|im_end|>), draft_id=151645 (<|im_end|>), is_last=False, is_eos=True
Token 2 verification failed, accepting up to this token. is_last: False, is_eos: True, is_mismatch: False
New tokens: ['NO REPLY<|im_end|>']
Total new tokens generated: 4
[Spec] avg_accept=3.00 | tokens=4 | context_len=6232
[Adapter] acc=3/3 (100.0%) | avg_confidence=0.979 | drafted_avg_confidence=0.979 | context_len=6232
\n===== Lossless Check =====
Speculative output: NO REPLY
AR manual output:   NO REPLY
Exact match: True
OK: Outputs match. Speculative decoding is lossless.
Speedup: 1.25x
Speedup_decode: 1.21x
Spec decode tok/s: 35.79
AR decode tok/s:   29.53
 first token :NO

Draft step 0: in_token=tensor([[8996]], device='cuda:6'), in_token_decoded=NO, end_index: 6298
predicted_token: 3596, predict_score: 0.9999985694885254, token :  RE

Draft step 1: in_token=tensor([[3596]], device='cuda:6'), in_token_decoded= RE, end_index: 6299
predicted_token: 24834, predict_score: 0.9999995231628418, token : PLY

Draft step 2: in_token=tensor([[24834]], device='cuda:6'), in_token_decoded=PLY, end_index: 6300
predicted_token: 151645, predict_score: 0.9360355138778687, token : <|im_end|>
Verifying token 0: verify_id=3596 ( RE), draft_id=3596 ( RE), is_last=False, is_eos=False
Verifying token 1: verify_id=24834 (PLY), draft_id=24834 (PLY), is_last=False, is_eos=False
Verifying token 2: verify_id=151645 (<|im_end|>), draft_id=151645 (<|im_end|>), is_last=False, is_eos=True
Token 2 verification failed, accepting up to this token. is_last: False, is_eos: True, is_mismatch: False
New tokens: ['NO REPLY<|im_end|>']
Total new tokens generated: 4
[Spec] avg_accept=3.00 | tokens=4 | context_len=6297
[Adapter] acc=3/3 (100.0%) | avg_confidence=0.979 | drafted_avg_confidence=0.979 | context_len=6297
\n===== Lossless Check =====
Speculative output: NO REPLY
AR manual output:   NO REPLY
Exact match: True
OK: Outputs match. Speculative decoding is lossless.
Speedup: 1.27x
Speedup_decode: 0.84x
Spec decode tok/s: 26.11
AR decode tok/s:   31.00
 first token :NO

Draft step 0: in_token=tensor([[8996]], device='cuda:6'), in_token_decoded=NO, end_index: 6363
predicted_token: 3596, predict_score: 0.9999988079071045, token :  RE

Draft step 1: in_token=tensor([[3596]], device='cuda:6'), in_token_decoded= RE, end_index: 6364
predicted_token: 24834, predict_score: 0.9999996423721313, token : PLY

Draft step 2: in_token=tensor([[24834]], device='cuda:6'), in_token_decoded=PLY, end_index: 6365
predicted_token: 151645, predict_score: 0.9364241361618042, token : <|im_end|>
Verifying token 0: verify_id=3596 ( RE), draft_id=3596 ( RE), is_last=False, is_eos=False
Verifying token 1: verify_id=24834 (PLY), draft_id=24834 (PLY), is_last=False, is_eos=False
Verifying token 2: verify_id=151645 (<|im_end|>), draft_id=151645 (<|im_end|>), is_last=False, is_eos=True
Token 2 verification failed, accepting up to this token. is_last: False, is_eos: True, is_mismatch: False
New tokens: ['NO REPLY<|im_end|>']
Total new tokens generated: 4
[Spec] avg_accept=3.00 | tokens=4 | context_len=6362
[Adapter] acc=3/3 (100.0%) | avg_confidence=0.979 | drafted_avg_confidence=0.979 | context_len=6362
\n===== Lossless Check =====
Speculative output: NO REPLY
AR manual output:   NO REPLY
Exact match: True
OK: Outputs match. Speculative decoding is lossless.
Speedup: 1.73x
Speedup_decode: 1.80x
Spec decode tok/s: 50.56
AR decode tok/s:   28.16
 first token :NO

Draft step 0: in_token=tensor([[8996]], device='cuda:6'), in_token_decoded=NO, end_index: 6428
predicted_token: 3596, predict_score: 0.9999986886978149, token :  RE

Draft step 1: in_token=tensor([[3596]], device='cuda:6'), in_token_decoded= RE, end_index: 6429
predicted_token: 24834, predict_score: 0.9999996423721313, token : PLY

Draft step 2: in_token=tensor([[24834]], device='cuda:6'), in_token_decoded=PLY, end_index: 6430
predicted_token: 151645, predict_score: 0.9364237189292908, token : <|im_end|>
Verifying token 0: verify_id=3596 ( RE), draft_id=3596 ( RE), is_last=False, is_eos=False
Verifying token 1: verify_id=24834 (PLY), draft_id=24834 (PLY), is_last=False, is_eos=False
Verifying token 2: verify_id=151645 (<|im_end|>), draft_id=151645 (<|im_end|>), is_last=False, is_eos=True
Token 2 verification failed, accepting up to this token. is_last: False, is_eos: True, is_mismatch: False
New tokens: ['NO REPLY<|im_end|>']
Total new tokens generated: 4
[Spec] avg_accept=3.00 | tokens=4 | context_len=6427
[Adapter] acc=3/3 (100.0%) | avg_confidence=0.979 | drafted_avg_confidence=0.979 | context_len=6427
\n===== Lossless Check =====
Speculative output: NO REPLY
AR manual output:   NO REPLY
Exact match: True
OK: Outputs match. Speculative decoding is lossless.
Speedup: 1.67x
Speedup_decode: 1.00x
Spec decode tok/s: 32.69
AR decode tok/s:   32.78
 first token :NO

Draft step 0: in_token=tensor([[8996]], device='cuda:6'), in_token_decoded=NO, end_index: 6493
predicted_token: 3596, predict_score: 0.9999985694885254, token :  RE

Draft step 1: in_token=tensor([[3596]], device='cuda:6'), in_token_decoded= RE, end_index: 6494
predicted_token: 24834, predict_score: 0.9999995231628418, token : PLY

Draft step 2: in_token=tensor([[24834]], device='cuda:6'), in_token_decoded=PLY, end_index: 6495
predicted_token: 151645, predict_score: 0.9351279139518738, token : <|im_end|>
Verifying token 0: verify_id=3596 ( RE), draft_id=3596 ( RE), is_last=False, is_eos=False
Verifying token 1: verify_id=24834 (PLY), draft_id=24834 (PLY), is_last=False, is_eos=False
Verifying token 2: verify_id=151645 (<|im_end|>), draft_id=151645 (<|im_end|>), is_last=False, is_eos=True
Token 2 verification failed, accepting up to this token. is_last: False, is_eos: True, is_mismatch: False
New tokens: ['NO REPLY<|im_end|>']
Total new tokens generated: 4
[Spec] avg_accept=3.00 | tokens=4 | context_len=6492
[Adapter] acc=3/3 (100.0%) | avg_confidence=0.978 | drafted_avg_confidence=0.978 | context_len=6492
\n===== Lossless Check =====
Speculative output: NO REPLY
AR manual output:   NO REPLY
Exact match: True
OK: Outputs match. Speculative decoding is lossless.
Speedup: 2.38x
Speedup_decode: 1.62x
Spec decode tok/s: 42.94
AR decode tok/s:   26.49
 first token :NO

Draft step 0: in_token=tensor([[8996]], device='cuda:6'), in_token_decoded=NO, end_index: 6558
predicted_token: 3596, predict_score: 0.9999985694885254, token :  RE

Draft step 1: in_token=tensor([[3596]], device='cuda:6'), in_token_decoded= RE, end_index: 6559
predicted_token: 24834, predict_score: 0.9999995231628418, token : PLY

Draft step 2: in_token=tensor([[24834]], device='cuda:6'), in_token_decoded=PLY, end_index: 6560
predicted_token: 151645, predict_score: 0.936055064201355, token : <|im_end|>
Verifying token 0: verify_id=3596 ( RE), draft_id=3596 ( RE), is_last=False, is_eos=False
Verifying token 1: verify_id=24834 (PLY), draft_id=24834 (PLY), is_last=False, is_eos=False
Verifying token 2: verify_id=151645 (<|im_end|>), draft_id=151645 (<|im_end|>), is_last=False, is_eos=True
Token 2 verification failed, accepting up to this token. is_last: False, is_eos: True, is_mismatch: False
New tokens: ['NO REPLY<|im_end|>']
Total new tokens generated: 4
[Spec] avg_accept=3.00 | tokens=4 | context_len=6557
[Adapter] acc=3/3 (100.0%) | avg_confidence=0.979 | drafted_avg_confidence=0.979 | context_len=6557
\n===== Lossless Check =====
Speculative output: NO REPLY
AR manual output:   NO REPLY
Exact match: True
OK: Outputs match. Speculative decoding is lossless.
Speedup: 1.39x
Speedup_decode: 0.85x
Spec decode tok/s: 25.97
AR decode tok/s:   30.44
 first token :NO

Draft step 0: in_token=tensor([[8996]], device='cuda:6'), in_token_decoded=NO, end_index: 6623
predicted_token: 3596, predict_score: 0.9999983310699463, token :  RE

Draft step 1: in_token=tensor([[3596]], device='cuda:6'), in_token_decoded= RE, end_index: 6624
predicted_token: 24834, predict_score: 0.9999996423721313, token : PLY

Draft step 2: in_token=tensor([[24834]], device='cuda:6'), in_token_decoded=PLY, end_index: 6625
predicted_token: 151645, predict_score: 0.9361475706100464, token : <|im_end|>
Verifying token 0: verify_id=3596 ( RE), draft_id=3596 ( RE), is_last=False, is_eos=False
Verifying token 1: verify_id=24834 (PLY), draft_id=24834 (PLY), is_last=False, is_eos=False
Verifying token 2: verify_id=151645 (<|im_end|>), draft_id=151645 (<|im_end|>), is_last=False, is_eos=True
Token 2 verification failed, accepting up to this token. is_last: False, is_eos: True, is_mismatch: False
New tokens: ['NO REPLY<|im_end|>']
Total new tokens generated: 4
[Spec] avg_accept=3.00 | tokens=4 | context_len=6622
[Adapter] acc=3/3 (100.0%) | avg_confidence=0.979 | drafted_avg_confidence=0.979 | context_len=6622
\n===== Lossless Check =====
Speculative output: NO REPLY
AR manual output:   NO REPLY
Exact match: True
OK: Outputs match. Speculative decoding is lossless.
Speedup: 1.23x
Speedup_decode: 0.98x
Spec decode tok/s: 31.03
AR decode tok/s:   31.74
 first token :NO

Draft step 0: in_token=tensor([[8996]], device='cuda:6'), in_token_decoded=NO, end_index: 6688
predicted_token: 3596, predict_score: 0.9999983310699463, token :  RE

Draft step 1: in_token=tensor([[3596]], device='cuda:6'), in_token_decoded= RE, end_index: 6689
predicted_token: 24834, predict_score: 0.9999996423721313, token : PLY

Draft step 2: in_token=tensor([[24834]], device='cuda:6'), in_token_decoded=PLY, end_index: 6690
predicted_token: 151645, predict_score: 0.9362252354621887, token : <|im_end|>
Verifying token 0: verify_id=3596 ( RE), draft_id=3596 ( RE), is_last=False, is_eos=False
Verifying token 1: verify_id=24834 (PLY), draft_id=24834 (PLY), is_last=False, is_eos=False
Verifying token 2: verify_id=151645 (<|im_end|>), draft_id=151645 (<|im_end|>), is_last=False, is_eos=True
Token 2 verification failed, accepting up to this token. is_last: False, is_eos: True, is_mismatch: False
New tokens: ['NO REPLY<|im_end|>']
Total new tokens generated: 4
[Spec] avg_accept=3.00 | tokens=4 | context_len=6687
[Adapter] acc=3/3 (100.0%) | avg_confidence=0.979 | drafted_avg_confidence=0.979 | context_len=6687
\n===== Lossless Check =====
Speculative output: NO REPLY
AR manual output:   NO REPLY
Exact match: True
OK: Outputs match. Speculative decoding is lossless.
Speedup: 1.49x
Speedup_decode: 0.95x
Spec decode tok/s: 27.66
AR decode tok/s:   29.06
 first token :NO

Draft step 0: in_token=tensor([[8996]], device='cuda:6'), in_token_decoded=NO, end_index: 6753
predicted_token: 3596, predict_score: 0.9999978542327881, token :  RE

Draft step 1: in_token=tensor([[3596]], device='cuda:6'), in_token_decoded= RE, end_index: 6754
predicted_token: 24834, predict_score: 0.9999995231628418, token : PLY

Draft step 2: in_token=tensor([[24834]], device='cuda:6'), in_token_decoded=PLY, end_index: 6755
predicted_token: 151645, predict_score: 0.9361034035682678, token : <|im_end|>
Verifying token 0: verify_id=3596 ( RE), draft_id=3596 ( RE), is_last=False, is_eos=False
Verifying token 1: verify_id=24834 (PLY), draft_id=24834 (PLY), is_last=False, is_eos=False
Verifying token 2: verify_id=151645 (<|im_end|>), draft_id=151645 (<|im_end|>), is_last=False, is_eos=True
Token 2 verification failed, accepting up to this token. is_last: False, is_eos: True, is_mismatch: False
New tokens: ['NO REPLY<|im_end|>']
Total new tokens generated: 4
[Spec] avg_accept=3.00 | tokens=4 | context_len=6752
[Adapter] acc=3/3 (100.0%) | avg_confidence=0.979 | drafted_avg_confidence=0.979 | context_len=6752
\n===== Lossless Check =====
Speculative output: NO REPLY
AR manual output:   NO REPLY
Exact match: True
OK: Outputs match. Speculative decoding is lossless.
Speedup: 1.12x
Speedup_decode: 1.17x
Spec decode tok/s: 34.17
AR decode tok/s:   29.17
 first token :NO

Draft step 0: in_token=tensor([[8996]], device='cuda:6'), in_token_decoded=NO, end_index: 6818
predicted_token: 3596, predict_score: 0.9999972581863403, token :  RE

Draft step 1: in_token=tensor([[3596]], device='cuda:6'), in_token_decoded= RE, end_index: 6819
predicted_token: 24834, predict_score: 0.9999994039535522, token : PLY

Draft step 2: in_token=tensor([[24834]], device='cuda:6'), in_token_decoded=PLY, end_index: 6820
predicted_token: 151645, predict_score: 0.9361743330955505, token : <|im_end|>
Verifying token 0: verify_id=3596 ( RE), draft_id=3596 ( RE), is_last=False, is_eos=False
Verifying token 1: verify_id=24834 (PLY), draft_id=24834 (PLY), is_last=False, is_eos=False
Verifying token 2: verify_id=151645 (<|im_end|>), draft_id=151645 (<|im_end|>), is_last=False, is_eos=True
Token 2 verification failed, accepting up to this token. is_last: False, is_eos: True, is_mismatch: False
New tokens: ['NO REPLY<|im_end|>']
Total new tokens generated: 4
[Spec] avg_accept=3.00 | tokens=4 | context_len=6817
[Adapter] acc=3/3 (100.0%) | avg_confidence=0.979 | drafted_avg_confidence=0.979 | context_len=6817
\n===== Lossless Check =====
Speculative output: NO REPLY
AR manual output:   NO REPLY
Exact match: True
OK: Outputs match. Speculative decoding is lossless.
Speedup: 1.51x
Speedup_decode: 1.10x
Spec decode tok/s: 30.91
AR decode tok/s:   28.08
 first token :NO

Draft step 0: in_token=tensor([[8996]], device='cuda:6'), in_token_decoded=NO, end_index: 6883
predicted_token: 3596, predict_score: 0.9999972581863403, token :  RE

Draft step 1: in_token=tensor([[3596]], device='cuda:6'), in_token_decoded= RE, end_index: 6884
predicted_token: 24834, predict_score: 0.9999994039535522, token : PLY

Draft step 2: in_token=tensor([[24834]], device='cuda:6'), in_token_decoded=PLY, end_index: 6885
predicted_token: 151645, predict_score: 0.9363173842430115, token : <|im_end|>
Verifying token 0: verify_id=3596 ( RE), draft_id=3596 ( RE), is_last=False, is_eos=False
Verifying token 1: verify_id=24834 (PLY), draft_id=24834 (PLY), is_last=False, is_eos=False
Verifying token 2: verify_id=151645 (<|im_end|>), draft_id=151645 (<|im_end|>), is_last=False, is_eos=True
Token 2 verification failed, accepting up to this token. is_last: False, is_eos: True, is_mismatch: False
New tokens: ['NO REPLY<|im_end|>']
Total new tokens generated: 4
[Spec] avg_accept=3.00 | tokens=4 | context_len=6882
[Adapter] acc=3/3 (100.0%) | avg_confidence=0.979 | drafted_avg_confidence=0.979 | context_len=6882
\n===== Lossless Check =====
Speculative output: NO REPLY
AR manual output:   NO REPLY
Exact match: True
OK: Outputs match. Speculative decoding is lossless.
Speedup: 1.49x
Speedup_decode: 0.98x
Spec decode tok/s: 29.83
AR decode tok/s:   30.53
 first token :The

Draft step 0: in_token=tensor([[785]], device='cuda:6'), in_token_decoded=The, end_index: 6948
predicted_token: 30352, predict_score: 0.5790877342224121, token :  dough
Draft step 0, token  dough, predict_score 0.5790877342224121 < threshold 0.6, stopping further draft
Verifying token 0: verify_id=30352 ( dough), draft_id=30352 ( dough), is_last=False, is_eos=False

Draft step 0: in_token=tensor([[30352]], device='cuda:6'), in_token_decoded= dough, end_index: 6949
predicted_token: 374, predict_score: 0.740933895111084, token :  is

Draft step 1: in_token=tensor([[374]], device='cuda:6'), in_token_decoded= is, end_index: 6950
predicted_token: 22447, predict_score: 0.4282645583152771, token :  rolled
Draft step 1, token  rolled, predict_score 0.4282645583152771 < threshold 0.6, stopping further draft
Verifying token 0: verify_id=374 ( is), draft_id=374 ( is), is_last=False, is_eos=False
Verifying token 1: verify_id=13853 ( kne), draft_id=22447 ( rolled), is_last=False, is_eos=False
Token 1 verification failed, accepting up to this token. is_last: False, is_eos: False, is_mismatch: True

Draft step 0: in_token=tensor([[13853]], device='cuda:6'), in_token_decoded= kne, end_index: 6951
predicted_token: 311, predict_score: 0.071689672768116, token :  to
Draft step 0, token  to, predict_score 0.071689672768116 < threshold 0.6, stopping further draft
Verifying token 0: verify_id=14255 (aded), draft_id=311 ( to), is_last=False, is_eos=False
Token 0 verification failed, accepting up to this token. is_last: False, is_eos: False, is_mismatch: True

Draft step 0: in_token=tensor([[14255]], device='cuda:6'), in_token_decoded=aded, end_index: 6952
predicted_token: 311, predict_score: 0.15708167850971222, token :  to
Draft step 0, token  to, predict_score 0.15708167850971222 < threshold 0.6, stopping further draft
Verifying token 0: verify_id=553 ( by), draft_id=311 ( to), is_last=False, is_eos=False
Token 0 verification failed, accepting up to this token. is_last: False, is_eos: False, is_mismatch: True

Draft step 0: in_token=tensor([[553]], device='cuda:6'), in_token_decoded= by, end_index: 6953
predicted_token: 25352, predict_score: 0.10916455835103989, token :  pressing
Draft step 0, token  pressing, predict_score 0.10916455835103989 < threshold 0.6, stopping further draft
Verifying token 0: verify_id=25352 ( pressing), draft_id=25352 ( pressing), is_last=False, is_eos=False

Draft step 0: in_token=tensor([[25352]], device='cuda:6'), in_token_decoded= pressing, end_index: 6954
predicted_token: 279, predict_score: 0.3991834223270416, token :  the
Draft step 0, token  the, predict_score 0.3991834223270416 < threshold 0.6, stopping further draft
Verifying token 0: verify_id=323 ( and), draft_id=279 ( the), is_last=False, is_eos=False
Token 0 verification failed, accepting up to this token. is_last: False, is_eos: False, is_mismatch: True

Draft step 0: in_token=tensor([[323]], device='cuda:6'), in_token_decoded= and, end_index: 6955
predicted_token: 1221, predict_score: 0.06838342547416687, token :  then
Draft step 0, token  then, predict_score 0.06838342547416687 < threshold 0.6, stopping further draft
Verifying token 0: verify_id=44742 ( folding), draft_id=1221 ( then), is_last=False, is_eos=False
Token 0 verification failed, accepting up to this token. is_last: False, is_eos: False, is_mismatch: True

Draft step 0: in_token=tensor([[44742]], device='cuda:6'), in_token_decoded= folding, end_index: 6956
predicted_token: 279, predict_score: 0.15080241858959198, token :  the
Draft step 0, token  the, predict_score 0.15080241858959198 < threshold 0.6, stopping further draft
Verifying token 0: verify_id=432 ( it), draft_id=279 ( the), is_last=False, is_eos=False
Token 0 verification failed, accepting up to this token. is_last: False, is_eos: False, is_mismatch: True

Draft step 0: in_token=tensor([[432]], device='cuda:6'), in_token_decoded= it, end_index: 6957
predicted_token: 916, predict_score: 0.16757218539714813, token :  over
Draft step 0, token  over, predict_score 0.16757218539714813 < threshold 0.6, stopping further draft
Verifying token 0: verify_id=11 (,), draft_id=916 ( over), is_last=False, is_eos=False
Token 0 verification failed, accepting up to this token. is_last: False, is_eos: False, is_mismatch: True

Draft step 0: in_token=tensor([[11]], device='cuda:6'), in_token_decoded=,, end_index: 6958
predicted_token: 448, predict_score: 0.4343172311782837, token :  with
Draft step 0, token  with, predict_score 0.4343172311782837 < threshold 0.6, stopping further draft
Verifying token 0: verify_id=448 ( with), draft_id=448 ( with), is_last=False, is_eos=False

Draft step 0: in_token=tensor([[448]], device='cuda:6'), in_token_decoded= with, end_index: 6959
predicted_token: 279, predict_score: 0.550647497177124, token :  the
Draft step 0, token  the, predict_score 0.550647497177124 < threshold 0.6, stopping further draft
Verifying token 0: verify_id=279 ( the), draft_id=279 ( the), is_last=False, is_eos=False

Draft step 0: in_token=tensor([[279]], device='cuda:6'), in_token_decoded= the, end_index: 6960
predicted_token: 20097, predict_score: 0.14741213619709015, token :  rolling
Draft step 0, token  rolling, predict_score 0.14741213619709015 < threshold 0.6, stopping further draft
Verifying token 0: verify_id=1697 ( person), draft_id=20097 ( rolling), is_last=False, is_eos=False
Token 0 verification failed, accepting up to this token. is_last: False, is_eos: False, is_mismatch: True

Draft step 0: in_token=tensor([[1697]], device='cuda:6'), in_token_decoded= person, end_index: 6961
predicted_token: 594, predict_score: 0.39683109521865845, token : 's
Draft step 0, token 's, predict_score 0.39683109521865845 < threshold 0.6, stopping further draft
Verifying token 0: verify_id=594 ('s), draft_id=594 ('s), is_last=False, is_eos=False

Draft step 0: in_token=tensor([[594]], device='cuda:6'), in_token_decoded='s, end_index: 6962
predicted_token: 1424, predict_score: 0.45235973596572876, token :  hand
Draft step 0, token  hand, predict_score 0.45235973596572876 < threshold 0.6, stopping further draft
Verifying token 0: verify_id=6078 ( hands), draft_id=1424 ( hand), is_last=False, is_eos=False
Token 0 verification failed, accepting up to this token. is_last: False, is_eos: False, is_mismatch: True

Draft step 0: in_token=tensor([[6078]], device='cuda:6'), in_token_decoded= hands, end_index: 6963
predicted_token: 389, predict_score: 0.3329995572566986, token :  on
Draft step 0, token  on, predict_score 0.3329995572566986 < threshold 0.6, stopping further draft
Verifying token 0: verify_id=7218 ( moving), draft_id=389 ( on), is_last=False, is_eos=False
Token 0 verification failed, accepting up to this token. is_last: False, is_eos: False, is_mismatch: True

Draft step 0: in_token=tensor([[7218]], device='cuda:6'), in_token_decoded= moving, end_index: 6964
predicted_token: 311, predict_score: 0.21673865616321564, token :  to
Draft step 0, token  to, predict_score 0.21673865616321564 < threshold 0.6, stopping further draft
Verifying token 0: verify_id=432 ( it), draft_id=311 ( to), is_last=False, is_eos=False
Token 0 verification failed, accepting up to this token. is_last: False, is_eos: False, is_mismatch: True

Draft step 0: in_token=tensor([[432]], device='cuda:6'), in_token_decoded= it, end_index: 6965
predicted_token: 311, predict_score: 0.21691197156906128, token :  to
Draft step 0, token  to, predict_score 0.21691197156906128 < threshold 0.6, stopping further draft
Verifying token 0: verify_id=1182 ( back), draft_id=311 ( to), is_last=False, is_eos=False
Token 0 verification failed, accepting up to this token. is_last: False, is_eos: False, is_mismatch: True

Draft step 0: in_token=tensor([[1182]], device='cuda:6'), in_token_decoded= back, end_index: 6966
predicted_token: 389, predict_score: 0.3563638925552368, token :  on
Draft step 0, token  on, predict_score 0.3563638925552368 < threshold 0.6, stopping further draft
Verifying token 0: verify_id=323 ( and), draft_id=389 ( on), is_last=False, is_eos=False
Token 0 verification failed, accepting up to this token. is_last: False, is_eos: False, is_mismatch: True

Draft step 0: in_token=tensor([[323]], device='cuda:6'), in_token_decoded= and, end_index: 6967
predicted_token: 13241, predict_score: 0.04971887916326523, token :  forth
Draft step 0, token  forth, predict_score 0.04971887916326523 < threshold 0.6, stopping further draft
Verifying token 0: verify_id=13241 ( forth), draft_id=13241 ( forth), is_last=False, is_eos=False

Draft step 0: in_token=tensor([[13241]], device='cuda:6'), in_token_decoded= forth, end_index: 6968
predicted_token: 304, predict_score: 0.19972346723079681, token :  in
Draft step 0, token  in, predict_score 0.19972346723079681 < threshold 0.6, stopping further draft
Verifying token 0: verify_id=311 ( to), draft_id=304 ( in), is_last=False, is_eos=False
Token 0 verification failed, accepting up to this token. is_last: False, is_eos: False, is_mismatch: True

Draft step 0: in_token=tensor([[311]], device='cuda:6'), in_token_decoded= to, end_index: 6969
predicted_token: 1779, predict_score: 0.31672605872154236, token :  check
Draft step 0, token  check, predict_score 0.31672605872154236 < threshold 0.6, stopping further draft
Verifying token 0: verify_id=975 ( work), draft_id=1779 ( check), is_last=False, is_eos=False
Token 0 verification failed, accepting up to this token. is_last: False, is_eos: False, is_mismatch: True

Draft step 0: in_token=tensor([[975]], device='cuda:6'), in_token_decoded= work, end_index: 6970
predicted_token: 389, predict_score: 0.8946073651313782, token :  on

Draft step 1: in_token=tensor([[389]], device='cuda:6'), in_token_decoded= on, end_index: 6971
predicted_token: 279, predict_score: 0.7879881262779236, token :  the

Draft step 2: in_token=tensor([[279]], device='cuda:6'), in_token_decoded= the, end_index: 6972
predicted_token: 1965, predict_score: 0.18242065608501434, token :  table
Draft step 2, token  table, predict_score 0.18242065608501434 < threshold 0.6, stopping further draft
Verifying token 0: verify_id=432 ( it), draft_id=389 ( on), is_last=False, is_eos=False
Token 0 verification failed, accepting up to this token. is_last: False, is_eos: False, is_mismatch: True

Draft step 0: in_token=tensor([[432]], device='cuda:6'), in_token_decoded= it, end_index: 6971
predicted_token: 304, predict_score: 0.267238974571228, token :  in
Draft step 0, token  in, predict_score 0.267238974571228 < threshold 0.6, stopping further draft
Verifying token 0: verify_id=1119 ( into), draft_id=304 ( in), is_last=False, is_eos=False
Token 0 verification failed, accepting up to this token. is_last: False, is_eos: False, is_mismatch: True

Draft step 0: in_token=tensor([[1119]], device='cuda:6'), in_token_decoded= into, end_index: 6972
predicted_token: 279, predict_score: 0.7055765390396118, token :  the

Draft step 1: in_token=tensor([[279]], device='cuda:6'), in_token_decoded= the, end_index: 6973
predicted_token: 19212, predict_score: 0.26456284523010254, token :  bowl
Draft step 1, token  bowl, predict_score 0.26456284523010254 < threshold 0.6, stopping further draft
Verifying token 0: verify_id=264 ( a), draft_id=279 ( the), is_last=False, is_eos=False
Token 0 verification failed, accepting up to this token. is_last: False, is_eos: False, is_mismatch: True

Draft step 0: in_token=tensor([[264]], device='cuda:6'), in_token_decoded= a, end_index: 6973
predicted_token: 19212, predict_score: 0.7988248467445374, token :  bowl

Draft step 1: in_token=tensor([[19212]], device='cuda:6'), in_token_decoded= bowl, end_index: 6974
predicted_token: 13, predict_score: 0.6087206602096558, token : .

Draft step 2: in_token=tensor([[13]], device='cuda:6'), in_token_decoded=., end_index: 6975
predicted_token: 151645, predict_score: 0.9271818995475769, token : <|im_end|>
Verifying token 0: verify_id=803 ( more), draft_id=19212 ( bowl), is_last=False, is_eos=False
Token 0 verification failed, accepting up to this token. is_last: False, is_eos: False, is_mismatch: True

Draft step 0: in_token=tensor([[803]], device='cuda:6'), in_token_decoded= more, end_index: 6974
predicted_token: 1136, predict_score: 0.05912333354353905, token :  sc
Draft step 0, token  sc, predict_score 0.05912333354353905 < threshold 0.6, stopping further draft
Verifying token 0: verify_id=13794 ( uniform), draft_id=1136 ( sc), is_last=False, is_eos=False
Token 0 verification failed, accepting up to this token. is_last: False, is_eos: False, is_mismatch: True

Draft step 0: in_token=tensor([[13794]], device='cuda:6'), in_token_decoded= uniform, end_index: 6975
predicted_token: 11, predict_score: 0.7584188580513, token : ,

Draft step 1: in_token=tensor([[11]], device='cuda:6'), in_token_decoded=,, end_index: 6976
predicted_token: 323, predict_score: 0.5985314249992371, token :  and
Draft step 1, token  and, predict_score 0.5985314249992371 < threshold 0.6, stopping further draft
Verifying token 0: verify_id=6083 ( shape), draft_id=11 (,), is_last=False, is_eos=False
Token 0 verification failed, accepting up to this token. is_last: False, is_eos: False, is_mismatch: True

Draft step 0: in_token=tensor([[6083]], device='cuda:6'), in_token_decoded= shape, end_index: 6976
predicted_token: 13, predict_score: 0.6754472255706787, token : .

Draft step 1: in_token=tensor([[13]], device='cuda:6'), in_token_decoded=., end_index: 6977
predicted_token: 151645, predict_score: 0.925451934337616, token : <|im_end|>
Verifying token 0: verify_id=11 (,), draft_id=13 (.), is_last=False, is_eos=False
Token 0 verification failed, accepting up to this token. is_last: False, is_eos: False, is_mismatch: True

Draft step 0: in_token=tensor([[11]], device='cuda:6'), in_token_decoded=,, end_index: 6977
predicted_token: 323, predict_score: 0.48343273997306824, token :  and
Draft step 0, token  and, predict_score 0.48343273997306824 < threshold 0.6, stopping further draft
Verifying token 0: verify_id=323 ( and), draft_id=323 ( and), is_last=False, is_eos=False

Draft step 0: in_token=tensor([[323]], device='cuda:6'), in_token_decoded= and, end_index: 6978
predicted_token: 279, predict_score: 0.15837012231349945, token :  the
Draft step 0, token  the, predict_score 0.15837012231349945 < threshold 0.6, stopping further draft
Verifying token 0: verify_id=1221 ( then), draft_id=279 ( the), is_last=False, is_eos=False
Token 0 verification failed, accepting up to this token. is_last: False, is_eos: False, is_mismatch: True

Draft step 0: in_token=tensor([[1221]], device='cuda:6'), in_token_decoded= then, end_index: 6979
predicted_token: 25352, predict_score: 0.12687912583351135, token :  pressing
Draft step 0, token  pressing, predict_score 0.12687912583351135 < threshold 0.6, stopping further draft
Verifying token 0: verify_id=9099 ( placed), draft_id=25352 ( pressing), is_last=False, is_eos=False
Token 0 verification failed, accepting up to this token. is_last: False, is_eos: False, is_mismatch: True

Draft step 0: in_token=tensor([[9099]], device='cuda:6'), in_token_decoded= placed, end_index: 6980
predicted_token: 389, predict_score: 0.7479560971260071, token :  on

Draft step 1: in_token=tensor([[389]], device='cuda:6'), in_token_decoded= on, end_index: 6981
predicted_token: 279, predict_score: 0.915290892124176, token :  the

Draft step 2: in_token=tensor([[279]], device='cuda:6'), in_token_decoded= the, end_index: 6982
predicted_token: 1965, predict_score: 0.2942879796028137, token :  table
Draft step 2, token  table, predict_score 0.2942879796028137 < threshold 0.6, stopping further draft
Verifying token 0: verify_id=389 ( on), draft_id=389 ( on), is_last=False, is_eos=False
Verifying token 1: verify_id=264 ( a), draft_id=279 ( the), is_last=False, is_eos=False
Token 1 verification failed, accepting up to this token. is_last: False, is_eos: False, is_mismatch: True

Draft step 0: in_token=tensor([[264]], device='cuda:6'), in_token_decoded= a, end_index: 6982
predicted_token: 11968, predict_score: 0.28065407276153564, token :  plate
Draft step 0, token  plate, predict_score 0.28065407276153564 < threshold 0.6, stopping further draft
Verifying token 0: verify_id=9317 ( metal), draft_id=11968 ( plate), is_last=False, is_eos=False
Token 0 verification failed, accepting up to this token. is_last: False, is_eos: False, is_mismatch: True

Draft step 0: in_token=tensor([[9317]], device='cuda:6'), in_token_decoded= metal, end_index: 6983
predicted_token: 19212, predict_score: 0.2844376564025879, token :  bowl
Draft step 0, token  bowl, predict_score 0.2844376564025879 < threshold 0.6, stopping further draft
Verifying token 0: verify_id=7329 ( surface), draft_id=19212 ( bowl), is_last=False, is_eos=False
Token 0 verification failed, accepting up to this token. is_last: False, is_eos: False, is_mismatch: True

Draft step 0: in_token=tensor([[7329]], device='cuda:6'), in_token_decoded= surface, end_index: 6984
predicted_token: 13, predict_score: 0.8326906561851501, token : .

Draft step 1: in_token=tensor([[13]], device='cuda:6'), in_token_decoded=., end_index: 6985
predicted_token: 151645, predict_score: 0.9265912175178528, token : <|im_end|>
Verifying token 0: verify_id=13 (.), draft_id=13 (.), is_last=False, is_eos=False
Verifying token 1: verify_id=151645 (<|im_end|>), draft_id=151645 (<|im_end|>), is_last=False, is_eos=True
Token 1 verification failed, accepting up to this token. is_last: False, is_eos: True, is_mismatch: False
New tokens: ["The dough is kneaded by pressing and folding it, with the person's hands moving it back and forth to work it into a more uniform shape, and then placed on a metal surface.<|im_end|>"]
Total new tokens generated: 39
[Spec] avg_accept=1.09 | tokens=39 | context_len=6947
[Adapter] acc=11/38 (28.9%) | avg_confidence=0.436 | drafted_avg_confidence=0.436 | context_len=6947
\n===== Lossless Check =====
Speculative output: The dough is kneaded by pressing and folding it, with the person's hands moving it back and forth to work it into a more uniform shape, and then placed on a metal surface.
AR manual output:   The dough is kneaded by pressing and folding it, with the person's hands moving it back and forth to work it into a more uniform shape, and then placed on a metal surface.
Exact match: True
OK: Outputs match. Speculative decoding is lossless.
Speedup: 0.89x
Speedup_decode: 0.87x
Spec decode tok/s: 20.25
AR decode tok/s:   23.39
 first token :NO

Draft step 0: in_token=tensor([[8996]], device='cuda:6'), in_token_decoded=NO, end_index: 7048
predicted_token: 3596, predict_score: 0.9999982118606567, token :  RE

Draft step 1: in_token=tensor([[3596]], device='cuda:6'), in_token_decoded= RE, end_index: 7049
predicted_token: 24834, predict_score: 0.9999996423721313, token : PLY

Draft step 2: in_token=tensor([[24834]], device='cuda:6'), in_token_decoded=PLY, end_index: 7050
predicted_token: 151645, predict_score: 0.9357990026473999, token : <|im_end|>
Verifying token 0: verify_id=3596 ( RE), draft_id=3596 ( RE), is_last=False, is_eos=False
Verifying token 1: verify_id=24834 (PLY), draft_id=24834 (PLY), is_last=False, is_eos=False
Verifying token 2: verify_id=151645 (<|im_end|>), draft_id=151645 (<|im_end|>), is_last=False, is_eos=True
Token 2 verification failed, accepting up to this token. is_last: False, is_eos: True, is_mismatch: False
New tokens: ['NO REPLY<|im_end|>']
Total new tokens generated: 4
[Spec] avg_accept=3.00 | tokens=4 | context_len=7047
[Adapter] acc=3/3 (100.0%) | avg_confidence=0.979 | drafted_avg_confidence=0.979 | context_len=7047
\n===== Lossless Check =====
Speculative output: NO REPLY
AR manual output:   NO REPLY
Exact match: True
OK: Outputs match. Speculative decoding is lossless.
Speedup: 1.89x
Speedup_decode: 0.96x
Spec decode tok/s: 28.85
AR decode tok/s:   30.09
 first token :NO

Draft step 0: in_token=tensor([[8996]], device='cuda:6'), in_token_decoded=NO, end_index: 7113
predicted_token: 3596, predict_score: 0.9999973773956299, token :  RE

Draft step 1: in_token=tensor([[3596]], device='cuda:6'), in_token_decoded= RE, end_index: 7114
predicted_token: 24834, predict_score: 0.9999996423721313, token : PLY

Draft step 2: in_token=tensor([[24834]], device='cuda:6'), in_token_decoded=PLY, end_index: 7115
predicted_token: 151645, predict_score: 0.9418110251426697, token : <|im_end|>
Verifying token 0: verify_id=3596 ( RE), draft_id=3596 ( RE), is_last=False, is_eos=False
Verifying token 1: verify_id=24834 (PLY), draft_id=24834 (PLY), is_last=False, is_eos=False
Verifying token 2: verify_id=151645 (<|im_end|>), draft_id=151645 (<|im_end|>), is_last=False, is_eos=True
Token 2 verification failed, accepting up to this token. is_last: False, is_eos: True, is_mismatch: False
New tokens: ['NO REPLY<|im_end|>']
Total new tokens generated: 4
[Spec] avg_accept=3.00 | tokens=4 | context_len=7112
[Adapter] acc=3/3 (100.0%) | avg_confidence=0.981 | drafted_avg_confidence=0.981 | context_len=7112
\n===== Lossless Check =====
Speculative output: NO REPLY
AR manual output:   NO REPLY
Exact match: True
OK: Outputs match. Speculative decoding is lossless.
Speedup: 1.29x
Speedup_decode: 0.93x
Spec decode tok/s: 30.85
AR decode tok/s:   33.16
 first token :NO

Draft step 0: in_token=tensor([[8996]], device='cuda:6'), in_token_decoded=NO, end_index: 7178
predicted_token: 3596, predict_score: 0.9999963045120239, token :  RE

Draft step 1: in_token=tensor([[3596]], device='cuda:6'), in_token_decoded= RE, end_index: 7179
predicted_token: 24834, predict_score: 0.9999994039535522, token : PLY

Draft step 2: in_token=tensor([[24834]], device='cuda:6'), in_token_decoded=PLY, end_index: 7180
predicted_token: 151645, predict_score: 0.9346495866775513, token : <|im_end|>
Verifying token 0: verify_id=3596 ( RE), draft_id=3596 ( RE), is_last=False, is_eos=False
Verifying token 1: verify_id=24834 (PLY), draft_id=24834 (PLY), is_last=False, is_eos=False
Verifying token 2: verify_id=151645 (<|im_end|>), draft_id=151645 (<|im_end|>), is_last=False, is_eos=True
Token 2 verification failed, accepting up to this token. is_last: False, is_eos: True, is_mismatch: False
New tokens: ['NO REPLY<|im_end|>']
Total new tokens generated: 4
[Spec] avg_accept=3.00 | tokens=4 | context_len=7177
[Adapter] acc=3/3 (100.0%) | avg_confidence=0.978 | drafted_avg_confidence=0.978 | context_len=7177
\n===== Lossless Check =====
Speculative output: NO REPLY
AR manual output:   NO REPLY
Exact match: True
OK: Outputs match. Speculative decoding is lossless.
Speedup: 1.03x
Speedup_decode: 1.14x
Spec decode tok/s: 33.45
AR decode tok/s:   29.37
 first token :The

Draft step 0: in_token=tensor([[785]], device='cuda:6'), in_token_decoded=The, end_index: 7243
predicted_token: 30352, predict_score: 0.6968702673912048, token :  dough

Draft step 1: in_token=tensor([[30352]], device='cuda:6'), in_token_decoded= dough, end_index: 7244
predicted_token: 374, predict_score: 0.8395951986312866, token :  is

Draft step 2: in_token=tensor([[374]], device='cuda:6'), in_token_decoded= is, end_index: 7245
predicted_token: 22447, predict_score: 0.4088708460330963, token :  rolled
Draft step 2, token  rolled, predict_score 0.4088708460330963 < threshold 0.6, stopping further draft
Verifying token 0: verify_id=30352 ( dough), draft_id=30352 ( dough), is_last=False, is_eos=False
Verifying token 1: verify_id=374 ( is), draft_id=374 ( is), is_last=False, is_eos=False
Verifying token 2: verify_id=13853 ( kne), draft_id=22447 ( rolled), is_last=False, is_eos=False
Token 2 verification failed, accepting up to this token. is_last: False, is_eos: False, is_mismatch: True

Draft step 0: in_token=tensor([[13853]], device='cuda:6'), in_token_decoded= kne, end_index: 7246
predicted_token: 311, predict_score: 0.06092503294348717, token :  to
Draft step 0, token  to, predict_score 0.06092503294348717 < threshold 0.6, stopping further draft
Verifying token 0: verify_id=14255 (aded), draft_id=311 ( to), is_last=False, is_eos=False
Token 0 verification failed, accepting up to this token. is_last: False, is_eos: False, is_mismatch: True

Draft step 0: in_token=tensor([[14255]], device='cuda:6'), in_token_decoded=aded, end_index: 7247
predicted_token: 311, predict_score: 0.1917395442724228, token :  to
Draft step 0, token  to, predict_score 0.1917395442724228 < threshold 0.6, stopping further draft
Verifying token 0: verify_id=553 ( by), draft_id=311 ( to), is_last=False, is_eos=False
Token 0 verification failed, accepting up to this token. is_last: False, is_eos: False, is_mismatch: True

Draft step 0: in_token=tensor([[553]], device='cuda:6'), in_token_decoded= by, end_index: 7248
predicted_token: 25352, predict_score: 0.1200542226433754, token :  pressing
Draft step 0, token  pressing, predict_score 0.1200542226433754 < threshold 0.6, stopping further draft
Verifying token 0: verify_id=25352 ( pressing), draft_id=25352 ( pressing), is_last=False, is_eos=False

Draft step 0: in_token=tensor([[25352]], device='cuda:6'), in_token_decoded= pressing, end_index: 7249
predicted_token: 279, predict_score: 0.2945423424243927, token :  the
Draft step 0, token  the, predict_score 0.2945423424243927 < threshold 0.6, stopping further draft
Verifying token 0: verify_id=323 ( and), draft_id=279 ( the), is_last=False, is_eos=False
Token 0 verification failed, accepting up to this token. is_last: False, is_eos: False, is_mismatch: True

Draft step 0: in_token=tensor([[323]], device='cuda:6'), in_token_decoded= and, end_index: 7250
predicted_token: 279, predict_score: 0.05520433187484741, token :  the
Draft step 0, token  the, predict_score 0.05520433187484741 < threshold 0.6, stopping further draft
Verifying token 0: verify_id=44742 ( folding), draft_id=279 ( the), is_last=False, is_eos=False
Token 0 verification failed, accepting up to this token. is_last: False, is_eos: False, is_mismatch: True

Draft step 0: in_token=tensor([[44742]], device='cuda:6'), in_token_decoded= folding, end_index: 7251
predicted_token: 279, predict_score: 0.10076221823692322, token :  the
Draft step 0, token  the, predict_score 0.10076221823692322 < threshold 0.6, stopping further draft
Verifying token 0: verify_id=432 ( it), draft_id=279 ( the), is_last=False, is_eos=False
Token 0 verification failed, accepting up to this token. is_last: False, is_eos: False, is_mismatch: True

Draft step 0: in_token=tensor([[432]], device='cuda:6'), in_token_decoded= it, end_index: 7252
predicted_token: 304, predict_score: 0.16339224576950073, token :  in
Draft step 0, token  in, predict_score 0.16339224576950073 < threshold 0.6, stopping further draft
Verifying token 0: verify_id=11 (,), draft_id=304 ( in), is_last=False, is_eos=False
Token 0 verification failed, accepting up to this token. is_last: False, is_eos: False, is_mismatch: True

Draft step 0: in_token=tensor([[11]], device='cuda:6'), in_token_decoded=,, end_index: 7253
predicted_token: 448, predict_score: 0.4316715598106384, token :  with
Draft step 0, token  with, predict_score 0.4316715598106384 < threshold 0.6, stopping further draft
Verifying token 0: verify_id=448 ( with), draft_id=448 ( with), is_last=False, is_eos=False

Draft step 0: in_token=tensor([[448]], device='cuda:6'), in_token_decoded= with, end_index: 7254
predicted_token: 279, predict_score: 0.3872700333595276, token :  the
Draft step 0, token  the, predict_score 0.3872700333595276 < threshold 0.6, stopping further draft
Verifying token 0: verify_id=279 ( the), draft_id=279 ( the), is_last=False, is_eos=False

Draft step 0: in_token=tensor([[279]], device='cuda:6'), in_token_decoded= the, end_index: 7255
predicted_token: 20097, predict_score: 0.1704414039850235, token :  rolling
Draft step 0, token  rolling, predict_score 0.1704414039850235 < threshold 0.6, stopping further draft
Verifying token 0: verify_id=1697 ( person), draft_id=20097 ( rolling), is_last=False, is_eos=False
Token 0 verification failed, accepting up to this token. is_last: False, is_eos: False, is_mismatch: True

Draft step 0: in_token=tensor([[1697]], device='cuda:6'), in_token_decoded= person, end_index: 7256
predicted_token: 594, predict_score: 0.43865346908569336, token : 's
Draft step 0, token 's, predict_score 0.43865346908569336 < threshold 0.6, stopping further draft
Verifying token 0: verify_id=594 ('s), draft_id=594 ('s), is_last=False, is_eos=False

Draft step 0: in_token=tensor([[594]], device='cuda:6'), in_token_decoded='s, end_index: 7257
predicted_token: 6078, predict_score: 0.31720083951950073, token :  hands
Draft step 0, token  hands, predict_score 0.31720083951950073 < threshold 0.6, stopping further draft
Verifying token 0: verify_id=6078 ( hands), draft_id=6078 ( hands), is_last=False, is_eos=False

Draft step 0: in_token=tensor([[6078]], device='cuda:6'), in_token_decoded= hands, end_index: 7258
predicted_token: 389, predict_score: 0.31356164813041687, token :  on
Draft step 0, token  on, predict_score 0.31356164813041687 < threshold 0.6, stopping further draft
Verifying token 0: verify_id=7218 ( moving), draft_id=389 ( on), is_last=False, is_eos=False
Token 0 verification failed, accepting up to this token. is_last: False, is_eos: False, is_mismatch: True

Draft step 0: in_token=tensor([[7218]], device='cuda:6'), in_token_decoded= moving, end_index: 7259
predicted_token: 311, predict_score: 0.23005975782871246, token :  to
Draft step 0, token  to, predict_score 0.23005975782871246 < threshold 0.6, stopping further draft
Verifying token 0: verify_id=432 ( it), draft_id=311 ( to), is_last=False, is_eos=False
Token 0 verification failed, accepting up to this token. is_last: False, is_eos: False, is_mismatch: True

Draft step 0: in_token=tensor([[432]], device='cuda:6'), in_token_decoded= it, end_index: 7260
predicted_token: 916, predict_score: 0.2607917785644531, token :  over
Draft step 0, token  over, predict_score 0.2607917785644531 < threshold 0.6, stopping further draft
Verifying token 0: verify_id=1182 ( back), draft_id=916 ( over), is_last=False, is_eos=False
Token 0 verification failed, accepting up to this token. is_last: False, is_eos: False, is_mismatch: True

Draft step 0: in_token=tensor([[1182]], device='cuda:6'), in_token_decoded= back, end_index: 7261
predicted_token: 311, predict_score: 0.2719348073005676, token :  to
Draft step 0, token  to, predict_score 0.2719348073005676 < threshold 0.6, stopping further draft
Verifying token 0: verify_id=323 ( and), draft_id=311 ( to), is_last=False, is_eos=False
Token 0 verification failed, accepting up to this token. is_last: False, is_eos: False, is_mismatch: True

Draft step 0: in_token=tensor([[323]], device='cuda:6'), in_token_decoded= and, end_index: 7262
predicted_token: 11893, predict_score: 0.039167892187833786, token :  lift
Draft step 0, token  lift, predict_score 0.039167892187833786 < threshold 0.6, stopping further draft
Verifying token 0: verify_id=13241 ( forth), draft_id=11893 ( lift), is_last=False, is_eos=False
Token 0 verification failed, accepting up to this token. is_last: False, is_eos: False, is_mismatch: True

Draft step 0: in_token=tensor([[13241]], device='cuda:6'), in_token_decoded= forth, end_index: 7263
predicted_token: 448, predict_score: 0.18549597263336182, token :  with
Draft step 0, token  with, predict_score 0.18549597263336182 < threshold 0.6, stopping further draft
Verifying token 0: verify_id=311 ( to), draft_id=448 ( with), is_last=False, is_eos=False
Token 0 verification failed, accepting up to this token. is_last: False, is_eos: False, is_mismatch: True

Draft step 0: in_token=tensor([[311]], device='cuda:6'), in_token_decoded= to, end_index: 7264
predicted_token: 1779, predict_score: 0.5081888437271118, token :  check
Draft step 0, token  check, predict_score 0.5081888437271118 < threshold 0.6, stopping further draft
Verifying token 0: verify_id=975 ( work), draft_id=1779 ( check), is_last=False, is_eos=False
Token 0 verification failed, accepting up to this token. is_last: False, is_eos: False, is_mismatch: True

Draft step 0: in_token=tensor([[975]], device='cuda:6'), in_token_decoded= work, end_index: 7265
predicted_token: 389, predict_score: 0.8888680934906006, token :  on

Draft step 1: in_token=tensor([[389]], device='cuda:6'), in_token_decoded= on, end_index: 7266
predicted_token: 279, predict_score: 0.9118682742118835, token :  the

Draft step 2: in_token=tensor([[279]], device='cuda:6'), in_token_decoded= the, end_index: 7267
predicted_token: 30352, predict_score: 0.13195157051086426, token :  dough
Draft step 2, token  dough, predict_score 0.13195157051086426 < threshold 0.6, stopping further draft
Verifying token 0: verify_id=432 ( it), draft_id=389 ( on), is_last=False, is_eos=False
Token 0 verification failed, accepting up to this token. is_last: False, is_eos: False, is_mismatch: True

Draft step 0: in_token=tensor([[432]], device='cuda:6'), in_token_decoded= it, end_index: 7266
predicted_token: 304, predict_score: 0.21027235686779022, token :  in
Draft step 0, token  in, predict_score 0.21027235686779022 < threshold 0.6, stopping further draft
Verifying token 0: verify_id=1119 ( into), draft_id=304 ( in), is_last=False, is_eos=False
Token 0 verification failed, accepting up to this token. is_last: False, is_eos: False, is_mismatch: True

Draft step 0: in_token=tensor([[1119]], device='cuda:6'), in_token_decoded= into, end_index: 7267
predicted_token: 279, predict_score: 0.8399495482444763, token :  the

Draft step 1: in_token=tensor([[279]], device='cuda:6'), in_token_decoded= the, end_index: 7268
predicted_token: 19212, predict_score: 0.19554142653942108, token :  bowl
Draft step 1, token  bowl, predict_score 0.19554142653942108 < threshold 0.6, stopping further draft
Verifying token 0: verify_id=264 ( a), draft_id=279 ( the), is_last=False, is_eos=False
Token 0 verification failed, accepting up to this token. is_last: False, is_eos: False, is_mismatch: True

Draft step 0: in_token=tensor([[264]], device='cuda:6'), in_token_decoded= a, end_index: 7268
predicted_token: 19212, predict_score: 0.8584186434745789, token :  bowl

Draft step 1: in_token=tensor([[19212]], device='cuda:6'), in_token_decoded= bowl, end_index: 7269
predicted_token: 13, predict_score: 0.3031654357910156, token : .
Draft step 1, token ., predict_score 0.3031654357910156 < threshold 0.6, stopping further draft
Verifying token 0: verify_id=803 ( more), draft_id=19212 ( bowl), is_last=False, is_eos=False
Token 0 verification failed, accepting up to this token. is_last: False, is_eos: False, is_mismatch: True

Draft step 0: in_token=tensor([[803]], device='cuda:6'), in_token_decoded= more, end_index: 7269
predicted_token: 1136, predict_score: 0.045547060668468475, token :  sc
Draft step 0, token  sc, predict_score 0.045547060668468475 < threshold 0.6, stopping further draft
Verifying token 0: verify_id=13794 ( uniform), draft_id=1136 ( sc), is_last=False, is_eos=False
Token 0 verification failed, accepting up to this token. is_last: False, is_eos: False, is_mismatch: True

Draft step 0: in_token=tensor([[13794]], device='cuda:6'), in_token_decoded= uniform, end_index: 7270
predicted_token: 11, predict_score: 0.6816653609275818, token : ,

Draft step 1: in_token=tensor([[11]], device='cuda:6'), in_token_decoded=,, end_index: 7271
predicted_token: 323, predict_score: 0.4234344959259033, token :  and
Draft step 1, token  and, predict_score 0.4234344959259033 < threshold 0.6, stopping further draft
Verifying token 0: verify_id=6083 ( shape), draft_id=11 (,), is_last=False, is_eos=False
Token 0 verification failed, accepting up to this token. is_last: False, is_eos: False, is_mismatch: True

Draft step 0: in_token=tensor([[6083]], device='cuda:6'), in_token_decoded= shape, end_index: 7271
predicted_token: 13, predict_score: 0.5201717019081116, token : .
Draft step 0, token ., predict_score 0.5201717019081116 < threshold 0.6, stopping further draft
Verifying token 0: verify_id=11 (,), draft_id=13 (.), is_last=False, is_eos=False
Token 0 verification failed, accepting up to this token. is_last: False, is_eos: False, is_mismatch: True

Draft step 0: in_token=tensor([[11]], device='cuda:6'), in_token_decoded=,, end_index: 7272
predicted_token: 323, predict_score: 0.23524998128414154, token :  and
Draft step 0, token  and, predict_score 0.23524998128414154 < threshold 0.6, stopping further draft
Verifying token 0: verify_id=323 ( and), draft_id=323 ( and), is_last=False, is_eos=False

Draft step 0: in_token=tensor([[323]], device='cuda:6'), in_token_decoded= and, end_index: 7273
predicted_token: 279, predict_score: 0.2153477519750595, token :  the
Draft step 0, token  the, predict_score 0.2153477519750595 < threshold 0.6, stopping further draft
Verifying token 0: verify_id=1221 ( then), draft_id=279 ( the), is_last=False, is_eos=False
Token 0 verification failed, accepting up to this token. is_last: False, is_eos: False, is_mismatch: True

Draft step 0: in_token=tensor([[1221]], device='cuda:6'), in_token_decoded= then, end_index: 7274
predicted_token: 25352, predict_score: 0.15187039971351624, token :  pressing
Draft step 0, token  pressing, predict_score 0.15187039971351624 < threshold 0.6, stopping further draft
Verifying token 0: verify_id=9099 ( placed), draft_id=25352 ( pressing), is_last=False, is_eos=False
Token 0 verification failed, accepting up to this token. is_last: False, is_eos: False, is_mismatch: True

Draft step 0: in_token=tensor([[9099]], device='cuda:6'), in_token_decoded= placed, end_index: 7275
predicted_token: 389, predict_score: 0.6480172872543335, token :  on

Draft step 1: in_token=tensor([[389]], device='cuda:6'), in_token_decoded= on, end_index: 7276
predicted_token: 279, predict_score: 0.9484362006187439, token :  the

Draft step 2: in_token=tensor([[279]], device='cuda:6'), in_token_decoded= the, end_index: 7277
predicted_token: 19212, predict_score: 0.13936135172843933, token :  bowl
Draft step 2, token  bowl, predict_score 0.13936135172843933 < threshold 0.6, stopping further draft
Verifying token 0: verify_id=1119 ( into), draft_id=389 ( on), is_last=False, is_eos=False
Token 0 verification failed, accepting up to this token. is_last: False, is_eos: False, is_mismatch: True

Draft step 0: in_token=tensor([[1119]], device='cuda:6'), in_token_decoded= into, end_index: 7276
predicted_token: 279, predict_score: 0.5397868752479553, token :  the
Draft step 0, token  the, predict_score 0.5397868752479553 < threshold 0.6, stopping further draft
Verifying token 0: verify_id=264 ( a), draft_id=279 ( the), is_last=False, is_eos=False
Token 0 verification failed, accepting up to this token. is_last: False, is_eos: False, is_mismatch: True

Draft step 0: in_token=tensor([[264]], device='cuda:6'), in_token_decoded= a, end_index: 7277
predicted_token: 19212, predict_score: 0.9358809590339661, token :  bowl

Draft step 1: in_token=tensor([[19212]], device='cuda:6'), in_token_decoded= bowl, end_index: 7278
predicted_token: 369, predict_score: 0.3494935631752014, token :  for
Draft step 1, token  for, predict_score 0.3494935631752014 < threshold 0.6, stopping further draft
Verifying token 0: verify_id=30352 ( dough), draft_id=19212 ( bowl), is_last=False, is_eos=False
Token 0 verification failed, accepting up to this token. is_last: False, is_eos: False, is_mismatch: True

Draft step 0: in_token=tensor([[30352]], device='cuda:6'), in_token_decoded= dough, end_index: 7278
predicted_token: 311, predict_score: 0.15491589903831482, token :  to
Draft step 0, token  to, predict_score 0.15491589903831482 < threshold 0.6, stopping further draft
Verifying token 0: verify_id=37778 ( mixer), draft_id=311 ( to), is_last=False, is_eos=False
Token 0 verification failed, accepting up to this token. is_last: False, is_eos: False, is_mismatch: True

Draft step 0: in_token=tensor([[37778]], device='cuda:6'), in_token_decoded= mixer, end_index: 7279
predicted_token: 311, predict_score: 0.22502975165843964, token :  to
Draft step 0, token  to, predict_score 0.22502975165843964 < threshold 0.6, stopping further draft
Verifying token 0: verify_id=311 ( to), draft_id=311 ( to), is_last=False, is_eos=False

Draft step 0: in_token=tensor([[311]], device='cuda:6'), in_token_decoded= to, end_index: 7280
predicted_token: 1779, predict_score: 0.29678016901016235, token :  check
Draft step 0, token  check, predict_score 0.29678016901016235 < threshold 0.6, stopping further draft
Verifying token 0: verify_id=387 ( be), draft_id=1779 ( check), is_last=False, is_eos=False
Token 0 verification failed, accepting up to this token. is_last: False, is_eos: False, is_mismatch: True

Draft step 0: in_token=tensor([[387]], device='cuda:6'), in_token_decoded= be, end_index: 7281
predicted_token: 8930, predict_score: 0.08717703074216843, token :  opened
Draft step 0, token  opened, predict_score 0.08717703074216843 < threshold 0.6, stopping further draft
Verifying token 0: verify_id=13853 ( kne), draft_id=8930 ( opened), is_last=False, is_eos=False
Token 0 verification failed, accepting up to this token. is_last: False, is_eos: False, is_mismatch: True

Draft step 0: in_token=tensor([[13853]], device='cuda:6'), in_token_decoded= kne, end_index: 7282
predicted_token: 311, predict_score: 0.06329204142093658, token :  to
Draft step 0, token  to, predict_score 0.06329204142093658 < threshold 0.6, stopping further draft
Verifying token 0: verify_id=14255 (aded), draft_id=311 ( to), is_last=False, is_eos=False
Token 0 verification failed, accepting up to this token. is_last: False, is_eos: False, is_mismatch: True

Draft step 0: in_token=tensor([[14255]], device='cuda:6'), in_token_decoded=aded, end_index: 7283
predicted_token: 13, predict_score: 0.30300819873809814, token : .
Draft step 0, token ., predict_score 0.30300819873809814 < threshold 0.6, stopping further draft
Verifying token 0: verify_id=4623 ( further), draft_id=13 (.), is_last=False, is_eos=False
Token 0 verification failed, accepting up to this token. is_last: False, is_eos: False, is_mismatch: True

Draft step 0: in_token=tensor([[4623]], device='cuda:6'), in_token_decoded= further, end_index: 7284
predicted_token: 311, predict_score: 0.30687254667282104, token :  to
Draft step 0, token  to, predict_score 0.30687254667282104 < threshold 0.6, stopping further draft
Verifying token 0: verify_id=13 (.), draft_id=311 ( to), is_last=False, is_eos=False
Token 0 verification failed, accepting up to this token. is_last: False, is_eos: False, is_mismatch: True

Draft step 0: in_token=tensor([[13]], device='cuda:6'), in_token_decoded=., end_index: 7285
predicted_token: 151645, predict_score: 0.9257238507270813, token : <|im_end|>
Verifying token 0: verify_id=151645 (<|im_end|>), draft_id=151645 (<|im_end|>), is_last=False, is_eos=True
Token 0 verification failed, accepting up to this token. is_last: False, is_eos: True, is_mismatch: False
New tokens: ["The dough is kneaded by pressing and folding it, with the person's hands moving it back and forth to work it into a more uniform shape, and then placed into a dough mixer to be kneaded further.<|im_end|>"]
Total new tokens generated: 44
[Spec] avg_accept=1.05 | tokens=44 | context_len=7242
[Adapter] acc=10/43 (23.3%) | avg_confidence=0.373 | drafted_avg_confidence=0.373 | context_len=7242
\n===== Lossless Check =====
Speculative output: The dough is kneaded by pressing and folding it, with the person's hands moving it back and forth to work it into a more uniform shape, and then placed into a dough mixer to be kneaded further.
AR manual output:   The dough is kneaded by pressing and folding it, with the person's hands moving it back and forth to work it into a more uniform shape, and then placed into a dough mixer to be kneaded further.
Exact match: True
OK: Outputs match. Speculative decoding is lossless.
Speedup: 0.89x
Speedup_decode: 0.89x
Spec decode tok/s: 20.52
AR decode tok/s:   23.01
 first token :NO

Draft step 0: in_token=tensor([[8996]], device='cuda:6'), in_token_decoded=NO, end_index: 7348
predicted_token: 3596, predict_score: 0.9999978542327881, token :  RE

Draft step 1: in_token=tensor([[3596]], device='cuda:6'), in_token_decoded= RE, end_index: 7349
predicted_token: 24834, predict_score: 0.9999997615814209, token : PLY

Draft step 2: in_token=tensor([[24834]], device='cuda:6'), in_token_decoded=PLY, end_index: 7350
predicted_token: 151645, predict_score: 0.9413979649543762, token : <|im_end|>
Verifying token 0: verify_id=3596 ( RE), draft_id=3596 ( RE), is_last=False, is_eos=False
Verifying token 1: verify_id=24834 (PLY), draft_id=24834 (PLY), is_last=False, is_eos=False
Verifying token 2: verify_id=151645 (<|im_end|>), draft_id=151645 (<|im_end|>), is_last=False, is_eos=True
Token 2 verification failed, accepting up to this token. is_last: False, is_eos: True, is_mismatch: False
New tokens: ['NO REPLY<|im_end|>']
Total new tokens generated: 4
[Spec] avg_accept=3.00 | tokens=4 | context_len=7347
[Adapter] acc=3/3 (100.0%) | avg_confidence=0.980 | drafted_avg_confidence=0.980 | context_len=7347
\n===== Lossless Check =====
Speculative output: NO REPLY
AR manual output:   NO REPLY
Exact match: True
OK: Outputs match. Speculative decoding is lossless.
Speedup: 1.48x
Speedup_decode: 1.04x
Spec decode tok/s: 29.80
AR decode tok/s:   28.53
 first token :NO

Draft step 0: in_token=tensor([[8996]], device='cuda:6'), in_token_decoded=NO, end_index: 7413
predicted_token: 3596, predict_score: 0.9999966621398926, token :  RE

Draft step 1: in_token=tensor([[3596]], device='cuda:6'), in_token_decoded= RE, end_index: 7414
predicted_token: 24834, predict_score: 0.9999997615814209, token : PLY

Draft step 2: in_token=tensor([[24834]], device='cuda:6'), in_token_decoded=PLY, end_index: 7415
predicted_token: 151645, predict_score: 0.9412591457366943, token : <|im_end|>
Verifying token 0: verify_id=3596 ( RE), draft_id=3596 ( RE), is_last=False, is_eos=False
Verifying token 1: verify_id=24834 (PLY), draft_id=24834 (PLY), is_last=False, is_eos=False
Verifying token 2: verify_id=151645 (<|im_end|>), draft_id=151645 (<|im_end|>), is_last=False, is_eos=True
Token 2 verification failed, accepting up to this token. is_last: False, is_eos: True, is_mismatch: False
New tokens: ['NO REPLY<|im_end|>']
Total new tokens generated: 4
[Spec] avg_accept=3.00 | tokens=4 | context_len=7412
[Adapter] acc=3/3 (100.0%) | avg_confidence=0.980 | drafted_avg_confidence=0.980 | context_len=7412
\n===== Lossless Check =====
Speculative output: NO REPLY
AR manual output:   NO REPLY
Exact match: True
OK: Outputs match. Speculative decoding is lossless.
Speedup: 1.49x
Speedup_decode: 1.05x
Spec decode tok/s: 32.44
AR decode tok/s:   31.04
 first token :NO

Draft step 0: in_token=tensor([[8996]], device='cuda:6'), in_token_decoded=NO, end_index: 7478
predicted_token: 3596, predict_score: 0.9999973773956299, token :  RE

Draft step 1: in_token=tensor([[3596]], device='cuda:6'), in_token_decoded= RE, end_index: 7479
predicted_token: 24834, predict_score: 0.9999996423721313, token : PLY

Draft step 2: in_token=tensor([[24834]], device='cuda:6'), in_token_decoded=PLY, end_index: 7480
predicted_token: 151645, predict_score: 0.9412499666213989, token : <|im_end|>
Verifying token 0: verify_id=3596 ( RE), draft_id=3596 ( RE), is_last=False, is_eos=False
Verifying token 1: verify_id=24834 (PLY), draft_id=24834 (PLY), is_last=False, is_eos=False
Verifying token 2: verify_id=151645 (<|im_end|>), draft_id=151645 (<|im_end|>), is_last=False, is_eos=True
Token 2 verification failed, accepting up to this token. is_last: False, is_eos: True, is_mismatch: False
New tokens: ['NO REPLY<|im_end|>']
Total new tokens generated: 4
[Spec] avg_accept=3.00 | tokens=4 | context_len=7477
[Adapter] acc=3/3 (100.0%) | avg_confidence=0.980 | drafted_avg_confidence=0.980 | context_len=7477
\n===== Lossless Check =====
Speculative output: NO REPLY
AR manual output:   NO REPLY
Exact match: True
OK: Outputs match. Speculative decoding is lossless.
Speedup: 1.63x
Speedup_decode: 0.87x
Spec decode tok/s: 25.75
AR decode tok/s:   29.60
 first token :NO

Draft step 0: in_token=tensor([[8996]], device='cuda:6'), in_token_decoded=NO, end_index: 7543
predicted_token: 3596, predict_score: 0.9999953508377075, token :  RE

Draft step 1: in_token=tensor([[3596]], device='cuda:6'), in_token_decoded= RE, end_index: 7544
predicted_token: 24834, predict_score: 0.9999996423721313, token : PLY

Draft step 2: in_token=tensor([[24834]], device='cuda:6'), in_token_decoded=PLY, end_index: 7545
predicted_token: 151645, predict_score: 0.9402434825897217, token : <|im_end|>
Verifying token 0: verify_id=3596 ( RE), draft_id=3596 ( RE), is_last=False, is_eos=False
Verifying token 1: verify_id=24834 (PLY), draft_id=24834 (PLY), is_last=False, is_eos=False
Verifying token 2: verify_id=151645 (<|im_end|>), draft_id=151645 (<|im_end|>), is_last=False, is_eos=True
Token 2 verification failed, accepting up to this token. is_last: False, is_eos: True, is_mismatch: False
New tokens: ['NO REPLY<|im_end|>']
Total new tokens generated: 4
[Spec] avg_accept=3.00 | tokens=4 | context_len=7542
[Adapter] acc=3/3 (100.0%) | avg_confidence=0.980 | drafted_avg_confidence=0.980 | context_len=7542
\n===== Lossless Check =====
Speculative output: NO REPLY
AR manual output:   NO REPLY
Exact match: True
OK: Outputs match. Speculative decoding is lossless.
Speedup: 1.26x
Speedup_decode: 1.17x
Spec decode tok/s: 34.27
AR decode tok/s:   29.22
 first token :NO

Draft step 0: in_token=tensor([[8996]], device='cuda:6'), in_token_decoded=NO, end_index: 7608
predicted_token: 3596, predict_score: 0.9999961853027344, token :  RE

Draft step 1: in_token=tensor([[3596]], device='cuda:6'), in_token_decoded= RE, end_index: 7609
predicted_token: 24834, predict_score: 0.9999996423721313, token : PLY

Draft step 2: in_token=tensor([[24834]], device='cuda:6'), in_token_decoded=PLY, end_index: 7610
predicted_token: 151645, predict_score: 0.940065324306488, token : <|im_end|>
Verifying token 0: verify_id=3596 ( RE), draft_id=3596 ( RE), is_last=False, is_eos=False
Verifying token 1: verify_id=24834 (PLY), draft_id=24834 (PLY), is_last=False, is_eos=False
Verifying token 2: verify_id=151645 (<|im_end|>), draft_id=151645 (<|im_end|>), is_last=False, is_eos=True
Token 2 verification failed, accepting up to this token. is_last: False, is_eos: True, is_mismatch: False
New tokens: ['NO REPLY<|im_end|>']
Total new tokens generated: 4
[Spec] avg_accept=3.00 | tokens=4 | context_len=7607
[Adapter] acc=3/3 (100.0%) | avg_confidence=0.980 | drafted_avg_confidence=0.980 | context_len=7607
\n===== Lossless Check =====
Speculative output: NO REPLY
AR manual output:   NO REPLY
Exact match: True
OK: Outputs match. Speculative decoding is lossless.
Speedup: 1.91x
Speedup_decode: 0.99x
Spec decode tok/s: 31.98
AR decode tok/s:   32.37
 first token :NO

Draft step 0: in_token=tensor([[8996]], device='cuda:6'), in_token_decoded=NO, end_index: 7673
predicted_token: 3596, predict_score: 0.9999974966049194, token :  RE

Draft step 1: in_token=tensor([[3596]], device='cuda:6'), in_token_decoded= RE, end_index: 7674
predicted_token: 24834, predict_score: 0.9999997615814209, token : PLY

Draft step 2: in_token=tensor([[24834]], device='cuda:6'), in_token_decoded=PLY, end_index: 7675
predicted_token: 151645, predict_score: 0.9405397176742554, token : <|im_end|>
Verifying token 0: verify_id=3596 ( RE), draft_id=3596 ( RE), is_last=False, is_eos=False
Verifying token 1: verify_id=24834 (PLY), draft_id=24834 (PLY), is_last=False, is_eos=False
Verifying token 2: verify_id=151645 (<|im_end|>), draft_id=151645 (<|im_end|>), is_last=False, is_eos=True
Token 2 verification failed, accepting up to this token. is_last: False, is_eos: True, is_mismatch: False
New tokens: ['NO REPLY<|im_end|>']
Total new tokens generated: 4
[Spec] avg_accept=3.00 | tokens=4 | context_len=7672
[Adapter] acc=3/3 (100.0%) | avg_confidence=0.980 | drafted_avg_confidence=0.980 | context_len=7672
\n===== Lossless Check =====
Speculative output: NO REPLY
AR manual output:   NO REPLY
Exact match: True
OK: Outputs match. Speculative decoding is lossless.
Speedup: 1.29x
Speedup_decode: 1.14x
Spec decode tok/s: 32.87
AR decode tok/s:   28.86
 first token :NO

Draft step 0: in_token=tensor([[8996]], device='cuda:6'), in_token_decoded=NO, end_index: 7738
predicted_token: 3596, predict_score: 0.9999978542327881, token :  RE

Draft step 1: in_token=tensor([[3596]], device='cuda:6'), in_token_decoded= RE, end_index: 7739
predicted_token: 24834, predict_score: 0.9999997615814209, token : PLY

Draft step 2: in_token=tensor([[24834]], device='cuda:6'), in_token_decoded=PLY, end_index: 7740
predicted_token: 151645, predict_score: 0.9416526556015015, token : <|im_end|>
Verifying token 0: verify_id=3596 ( RE), draft_id=3596 ( RE), is_last=False, is_eos=False
Verifying token 1: verify_id=24834 (PLY), draft_id=24834 (PLY), is_last=False, is_eos=False
Verifying token 2: verify_id=151645 (<|im_end|>), draft_id=151645 (<|im_end|>), is_last=False, is_eos=True
Token 2 verification failed, accepting up to this token. is_last: False, is_eos: True, is_mismatch: False
New tokens: ['NO REPLY<|im_end|>']
Total new tokens generated: 4
[Spec] avg_accept=3.00 | tokens=4 | context_len=7737
[Adapter] acc=3/3 (100.0%) | avg_confidence=0.981 | drafted_avg_confidence=0.981 | context_len=7737
\n===== Lossless Check =====
Speculative output: NO REPLY
AR manual output:   NO REPLY
Exact match: True
OK: Outputs match. Speculative decoding is lossless.
Speedup: 1.46x
Speedup_decode: 1.02x
Spec decode tok/s: 28.25
AR decode tok/s:   27.68
 first token :NO

Draft step 0: in_token=tensor([[8996]], device='cuda:6'), in_token_decoded=NO, end_index: 7803
predicted_token: 3596, predict_score: 0.9999979734420776, token :  RE

Draft step 1: in_token=tensor([[3596]], device='cuda:6'), in_token_decoded= RE, end_index: 7804
predicted_token: 24834, predict_score: 0.9999997615814209, token : PLY

Draft step 2: in_token=tensor([[24834]], device='cuda:6'), in_token_decoded=PLY, end_index: 7805
predicted_token: 151645, predict_score: 0.9413031935691833, token : <|im_end|>
Verifying token 0: verify_id=3596 ( RE), draft_id=3596 ( RE), is_last=False, is_eos=False
Verifying token 1: verify_id=24834 (PLY), draft_id=24834 (PLY), is_last=False, is_eos=False
Verifying token 2: verify_id=151645 (<|im_end|>), draft_id=151645 (<|im_end|>), is_last=False, is_eos=True
Token 2 verification failed, accepting up to this token. is_last: False, is_eos: True, is_mismatch: False
New tokens: ['NO REPLY<|im_end|>']
Total new tokens generated: 4
[Spec] avg_accept=3.00 | tokens=4 | context_len=7802
[Adapter] acc=3/3 (100.0%) | avg_confidence=0.980 | drafted_avg_confidence=0.980 | context_len=7802
\n===== Lossless Check =====
Speculative output: NO REPLY
AR manual output:   NO REPLY
Exact match: True
OK: Outputs match. Speculative decoding is lossless.
Speedup: 1.50x
Speedup_decode: 1.22x
Spec decode tok/s: 33.39
AR decode tok/s:   27.46
 first token :NO

Draft step 0: in_token=tensor([[8996]], device='cuda:6'), in_token_decoded=NO, end_index: 7868
predicted_token: 3596, predict_score: 0.999997615814209, token :  RE

Draft step 1: in_token=tensor([[3596]], device='cuda:6'), in_token_decoded= RE, end_index: 7869
predicted_token: 24834, predict_score: 0.9999996423721313, token : PLY

Draft step 2: in_token=tensor([[24834]], device='cuda:6'), in_token_decoded=PLY, end_index: 7870
predicted_token: 151645, predict_score: 0.9413862228393555, token : <|im_end|>
Verifying token 0: verify_id=3596 ( RE), draft_id=3596 ( RE), is_last=False, is_eos=False
Verifying token 1: verify_id=24834 (PLY), draft_id=24834 (PLY), is_last=False, is_eos=False
Verifying token 2: verify_id=151645 (<|im_end|>), draft_id=151645 (<|im_end|>), is_last=False, is_eos=True
Token 2 verification failed, accepting up to this token. is_last: False, is_eos: True, is_mismatch: False
New tokens: ['NO REPLY<|im_end|>']
Total new tokens generated: 4
[Spec] avg_accept=3.00 | tokens=4 | context_len=7867
[Adapter] acc=3/3 (100.0%) | avg_confidence=0.980 | drafted_avg_confidence=0.980 | context_len=7867
\n===== Lossless Check =====
Speculative output: NO REPLY
AR manual output:   NO REPLY
Exact match: True
OK: Outputs match. Speculative decoding is lossless.
Speedup: 1.48x
Speedup_decode: 1.00x
Spec decode tok/s: 30.56
AR decode tok/s:   30.55
 first token :NO

Draft step 0: in_token=tensor([[8996]], device='cuda:6'), in_token_decoded=NO, end_index: 7933
predicted_token: 3596, predict_score: 0.9999977350234985, token :  RE

Draft step 1: in_token=tensor([[3596]], device='cuda:6'), in_token_decoded= RE, end_index: 7934
predicted_token: 24834, predict_score: 0.9999996423721313, token : PLY

Draft step 2: in_token=tensor([[24834]], device='cuda:6'), in_token_decoded=PLY, end_index: 7935
predicted_token: 151645, predict_score: 0.9407866597175598, token : <|im_end|>
Verifying token 0: verify_id=3596 ( RE), draft_id=3596 ( RE), is_last=False, is_eos=False
Verifying token 1: verify_id=24834 (PLY), draft_id=24834 (PLY), is_last=False, is_eos=False
Verifying token 2: verify_id=151645 (<|im_end|>), draft_id=151645 (<|im_end|>), is_last=False, is_eos=True
Token 2 verification failed, accepting up to this token. is_last: False, is_eos: True, is_mismatch: False
New tokens: ['NO REPLY<|im_end|>']
Total new tokens generated: 4
[Spec] avg_accept=3.00 | tokens=4 | context_len=7932
[Adapter] acc=3/3 (100.0%) | avg_confidence=0.980 | drafted_avg_confidence=0.980 | context_len=7932
\n===== Lossless Check =====
Speculative output: NO REPLY
AR manual output:   NO REPLY
Exact match: True
OK: Outputs match. Speculative decoding is lossless.
Speedup: 1.71x
Speedup_decode: 1.26x
Spec decode tok/s: 34.32
AR decode tok/s:   27.32
 first token :NO

Draft step 0: in_token=tensor([[8996]], device='cuda:6'), in_token_decoded=NO, end_index: 7998
predicted_token: 3596, predict_score: 0.9999977350234985, token :  RE

Draft step 1: in_token=tensor([[3596]], device='cuda:6'), in_token_decoded= RE, end_index: 7999
predicted_token: 24834, predict_score: 0.9999996423721313, token : PLY

Draft step 2: in_token=tensor([[24834]], device='cuda:6'), in_token_decoded=PLY, end_index: 8000
predicted_token: 151645, predict_score: 0.9390852451324463, token : <|im_end|>
Verifying token 0: verify_id=3596 ( RE), draft_id=3596 ( RE), is_last=False, is_eos=False
Verifying token 1: verify_id=24834 (PLY), draft_id=24834 (PLY), is_last=False, is_eos=False
Verifying token 2: verify_id=151645 (<|im_end|>), draft_id=151645 (<|im_end|>), is_last=False, is_eos=True
Token 2 verification failed, accepting up to this token. is_last: False, is_eos: True, is_mismatch: False
New tokens: ['NO REPLY<|im_end|>']
Total new tokens generated: 4
[Spec] avg_accept=3.00 | tokens=4 | context_len=7997
[Adapter] acc=3/3 (100.0%) | avg_confidence=0.980 | drafted_avg_confidence=0.980 | context_len=7997
\n===== Lossless Check =====
Speculative output: NO REPLY
AR manual output:   NO REPLY
Exact match: True
OK: Outputs match. Speculative decoding is lossless.
Speedup: 1.88x
Speedup_decode: 1.00x
Spec decode tok/s: 28.99
AR decode tok/s:   29.05
 first token :NO

Draft step 0: in_token=tensor([[8996]], device='cuda:6'), in_token_decoded=NO, end_index: 8063
predicted_token: 3596, predict_score: 0.9999972581863403, token :  RE

Draft step 1: in_token=tensor([[3596]], device='cuda:6'), in_token_decoded= RE, end_index: 8064
predicted_token: 24834, predict_score: 0.9999996423721313, token : PLY

Draft step 2: in_token=tensor([[24834]], device='cuda:6'), in_token_decoded=PLY, end_index: 8065
predicted_token: 151645, predict_score: 0.9395996928215027, token : <|im_end|>
Verifying token 0: verify_id=3596 ( RE), draft_id=3596 ( RE), is_last=False, is_eos=False
Verifying token 1: verify_id=24834 (PLY), draft_id=24834 (PLY), is_last=False, is_eos=False
Verifying token 2: verify_id=151645 (<|im_end|>), draft_id=151645 (<|im_end|>), is_last=False, is_eos=True
Token 2 verification failed, accepting up to this token. is_last: False, is_eos: True, is_mismatch: False
New tokens: ['NO REPLY<|im_end|>']
Total new tokens generated: 4
[Spec] avg_accept=3.00 | tokens=4 | context_len=8062
[Adapter] acc=3/3 (100.0%) | avg_confidence=0.980 | drafted_avg_confidence=0.980 | context_len=8062
\n===== Lossless Check =====
Speculative output: NO REPLY
AR manual output:   NO REPLY
Exact match: True
OK: Outputs match. Speculative decoding is lossless.
Speedup: 0.96x
Speedup_decode: 0.90x
Spec decode tok/s: 26.39
AR decode tok/s:   29.45
 first token :NO

Draft step 0: in_token=tensor([[8996]], device='cuda:6'), in_token_decoded=NO, end_index: 8128
predicted_token: 3596, predict_score: 0.9999967813491821, token :  RE

Draft step 1: in_token=tensor([[3596]], device='cuda:6'), in_token_decoded= RE, end_index: 8129
predicted_token: 24834, predict_score: 0.9999995231628418, token : PLY

Draft step 2: in_token=tensor([[24834]], device='cuda:6'), in_token_decoded=PLY, end_index: 8130
predicted_token: 151645, predict_score: 0.9396914839744568, token : <|im_end|>
Verifying token 0: verify_id=3596 ( RE), draft_id=3596 ( RE), is_last=False, is_eos=False
Verifying token 1: verify_id=24834 (PLY), draft_id=24834 (PLY), is_last=False, is_eos=False
Verifying token 2: verify_id=151645 (<|im_end|>), draft_id=151645 (<|im_end|>), is_last=False, is_eos=True
Token 2 verification failed, accepting up to this token. is_last: False, is_eos: True, is_mismatch: False
New tokens: ['NO REPLY<|im_end|>']
Total new tokens generated: 4
[Spec] avg_accept=3.00 | tokens=4 | context_len=8127
[Adapter] acc=3/3 (100.0%) | avg_confidence=0.980 | drafted_avg_confidence=0.980 | context_len=8127
\n===== Lossless Check =====
Speculative output: NO REPLY
AR manual output:   NO REPLY
Exact match: True
OK: Outputs match. Speculative decoding is lossless.
Speedup: 1.19x
Speedup_decode: 0.75x
Spec decode tok/s: 24.84
AR decode tok/s:   33.14
 first token :NO

Draft step 0: in_token=tensor([[8996]], device='cuda:6'), in_token_decoded=NO, end_index: 8193
predicted_token: 3596, predict_score: 0.9999972581863403, token :  RE

Draft step 1: in_token=tensor([[3596]], device='cuda:6'), in_token_decoded= RE, end_index: 8194
predicted_token: 24834, predict_score: 0.9999996423721313, token : PLY

Draft step 2: in_token=tensor([[24834]], device='cuda:6'), in_token_decoded=PLY, end_index: 8195
predicted_token: 151645, predict_score: 0.9389912486076355, token : <|im_end|>
Verifying token 0: verify_id=3596 ( RE), draft_id=3596 ( RE), is_last=False, is_eos=False
Verifying token 1: verify_id=24834 (PLY), draft_id=24834 (PLY), is_last=False, is_eos=False
Verifying token 2: verify_id=151645 (<|im_end|>), draft_id=151645 (<|im_end|>), is_last=False, is_eos=True
Token 2 verification failed, accepting up to this token. is_last: False, is_eos: True, is_mismatch: False
New tokens: ['NO REPLY<|im_end|>']
Total new tokens generated: 4
[Spec] avg_accept=3.00 | tokens=4 | context_len=8192
[Adapter] acc=3/3 (100.0%) | avg_confidence=0.980 | drafted_avg_confidence=0.980 | context_len=8192
\n===== Lossless Check =====
Speculative output: NO REPLY
AR manual output:   NO REPLY
Exact match: True
OK: Outputs match. Speculative decoding is lossless.
Speedup: 1.64x
Speedup_decode: 1.30x
Spec decode tok/s: 48.45
AR decode tok/s:   37.37
 first token :NO

Draft step 0: in_token=tensor([[8996]], device='cuda:6'), in_token_decoded=NO, end_index: 8258
predicted_token: 3596, predict_score: 0.9999972581863403, token :  RE

Draft step 1: in_token=tensor([[3596]], device='cuda:6'), in_token_decoded= RE, end_index: 8259
predicted_token: 24834, predict_score: 0.9999995231628418, token : PLY

Draft step 2: in_token=tensor([[24834]], device='cuda:6'), in_token_decoded=PLY, end_index: 8260
predicted_token: 151645, predict_score: 0.9399877786636353, token : <|im_end|>
Verifying token 0: verify_id=3596 ( RE), draft_id=3596 ( RE), is_last=False, is_eos=False
Verifying token 1: verify_id=24834 (PLY), draft_id=24834 (PLY), is_last=False, is_eos=False
Verifying token 2: verify_id=151645 (<|im_end|>), draft_id=151645 (<|im_end|>), is_last=False, is_eos=True
Token 2 verification failed, accepting up to this token. is_last: False, is_eos: True, is_mismatch: False
New tokens: ['NO REPLY<|im_end|>']
Total new tokens generated: 4
[Spec] avg_accept=3.00 | tokens=4 | context_len=8257
[Adapter] acc=3/3 (100.0%) | avg_confidence=0.980 | drafted_avg_confidence=0.980 | context_len=8257
\n===== Lossless Check =====
Speculative output: NO REPLY
AR manual output:   NO REPLY
Exact match: True
OK: Outputs match. Speculative decoding is lossless.
Speedup: 1.33x
Speedup_decode: 1.08x
Spec decode tok/s: 29.92
AR decode tok/s:   27.77
 first token :NO

Draft step 0: in_token=tensor([[8996]], device='cuda:6'), in_token_decoded=NO, end_index: 8323
predicted_token: 3596, predict_score: 0.999996542930603, token :  RE

Draft step 1: in_token=tensor([[3596]], device='cuda:6'), in_token_decoded= RE, end_index: 8324
predicted_token: 24834, predict_score: 0.9999995231628418, token : PLY

Draft step 2: in_token=tensor([[24834]], device='cuda:6'), in_token_decoded=PLY, end_index: 8325
predicted_token: 151645, predict_score: 0.9379904270172119, token : <|im_end|>
Verifying token 0: verify_id=3596 ( RE), draft_id=3596 ( RE), is_last=False, is_eos=False
Verifying token 1: verify_id=24834 (PLY), draft_id=24834 (PLY), is_last=False, is_eos=False
Verifying token 2: verify_id=151645 (<|im_end|>), draft_id=151645 (<|im_end|>), is_last=False, is_eos=True
Token 2 verification failed, accepting up to this token. is_last: False, is_eos: True, is_mismatch: False
New tokens: ['NO REPLY<|im_end|>']
Total new tokens generated: 4
[Spec] avg_accept=3.00 | tokens=4 | context_len=8322
[Adapter] acc=3/3 (100.0%) | avg_confidence=0.979 | drafted_avg_confidence=0.979 | context_len=8322
\n===== Lossless Check =====
Speculative output: NO REPLY
AR manual output:   NO REPLY
Exact match: True
OK: Outputs match. Speculative decoding is lossless.
Speedup: 1.11x
Speedup_decode: 0.86x
Spec decode tok/s: 24.72
AR decode tok/s:   28.72
 first token :NO

Draft step 0: in_token=tensor([[8996]], device='cuda:6'), in_token_decoded=NO, end_index: 8388
predicted_token: 3596, predict_score: 0.9999969005584717, token :  RE

Draft step 1: in_token=tensor([[3596]], device='cuda:6'), in_token_decoded= RE, end_index: 8389
predicted_token: 24834, predict_score: 0.9999996423721313, token : PLY

Draft step 2: in_token=tensor([[24834]], device='cuda:6'), in_token_decoded=PLY, end_index: 8390
predicted_token: 151645, predict_score: 0.9389365315437317, token : <|im_end|>
Verifying token 0: verify_id=3596 ( RE), draft_id=3596 ( RE), is_last=False, is_eos=False
Verifying token 1: verify_id=24834 (PLY), draft_id=24834 (PLY), is_last=False, is_eos=False
Verifying token 2: verify_id=151645 (<|im_end|>), draft_id=151645 (<|im_end|>), is_last=False, is_eos=True
Token 2 verification failed, accepting up to this token. is_last: False, is_eos: True, is_mismatch: False
New tokens: ['NO REPLY<|im_end|>']
Total new tokens generated: 4
[Spec] avg_accept=3.00 | tokens=4 | context_len=8387
[Adapter] acc=3/3 (100.0%) | avg_confidence=0.980 | drafted_avg_confidence=0.980 | context_len=8387
\n===== Lossless Check =====
Speculative output: NO REPLY
AR manual output:   NO REPLY
Exact match: True
OK: Outputs match. Speculative decoding is lossless.
Speedup: 1.39x
Speedup_decode: 0.72x
Spec decode tok/s: 20.95
AR decode tok/s:   29.18
 first token :NO

Draft step 0: in_token=tensor([[8996]], device='cuda:6'), in_token_decoded=NO, end_index: 8453
predicted_token: 3596, predict_score: 0.9999963045120239, token :  RE

Draft step 1: in_token=tensor([[3596]], device='cuda:6'), in_token_decoded= RE, end_index: 8454
predicted_token: 24834, predict_score: 0.9999995231628418, token : PLY

Draft step 2: in_token=tensor([[24834]], device='cuda:6'), in_token_decoded=PLY, end_index: 8455
predicted_token: 151645, predict_score: 0.9385678768157959, token : <|im_end|>
Verifying token 0: verify_id=3596 ( RE), draft_id=3596 ( RE), is_last=False, is_eos=False
Verifying token 1: verify_id=24834 (PLY), draft_id=24834 (PLY), is_last=False, is_eos=False
Verifying token 2: verify_id=151645 (<|im_end|>), draft_id=151645 (<|im_end|>), is_last=False, is_eos=True
Token 2 verification failed, accepting up to this token. is_last: False, is_eos: True, is_mismatch: False
New tokens: ['NO REPLY<|im_end|>']
Total new tokens generated: 4
[Spec] avg_accept=3.00 | tokens=4 | context_len=8452
[Adapter] acc=3/3 (100.0%) | avg_confidence=0.980 | drafted_avg_confidence=0.980 | context_len=8452
\n===== Lossless Check =====
Speculative output: NO REPLY
AR manual output:   NO REPLY
Exact match: True
OK: Outputs match. Speculative decoding is lossless.
Speedup: 1.35x
Speedup_decode: 1.16x
Spec decode tok/s: 31.98
AR decode tok/s:   27.65
 first token :NO

Draft step 0: in_token=tensor([[8996]], device='cuda:6'), in_token_decoded=NO, end_index: 8518
predicted_token: 3596, predict_score: 0.999996542930603, token :  RE

Draft step 1: in_token=tensor([[3596]], device='cuda:6'), in_token_decoded= RE, end_index: 8519
predicted_token: 24834, predict_score: 0.9999996423721313, token : PLY

Draft step 2: in_token=tensor([[24834]], device='cuda:6'), in_token_decoded=PLY, end_index: 8520
predicted_token: 151645, predict_score: 0.9385259747505188, token : <|im_end|>
Verifying token 0: verify_id=3596 ( RE), draft_id=3596 ( RE), is_last=False, is_eos=False
Verifying token 1: verify_id=24834 (PLY), draft_id=24834 (PLY), is_last=False, is_eos=False
Verifying token 2: verify_id=151645 (<|im_end|>), draft_id=151645 (<|im_end|>), is_last=False, is_eos=True
Token 2 verification failed, accepting up to this token. is_last: False, is_eos: True, is_mismatch: False
New tokens: ['NO REPLY<|im_end|>']
Total new tokens generated: 4
[Spec] avg_accept=3.00 | tokens=4 | context_len=8517
[Adapter] acc=3/3 (100.0%) | avg_confidence=0.980 | drafted_avg_confidence=0.980 | context_len=8517
\n===== Lossless Check =====
Speculative output: NO REPLY
AR manual output:   NO REPLY
Exact match: True
OK: Outputs match. Speculative decoding is lossless.
Speedup: 1.43x
Speedup_decode: 0.78x
Spec decode tok/s: 25.58
AR decode tok/s:   32.81
 first token :The

Draft step 0: in_token=tensor([[785]], device='cuda:6'), in_token_decoded=The, end_index: 8583
predicted_token: 30352, predict_score: 0.38093313574790955, token :  dough
Draft step 0, token  dough, predict_score 0.38093313574790955 < threshold 0.6, stopping further draft
Verifying token 0: verify_id=30352 ( dough), draft_id=30352 ( dough), is_last=False, is_eos=False

Draft step 0: in_token=tensor([[30352]], device='cuda:6'), in_token_decoded= dough, end_index: 8584
predicted_token: 374, predict_score: 0.6762562394142151, token :  is

Draft step 1: in_token=tensor([[374]], device='cuda:6'), in_token_decoded= is, end_index: 8585
predicted_token: 22447, predict_score: 0.16135169565677643, token :  rolled
Draft step 1, token  rolled, predict_score 0.16135169565677643 < threshold 0.6, stopping further draft
Verifying token 0: verify_id=374 ( is), draft_id=374 ( is), is_last=False, is_eos=False
Verifying token 1: verify_id=13853 ( kne), draft_id=22447 ( rolled), is_last=False, is_eos=False
Token 1 verification failed, accepting up to this token. is_last: False, is_eos: False, is_mismatch: True

Draft step 0: in_token=tensor([[13853]], device='cuda:6'), in_token_decoded= kne, end_index: 8586
predicted_token: 311, predict_score: 0.07637333124876022, token :  to
Draft step 0, token  to, predict_score 0.07637333124876022 < threshold 0.6, stopping further draft
Verifying token 0: verify_id=14255 (aded), draft_id=311 ( to), is_last=False, is_eos=False
Token 0 verification failed, accepting up to this token. is_last: False, is_eos: False, is_mismatch: True

Draft step 0: in_token=tensor([[14255]], device='cuda:6'), in_token_decoded=aded, end_index: 8587
predicted_token: 311, predict_score: 0.21346870064735413, token :  to
Draft step 0, token  to, predict_score 0.21346870064735413 < threshold 0.6, stopping further draft
Verifying token 0: verify_id=553 ( by), draft_id=311 ( to), is_last=False, is_eos=False
Token 0 verification failed, accepting up to this token. is_last: False, is_eos: False, is_mismatch: True

Draft step 0: in_token=tensor([[553]], device='cuda:6'), in_token_decoded= by, end_index: 8588
predicted_token: 25352, predict_score: 0.09653843194246292, token :  pressing
Draft step 0, token  pressing, predict_score 0.09653843194246292 < threshold 0.6, stopping further draft
Verifying token 0: verify_id=25352 ( pressing), draft_id=25352 ( pressing), is_last=False, is_eos=False

Draft step 0: in_token=tensor([[25352]], device='cuda:6'), in_token_decoded= pressing, end_index: 8589
predicted_token: 279, predict_score: 0.33093297481536865, token :  the
Draft step 0, token  the, predict_score 0.33093297481536865 < threshold 0.6, stopping further draft
Verifying token 0: verify_id=323 ( and), draft_id=279 ( the), is_last=False, is_eos=False
Token 0 verification failed, accepting up to this token. is_last: False, is_eos: False, is_mismatch: True

Draft step 0: in_token=tensor([[323]], device='cuda:6'), in_token_decoded= and, end_index: 8590
predicted_token: 1221, predict_score: 0.08030139654874802, token :  then
Draft step 0, token  then, predict_score 0.08030139654874802 < threshold 0.6, stopping further draft
Verifying token 0: verify_id=44742 ( folding), draft_id=1221 ( then), is_last=False, is_eos=False
Token 0 verification failed, accepting up to this token. is_last: False, is_eos: False, is_mismatch: True

Draft step 0: in_token=tensor([[44742]], device='cuda:6'), in_token_decoded= folding, end_index: 8591
predicted_token: 432, predict_score: 0.3319416642189026, token :  it
Draft step 0, token  it, predict_score 0.3319416642189026 < threshold 0.6, stopping further draft
Verifying token 0: verify_id=432 ( it), draft_id=432 ( it), is_last=False, is_eos=False

Draft step 0: in_token=tensor([[432]], device='cuda:6'), in_token_decoded= it, end_index: 8592
predicted_token: 311, predict_score: 0.1444573700428009, token :  to
Draft step 0, token  to, predict_score 0.1444573700428009 < threshold 0.6, stopping further draft
Verifying token 0: verify_id=11 (,), draft_id=311 ( to), is_last=False, is_eos=False
Token 0 verification failed, accepting up to this token. is_last: False, is_eos: False, is_mismatch: True

Draft step 0: in_token=tensor([[11]], device='cuda:6'), in_token_decoded=,, end_index: 8593
predicted_token: 448, predict_score: 0.5126571655273438, token :  with
Draft step 0, token  with, predict_score 0.5126571655273438 < threshold 0.6, stopping further draft
Verifying token 0: verify_id=448 ( with), draft_id=448 ( with), is_last=False, is_eos=False

Draft step 0: in_token=tensor([[448]], device='cuda:6'), in_token_decoded= with, end_index: 8594
predicted_token: 279, predict_score: 0.534399688243866, token :  the
Draft step 0, token  the, predict_score 0.534399688243866 < threshold 0.6, stopping further draft
Verifying token 0: verify_id=279 ( the), draft_id=279 ( the), is_last=False, is_eos=False

Draft step 0: in_token=tensor([[279]], device='cuda:6'), in_token_decoded= the, end_index: 8595
predicted_token: 20097, predict_score: 0.17711018025875092, token :  rolling
Draft step 0, token  rolling, predict_score 0.17711018025875092 < threshold 0.6, stopping further draft
Verifying token 0: verify_id=1697 ( person), draft_id=20097 ( rolling), is_last=False, is_eos=False
Token 0 verification failed, accepting up to this token. is_last: False, is_eos: False, is_mismatch: True

Draft step 0: in_token=tensor([[1697]], device='cuda:6'), in_token_decoded= person, end_index: 8596
predicted_token: 594, predict_score: 0.37280401587486267, token : 's
Draft step 0, token 's, predict_score 0.37280401587486267 < threshold 0.6, stopping further draft
Verifying token 0: verify_id=594 ('s), draft_id=594 ('s), is_last=False, is_eos=False

Draft step 0: in_token=tensor([[594]], device='cuda:6'), in_token_decoded='s, end_index: 8597
predicted_token: 1424, predict_score: 0.3794437050819397, token :  hand
Draft step 0, token  hand, predict_score 0.3794437050819397 < threshold 0.6, stopping further draft
Verifying token 0: verify_id=6078 ( hands), draft_id=1424 ( hand), is_last=False, is_eos=False
Token 0 verification failed, accepting up to this token. is_last: False, is_eos: False, is_mismatch: True

Draft step 0: in_token=tensor([[6078]], device='cuda:6'), in_token_decoded= hands, end_index: 8598
predicted_token: 389, predict_score: 0.31542959809303284, token :  on
Draft step 0, token  on, predict_score 0.31542959809303284 < threshold 0.6, stopping further draft
Verifying token 0: verify_id=7218 ( moving), draft_id=389 ( on), is_last=False, is_eos=False
Token 0 verification failed, accepting up to this token. is_last: False, is_eos: False, is_mismatch: True

Draft step 0: in_token=tensor([[7218]], device='cuda:6'), in_token_decoded= moving, end_index: 8599
predicted_token: 311, predict_score: 0.23310205340385437, token :  to
Draft step 0, token  to, predict_score 0.23310205340385437 < threshold 0.6, stopping further draft
Verifying token 0: verify_id=432 ( it), draft_id=311 ( to), is_last=False, is_eos=False
Token 0 verification failed, accepting up to this token. is_last: False, is_eos: False, is_mismatch: True

Draft step 0: in_token=tensor([[432]], device='cuda:6'), in_token_decoded= it, end_index: 8600
predicted_token: 916, predict_score: 0.22871436178684235, token :  over
Draft step 0, token  over, predict_score 0.22871436178684235 < threshold 0.6, stopping further draft
Verifying token 0: verify_id=1182 ( back), draft_id=916 ( over), is_last=False, is_eos=False
Token 0 verification failed, accepting up to this token. is_last: False, is_eos: False, is_mismatch: True

Draft step 0: in_token=tensor([[1182]], device='cuda:6'), in_token_decoded= back, end_index: 8601
predicted_token: 311, predict_score: 0.2941528856754303, token :  to
Draft step 0, token  to, predict_score 0.2941528856754303 < threshold 0.6, stopping further draft
Verifying token 0: verify_id=323 ( and), draft_id=311 ( to), is_last=False, is_eos=False
Token 0 verification failed, accepting up to this token. is_last: False, is_eos: False, is_mismatch: True

Draft step 0: in_token=tensor([[323]], device='cuda:6'), in_token_decoded= and, end_index: 8602
predicted_token: 279, predict_score: 0.053808338940143585, token :  the
Draft step 0, token  the, predict_score 0.053808338940143585 < threshold 0.6, stopping further draft
Verifying token 0: verify_id=13241 ( forth), draft_id=279 ( the), is_last=False, is_eos=False
Token 0 verification failed, accepting up to this token. is_last: False, is_eos: False, is_mismatch: True

Draft step 0: in_token=tensor([[13241]], device='cuda:6'), in_token_decoded= forth, end_index: 8603
predicted_token: 448, predict_score: 0.18917414546012878, token :  with
Draft step 0, token  with, predict_score 0.18917414546012878 < threshold 0.6, stopping further draft
Verifying token 0: verify_id=311 ( to), draft_id=448 ( with), is_last=False, is_eos=False
Token 0 verification failed, accepting up to this token. is_last: False, is_eos: False, is_mismatch: True

Draft step 0: in_token=tensor([[311]], device='cuda:6'), in_token_decoded= to, end_index: 8604
predicted_token: 1779, predict_score: 0.32144269347190857, token :  check
Draft step 0, token  check, predict_score 0.32144269347190857 < threshold 0.6, stopping further draft
Verifying token 0: verify_id=975 ( work), draft_id=1779 ( check), is_last=False, is_eos=False
Token 0 verification failed, accepting up to this token. is_last: False, is_eos: False, is_mismatch: True

Draft step 0: in_token=tensor([[975]], device='cuda:6'), in_token_decoded= work, end_index: 8605
predicted_token: 389, predict_score: 0.7899911403656006, token :  on

Draft step 1: in_token=tensor([[389]], device='cuda:6'), in_token_decoded= on, end_index: 8606
predicted_token: 279, predict_score: 0.8256470561027527, token :  the

Draft step 2: in_token=tensor([[279]], device='cuda:6'), in_token_decoded= the, end_index: 8607
predicted_token: 30352, predict_score: 0.12608438730239868, token :  dough
Draft step 2, token  dough, predict_score 0.12608438730239868 < threshold 0.6, stopping further draft
Verifying token 0: verify_id=432 ( it), draft_id=389 ( on), is_last=False, is_eos=False
Token 0 verification failed, accepting up to this token. is_last: False, is_eos: False, is_mismatch: True

Draft step 0: in_token=tensor([[432]], device='cuda:6'), in_token_decoded= it, end_index: 8606
predicted_token: 304, predict_score: 0.3448602855205536, token :  in
Draft step 0, token  in, predict_score 0.3448602855205536 < threshold 0.6, stopping further draft
Verifying token 0: verify_id=1119 ( into), draft_id=304 ( in), is_last=False, is_eos=False
Token 0 verification failed, accepting up to this token. is_last: False, is_eos: False, is_mismatch: True

Draft step 0: in_token=tensor([[1119]], device='cuda:6'), in_token_decoded= into, end_index: 8607
predicted_token: 279, predict_score: 0.8636059761047363, token :  the

Draft step 1: in_token=tensor([[279]], device='cuda:6'), in_token_decoded= the, end_index: 8608
predicted_token: 19212, predict_score: 0.27713248133659363, token :  bowl
Draft step 1, token  bowl, predict_score 0.27713248133659363 < threshold 0.6, stopping further draft
Verifying token 0: verify_id=264 ( a), draft_id=279 ( the), is_last=False, is_eos=False
Token 0 verification failed, accepting up to this token. is_last: False, is_eos: False, is_mismatch: True

Draft step 0: in_token=tensor([[264]], device='cuda:6'), in_token_decoded= a, end_index: 8608
predicted_token: 19212, predict_score: 0.7042200565338135, token :  bowl

Draft step 1: in_token=tensor([[19212]], device='cuda:6'), in_token_decoded= bowl, end_index: 8609
predicted_token: 13, predict_score: 0.5830753445625305, token : .
Draft step 1, token ., predict_score 0.5830753445625305 < threshold 0.6, stopping further draft
Verifying token 0: verify_id=803 ( more), draft_id=19212 ( bowl), is_last=False, is_eos=False
Token 0 verification failed, accepting up to this token. is_last: False, is_eos: False, is_mismatch: True

Draft step 0: in_token=tensor([[803]], device='cuda:6'), in_token_decoded= more, end_index: 8609
predicted_token: 1136, predict_score: 0.06833625584840775, token :  sc
Draft step 0, token  sc, predict_score 0.06833625584840775 < threshold 0.6, stopping further draft
Verifying token 0: verify_id=13794 ( uniform), draft_id=1136 ( sc), is_last=False, is_eos=False
Token 0 verification failed, accepting up to this token. is_last: False, is_eos: False, is_mismatch: True

Draft step 0: in_token=tensor([[13794]], device='cuda:6'), in_token_decoded= uniform, end_index: 8610
predicted_token: 11, predict_score: 0.6398180723190308, token : ,

Draft step 1: in_token=tensor([[11]], device='cuda:6'), in_token_decoded=,, end_index: 8611
predicted_token: 323, predict_score: 0.3713110685348511, token :  and
Draft step 1, token  and, predict_score 0.3713110685348511 < threshold 0.6, stopping further draft
Verifying token 0: verify_id=6083 ( shape), draft_id=11 (,), is_last=False, is_eos=False
Token 0 verification failed, accepting up to this token. is_last: False, is_eos: False, is_mismatch: True

Draft step 0: in_token=tensor([[6083]], device='cuda:6'), in_token_decoded= shape, end_index: 8611
predicted_token: 13, predict_score: 0.6086255311965942, token : .

Draft step 1: in_token=tensor([[13]], device='cuda:6'), in_token_decoded=., end_index: 8612
predicted_token: 151645, predict_score: 0.927985668182373, token : <|im_end|>
Verifying token 0: verify_id=11 (,), draft_id=13 (.), is_last=False, is_eos=False
Token 0 verification failed, accepting up to this token. is_last: False, is_eos: False, is_mismatch: True

Draft step 0: in_token=tensor([[11]], device='cuda:6'), in_token_decoded=,, end_index: 8612
predicted_token: 448, predict_score: 0.42926880717277527, token :  with
Draft step 0, token  with, predict_score 0.42926880717277527 < threshold 0.6, stopping further draft
Verifying token 0: verify_id=323 ( and), draft_id=448 ( with), is_last=False, is_eos=False
Token 0 verification failed, accepting up to this token. is_last: False, is_eos: False, is_mismatch: True

Draft step 0: in_token=tensor([[323]], device='cuda:6'), in_token_decoded= and, end_index: 8613
predicted_token: 279, predict_score: 0.4888596534729004, token :  the
Draft step 0, token  the, predict_score 0.4888596534729004 < threshold 0.6, stopping further draft
Verifying token 0: verify_id=1221 ( then), draft_id=279 ( the), is_last=False, is_eos=False
Token 0 verification failed, accepting up to this token. is_last: False, is_eos: False, is_mismatch: True

Draft step 0: in_token=tensor([[1221]], device='cuda:6'), in_token_decoded= then, end_index: 8614
predicted_token: 25352, predict_score: 0.10498202592134476, token :  pressing
Draft step 0, token  pressing, predict_score 0.10498202592134476 < threshold 0.6, stopping further draft
Verifying token 0: verify_id=9099 ( placed), draft_id=25352 ( pressing), is_last=False, is_eos=False
Token 0 verification failed, accepting up to this token. is_last: False, is_eos: False, is_mismatch: True

Draft step 0: in_token=tensor([[9099]], device='cuda:6'), in_token_decoded= placed, end_index: 8615
predicted_token: 389, predict_score: 0.7415526509284973, token :  on

Draft step 1: in_token=tensor([[389]], device='cuda:6'), in_token_decoded= on, end_index: 8616
predicted_token: 279, predict_score: 0.9274591207504272, token :  the

Draft step 2: in_token=tensor([[279]], device='cuda:6'), in_token_decoded= the, end_index: 8617
predicted_token: 1965, predict_score: 0.2828403115272522, token :  table
Draft step 2, token  table, predict_score 0.2828403115272522 < threshold 0.6, stopping further draft
Verifying token 0: verify_id=389 ( on), draft_id=389 ( on), is_last=False, is_eos=False
Verifying token 1: verify_id=264 ( a), draft_id=279 ( the), is_last=False, is_eos=False
Token 1 verification failed, accepting up to this token. is_last: False, is_eos: False, is_mismatch: True

Draft step 0: in_token=tensor([[264]], device='cuda:6'), in_token_decoded= a, end_index: 8617
predicted_token: 22360, predict_score: 0.10116862505674362, token :  wooden
Draft step 0, token  wooden, predict_score 0.10116862505674362 < threshold 0.6, stopping further draft
Verifying token 0: verify_id=9317 ( metal), draft_id=22360 ( wooden), is_last=False, is_eos=False
Token 0 verification failed, accepting up to this token. is_last: False, is_eos: False, is_mismatch: True

Draft step 0: in_token=tensor([[9317]], device='cuda:6'), in_token_decoded= metal, end_index: 8618
predicted_token: 19212, predict_score: 0.15346962213516235, token :  bowl
Draft step 0, token  bowl, predict_score 0.15346962213516235 < threshold 0.6, stopping further draft
Verifying token 0: verify_id=7329 ( surface), draft_id=19212 ( bowl), is_last=False, is_eos=False
Token 0 verification failed, accepting up to this token. is_last: False, is_eos: False, is_mismatch: True

Draft step 0: in_token=tensor([[7329]], device='cuda:6'), in_token_decoded= surface, end_index: 8619
predicted_token: 13, predict_score: 0.8968749046325684, token : .

Draft step 1: in_token=tensor([[13]], device='cuda:6'), in_token_decoded=., end_index: 8620
predicted_token: 151645, predict_score: 0.9244343042373657, token : <|im_end|>
Verifying token 0: verify_id=13 (.), draft_id=13 (.), is_last=False, is_eos=False
Verifying token 1: verify_id=151645 (<|im_end|>), draft_id=151645 (<|im_end|>), is_last=False, is_eos=True
Token 1 verification failed, accepting up to this token. is_last: False, is_eos: True, is_mismatch: False
New tokens: ["The dough is kneaded by pressing and folding it, with the person's hands moving it back and forth to work it into a more uniform shape, and then placed on a metal surface.<|im_end|>"]
Total new tokens generated: 39
[Spec] avg_accept=1.09 | tokens=39 | context_len=8582
[Adapter] acc=10/38 (26.3%) | avg_confidence=0.406 | drafted_avg_confidence=0.406 | context_len=8582
\n===== Lossless Check =====
Speculative output: The dough is kneaded by pressing and folding it, with the person's hands moving it back and forth to work it into a more uniform shape, and then placed on a metal surface.
AR manual output:   The dough is kneaded by pressing and folding it, with the person's hands moving it back and forth to work it into a more uniform shape, and then placed on a metal surface.
Exact match: True
OK: Outputs match. Speculative decoding is lossless.
Speedup: 0.91x
Speedup_decode: 0.90x
Spec decode tok/s: 19.90
AR decode tok/s:   22.22
 first token :NO

Draft step 0: in_token=tensor([[8996]], device='cuda:6'), in_token_decoded=NO, end_index: 8683
predicted_token: 3596, predict_score: 0.9999982118606567, token :  RE

Draft step 1: in_token=tensor([[3596]], device='cuda:6'), in_token_decoded= RE, end_index: 8684
predicted_token: 24834, predict_score: 0.9999994039535522, token : PLY

Draft step 2: in_token=tensor([[24834]], device='cuda:6'), in_token_decoded=PLY, end_index: 8685
predicted_token: 151645, predict_score: 0.9411120414733887, token : <|im_end|>
Verifying token 0: verify_id=3596 ( RE), draft_id=3596 ( RE), is_last=False, is_eos=False
Verifying token 1: verify_id=24834 (PLY), draft_id=24834 (PLY), is_last=False, is_eos=False
Verifying token 2: verify_id=151645 (<|im_end|>), draft_id=151645 (<|im_end|>), is_last=False, is_eos=True
Token 2 verification failed, accepting up to this token. is_last: False, is_eos: True, is_mismatch: False
New tokens: ['NO REPLY<|im_end|>']
Total new tokens generated: 4
[Spec] avg_accept=3.00 | tokens=4 | context_len=8682
[Adapter] acc=3/3 (100.0%) | avg_confidence=0.980 | drafted_avg_confidence=0.980 | context_len=8682
\n===== Lossless Check =====
Speculative output: NO REPLY
AR manual output:   NO REPLY
Exact match: True
OK: Outputs match. Speculative decoding is lossless.
Speedup: 1.16x
Speedup_decode: 1.00x
Spec decode tok/s: 27.82
AR decode tok/s:   27.89
 first token :NO

Draft step 0: in_token=tensor([[8996]], device='cuda:6'), in_token_decoded=NO, end_index: 8748
predicted_token: 3596, predict_score: 0.999997615814209, token :  RE

Draft step 1: in_token=tensor([[3596]], device='cuda:6'), in_token_decoded= RE, end_index: 8749
predicted_token: 24834, predict_score: 0.9999994039535522, token : PLY

Draft step 2: in_token=tensor([[24834]], device='cuda:6'), in_token_decoded=PLY, end_index: 8750
predicted_token: 151645, predict_score: 0.9404767751693726, token : <|im_end|>
Verifying token 0: verify_id=3596 ( RE), draft_id=3596 ( RE), is_last=False, is_eos=False
Verifying token 1: verify_id=24834 (PLY), draft_id=24834 (PLY), is_last=False, is_eos=False
Verifying token 2: verify_id=151645 (<|im_end|>), draft_id=151645 (<|im_end|>), is_last=False, is_eos=True
Token 2 verification failed, accepting up to this token. is_last: False, is_eos: True, is_mismatch: False
New tokens: ['NO REPLY<|im_end|>']
Total new tokens generated: 4
[Spec] avg_accept=3.00 | tokens=4 | context_len=8747
[Adapter] acc=3/3 (100.0%) | avg_confidence=0.980 | drafted_avg_confidence=0.980 | context_len=8747
\n===== Lossless Check =====
Speculative output: NO REPLY
AR manual output:   NO REPLY
Exact match: True
OK: Outputs match. Speculative decoding is lossless.
Speedup: 1.51x
Speedup_decode: 0.87x
Spec decode tok/s: 22.99
AR decode tok/s:   26.32
 first token :NO

Draft step 0: in_token=tensor([[8996]], device='cuda:6'), in_token_decoded=NO, end_index: 8813
predicted_token: 3596, predict_score: 0.9999971389770508, token :  RE

Draft step 1: in_token=tensor([[3596]], device='cuda:6'), in_token_decoded= RE, end_index: 8814
predicted_token: 24834, predict_score: 0.9999994039535522, token : PLY

Draft step 2: in_token=tensor([[24834]], device='cuda:6'), in_token_decoded=PLY, end_index: 8815
predicted_token: 151645, predict_score: 0.9399588108062744, token : <|im_end|>
Verifying token 0: verify_id=3596 ( RE), draft_id=3596 ( RE), is_last=False, is_eos=False
Verifying token 1: verify_id=24834 (PLY), draft_id=24834 (PLY), is_last=False, is_eos=False
Verifying token 2: verify_id=151645 (<|im_end|>), draft_id=151645 (<|im_end|>), is_last=False, is_eos=True
Token 2 verification failed, accepting up to this token. is_last: False, is_eos: True, is_mismatch: False
New tokens: ['NO REPLY<|im_end|>']
Total new tokens generated: 4
[Spec] avg_accept=3.00 | tokens=4 | context_len=8812
[Adapter] acc=3/3 (100.0%) | avg_confidence=0.980 | drafted_avg_confidence=0.980 | context_len=8812
\n===== Lossless Check =====
Speculative output: NO REPLY
AR manual output:   NO REPLY
Exact match: True
OK: Outputs match. Speculative decoding is lossless.
Speedup: 2.07x
Speedup_decode: 1.06x
Spec decode tok/s: 31.87
AR decode tok/s:   30.07
 first token :NO

Draft step 0: in_token=tensor([[8996]], device='cuda:6'), in_token_decoded=NO, end_index: 8878
predicted_token: 3596, predict_score: 0.9999971389770508, token :  RE

Draft step 1: in_token=tensor([[3596]], device='cuda:6'), in_token_decoded= RE, end_index: 8879
predicted_token: 24834, predict_score: 0.9999992847442627, token : PLY

Draft step 2: in_token=tensor([[24834]], device='cuda:6'), in_token_decoded=PLY, end_index: 8880
predicted_token: 151645, predict_score: 0.9398475885391235, token : <|im_end|>
Verifying token 0: verify_id=3596 ( RE), draft_id=3596 ( RE), is_last=False, is_eos=False
Verifying token 1: verify_id=24834 (PLY), draft_id=24834 (PLY), is_last=False, is_eos=False
Verifying token 2: verify_id=151645 (<|im_end|>), draft_id=151645 (<|im_end|>), is_last=False, is_eos=True
Token 2 verification failed, accepting up to this token. is_last: False, is_eos: True, is_mismatch: False
New tokens: ['NO REPLY<|im_end|>']
Total new tokens generated: 4
[Spec] avg_accept=3.00 | tokens=4 | context_len=8877
[Adapter] acc=3/3 (100.0%) | avg_confidence=0.980 | drafted_avg_confidence=0.980 | context_len=8877
\n===== Lossless Check =====
Speculative output: NO REPLY
AR manual output:   NO REPLY
Exact match: True
OK: Outputs match. Speculative decoding is lossless.
Speedup: 1.30x
Speedup_decode: 1.03x
Spec decode tok/s: 29.19
AR decode tok/s:   28.40
 first token :NO

Draft step 0: in_token=tensor([[8996]], device='cuda:6'), in_token_decoded=NO, end_index: 8943
predicted_token: 3596, predict_score: 0.9999961853027344, token :  RE

Draft step 1: in_token=tensor([[3596]], device='cuda:6'), in_token_decoded= RE, end_index: 8944
predicted_token: 24834, predict_score: 0.9999992847442627, token : PLY

Draft step 2: in_token=tensor([[24834]], device='cuda:6'), in_token_decoded=PLY, end_index: 8945
predicted_token: 151645, predict_score: 0.9397401213645935, token : <|im_end|>
Verifying token 0: verify_id=3596 ( RE), draft_id=3596 ( RE), is_last=False, is_eos=False
Verifying token 1: verify_id=24834 (PLY), draft_id=24834 (PLY), is_last=False, is_eos=False
Verifying token 2: verify_id=151645 (<|im_end|>), draft_id=151645 (<|im_end|>), is_last=False, is_eos=True
Token 2 verification failed, accepting up to this token. is_last: False, is_eos: True, is_mismatch: False
New tokens: ['NO REPLY<|im_end|>']
Total new tokens generated: 4
[Spec] avg_accept=3.00 | tokens=4 | context_len=8942
[Adapter] acc=3/3 (100.0%) | avg_confidence=0.980 | drafted_avg_confidence=0.980 | context_len=8942
\n===== Lossless Check =====
Speculative output: NO REPLY
AR manual output:   NO REPLY
Exact match: True
OK: Outputs match. Speculative decoding is lossless.
Speedup: 1.62x
Speedup_decode: 0.92x
Spec decode tok/s: 30.68
AR decode tok/s:   33.38
 first token :NO

Draft step 0: in_token=tensor([[8996]], device='cuda:6'), in_token_decoded=NO, end_index: 9008
predicted_token: 3596, predict_score: 0.9999958276748657, token :  RE

Draft step 1: in_token=tensor([[3596]], device='cuda:6'), in_token_decoded= RE, end_index: 9009
predicted_token: 24834, predict_score: 0.9999992847442627, token : PLY

Draft step 2: in_token=tensor([[24834]], device='cuda:6'), in_token_decoded=PLY, end_index: 9010
predicted_token: 151645, predict_score: 0.9397762417793274, token : <|im_end|>
Verifying token 0: verify_id=3596 ( RE), draft_id=3596 ( RE), is_last=False, is_eos=False
Verifying token 1: verify_id=24834 (PLY), draft_id=24834 (PLY), is_last=False, is_eos=False
Verifying token 2: verify_id=151645 (<|im_end|>), draft_id=151645 (<|im_end|>), is_last=False, is_eos=True
Token 2 verification failed, accepting up to this token. is_last: False, is_eos: True, is_mismatch: False
New tokens: ['NO REPLY<|im_end|>']
Total new tokens generated: 4
[Spec] avg_accept=3.00 | tokens=4 | context_len=9007
[Adapter] acc=3/3 (100.0%) | avg_confidence=0.980 | drafted_avg_confidence=0.980 | context_len=9007
\n===== Lossless Check =====
Speculative output: NO REPLY
AR manual output:   NO REPLY
Exact match: True
OK: Outputs match. Speculative decoding is lossless.
Speedup: 1.50x
Speedup_decode: 0.69x
Spec decode tok/s: 19.66
AR decode tok/s:   28.61
 first token :The

Draft step 0: in_token=tensor([[785]], device='cuda:6'), in_token_decoded=The, end_index: 9073
predicted_token: 30352, predict_score: 0.5720694065093994, token :  dough
Draft step 0, token  dough, predict_score 0.5720694065093994 < threshold 0.6, stopping further draft
Verifying token 0: verify_id=30352 ( dough), draft_id=30352 ( dough), is_last=False, is_eos=False

Draft step 0: in_token=tensor([[30352]], device='cuda:6'), in_token_decoded= dough, end_index: 9074
predicted_token: 374, predict_score: 0.830207109451294, token :  is

Draft step 1: in_token=tensor([[374]], device='cuda:6'), in_token_decoded= is, end_index: 9075
predicted_token: 22447, predict_score: 0.35552269220352173, token :  rolled
Draft step 1, token  rolled, predict_score 0.35552269220352173 < threshold 0.6, stopping further draft
Verifying token 0: verify_id=374 ( is), draft_id=374 ( is), is_last=False, is_eos=False
Verifying token 1: verify_id=13853 ( kne), draft_id=22447 ( rolled), is_last=False, is_eos=False
Token 1 verification failed, accepting up to this token. is_last: False, is_eos: False, is_mismatch: True

Draft step 0: in_token=tensor([[13853]], device='cuda:6'), in_token_decoded= kne, end_index: 9076
predicted_token: 311, predict_score: 0.06055053323507309, token :  to
Draft step 0, token  to, predict_score 0.06055053323507309 < threshold 0.6, stopping further draft
Verifying token 0: verify_id=14255 (aded), draft_id=311 ( to), is_last=False, is_eos=False
Token 0 verification failed, accepting up to this token. is_last: False, is_eos: False, is_mismatch: True

Draft step 0: in_token=tensor([[14255]], device='cuda:6'), in_token_decoded=aded, end_index: 9077
predicted_token: 311, predict_score: 0.17004072666168213, token :  to
Draft step 0, token  to, predict_score 0.17004072666168213 < threshold 0.6, stopping further draft
Verifying token 0: verify_id=553 ( by), draft_id=311 ( to), is_last=False, is_eos=False
Token 0 verification failed, accepting up to this token. is_last: False, is_eos: False, is_mismatch: True

Draft step 0: in_token=tensor([[553]], device='cuda:6'), in_token_decoded= by, end_index: 9078
predicted_token: 25352, predict_score: 0.08750797063112259, token :  pressing
Draft step 0, token  pressing, predict_score 0.08750797063112259 < threshold 0.6, stopping further draft
Verifying token 0: verify_id=25352 ( pressing), draft_id=25352 ( pressing), is_last=False, is_eos=False

Draft step 0: in_token=tensor([[25352]], device='cuda:6'), in_token_decoded= pressing, end_index: 9079
predicted_token: 279, predict_score: 0.34035933017730713, token :  the
Draft step 0, token  the, predict_score 0.34035933017730713 < threshold 0.6, stopping further draft
Verifying token 0: verify_id=323 ( and), draft_id=279 ( the), is_last=False, is_eos=False
Token 0 verification failed, accepting up to this token. is_last: False, is_eos: False, is_mismatch: True

Draft step 0: in_token=tensor([[323]], device='cuda:6'), in_token_decoded= and, end_index: 9080
predicted_token: 279, predict_score: 0.05050200596451759, token :  the
Draft step 0, token  the, predict_score 0.05050200596451759 < threshold 0.6, stopping further draft
Verifying token 0: verify_id=44742 ( folding), draft_id=279 ( the), is_last=False, is_eos=False
Token 0 verification failed, accepting up to this token. is_last: False, is_eos: False, is_mismatch: True

Draft step 0: in_token=tensor([[44742]], device='cuda:6'), in_token_decoded= folding, end_index: 9081
predicted_token: 432, predict_score: 0.09774044156074524, token :  it
Draft step 0, token  it, predict_score 0.09774044156074524 < threshold 0.6, stopping further draft
Verifying token 0: verify_id=432 ( it), draft_id=432 ( it), is_last=False, is_eos=False

Draft step 0: in_token=tensor([[432]], device='cuda:6'), in_token_decoded= it, end_index: 9082
predicted_token: 916, predict_score: 0.18113362789154053, token :  over
Draft step 0, token  over, predict_score 0.18113362789154053 < threshold 0.6, stopping further draft
Verifying token 0: verify_id=11 (,), draft_id=916 ( over), is_last=False, is_eos=False
Token 0 verification failed, accepting up to this token. is_last: False, is_eos: False, is_mismatch: True

Draft step 0: in_token=tensor([[11]], device='cuda:6'), in_token_decoded=,, end_index: 9083
predicted_token: 448, predict_score: 0.3494807183742523, token :  with
Draft step 0, token  with, predict_score 0.3494807183742523 < threshold 0.6, stopping further draft
Verifying token 0: verify_id=448 ( with), draft_id=448 ( with), is_last=False, is_eos=False

Draft step 0: in_token=tensor([[448]], device='cuda:6'), in_token_decoded= with, end_index: 9084
predicted_token: 279, predict_score: 0.48259133100509644, token :  the
Draft step 0, token  the, predict_score 0.48259133100509644 < threshold 0.6, stopping further draft
Verifying token 0: verify_id=279 ( the), draft_id=279 ( the), is_last=False, is_eos=False

Draft step 0: in_token=tensor([[279]], device='cuda:6'), in_token_decoded= the, end_index: 9085
predicted_token: 20097, predict_score: 0.1469092220067978, token :  rolling
Draft step 0, token  rolling, predict_score 0.1469092220067978 < threshold 0.6, stopping further draft
Verifying token 0: verify_id=1697 ( person), draft_id=20097 ( rolling), is_last=False, is_eos=False
Token 0 verification failed, accepting up to this token. is_last: False, is_eos: False, is_mismatch: True

Draft step 0: in_token=tensor([[1697]], device='cuda:6'), in_token_decoded= person, end_index: 9086
predicted_token: 594, predict_score: 0.4034121036529541, token : 's
Draft step 0, token 's, predict_score 0.4034121036529541 < threshold 0.6, stopping further draft
Verifying token 0: verify_id=594 ('s), draft_id=594 ('s), is_last=False, is_eos=False

Draft step 0: in_token=tensor([[594]], device='cuda:6'), in_token_decoded='s, end_index: 9087
predicted_token: 1424, predict_score: 0.33589112758636475, token :  hand
Draft step 0, token  hand, predict_score 0.33589112758636475 < threshold 0.6, stopping further draft
Verifying token 0: verify_id=6078 ( hands), draft_id=1424 ( hand), is_last=False, is_eos=False
Token 0 verification failed, accepting up to this token. is_last: False, is_eos: False, is_mismatch: True

Draft step 0: in_token=tensor([[6078]], device='cuda:6'), in_token_decoded= hands, end_index: 9088
predicted_token: 389, predict_score: 0.35497161746025085, token :  on
Draft step 0, token  on, predict_score 0.35497161746025085 < threshold 0.6, stopping further draft
Verifying token 0: verify_id=7218 ( moving), draft_id=389 ( on), is_last=False, is_eos=False
Token 0 verification failed, accepting up to this token. is_last: False, is_eos: False, is_mismatch: True

Draft step 0: in_token=tensor([[7218]], device='cuda:6'), in_token_decoded= moving, end_index: 9089
predicted_token: 311, predict_score: 0.152626633644104, token :  to
Draft step 0, token  to, predict_score 0.152626633644104 < threshold 0.6, stopping further draft
Verifying token 0: verify_id=432 ( it), draft_id=311 ( to), is_last=False, is_eos=False
Token 0 verification failed, accepting up to this token. is_last: False, is_eos: False, is_mismatch: True

Draft step 0: in_token=tensor([[432]], device='cuda:6'), in_token_decoded= it, end_index: 9090
predicted_token: 311, predict_score: 0.25146549940109253, token :  to
Draft step 0, token  to, predict_score 0.25146549940109253 < threshold 0.6, stopping further draft
Verifying token 0: verify_id=1182 ( back), draft_id=311 ( to), is_last=False, is_eos=False
Token 0 verification failed, accepting up to this token. is_last: False, is_eos: False, is_mismatch: True

Draft step 0: in_token=tensor([[1182]], device='cuda:6'), in_token_decoded= back, end_index: 9091
predicted_token: 311, predict_score: 0.2660999000072479, token :  to
Draft step 0, token  to, predict_score 0.2660999000072479 < threshold 0.6, stopping further draft
Verifying token 0: verify_id=323 ( and), draft_id=311 ( to), is_last=False, is_eos=False
Token 0 verification failed, accepting up to this token. is_last: False, is_eos: False, is_mismatch: True

Draft step 0: in_token=tensor([[323]], device='cuda:6'), in_token_decoded= and, end_index: 9092
predicted_token: 25352, predict_score: 0.04951858147978783, token :  pressing
Draft step 0, token  pressing, predict_score 0.04951858147978783 < threshold 0.6, stopping further draft
Verifying token 0: verify_id=13241 ( forth), draft_id=25352 ( pressing), is_last=False, is_eos=False
Token 0 verification failed, accepting up to this token. is_last: False, is_eos: False, is_mismatch: True

Draft step 0: in_token=tensor([[13241]], device='cuda:6'), in_token_decoded= forth, end_index: 9093
predicted_token: 448, predict_score: 0.17413127422332764, token :  with
Draft step 0, token  with, predict_score 0.17413127422332764 < threshold 0.6, stopping further draft
Verifying token 0: verify_id=311 ( to), draft_id=448 ( with), is_last=False, is_eos=False
Token 0 verification failed, accepting up to this token. is_last: False, is_eos: False, is_mismatch: True

Draft step 0: in_token=tensor([[311]], device='cuda:6'), in_token_decoded= to, end_index: 9094
predicted_token: 1779, predict_score: 0.45755496621131897, token :  check
Draft step 0, token  check, predict_score 0.45755496621131897 < threshold 0.6, stopping further draft
Verifying token 0: verify_id=975 ( work), draft_id=1779 ( check), is_last=False, is_eos=False
Token 0 verification failed, accepting up to this token. is_last: False, is_eos: False, is_mismatch: True

Draft step 0: in_token=tensor([[975]], device='cuda:6'), in_token_decoded= work, end_index: 9095
predicted_token: 389, predict_score: 0.8400534987449646, token :  on

Draft step 1: in_token=tensor([[389]], device='cuda:6'), in_token_decoded= on, end_index: 9096
predicted_token: 279, predict_score: 0.8432824611663818, token :  the

Draft step 2: in_token=tensor([[279]], device='cuda:6'), in_token_decoded= the, end_index: 9097
predicted_token: 30352, predict_score: 0.40775319933891296, token :  dough
Draft step 2, token  dough, predict_score 0.40775319933891296 < threshold 0.6, stopping further draft
Verifying token 0: verify_id=432 ( it), draft_id=389 ( on), is_last=False, is_eos=False
Token 0 verification failed, accepting up to this token. is_last: False, is_eos: False, is_mismatch: True

Draft step 0: in_token=tensor([[432]], device='cuda:6'), in_token_decoded= it, end_index: 9096
predicted_token: 304, predict_score: 0.3805553615093231, token :  in
Draft step 0, token  in, predict_score 0.3805553615093231 < threshold 0.6, stopping further draft
Verifying token 0: verify_id=1119 ( into), draft_id=304 ( in), is_last=False, is_eos=False
Token 0 verification failed, accepting up to this token. is_last: False, is_eos: False, is_mismatch: True

Draft step 0: in_token=tensor([[1119]], device='cuda:6'), in_token_decoded= into, end_index: 9097
predicted_token: 279, predict_score: 0.8977935910224915, token :  the

Draft step 1: in_token=tensor([[279]], device='cuda:6'), in_token_decoded= the, end_index: 9098
predicted_token: 19212, predict_score: 0.18013674020767212, token :  bowl
Draft step 1, token  bowl, predict_score 0.18013674020767212 < threshold 0.6, stopping further draft
Verifying token 0: verify_id=264 ( a), draft_id=279 ( the), is_last=False, is_eos=False
Token 0 verification failed, accepting up to this token. is_last: False, is_eos: False, is_mismatch: True

Draft step 0: in_token=tensor([[264]], device='cuda:6'), in_token_decoded= a, end_index: 9098
predicted_token: 19212, predict_score: 0.8774530291557312, token :  bowl

Draft step 1: in_token=tensor([[19212]], device='cuda:6'), in_token_decoded= bowl, end_index: 9099
predicted_token: 13, predict_score: 0.3948180079460144, token : .
Draft step 1, token ., predict_score 0.3948180079460144 < threshold 0.6, stopping further draft
Verifying token 0: verify_id=803 ( more), draft_id=19212 ( bowl), is_last=False, is_eos=False
Token 0 verification failed, accepting up to this token. is_last: False, is_eos: False, is_mismatch: True

Draft step 0: in_token=tensor([[803]], device='cuda:6'), in_token_decoded= more, end_index: 9099
predicted_token: 1136, predict_score: 0.0577218160033226, token :  sc
Draft step 0, token  sc, predict_score 0.0577218160033226 < threshold 0.6, stopping further draft
Verifying token 0: verify_id=13794 ( uniform), draft_id=1136 ( sc), is_last=False, is_eos=False
Token 0 verification failed, accepting up to this token. is_last: False, is_eos: False, is_mismatch: True

Draft step 0: in_token=tensor([[13794]], device='cuda:6'), in_token_decoded= uniform, end_index: 9100
predicted_token: 11, predict_score: 0.6867292523384094, token : ,

Draft step 1: in_token=tensor([[11]], device='cuda:6'), in_token_decoded=,, end_index: 9101
predicted_token: 323, predict_score: 0.5022304058074951, token :  and
Draft step 1, token  and, predict_score 0.5022304058074951 < threshold 0.6, stopping further draft
Verifying token 0: verify_id=6083 ( shape), draft_id=11 (,), is_last=False, is_eos=False
Token 0 verification failed, accepting up to this token. is_last: False, is_eos: False, is_mismatch: True

Draft step 0: in_token=tensor([[6083]], device='cuda:6'), in_token_decoded= shape, end_index: 9101
predicted_token: 13, predict_score: 0.660666823387146, token : .

Draft step 1: in_token=tensor([[13]], device='cuda:6'), in_token_decoded=., end_index: 9102
predicted_token: 151645, predict_score: 0.9300240874290466, token : <|im_end|>
Verifying token 0: verify_id=11 (,), draft_id=13 (.), is_last=False, is_eos=False
Token 0 verification failed, accepting up to this token. is_last: False, is_eos: False, is_mismatch: True

Draft step 0: in_token=tensor([[11]], device='cuda:6'), in_token_decoded=,, end_index: 9102
predicted_token: 323, predict_score: 0.3160396218299866, token :  and
Draft step 0, token  and, predict_score 0.3160396218299866 < threshold 0.6, stopping further draft
Verifying token 0: verify_id=323 ( and), draft_id=323 ( and), is_last=False, is_eos=False

Draft step 0: in_token=tensor([[323]], device='cuda:6'), in_token_decoded= and, end_index: 9103
predicted_token: 279, predict_score: 0.1416328102350235, token :  the
Draft step 0, token  the, predict_score 0.1416328102350235 < threshold 0.6, stopping further draft
Verifying token 0: verify_id=1221 ( then), draft_id=279 ( the), is_last=False, is_eos=False
Token 0 verification failed, accepting up to this token. is_last: False, is_eos: False, is_mismatch: True

Draft step 0: in_token=tensor([[1221]], device='cuda:6'), in_token_decoded= then, end_index: 9104
predicted_token: 279, predict_score: 0.20730726420879364, token :  the
Draft step 0, token  the, predict_score 0.20730726420879364 < threshold 0.6, stopping further draft
Verifying token 0: verify_id=9099 ( placed), draft_id=279 ( the), is_last=False, is_eos=False
Token 0 verification failed, accepting up to this token. is_last: False, is_eos: False, is_mismatch: True

Draft step 0: in_token=tensor([[9099]], device='cuda:6'), in_token_decoded= placed, end_index: 9105
predicted_token: 389, predict_score: 0.545781672000885, token :  on
Draft step 0, token  on, predict_score 0.545781672000885 < threshold 0.6, stopping further draft
Verifying token 0: verify_id=1119 ( into), draft_id=389 ( on), is_last=False, is_eos=False
Token 0 verification failed, accepting up to this token. is_last: False, is_eos: False, is_mismatch: True

Draft step 0: in_token=tensor([[1119]], device='cuda:6'), in_token_decoded= into, end_index: 9106
predicted_token: 279, predict_score: 0.5260683298110962, token :  the
Draft step 0, token  the, predict_score 0.5260683298110962 < threshold 0.6, stopping further draft
Verifying token 0: verify_id=264 ( a), draft_id=279 ( the), is_last=False, is_eos=False
Token 0 verification failed, accepting up to this token. is_last: False, is_eos: False, is_mismatch: True

Draft step 0: in_token=tensor([[264]], device='cuda:6'), in_token_decoded= a, end_index: 9107
predicted_token: 19212, predict_score: 0.7853161096572876, token :  bowl

Draft step 1: in_token=tensor([[19212]], device='cuda:6'), in_token_decoded= bowl, end_index: 9108
predicted_token: 13, predict_score: 0.3888722360134125, token : .
Draft step 1, token ., predict_score 0.3888722360134125 < threshold 0.6, stopping further draft
Verifying token 0: verify_id=30352 ( dough), draft_id=19212 ( bowl), is_last=False, is_eos=False
Token 0 verification failed, accepting up to this token. is_last: False, is_eos: False, is_mismatch: True

Draft step 0: in_token=tensor([[30352]], device='cuda:6'), in_token_decoded= dough, end_index: 9108
predicted_token: 311, predict_score: 0.20290270447731018, token :  to
Draft step 0, token  to, predict_score 0.20290270447731018 < threshold 0.6, stopping further draft
Verifying token 0: verify_id=37778 ( mixer), draft_id=311 ( to), is_last=False, is_eos=False
Token 0 verification failed, accepting up to this token. is_last: False, is_eos: False, is_mismatch: True

Draft step 0: in_token=tensor([[37778]], device='cuda:6'), in_token_decoded= mixer, end_index: 9109
predicted_token: 13, predict_score: 0.2476242482662201, token : .
Draft step 0, token ., predict_score 0.2476242482662201 < threshold 0.6, stopping further draft
Verifying token 0: verify_id=311 ( to), draft_id=13 (.), is_last=False, is_eos=False
Token 0 verification failed, accepting up to this token. is_last: False, is_eos: False, is_mismatch: True

Draft step 0: in_token=tensor([[311]], device='cuda:6'), in_token_decoded= to, end_index: 9110
predicted_token: 1779, predict_score: 0.25827857851982117, token :  check
Draft step 0, token  check, predict_score 0.25827857851982117 < threshold 0.6, stopping further draft
Verifying token 0: verify_id=387 ( be), draft_id=1779 ( check), is_last=False, is_eos=False
Token 0 verification failed, accepting up to this token. is_last: False, is_eos: False, is_mismatch: True

Draft step 0: in_token=tensor([[387]], device='cuda:6'), in_token_decoded= be, end_index: 9111
predicted_token: 8930, predict_score: 0.06839773058891296, token :  opened
Draft step 0, token  opened, predict_score 0.06839773058891296 < threshold 0.6, stopping further draft
Verifying token 0: verify_id=13853 ( kne), draft_id=8930 ( opened), is_last=False, is_eos=False
Token 0 verification failed, accepting up to this token. is_last: False, is_eos: False, is_mismatch: True

Draft step 0: in_token=tensor([[13853]], device='cuda:6'), in_token_decoded= kne, end_index: 9112
predicted_token: 13, predict_score: 0.11591557413339615, token : .
Draft step 0, token ., predict_score 0.11591557413339615 < threshold 0.6, stopping further draft
Verifying token 0: verify_id=14255 (aded), draft_id=13 (.), is_last=False, is_eos=False
Token 0 verification failed, accepting up to this token. is_last: False, is_eos: False, is_mismatch: True

Draft step 0: in_token=tensor([[14255]], device='cuda:6'), in_token_decoded=aded, end_index: 9113
predicted_token: 13, predict_score: 0.48465806245803833, token : .
Draft step 0, token ., predict_score 0.48465806245803833 < threshold 0.6, stopping further draft
Verifying token 0: verify_id=4623 ( further), draft_id=13 (.), is_last=False, is_eos=False
Token 0 verification failed, accepting up to this token. is_last: False, is_eos: False, is_mismatch: True

Draft step 0: in_token=tensor([[4623]], device='cuda:6'), in_token_decoded= further, end_index: 9114
predicted_token: 311, predict_score: 0.4043668806552887, token :  to
Draft step 0, token  to, predict_score 0.4043668806552887 < threshold 0.6, stopping further draft
Verifying token 0: verify_id=13 (.), draft_id=311 ( to), is_last=False, is_eos=False
Token 0 verification failed, accepting up to this token. is_last: False, is_eos: False, is_mismatch: True

Draft step 0: in_token=tensor([[13]], device='cuda:6'), in_token_decoded=., end_index: 9115
predicted_token: 151645, predict_score: 0.9254439473152161, token : <|im_end|>
Verifying token 0: verify_id=151645 (<|im_end|>), draft_id=151645 (<|im_end|>), is_last=False, is_eos=True
Token 0 verification failed, accepting up to this token. is_last: False, is_eos: True, is_mismatch: False
New tokens: ["The dough is kneaded by pressing and folding it, with the person's hands moving it back and forth to work it into a more uniform shape, and then placed into a dough mixer to be kneaded further.<|im_end|>"]
Total new tokens generated: 44
[Spec] avg_accept=1.02 | tokens=44 | context_len=9072
[Adapter] acc=9/43 (20.9%) | avg_confidence=0.389 | drafted_avg_confidence=0.389 | context_len=9072
\n===== Lossless Check =====
Speculative output: The dough is kneaded by pressing and folding it, with the person's hands moving it back and forth to work it into a more uniform shape, and then placed into a dough mixer to be kneaded further.
AR manual output:   The dough is kneaded by pressing and folding it, with the person's hands moving it back and forth to work it into a more uniform shape, and then placed into a dough mixer to be kneaded further.
Exact match: True
OK: Outputs match. Speculative decoding is lossless.
Speedup: 0.86x
Speedup_decode: 0.86x
Spec decode tok/s: 19.60
AR decode tok/s:   22.74
 first token :NO

Draft step 0: in_token=tensor([[8996]], device='cuda:6'), in_token_decoded=NO, end_index: 9178
predicted_token: 3596, predict_score: 0.9999982118606567, token :  RE

Draft step 1: in_token=tensor([[3596]], device='cuda:6'), in_token_decoded= RE, end_index: 9179
predicted_token: 24834, predict_score: 0.9999995231628418, token : PLY

Draft step 2: in_token=tensor([[24834]], device='cuda:6'), in_token_decoded=PLY, end_index: 9180
predicted_token: 151645, predict_score: 0.9405561685562134, token : <|im_end|>
Verifying token 0: verify_id=3596 ( RE), draft_id=3596 ( RE), is_last=False, is_eos=False
Verifying token 1: verify_id=24834 (PLY), draft_id=24834 (PLY), is_last=False, is_eos=False
Verifying token 2: verify_id=151645 (<|im_end|>), draft_id=151645 (<|im_end|>), is_last=False, is_eos=True
Token 2 verification failed, accepting up to this token. is_last: False, is_eos: True, is_mismatch: False
New tokens: ['NO REPLY<|im_end|>']
Total new tokens generated: 4
[Spec] avg_accept=3.00 | tokens=4 | context_len=9177
[Adapter] acc=3/3 (100.0%) | avg_confidence=0.980 | drafted_avg_confidence=0.980 | context_len=9177
\n===== Lossless Check =====
Speculative output: NO REPLY
AR manual output:   NO REPLY
Exact match: True
OK: Outputs match. Speculative decoding is lossless.
Speedup: 1.35x
Speedup_decode: 0.73x
Spec decode tok/s: 19.54
AR decode tok/s:   26.77
 first token :NO

Draft step 0: in_token=tensor([[8996]], device='cuda:6'), in_token_decoded=NO, end_index: 9243
predicted_token: 3596, predict_score: 0.9999979734420776, token :  RE

Draft step 1: in_token=tensor([[3596]], device='cuda:6'), in_token_decoded= RE, end_index: 9244
predicted_token: 24834, predict_score: 0.9999996423721313, token : PLY

Draft step 2: in_token=tensor([[24834]], device='cuda:6'), in_token_decoded=PLY, end_index: 9245
predicted_token: 151645, predict_score: 0.9401428699493408, token : <|im_end|>
Verifying token 0: verify_id=3596 ( RE), draft_id=3596 ( RE), is_last=False, is_eos=False
Verifying token 1: verify_id=24834 (PLY), draft_id=24834 (PLY), is_last=False, is_eos=False
Verifying token 2: verify_id=151645 (<|im_end|>), draft_id=151645 (<|im_end|>), is_last=False, is_eos=True
Token 2 verification failed, accepting up to this token. is_last: False, is_eos: True, is_mismatch: False
New tokens: ['NO REPLY<|im_end|>']
Total new tokens generated: 4
[Spec] avg_accept=3.00 | tokens=4 | context_len=9242
[Adapter] acc=3/3 (100.0%) | avg_confidence=0.980 | drafted_avg_confidence=0.980 | context_len=9242
\n===== Lossless Check =====
Speculative output: NO REPLY
AR manual output:   NO REPLY
Exact match: True
OK: Outputs match. Speculative decoding is lossless.
Speedup: 1.28x
Speedup_decode: 0.70x
Spec decode tok/s: 20.28
AR decode tok/s:   28.97
 first token :NO

Draft step 0: in_token=tensor([[8996]], device='cuda:6'), in_token_decoded=NO, end_index: 9308
predicted_token: 3596, predict_score: 0.9999972581863403, token :  RE

Draft step 1: in_token=tensor([[3596]], device='cuda:6'), in_token_decoded= RE, end_index: 9309
predicted_token: 24834, predict_score: 0.9999995231628418, token : PLY

Draft step 2: in_token=tensor([[24834]], device='cuda:6'), in_token_decoded=PLY, end_index: 9310
predicted_token: 151645, predict_score: 0.9400006532669067, token : <|im_end|>
Verifying token 0: verify_id=3596 ( RE), draft_id=3596 ( RE), is_last=False, is_eos=False
Verifying token 1: verify_id=24834 (PLY), draft_id=24834 (PLY), is_last=False, is_eos=False
Verifying token 2: verify_id=151645 (<|im_end|>), draft_id=151645 (<|im_end|>), is_last=False, is_eos=True
Token 2 verification failed, accepting up to this token. is_last: False, is_eos: True, is_mismatch: False
New tokens: ['NO REPLY<|im_end|>']
Total new tokens generated: 4
[Spec] avg_accept=3.00 | tokens=4 | context_len=9307
[Adapter] acc=3/3 (100.0%) | avg_confidence=0.980 | drafted_avg_confidence=0.980 | context_len=9307
\n===== Lossless Check =====
Speculative output: NO REPLY
AR manual output:   NO REPLY
Exact match: True
OK: Outputs match. Speculative decoding is lossless.
Speedup: 1.46x
Speedup_decode: 1.07x
Spec decode tok/s: 29.26
AR decode tok/s:   27.32
 first token :NO

Draft step 0: in_token=tensor([[8996]], device='cuda:6'), in_token_decoded=NO, end_index: 9373
predicted_token: 3596, predict_score: 0.9999982118606567, token :  RE

Draft step 1: in_token=tensor([[3596]], device='cuda:6'), in_token_decoded= RE, end_index: 9374
predicted_token: 24834, predict_score: 0.9999996423721313, token : PLY

Draft step 2: in_token=tensor([[24834]], device='cuda:6'), in_token_decoded=PLY, end_index: 9375
predicted_token: 151645, predict_score: 0.9402281045913696, token : <|im_end|>
Verifying token 0: verify_id=3596 ( RE), draft_id=3596 ( RE), is_last=False, is_eos=False
Verifying token 1: verify_id=24834 (PLY), draft_id=24834 (PLY), is_last=False, is_eos=False
Verifying token 2: verify_id=151645 (<|im_end|>), draft_id=151645 (<|im_end|>), is_last=False, is_eos=True
Token 2 verification failed, accepting up to this token. is_last: False, is_eos: True, is_mismatch: False
New tokens: ['NO REPLY<|im_end|>']
Total new tokens generated: 4
[Spec] avg_accept=3.00 | tokens=4 | context_len=9372
[Adapter] acc=3/3 (100.0%) | avg_confidence=0.980 | drafted_avg_confidence=0.980 | context_len=9372
\n===== Lossless Check =====
Speculative output: NO REPLY
AR manual output:   NO REPLY
Exact match: True
OK: Outputs match. Speculative decoding is lossless.
Speedup: 1.29x
Speedup_decode: 0.78x
Spec decode tok/s: 23.09
AR decode tok/s:   29.56
 first token :NO

Draft step 0: in_token=tensor([[8996]], device='cuda:6'), in_token_decoded=NO, end_index: 9438
predicted_token: 3596, predict_score: 0.9999980926513672, token :  RE

Draft step 1: in_token=tensor([[3596]], device='cuda:6'), in_token_decoded= RE, end_index: 9439
predicted_token: 24834, predict_score: 0.9999996423721313, token : PLY

Draft step 2: in_token=tensor([[24834]], device='cuda:6'), in_token_decoded=PLY, end_index: 9440
predicted_token: 151645, predict_score: 0.939841091632843, token : <|im_end|>
Verifying token 0: verify_id=3596 ( RE), draft_id=3596 ( RE), is_last=False, is_eos=False
Verifying token 1: verify_id=24834 (PLY), draft_id=24834 (PLY), is_last=False, is_eos=False
Verifying token 2: verify_id=151645 (<|im_end|>), draft_id=151645 (<|im_end|>), is_last=False, is_eos=True
Token 2 verification failed, accepting up to this token. is_last: False, is_eos: True, is_mismatch: False
New tokens: ['NO REPLY<|im_end|>']
Total new tokens generated: 4
[Spec] avg_accept=3.00 | tokens=4 | context_len=9437
[Adapter] acc=3/3 (100.0%) | avg_confidence=0.980 | drafted_avg_confidence=0.980 | context_len=9437
\n===== Lossless Check =====
Speculative output: NO REPLY
AR manual output:   NO REPLY
Exact match: True
OK: Outputs match. Speculative decoding is lossless.
Speedup: 1.72x
Speedup_decode: 1.58x
Spec decode tok/s: 39.34
AR decode tok/s:   24.96
 first token :NO

Draft step 0: in_token=tensor([[8996]], device='cuda:6'), in_token_decoded=NO, end_index: 9503
predicted_token: 3596, predict_score: 0.9999982118606567, token :  RE

Draft step 1: in_token=tensor([[3596]], device='cuda:6'), in_token_decoded= RE, end_index: 9504
predicted_token: 24834, predict_score: 0.9999996423721313, token : PLY

Draft step 2: in_token=tensor([[24834]], device='cuda:6'), in_token_decoded=PLY, end_index: 9505
predicted_token: 151645, predict_score: 0.9387649297714233, token : <|im_end|>
Verifying token 0: verify_id=3596 ( RE), draft_id=3596 ( RE), is_last=False, is_eos=False
Verifying token 1: verify_id=24834 (PLY), draft_id=24834 (PLY), is_last=False, is_eos=False
Verifying token 2: verify_id=151645 (<|im_end|>), draft_id=151645 (<|im_end|>), is_last=False, is_eos=True
Token 2 verification failed, accepting up to this token. is_last: False, is_eos: True, is_mismatch: False
New tokens: ['NO REPLY<|im_end|>']
Total new tokens generated: 4
[Spec] avg_accept=3.00 | tokens=4 | context_len=9502
[Adapter] acc=3/3 (100.0%) | avg_confidence=0.980 | drafted_avg_confidence=0.980 | context_len=9502
\n===== Lossless Check =====
Speculative output: NO REPLY
AR manual output:   NO REPLY
Exact match: True
OK: Outputs match. Speculative decoding is lossless.
Speedup: 1.31x
Speedup_decode: 1.02x
Spec decode tok/s: 25.42
AR decode tok/s:   24.88
 first token :NO

Draft step 0: in_token=tensor([[8996]], device='cuda:6'), in_token_decoded=NO, end_index: 9568
predicted_token: 3596, predict_score: 0.9999977350234985, token :  RE

Draft step 1: in_token=tensor([[3596]], device='cuda:6'), in_token_decoded= RE, end_index: 9569
predicted_token: 24834, predict_score: 0.9999995231628418, token : PLY

Draft step 2: in_token=tensor([[24834]], device='cuda:6'), in_token_decoded=PLY, end_index: 9570
predicted_token: 151645, predict_score: 0.9391145706176758, token : <|im_end|>
Verifying token 0: verify_id=3596 ( RE), draft_id=3596 ( RE), is_last=False, is_eos=False
Verifying token 1: verify_id=24834 (PLY), draft_id=24834 (PLY), is_last=False, is_eos=False
Verifying token 2: verify_id=151645 (<|im_end|>), draft_id=151645 (<|im_end|>), is_last=False, is_eos=True
Token 2 verification failed, accepting up to this token. is_last: False, is_eos: True, is_mismatch: False
New tokens: ['NO REPLY<|im_end|>']
Total new tokens generated: 4
[Spec] avg_accept=3.00 | tokens=4 | context_len=9567
[Adapter] acc=3/3 (100.0%) | avg_confidence=0.980 | drafted_avg_confidence=0.980 | context_len=9567
\n===== Lossless Check =====
Speculative output: NO REPLY
AR manual output:   NO REPLY
Exact match: True
OK: Outputs match. Speculative decoding is lossless.
Speedup: 1.03x
Speedup_decode: 0.97x
Spec decode tok/s: 30.00
AR decode tok/s:   30.90
 first token :NO

Draft step 0: in_token=tensor([[8996]], device='cuda:6'), in_token_decoded=NO, end_index: 9633
predicted_token: 3596, predict_score: 0.9999970197677612, token :  RE

Draft step 1: in_token=tensor([[3596]], device='cuda:6'), in_token_decoded= RE, end_index: 9634
predicted_token: 24834, predict_score: 0.9999995231628418, token : PLY

Draft step 2: in_token=tensor([[24834]], device='cuda:6'), in_token_decoded=PLY, end_index: 9635
predicted_token: 151645, predict_score: 0.9390878677368164, token : <|im_end|>
Verifying token 0: verify_id=3596 ( RE), draft_id=3596 ( RE), is_last=False, is_eos=False
Verifying token 1: verify_id=24834 (PLY), draft_id=24834 (PLY), is_last=False, is_eos=False
Verifying token 2: verify_id=151645 (<|im_end|>), draft_id=151645 (<|im_end|>), is_last=False, is_eos=True
Token 2 verification failed, accepting up to this token. is_last: False, is_eos: True, is_mismatch: False
New tokens: ['NO REPLY<|im_end|>']
Total new tokens generated: 4
[Spec] avg_accept=3.00 | tokens=4 | context_len=9632
[Adapter] acc=3/3 (100.0%) | avg_confidence=0.980 | drafted_avg_confidence=0.980 | context_len=9632
\n===== Lossless Check =====
Speculative output: NO REPLY
AR manual output:   NO REPLY
Exact match: True
OK: Outputs match. Speculative decoding is lossless.
Speedup: 1.38x
Speedup_decode: 0.93x
Spec decode tok/s: 24.96
AR decode tok/s:   26.90
 first token :NO

Draft step 0: in_token=tensor([[8996]], device='cuda:6'), in_token_decoded=NO, end_index: 9698
predicted_token: 3596, predict_score: 0.9999980926513672, token :  RE

Draft step 1: in_token=tensor([[3596]], device='cuda:6'), in_token_decoded= RE, end_index: 9699
predicted_token: 24834, predict_score: 0.9999996423721313, token : PLY

Draft step 2: in_token=tensor([[24834]], device='cuda:6'), in_token_decoded=PLY, end_index: 9700
predicted_token: 151645, predict_score: 0.9404028654098511, token : <|im_end|>
Verifying token 0: verify_id=3596 ( RE), draft_id=3596 ( RE), is_last=False, is_eos=False
Verifying token 1: verify_id=24834 (PLY), draft_id=24834 (PLY), is_last=False, is_eos=False
Verifying token 2: verify_id=151645 (<|im_end|>), draft_id=151645 (<|im_end|>), is_last=False, is_eos=True
Token 2 verification failed, accepting up to this token. is_last: False, is_eos: True, is_mismatch: False
New tokens: ['NO REPLY<|im_end|>']
Total new tokens generated: 4
[Spec] avg_accept=3.00 | tokens=4 | context_len=9697
[Adapter] acc=3/3 (100.0%) | avg_confidence=0.980 | drafted_avg_confidence=0.980 | context_len=9697
\n===== Lossless Check =====
Speculative output: NO REPLY
AR manual output:   NO REPLY
Exact match: True
OK: Outputs match. Speculative decoding is lossless.
Speedup: 1.15x
Speedup_decode: 0.85x
Spec decode tok/s: 27.63
AR decode tok/s:   32.53
 first token :NO

Draft step 0: in_token=tensor([[8996]], device='cuda:6'), in_token_decoded=NO, end_index: 9763
predicted_token: 3596, predict_score: 0.9999980926513672, token :  RE

Draft step 1: in_token=tensor([[3596]], device='cuda:6'), in_token_decoded= RE, end_index: 9764
predicted_token: 24834, predict_score: 0.9999996423721313, token : PLY

Draft step 2: in_token=tensor([[24834]], device='cuda:6'), in_token_decoded=PLY, end_index: 9765
predicted_token: 151645, predict_score: 0.9389877915382385, token : <|im_end|>
Verifying token 0: verify_id=3596 ( RE), draft_id=3596 ( RE), is_last=False, is_eos=False
Verifying token 1: verify_id=24834 (PLY), draft_id=24834 (PLY), is_last=False, is_eos=False
Verifying token 2: verify_id=151645 (<|im_end|>), draft_id=151645 (<|im_end|>), is_last=False, is_eos=True
Token 2 verification failed, accepting up to this token. is_last: False, is_eos: True, is_mismatch: False
New tokens: ['NO REPLY<|im_end|>']
Total new tokens generated: 4
[Spec] avg_accept=3.00 | tokens=4 | context_len=9762
[Adapter] acc=3/3 (100.0%) | avg_confidence=0.980 | drafted_avg_confidence=0.980 | context_len=9762
\n===== Lossless Check =====
Speculative output: NO REPLY
AR manual output:   NO REPLY
Exact match: True
OK: Outputs match. Speculative decoding is lossless.
Speedup: 1.47x
Speedup_decode: 0.81x
Spec decode tok/s: 23.37
AR decode tok/s:   28.81
 first token :NO

Draft step 0: in_token=tensor([[8996]], device='cuda:6'), in_token_decoded=NO, end_index: 9828
predicted_token: 3596, predict_score: 0.9999983310699463, token :  RE

Draft step 1: in_token=tensor([[3596]], device='cuda:6'), in_token_decoded= RE, end_index: 9829
predicted_token: 24834, predict_score: 0.9999996423721313, token : PLY

Draft step 2: in_token=tensor([[24834]], device='cuda:6'), in_token_decoded=PLY, end_index: 9830
predicted_token: 151645, predict_score: 0.9391099214553833, token : <|im_end|>
Verifying token 0: verify_id=3596 ( RE), draft_id=3596 ( RE), is_last=False, is_eos=False
Verifying token 1: verify_id=24834 (PLY), draft_id=24834 (PLY), is_last=False, is_eos=False
Verifying token 2: verify_id=151645 (<|im_end|>), draft_id=151645 (<|im_end|>), is_last=False, is_eos=True
Token 2 verification failed, accepting up to this token. is_last: False, is_eos: True, is_mismatch: False
New tokens: ['NO REPLY<|im_end|>']
Total new tokens generated: 4
[Spec] avg_accept=3.00 | tokens=4 | context_len=9827
[Adapter] acc=3/3 (100.0%) | avg_confidence=0.980 | drafted_avg_confidence=0.980 | context_len=9827
\n===== Lossless Check =====
Speculative output: NO REPLY
AR manual output:   NO REPLY
Exact match: True
OK: Outputs match. Speculative decoding is lossless.
Speedup: 0.93x
Speedup_decode: 0.86x
Spec decode tok/s: 29.94
AR decode tok/s:   34.74
 first token :NO

Draft step 0: in_token=tensor([[8996]], device='cuda:6'), in_token_decoded=NO, end_index: 9893
predicted_token: 3596, predict_score: 0.9999982118606567, token :  RE

Draft step 1: in_token=tensor([[3596]], device='cuda:6'), in_token_decoded= RE, end_index: 9894
predicted_token: 24834, predict_score: 0.9999996423721313, token : PLY

Draft step 2: in_token=tensor([[24834]], device='cuda:6'), in_token_decoded=PLY, end_index: 9895
predicted_token: 151645, predict_score: 0.9391974210739136, token : <|im_end|>
Verifying token 0: verify_id=3596 ( RE), draft_id=3596 ( RE), is_last=False, is_eos=False
Verifying token 1: verify_id=24834 (PLY), draft_id=24834 (PLY), is_last=False, is_eos=False
Verifying token 2: verify_id=151645 (<|im_end|>), draft_id=151645 (<|im_end|>), is_last=False, is_eos=True
Token 2 verification failed, accepting up to this token. is_last: False, is_eos: True, is_mismatch: False
New tokens: ['NO REPLY<|im_end|>']
Total new tokens generated: 4
[Spec] avg_accept=3.00 | tokens=4 | context_len=9892
[Adapter] acc=3/3 (100.0%) | avg_confidence=0.980 | drafted_avg_confidence=0.980 | context_len=9892
\n===== Lossless Check =====
Speculative output: NO REPLY
AR manual output:   NO REPLY
Exact match: True
OK: Outputs match. Speculative decoding is lossless.
Speedup: 1.26x
Speedup_decode: 0.79x
Spec decode tok/s: 23.07
AR decode tok/s:   29.10
 first token :NO

Draft step 0: in_token=tensor([[8996]], device='cuda:6'), in_token_decoded=NO, end_index: 9958
predicted_token: 3596, predict_score: 0.9999979734420776, token :  RE

Draft step 1: in_token=tensor([[3596]], device='cuda:6'), in_token_decoded= RE, end_index: 9959
predicted_token: 24834, predict_score: 0.9999996423721313, token : PLY

Draft step 2: in_token=tensor([[24834]], device='cuda:6'), in_token_decoded=PLY, end_index: 9960
predicted_token: 151645, predict_score: 0.939663290977478, token : <|im_end|>
Verifying token 0: verify_id=3596 ( RE), draft_id=3596 ( RE), is_last=False, is_eos=False
Verifying token 1: verify_id=24834 (PLY), draft_id=24834 (PLY), is_last=False, is_eos=False
Verifying token 2: verify_id=151645 (<|im_end|>), draft_id=151645 (<|im_end|>), is_last=False, is_eos=True
Token 2 verification failed, accepting up to this token. is_last: False, is_eos: True, is_mismatch: False
New tokens: ['NO REPLY<|im_end|>']
Total new tokens generated: 4
[Spec] avg_accept=3.00 | tokens=4 | context_len=9957
[Adapter] acc=3/3 (100.0%) | avg_confidence=0.980 | drafted_avg_confidence=0.980 | context_len=9957
\n===== Lossless Check =====
Speculative output: NO REPLY
AR manual output:   NO REPLY
Exact match: True
OK: Outputs match. Speculative decoding is lossless.
Speedup: 1.20x
Speedup_decode: 0.97x
Spec decode tok/s: 29.82
AR decode tok/s:   30.68
 first token :NO

Draft step 0: in_token=tensor([[8996]], device='cuda:6'), in_token_decoded=NO, end_index: 10023
predicted_token: 3596, predict_score: 0.999997615814209, token :  RE

Draft step 1: in_token=tensor([[3596]], device='cuda:6'), in_token_decoded= RE, end_index: 10024
predicted_token: 24834, predict_score: 0.9999995231628418, token : PLY

Draft step 2: in_token=tensor([[24834]], device='cuda:6'), in_token_decoded=PLY, end_index: 10025
predicted_token: 151645, predict_score: 0.9398877620697021, token : <|im_end|>
Verifying token 0: verify_id=3596 ( RE), draft_id=3596 ( RE), is_last=False, is_eos=False
Verifying token 1: verify_id=24834 (PLY), draft_id=24834 (PLY), is_last=False, is_eos=False
Verifying token 2: verify_id=151645 (<|im_end|>), draft_id=151645 (<|im_end|>), is_last=False, is_eos=True
Token 2 verification failed, accepting up to this token. is_last: False, is_eos: True, is_mismatch: False
New tokens: ['NO REPLY<|im_end|>']
Total new tokens generated: 4
[Spec] avg_accept=3.00 | tokens=4 | context_len=10022
[Adapter] acc=3/3 (100.0%) | avg_confidence=0.980 | drafted_avg_confidence=0.980 | context_len=10022
\n===== Lossless Check =====
Speculative output: NO REPLY
AR manual output:   NO REPLY
Exact match: True
OK: Outputs match. Speculative decoding is lossless.
Speedup: 1.26x
Speedup_decode: 0.64x
Spec decode tok/s: 21.15
AR decode tok/s:   33.11
 first token :NO

Draft step 0: in_token=tensor([[8996]], device='cuda:6'), in_token_decoded=NO, end_index: 10088
predicted_token: 3596, predict_score: 0.999997615814209, token :  RE

Draft step 1: in_token=tensor([[3596]], device='cuda:6'), in_token_decoded= RE, end_index: 10089
predicted_token: 24834, predict_score: 0.9999995231628418, token : PLY

Draft step 2: in_token=tensor([[24834]], device='cuda:6'), in_token_decoded=PLY, end_index: 10090
predicted_token: 151645, predict_score: 0.9390432834625244, token : <|im_end|>
Verifying token 0: verify_id=3596 ( RE), draft_id=3596 ( RE), is_last=False, is_eos=False
Verifying token 1: verify_id=24834 (PLY), draft_id=24834 (PLY), is_last=False, is_eos=False
Verifying token 2: verify_id=151645 (<|im_end|>), draft_id=151645 (<|im_end|>), is_last=False, is_eos=True
Token 2 verification failed, accepting up to this token. is_last: False, is_eos: True, is_mismatch: False
New tokens: ['NO REPLY<|im_end|>']
Total new tokens generated: 4
[Spec] avg_accept=3.00 | tokens=4 | context_len=10087
[Adapter] acc=3/3 (100.0%) | avg_confidence=0.980 | drafted_avg_confidence=0.980 | context_len=10087
\n===== Lossless Check =====
Speculative output: NO REPLY
AR manual output:   NO REPLY
Exact match: True
OK: Outputs match. Speculative decoding is lossless.
Speedup: 1.30x
Speedup_decode: 0.95x
Spec decode tok/s: 28.74
AR decode tok/s:   30.23
 first token :NO

Draft step 0: in_token=tensor([[8996]], device='cuda:6'), in_token_decoded=NO, end_index: 10153
predicted_token: 3596, predict_score: 0.9999984502792358, token :  RE

Draft step 1: in_token=tensor([[3596]], device='cuda:6'), in_token_decoded= RE, end_index: 10154
predicted_token: 24834, predict_score: 0.9999996423721313, token : PLY

Draft step 2: in_token=tensor([[24834]], device='cuda:6'), in_token_decoded=PLY, end_index: 10155
predicted_token: 151645, predict_score: 0.9390665292739868, token : <|im_end|>
Verifying token 0: verify_id=3596 ( RE), draft_id=3596 ( RE), is_last=False, is_eos=False
Verifying token 1: verify_id=24834 (PLY), draft_id=24834 (PLY), is_last=False, is_eos=False
Verifying token 2: verify_id=151645 (<|im_end|>), draft_id=151645 (<|im_end|>), is_last=False, is_eos=True
Token 2 verification failed, accepting up to this token. is_last: False, is_eos: True, is_mismatch: False
New tokens: ['NO REPLY<|im_end|>']
Total new tokens generated: 4
[Spec] avg_accept=3.00 | tokens=4 | context_len=10152
[Adapter] acc=3/3 (100.0%) | avg_confidence=0.980 | drafted_avg_confidence=0.980 | context_len=10152
\n===== Lossless Check =====
Speculative output: NO REPLY
AR manual output:   NO REPLY
Exact match: True
OK: Outputs match. Speculative decoding is lossless.
Speedup: 1.39x
Speedup_decode: 0.87x
Spec decode tok/s: 26.43
AR decode tok/s:   30.24
 first token :NO

Draft step 0: in_token=tensor([[8996]], device='cuda:6'), in_token_decoded=NO, end_index: 10218
predicted_token: 3596, predict_score: 0.9999983310699463, token :  RE

Draft step 1: in_token=tensor([[3596]], device='cuda:6'), in_token_decoded= RE, end_index: 10219
predicted_token: 24834, predict_score: 0.9999995231628418, token : PLY

Draft step 2: in_token=tensor([[24834]], device='cuda:6'), in_token_decoded=PLY, end_index: 10220
predicted_token: 151645, predict_score: 0.9387226700782776, token : <|im_end|>
Verifying token 0: verify_id=3596 ( RE), draft_id=3596 ( RE), is_last=False, is_eos=False
Verifying token 1: verify_id=24834 (PLY), draft_id=24834 (PLY), is_last=False, is_eos=False
Verifying token 2: verify_id=151645 (<|im_end|>), draft_id=151645 (<|im_end|>), is_last=False, is_eos=True
Token 2 verification failed, accepting up to this token. is_last: False, is_eos: True, is_mismatch: False
New tokens: ['NO REPLY<|im_end|>']
Total new tokens generated: 4
[Spec] avg_accept=3.00 | tokens=4 | context_len=10217
[Adapter] acc=3/3 (100.0%) | avg_confidence=0.980 | drafted_avg_confidence=0.980 | context_len=10217
\n===== Lossless Check =====
Speculative output: NO REPLY
AR manual output:   NO REPLY
Exact match: True
OK: Outputs match. Speculative decoding is lossless.
Speedup: 1.12x
Speedup_decode: 0.87x
Spec decode tok/s: 25.39
AR decode tok/s:   29.33
 first token :NO

Draft step 0: in_token=tensor([[8996]], device='cuda:6'), in_token_decoded=NO, end_index: 10283
predicted_token: 3596, predict_score: 0.9999982118606567, token :  RE

Draft step 1: in_token=tensor([[3596]], device='cuda:6'), in_token_decoded= RE, end_index: 10284
predicted_token: 24834, predict_score: 0.9999996423721313, token : PLY

Draft step 2: in_token=tensor([[24834]], device='cuda:6'), in_token_decoded=PLY, end_index: 10285
predicted_token: 151645, predict_score: 0.9387112259864807, token : <|im_end|>
Verifying token 0: verify_id=3596 ( RE), draft_id=3596 ( RE), is_last=False, is_eos=False
Verifying token 1: verify_id=24834 (PLY), draft_id=24834 (PLY), is_last=False, is_eos=False
Verifying token 2: verify_id=151645 (<|im_end|>), draft_id=151645 (<|im_end|>), is_last=False, is_eos=True
Token 2 verification failed, accepting up to this token. is_last: False, is_eos: True, is_mismatch: False
New tokens: ['NO REPLY<|im_end|>']
Total new tokens generated: 4
[Spec] avg_accept=3.00 | tokens=4 | context_len=10282
[Adapter] acc=3/3 (100.0%) | avg_confidence=0.980 | drafted_avg_confidence=0.980 | context_len=10282
\n===== Lossless Check =====
Speculative output: NO REPLY
AR manual output:   NO REPLY
Exact match: True
OK: Outputs match. Speculative decoding is lossless.
Speedup: 1.60x
Speedup_decode: 0.66x
Spec decode tok/s: 20.49
AR decode tok/s:   30.88
 first token :NO

Draft step 0: in_token=tensor([[8996]], device='cuda:6'), in_token_decoded=NO, end_index: 10348
predicted_token: 3596, predict_score: 0.9999983310699463, token :  RE

Draft step 1: in_token=tensor([[3596]], device='cuda:6'), in_token_decoded= RE, end_index: 10349
predicted_token: 24834, predict_score: 0.9999996423721313, token : PLY

Draft step 2: in_token=tensor([[24834]], device='cuda:6'), in_token_decoded=PLY, end_index: 10350
predicted_token: 151645, predict_score: 0.9397713541984558, token : <|im_end|>
Verifying token 0: verify_id=3596 ( RE), draft_id=3596 ( RE), is_last=False, is_eos=False
Verifying token 1: verify_id=24834 (PLY), draft_id=24834 (PLY), is_last=False, is_eos=False
Verifying token 2: verify_id=151645 (<|im_end|>), draft_id=151645 (<|im_end|>), is_last=False, is_eos=True
Token 2 verification failed, accepting up to this token. is_last: False, is_eos: True, is_mismatch: False
New tokens: ['NO REPLY<|im_end|>']
Total new tokens generated: 4
[Spec] avg_accept=3.00 | tokens=4 | context_len=10347
[Adapter] acc=3/3 (100.0%) | avg_confidence=0.980 | drafted_avg_confidence=0.980 | context_len=10347
\n===== Lossless Check =====
Speculative output: NO REPLY
AR manual output:   NO REPLY
Exact match: True
OK: Outputs match. Speculative decoding is lossless.
Speedup: 0.95x
Speedup_decode: 0.85x
Spec decode tok/s: 29.12
AR decode tok/s:   34.13
 first token :NO

Draft step 0: in_token=tensor([[8996]], device='cuda:6'), in_token_decoded=NO, end_index: 10413
predicted_token: 3596, predict_score: 0.9999983310699463, token :  RE

Draft step 1: in_token=tensor([[3596]], device='cuda:6'), in_token_decoded= RE, end_index: 10414
predicted_token: 24834, predict_score: 0.9999996423721313, token : PLY

Draft step 2: in_token=tensor([[24834]], device='cuda:6'), in_token_decoded=PLY, end_index: 10415
predicted_token: 151645, predict_score: 0.939842164516449, token : <|im_end|>
Verifying token 0: verify_id=3596 ( RE), draft_id=3596 ( RE), is_last=False, is_eos=False
Verifying token 1: verify_id=24834 (PLY), draft_id=24834 (PLY), is_last=False, is_eos=False
Verifying token 2: verify_id=151645 (<|im_end|>), draft_id=151645 (<|im_end|>), is_last=False, is_eos=True
Token 2 verification failed, accepting up to this token. is_last: False, is_eos: True, is_mismatch: False
New tokens: ['NO REPLY<|im_end|>']
Total new tokens generated: 4
[Spec] avg_accept=3.00 | tokens=4 | context_len=10412
[Adapter] acc=3/3 (100.0%) | avg_confidence=0.980 | drafted_avg_confidence=0.980 | context_len=10412
\n===== Lossless Check =====
Speculative output: NO REPLY
AR manual output:   NO REPLY
Exact match: True
OK: Outputs match. Speculative decoding is lossless.
Speedup: 1.67x
Speedup_decode: 0.91x
Spec decode tok/s: 23.38
AR decode tok/s:   25.64
 first token :NO

Draft step 0: in_token=tensor([[8996]], device='cuda:6'), in_token_decoded=NO, end_index: 10478
predicted_token: 3596, predict_score: 0.9999974966049194, token :  RE

Draft step 1: in_token=tensor([[3596]], device='cuda:6'), in_token_decoded= RE, end_index: 10479
predicted_token: 24834, predict_score: 0.9999996423721313, token : PLY

Draft step 2: in_token=tensor([[24834]], device='cuda:6'), in_token_decoded=PLY, end_index: 10480
predicted_token: 151645, predict_score: 0.9395648837089539, token : <|im_end|>
Verifying token 0: verify_id=3596 ( RE), draft_id=3596 ( RE), is_last=False, is_eos=False
Verifying token 1: verify_id=24834 (PLY), draft_id=24834 (PLY), is_last=False, is_eos=False
Verifying token 2: verify_id=151645 (<|im_end|>), draft_id=151645 (<|im_end|>), is_last=False, is_eos=True
Token 2 verification failed, accepting up to this token. is_last: False, is_eos: True, is_mismatch: False
New tokens: ['NO REPLY<|im_end|>']
Total new tokens generated: 4
[Spec] avg_accept=3.00 | tokens=4 | context_len=10477
[Adapter] acc=3/3 (100.0%) | avg_confidence=0.980 | drafted_avg_confidence=0.980 | context_len=10477
\n===== Lossless Check =====
Speculative output: NO REPLY
AR manual output:   NO REPLY
Exact match: True
OK: Outputs match. Speculative decoding is lossless.
Speedup: 1.31x
Speedup_decode: 0.87x
Spec decode tok/s: 23.34
AR decode tok/s:   26.75
 first token :NO

Draft step 0: in_token=tensor([[8996]], device='cuda:6'), in_token_decoded=NO, end_index: 10543
predicted_token: 3596, predict_score: 0.9999969005584717, token :  RE

Draft step 1: in_token=tensor([[3596]], device='cuda:6'), in_token_decoded= RE, end_index: 10544
predicted_token: 24834, predict_score: 0.9999995231628418, token : PLY

Draft step 2: in_token=tensor([[24834]], device='cuda:6'), in_token_decoded=PLY, end_index: 10545
predicted_token: 151645, predict_score: 0.9389970302581787, token : <|im_end|>
Verifying token 0: verify_id=3596 ( RE), draft_id=3596 ( RE), is_last=False, is_eos=False
Verifying token 1: verify_id=24834 (PLY), draft_id=24834 (PLY), is_last=False, is_eos=False
Verifying token 2: verify_id=151645 (<|im_end|>), draft_id=151645 (<|im_end|>), is_last=False, is_eos=True
Token 2 verification failed, accepting up to this token. is_last: False, is_eos: True, is_mismatch: False
New tokens: ['NO REPLY<|im_end|>']
Total new tokens generated: 4
[Spec] avg_accept=3.00 | tokens=4 | context_len=10542
[Adapter] acc=3/3 (100.0%) | avg_confidence=0.980 | drafted_avg_confidence=0.980 | context_len=10542
\n===== Lossless Check =====
Speculative output: NO REPLY
AR manual output:   NO REPLY
Exact match: True
OK: Outputs match. Speculative decoding is lossless.
Speedup: 1.69x
Speedup_decode: 0.91x
Spec decode tok/s: 23.73
AR decode tok/s:   26.02
 first token :NO

Draft step 0: in_token=tensor([[8996]], device='cuda:6'), in_token_decoded=NO, end_index: 10608
predicted_token: 3596, predict_score: 0.9999982118606567, token :  RE

Draft step 1: in_token=tensor([[3596]], device='cuda:6'), in_token_decoded= RE, end_index: 10609
predicted_token: 24834, predict_score: 0.9999996423721313, token : PLY

Draft step 2: in_token=tensor([[24834]], device='cuda:6'), in_token_decoded=PLY, end_index: 10610
predicted_token: 151645, predict_score: 0.9386746883392334, token : <|im_end|>
Verifying token 0: verify_id=3596 ( RE), draft_id=3596 ( RE), is_last=False, is_eos=False
Verifying token 1: verify_id=24834 (PLY), draft_id=24834 (PLY), is_last=False, is_eos=False
Verifying token 2: verify_id=151645 (<|im_end|>), draft_id=151645 (<|im_end|>), is_last=False, is_eos=True
Token 2 verification failed, accepting up to this token. is_last: False, is_eos: True, is_mismatch: False
New tokens: ['NO REPLY<|im_end|>']
Total new tokens generated: 4
[Spec] avg_accept=3.00 | tokens=4 | context_len=10607
[Adapter] acc=3/3 (100.0%) | avg_confidence=0.980 | drafted_avg_confidence=0.980 | context_len=10607
\n===== Lossless Check =====
Speculative output: NO REPLY
AR manual output:   NO REPLY
Exact match: True
OK: Outputs match. Speculative decoding is lossless.
Speedup: 1.13x
Speedup_decode: 0.71x
Spec decode tok/s: 26.68
AR decode tok/s:   37.78
 first token :NO

Draft step 0: in_token=tensor([[8996]], device='cuda:6'), in_token_decoded=NO, end_index: 10673
predicted_token: 3596, predict_score: 0.9999983310699463, token :  RE

Draft step 1: in_token=tensor([[3596]], device='cuda:6'), in_token_decoded= RE, end_index: 10674
predicted_token: 24834, predict_score: 0.9999995231628418, token : PLY

Draft step 2: in_token=tensor([[24834]], device='cuda:6'), in_token_decoded=PLY, end_index: 10675
predicted_token: 151645, predict_score: 0.9389402866363525, token : <|im_end|>
Verifying token 0: verify_id=3596 ( RE), draft_id=3596 ( RE), is_last=False, is_eos=False
Verifying token 1: verify_id=24834 (PLY), draft_id=24834 (PLY), is_last=False, is_eos=False
Verifying token 2: verify_id=151645 (<|im_end|>), draft_id=151645 (<|im_end|>), is_last=False, is_eos=True
Token 2 verification failed, accepting up to this token. is_last: False, is_eos: True, is_mismatch: False
New tokens: ['NO REPLY<|im_end|>']
Total new tokens generated: 4
[Spec] avg_accept=3.00 | tokens=4 | context_len=10672
[Adapter] acc=3/3 (100.0%) | avg_confidence=0.980 | drafted_avg_confidence=0.980 | context_len=10672
\n===== Lossless Check =====
Speculative output: NO REPLY
AR manual output:   NO REPLY
Exact match: True
OK: Outputs match. Speculative decoding is lossless.
Speedup: 2.14x
Speedup_decode: 1.33x
Spec decode tok/s: 38.30
AR decode tok/s:   28.88
 first token :NO

Draft step 0: in_token=tensor([[8996]], device='cuda:6'), in_token_decoded=NO, end_index: 10738
predicted_token: 3596, predict_score: 0.9999984502792358, token :  RE

Draft step 1: in_token=tensor([[3596]], device='cuda:6'), in_token_decoded= RE, end_index: 10739
predicted_token: 24834, predict_score: 0.9999996423721313, token : PLY

Draft step 2: in_token=tensor([[24834]], device='cuda:6'), in_token_decoded=PLY, end_index: 10740
predicted_token: 151645, predict_score: 0.9400879740715027, token : <|im_end|>
Verifying token 0: verify_id=3596 ( RE), draft_id=3596 ( RE), is_last=False, is_eos=False
Verifying token 1: verify_id=24834 (PLY), draft_id=24834 (PLY), is_last=False, is_eos=False
Verifying token 2: verify_id=151645 (<|im_end|>), draft_id=151645 (<|im_end|>), is_last=False, is_eos=True
Token 2 verification failed, accepting up to this token. is_last: False, is_eos: True, is_mismatch: False
New tokens: ['NO REPLY<|im_end|>']
Total new tokens generated: 4
[Spec] avg_accept=3.00 | tokens=4 | context_len=10737
[Adapter] acc=3/3 (100.0%) | avg_confidence=0.980 | drafted_avg_confidence=0.980 | context_len=10737
\n===== Lossless Check =====
Speculative output: NO REPLY
AR manual output:   NO REPLY
Exact match: True
OK: Outputs match. Speculative decoding is lossless.
Speedup: 1.55x
Speedup_decode: 0.95x
Spec decode tok/s: 32.57
AR decode tok/s:   34.32
 first token :NO

Draft step 0: in_token=tensor([[8996]], device='cuda:6'), in_token_decoded=NO, end_index: 10803
predicted_token: 3596, predict_score: 0.9999978542327881, token :  RE

Draft step 1: in_token=tensor([[3596]], device='cuda:6'), in_token_decoded= RE, end_index: 10804
predicted_token: 24834, predict_score: 0.9999995231628418, token : PLY

Draft step 2: in_token=tensor([[24834]], device='cuda:6'), in_token_decoded=PLY, end_index: 10805
predicted_token: 151645, predict_score: 0.9398044347763062, token : <|im_end|>
Verifying token 0: verify_id=3596 ( RE), draft_id=3596 ( RE), is_last=False, is_eos=False
Verifying token 1: verify_id=24834 (PLY), draft_id=24834 (PLY), is_last=False, is_eos=False
Verifying token 2: verify_id=151645 (<|im_end|>), draft_id=151645 (<|im_end|>), is_last=False, is_eos=True
Token 2 verification failed, accepting up to this token. is_last: False, is_eos: True, is_mismatch: False
New tokens: ['NO REPLY<|im_end|>']
Total new tokens generated: 4
[Spec] avg_accept=3.00 | tokens=4 | context_len=10802
[Adapter] acc=3/3 (100.0%) | avg_confidence=0.980 | drafted_avg_confidence=0.980 | context_len=10802
\n===== Lossless Check =====
Speculative output: NO REPLY
AR manual output:   NO REPLY
Exact match: True
OK: Outputs match. Speculative decoding is lossless.
Speedup: 1.72x
Speedup_decode: 0.79x
Spec decode tok/s: 22.07
AR decode tok/s:   28.09
 first token :NO

Draft step 0: in_token=tensor([[8996]], device='cuda:6'), in_token_decoded=NO, end_index: 10868
predicted_token: 3596, predict_score: 0.9999970197677612, token :  RE

Draft step 1: in_token=tensor([[3596]], device='cuda:6'), in_token_decoded= RE, end_index: 10869
predicted_token: 24834, predict_score: 0.9999994039535522, token : PLY

Draft step 2: in_token=tensor([[24834]], device='cuda:6'), in_token_decoded=PLY, end_index: 10870
predicted_token: 151645, predict_score: 0.9397905468940735, token : <|im_end|>
Verifying token 0: verify_id=3596 ( RE), draft_id=3596 ( RE), is_last=False, is_eos=False
Verifying token 1: verify_id=24834 (PLY), draft_id=24834 (PLY), is_last=False, is_eos=False
Verifying token 2: verify_id=151645 (<|im_end|>), draft_id=151645 (<|im_end|>), is_last=False, is_eos=True
Token 2 verification failed, accepting up to this token. is_last: False, is_eos: True, is_mismatch: False
New tokens: ['NO REPLY<|im_end|>']
Total new tokens generated: 4
[Spec] avg_accept=3.00 | tokens=4 | context_len=10867
[Adapter] acc=3/3 (100.0%) | avg_confidence=0.980 | drafted_avg_confidence=0.980 | context_len=10867
\n===== Lossless Check =====
Speculative output: NO REPLY
AR manual output:   NO REPLY
Exact match: True
OK: Outputs match. Speculative decoding is lossless.
Speedup: 1.36x
Speedup_decode: 0.98x
Spec decode tok/s: 23.11
AR decode tok/s:   23.52
 first token :NO

Draft step 0: in_token=tensor([[8996]], device='cuda:6'), in_token_decoded=NO, end_index: 10933
predicted_token: 3596, predict_score: 0.9999974966049194, token :  RE

Draft step 1: in_token=tensor([[3596]], device='cuda:6'), in_token_decoded= RE, end_index: 10934
predicted_token: 24834, predict_score: 0.9999994039535522, token : PLY

Draft step 2: in_token=tensor([[24834]], device='cuda:6'), in_token_decoded=PLY, end_index: 10935
predicted_token: 151645, predict_score: 0.9397862553596497, token : <|im_end|>
Verifying token 0: verify_id=3596 ( RE), draft_id=3596 ( RE), is_last=False, is_eos=False
Verifying token 1: verify_id=24834 (PLY), draft_id=24834 (PLY), is_last=False, is_eos=False
Verifying token 2: verify_id=151645 (<|im_end|>), draft_id=151645 (<|im_end|>), is_last=False, is_eos=True
Token 2 verification failed, accepting up to this token. is_last: False, is_eos: True, is_mismatch: False
New tokens: ['NO REPLY<|im_end|>']
Total new tokens generated: 4
[Spec] avg_accept=3.00 | tokens=4 | context_len=10932
[Adapter] acc=3/3 (100.0%) | avg_confidence=0.980 | drafted_avg_confidence=0.980 | context_len=10932
\n===== Lossless Check =====
Speculative output: NO REPLY
AR manual output:   NO REPLY
Exact match: True
OK: Outputs match. Speculative decoding is lossless.
Speedup: 1.17x
Speedup_decode: 1.08x
Spec decode tok/s: 29.95
AR decode tok/s:   27.68
 first token :NO

Draft step 0: in_token=tensor([[8996]], device='cuda:6'), in_token_decoded=NO, end_index: 10998
predicted_token: 3596, predict_score: 0.9999978542327881, token :  RE

Draft step 1: in_token=tensor([[3596]], device='cuda:6'), in_token_decoded= RE, end_index: 10999
predicted_token: 24834, predict_score: 0.9999995231628418, token : PLY

Draft step 2: in_token=tensor([[24834]], device='cuda:6'), in_token_decoded=PLY, end_index: 11000
predicted_token: 151645, predict_score: 0.9389865398406982, token : <|im_end|>
Verifying token 0: verify_id=3596 ( RE), draft_id=3596 ( RE), is_last=False, is_eos=False
Verifying token 1: verify_id=24834 (PLY), draft_id=24834 (PLY), is_last=False, is_eos=False
Verifying token 2: verify_id=151645 (<|im_end|>), draft_id=151645 (<|im_end|>), is_last=False, is_eos=True
Token 2 verification failed, accepting up to this token. is_last: False, is_eos: True, is_mismatch: False
New tokens: ['NO REPLY<|im_end|>']
Total new tokens generated: 4
[Spec] avg_accept=3.00 | tokens=4 | context_len=10997
[Adapter] acc=3/3 (100.0%) | avg_confidence=0.980 | drafted_avg_confidence=0.980 | context_len=10997
\n===== Lossless Check =====
Speculative output: NO REPLY
AR manual output:   NO REPLY
Exact match: True
OK: Outputs match. Speculative decoding is lossless.
Speedup: 1.56x
Speedup_decode: 0.91x
Spec decode tok/s: 25.92
AR decode tok/s:   28.58
 first token :NO

Draft step 0: in_token=tensor([[8996]], device='cuda:6'), in_token_decoded=NO, end_index: 11063
predicted_token: 3596, predict_score: 0.9999970197677612, token :  RE

Draft step 1: in_token=tensor([[3596]], device='cuda:6'), in_token_decoded= RE, end_index: 11064
predicted_token: 24834, predict_score: 0.9999996423721313, token : PLY

Draft step 2: in_token=tensor([[24834]], device='cuda:6'), in_token_decoded=PLY, end_index: 11065
predicted_token: 151645, predict_score: 0.9401282072067261, token : <|im_end|>
Verifying token 0: verify_id=3596 ( RE), draft_id=3596 ( RE), is_last=False, is_eos=False
Verifying token 1: verify_id=24834 (PLY), draft_id=24834 (PLY), is_last=False, is_eos=False
Verifying token 2: verify_id=151645 (<|im_end|>), draft_id=151645 (<|im_end|>), is_last=False, is_eos=True
Token 2 verification failed, accepting up to this token. is_last: False, is_eos: True, is_mismatch: False
New tokens: ['NO REPLY<|im_end|>']
Total new tokens generated: 4
[Spec] avg_accept=3.00 | tokens=4 | context_len=11062
[Adapter] acc=3/3 (100.0%) | avg_confidence=0.980 | drafted_avg_confidence=0.980 | context_len=11062
\n===== Lossless Check =====
Speculative output: NO REPLY
AR manual output:   NO REPLY
Exact match: True
OK: Outputs match. Speculative decoding is lossless.
Speedup: 1.06x
Speedup_decode: 1.04x
Spec decode tok/s: 30.95
AR decode tok/s:   29.66
 first token :NO

Draft step 0: in_token=tensor([[8996]], device='cuda:6'), in_token_decoded=NO, end_index: 11128
predicted_token: 3596, predict_score: 0.999997615814209, token :  RE

Draft step 1: in_token=tensor([[3596]], device='cuda:6'), in_token_decoded= RE, end_index: 11129
predicted_token: 24834, predict_score: 0.9999994039535522, token : PLY

Draft step 2: in_token=tensor([[24834]], device='cuda:6'), in_token_decoded=PLY, end_index: 11130
predicted_token: 151645, predict_score: 0.9404309988021851, token : <|im_end|>
Verifying token 0: verify_id=3596 ( RE), draft_id=3596 ( RE), is_last=False, is_eos=False
Verifying token 1: verify_id=24834 (PLY), draft_id=24834 (PLY), is_last=False, is_eos=False
Verifying token 2: verify_id=151645 (<|im_end|>), draft_id=151645 (<|im_end|>), is_last=False, is_eos=True
Token 2 verification failed, accepting up to this token. is_last: False, is_eos: True, is_mismatch: False
New tokens: ['NO REPLY<|im_end|>']
Total new tokens generated: 4
[Spec] avg_accept=3.00 | tokens=4 | context_len=11127
[Adapter] acc=3/3 (100.0%) | avg_confidence=0.980 | drafted_avg_confidence=0.980 | context_len=11127
\n===== Lossless Check =====
Speculative output: NO REPLY
AR manual output:   NO REPLY
Exact match: True
OK: Outputs match. Speculative decoding is lossless.
Speedup: 1.13x
Speedup_decode: 0.68x
Spec decode tok/s: 24.00
AR decode tok/s:   35.28
 first token :NO

Draft step 0: in_token=tensor([[8996]], device='cuda:6'), in_token_decoded=NO, end_index: 11193
predicted_token: 3596, predict_score: 0.9999983310699463, token :  RE

Draft step 1: in_token=tensor([[3596]], device='cuda:6'), in_token_decoded= RE, end_index: 11194
predicted_token: 24834, predict_score: 0.9999995231628418, token : PLY

Draft step 2: in_token=tensor([[24834]], device='cuda:6'), in_token_decoded=PLY, end_index: 11195
predicted_token: 151645, predict_score: 0.9404606223106384, token : <|im_end|>
Verifying token 0: verify_id=3596 ( RE), draft_id=3596 ( RE), is_last=False, is_eos=False
Verifying token 1: verify_id=24834 (PLY), draft_id=24834 (PLY), is_last=False, is_eos=False
Verifying token 2: verify_id=151645 (<|im_end|>), draft_id=151645 (<|im_end|>), is_last=False, is_eos=True
Token 2 verification failed, accepting up to this token. is_last: False, is_eos: True, is_mismatch: False
New tokens: ['NO REPLY<|im_end|>']
Total new tokens generated: 4
[Spec] avg_accept=3.00 | tokens=4 | context_len=11192
[Adapter] acc=3/3 (100.0%) | avg_confidence=0.980 | drafted_avg_confidence=0.980 | context_len=11192
\n===== Lossless Check =====
Speculative output: NO REPLY
AR manual output:   NO REPLY
Exact match: True
OK: Outputs match. Speculative decoding is lossless.
Speedup: 1.37x
Speedup_decode: 1.00x
Spec decode tok/s: 29.89
AR decode tok/s:   29.91
 first token :NO

Draft step 0: in_token=tensor([[8996]], device='cuda:6'), in_token_decoded=NO, end_index: 11258
predicted_token: 3596, predict_score: 0.9999984502792358, token :  RE

Draft step 1: in_token=tensor([[3596]], device='cuda:6'), in_token_decoded= RE, end_index: 11259
predicted_token: 24834, predict_score: 0.9999995231628418, token : PLY

Draft step 2: in_token=tensor([[24834]], device='cuda:6'), in_token_decoded=PLY, end_index: 11260
predicted_token: 151645, predict_score: 0.9411640167236328, token : <|im_end|>
Verifying token 0: verify_id=3596 ( RE), draft_id=3596 ( RE), is_last=False, is_eos=False
Verifying token 1: verify_id=24834 (PLY), draft_id=24834 (PLY), is_last=False, is_eos=False
Verifying token 2: verify_id=151645 (<|im_end|>), draft_id=151645 (<|im_end|>), is_last=False, is_eos=True
Token 2 verification failed, accepting up to this token. is_last: False, is_eos: True, is_mismatch: False
New tokens: ['NO REPLY<|im_end|>']
Total new tokens generated: 4
[Spec] avg_accept=3.00 | tokens=4 | context_len=11257
[Adapter] acc=3/3 (100.0%) | avg_confidence=0.980 | drafted_avg_confidence=0.980 | context_len=11257
\n===== Lossless Check =====
Speculative output: NO REPLY
AR manual output:   NO REPLY
Exact match: True
OK: Outputs match. Speculative decoding is lossless.
Speedup: 0.98x
Speedup_decode: 0.84x
Spec decode tok/s: 27.94
AR decode tok/s:   33.29
 first token :NO

Draft step 0: in_token=tensor([[8996]], device='cuda:6'), in_token_decoded=NO, end_index: 11323
predicted_token: 3596, predict_score: 0.9999986886978149, token :  RE

Draft step 1: in_token=tensor([[3596]], device='cuda:6'), in_token_decoded= RE, end_index: 11324
predicted_token: 24834, predict_score: 0.9999996423721313, token : PLY

Draft step 2: in_token=tensor([[24834]], device='cuda:6'), in_token_decoded=PLY, end_index: 11325
predicted_token: 151645, predict_score: 0.9411429762840271, token : <|im_end|>
Verifying token 0: verify_id=3596 ( RE), draft_id=3596 ( RE), is_last=False, is_eos=False
Verifying token 1: verify_id=24834 (PLY), draft_id=24834 (PLY), is_last=False, is_eos=False
Verifying token 2: verify_id=151645 (<|im_end|>), draft_id=151645 (<|im_end|>), is_last=False, is_eos=True
Token 2 verification failed, accepting up to this token. is_last: False, is_eos: True, is_mismatch: False
New tokens: ['NO REPLY<|im_end|>']
Total new tokens generated: 4
[Spec] avg_accept=3.00 | tokens=4 | context_len=11322
[Adapter] acc=3/3 (100.0%) | avg_confidence=0.980 | drafted_avg_confidence=0.980 | context_len=11322
\n===== Lossless Check =====
Speculative output: NO REPLY
AR manual output:   NO REPLY
Exact match: True
OK: Outputs match. Speculative decoding is lossless.
Speedup: 1.43x
Speedup_decode: 0.93x
Spec decode tok/s: 28.26
AR decode tok/s:   30.46
 first token :NO

Draft step 0: in_token=tensor([[8996]], device='cuda:6'), in_token_decoded=NO, end_index: 11388
predicted_token: 3596, predict_score: 0.9999984502792358, token :  RE

Draft step 1: in_token=tensor([[3596]], device='cuda:6'), in_token_decoded= RE, end_index: 11389
predicted_token: 24834, predict_score: 0.9999995231628418, token : PLY

Draft step 2: in_token=tensor([[24834]], device='cuda:6'), in_token_decoded=PLY, end_index: 11390
predicted_token: 151645, predict_score: 0.9413300156593323, token : <|im_end|>
Verifying token 0: verify_id=3596 ( RE), draft_id=3596 ( RE), is_last=False, is_eos=False
Verifying token 1: verify_id=24834 (PLY), draft_id=24834 (PLY), is_last=False, is_eos=False
Verifying token 2: verify_id=151645 (<|im_end|>), draft_id=151645 (<|im_end|>), is_last=False, is_eos=True
Token 2 verification failed, accepting up to this token. is_last: False, is_eos: True, is_mismatch: False
New tokens: ['NO REPLY<|im_end|>']
Total new tokens generated: 4
[Spec] avg_accept=3.00 | tokens=4 | context_len=11387
[Adapter] acc=3/3 (100.0%) | avg_confidence=0.980 | drafted_avg_confidence=0.980 | context_len=11387
\n===== Lossless Check =====
Speculative output: NO REPLY
AR manual output:   NO REPLY
Exact match: True
OK: Outputs match. Speculative decoding is lossless.
Speedup: 1.38x
Speedup_decode: 0.78x
Spec decode tok/s: 24.59
AR decode tok/s:   31.34
 first token :NO

Draft step 0: in_token=tensor([[8996]], device='cuda:6'), in_token_decoded=NO, end_index: 11453
predicted_token: 3596, predict_score: 0.9999985694885254, token :  RE

Draft step 1: in_token=tensor([[3596]], device='cuda:6'), in_token_decoded= RE, end_index: 11454
predicted_token: 24834, predict_score: 0.9999995231628418, token : PLY

Draft step 2: in_token=tensor([[24834]], device='cuda:6'), in_token_decoded=PLY, end_index: 11455
predicted_token: 151645, predict_score: 0.9411008954048157, token : <|im_end|>
Verifying token 0: verify_id=3596 ( RE), draft_id=3596 ( RE), is_last=False, is_eos=False
Verifying token 1: verify_id=24834 (PLY), draft_id=24834 (PLY), is_last=False, is_eos=False
Verifying token 2: verify_id=151645 (<|im_end|>), draft_id=151645 (<|im_end|>), is_last=False, is_eos=True
Token 2 verification failed, accepting up to this token. is_last: False, is_eos: True, is_mismatch: False
New tokens: ['NO REPLY<|im_end|>']
Total new tokens generated: 4
[Spec] avg_accept=3.00 | tokens=4 | context_len=11452
[Adapter] acc=3/3 (100.0%) | avg_confidence=0.980 | drafted_avg_confidence=0.980 | context_len=11452
\n===== Lossless Check =====
Speculative output: NO REPLY
AR manual output:   NO REPLY
Exact match: True
OK: Outputs match. Speculative decoding is lossless.
Speedup: 1.08x
Speedup_decode: 0.90x
Spec decode tok/s: 25.98
AR decode tok/s:   28.82
 first token :NO

Draft step 0: in_token=tensor([[8996]], device='cuda:6'), in_token_decoded=NO, end_index: 11518
predicted_token: 3596, predict_score: 0.9999986886978149, token :  RE

Draft step 1: in_token=tensor([[3596]], device='cuda:6'), in_token_decoded= RE, end_index: 11519
predicted_token: 24834, predict_score: 0.9999994039535522, token : PLY

Draft step 2: in_token=tensor([[24834]], device='cuda:6'), in_token_decoded=PLY, end_index: 11520
predicted_token: 151645, predict_score: 0.9410738348960876, token : <|im_end|>
Verifying token 0: verify_id=3596 ( RE), draft_id=3596 ( RE), is_last=False, is_eos=False
Verifying token 1: verify_id=24834 (PLY), draft_id=24834 (PLY), is_last=False, is_eos=False
Verifying token 2: verify_id=151645 (<|im_end|>), draft_id=151645 (<|im_end|>), is_last=False, is_eos=True
Token 2 verification failed, accepting up to this token. is_last: False, is_eos: True, is_mismatch: False
New tokens: ['NO REPLY<|im_end|>']
Total new tokens generated: 4
[Spec] avg_accept=3.00 | tokens=4 | context_len=11517
[Adapter] acc=3/3 (100.0%) | avg_confidence=0.980 | drafted_avg_confidence=0.980 | context_len=11517
\n===== Lossless Check =====
Speculative output: NO REPLY
AR manual output:   NO REPLY
Exact match: True
OK: Outputs match. Speculative decoding is lossless.
Speedup: 1.55x
Speedup_decode: 0.94x
Spec decode tok/s: 23.47
AR decode tok/s:   24.91
 first token :NO

Draft step 0: in_token=tensor([[8996]], device='cuda:6'), in_token_decoded=NO, end_index: 11583
predicted_token: 3596, predict_score: 0.9999985694885254, token :  RE

Draft step 1: in_token=tensor([[3596]], device='cuda:6'), in_token_decoded= RE, end_index: 11584
predicted_token: 24834, predict_score: 0.9999995231628418, token : PLY

Draft step 2: in_token=tensor([[24834]], device='cuda:6'), in_token_decoded=PLY, end_index: 11585
predicted_token: 151645, predict_score: 0.941409707069397, token : <|im_end|>
Verifying token 0: verify_id=3596 ( RE), draft_id=3596 ( RE), is_last=False, is_eos=False
Verifying token 1: verify_id=24834 (PLY), draft_id=24834 (PLY), is_last=False, is_eos=False
Verifying token 2: verify_id=151645 (<|im_end|>), draft_id=151645 (<|im_end|>), is_last=False, is_eos=True
Token 2 verification failed, accepting up to this token. is_last: False, is_eos: True, is_mismatch: False
New tokens: ['NO REPLY<|im_end|>']
Total new tokens generated: 4
[Spec] avg_accept=3.00 | tokens=4 | context_len=11582
[Adapter] acc=3/3 (100.0%) | avg_confidence=0.980 | drafted_avg_confidence=0.980 | context_len=11582
\n===== Lossless Check =====
Speculative output: NO REPLY
AR manual output:   NO REPLY
Exact match: True
OK: Outputs match. Speculative decoding is lossless.
Speedup: 1.20x
Speedup_decode: 0.89x
Spec decode tok/s: 27.27
AR decode tok/s:   30.59
 first token :NO

Draft step 0: in_token=tensor([[8996]], device='cuda:6'), in_token_decoded=NO, end_index: 11648
predicted_token: 3596, predict_score: 0.9999979734420776, token :  RE

Draft step 1: in_token=tensor([[3596]], device='cuda:6'), in_token_decoded= RE, end_index: 11649
predicted_token: 24834, predict_score: 0.9999994039535522, token : PLY

Draft step 2: in_token=tensor([[24834]], device='cuda:6'), in_token_decoded=PLY, end_index: 11650
predicted_token: 151645, predict_score: 0.9411589503288269, token : <|im_end|>
Verifying token 0: verify_id=3596 ( RE), draft_id=3596 ( RE), is_last=False, is_eos=False
Verifying token 1: verify_id=24834 (PLY), draft_id=24834 (PLY), is_last=False, is_eos=False
Verifying token 2: verify_id=151645 (<|im_end|>), draft_id=151645 (<|im_end|>), is_last=False, is_eos=True
Token 2 verification failed, accepting up to this token. is_last: False, is_eos: True, is_mismatch: False
New tokens: ['NO REPLY<|im_end|>']
Total new tokens generated: 4
[Spec] avg_accept=3.00 | tokens=4 | context_len=11647
[Adapter] acc=3/3 (100.0%) | avg_confidence=0.980 | drafted_avg_confidence=0.980 | context_len=11647
\n===== Lossless Check =====
Speculative output: NO REPLY
AR manual output:   NO REPLY
Exact match: True
OK: Outputs match. Speculative decoding is lossless.
Speedup: 1.44x
Speedup_decode: 1.26x
Spec decode tok/s: 31.06
AR decode tok/s:   24.62
 first token :NO

Draft step 0: in_token=tensor([[8996]], device='cuda:6'), in_token_decoded=NO, end_index: 11713
predicted_token: 3596, predict_score: 0.9999978542327881, token :  RE

Draft step 1: in_token=tensor([[3596]], device='cuda:6'), in_token_decoded= RE, end_index: 11714
predicted_token: 24834, predict_score: 0.9999995231628418, token : PLY

Draft step 2: in_token=tensor([[24834]], device='cuda:6'), in_token_decoded=PLY, end_index: 11715
predicted_token: 151645, predict_score: 0.941117525100708, token : <|im_end|>
Verifying token 0: verify_id=3596 ( RE), draft_id=3596 ( RE), is_last=False, is_eos=False
Verifying token 1: verify_id=24834 (PLY), draft_id=24834 (PLY), is_last=False, is_eos=False
Verifying token 2: verify_id=151645 (<|im_end|>), draft_id=151645 (<|im_end|>), is_last=False, is_eos=True
Token 2 verification failed, accepting up to this token. is_last: False, is_eos: True, is_mismatch: False
New tokens: ['NO REPLY<|im_end|>']
Total new tokens generated: 4
[Spec] avg_accept=3.00 | tokens=4 | context_len=11712
[Adapter] acc=3/3 (100.0%) | avg_confidence=0.980 | drafted_avg_confidence=0.980 | context_len=11712
\n===== Lossless Check =====
Speculative output: NO REPLY
AR manual output:   NO REPLY
Exact match: True
OK: Outputs match. Speculative decoding is lossless.
Speedup: 1.50x
Speedup_decode: 1.05x
Spec decode tok/s: 29.73
AR decode tok/s:   28.37
 first token :NO

Draft step 0: in_token=tensor([[8996]], device='cuda:6'), in_token_decoded=NO, end_index: 11778
predicted_token: 3596, predict_score: 0.999997615814209, token :  RE

Draft step 1: in_token=tensor([[3596]], device='cuda:6'), in_token_decoded= RE, end_index: 11779
predicted_token: 24834, predict_score: 0.9999995231628418, token : PLY

Draft step 2: in_token=tensor([[24834]], device='cuda:6'), in_token_decoded=PLY, end_index: 11780
predicted_token: 151645, predict_score: 0.9411144852638245, token : <|im_end|>
Verifying token 0: verify_id=3596 ( RE), draft_id=3596 ( RE), is_last=False, is_eos=False
Verifying token 1: verify_id=24834 (PLY), draft_id=24834 (PLY), is_last=False, is_eos=False
Verifying token 2: verify_id=151645 (<|im_end|>), draft_id=151645 (<|im_end|>), is_last=False, is_eos=True
Token 2 verification failed, accepting up to this token. is_last: False, is_eos: True, is_mismatch: False
New tokens: ['NO REPLY<|im_end|>']
Total new tokens generated: 4
[Spec] avg_accept=3.00 | tokens=4 | context_len=11777
[Adapter] acc=3/3 (100.0%) | avg_confidence=0.980 | drafted_avg_confidence=0.980 | context_len=11777
\n===== Lossless Check =====
Speculative output: NO REPLY
AR manual output:   NO REPLY
Exact match: True
OK: Outputs match. Speculative decoding is lossless.
Speedup: 1.19x
Speedup_decode: 0.82x
Spec decode tok/s: 26.33
AR decode tok/s:   32.19
 first token :NO

Draft step 0: in_token=tensor([[8996]], device='cuda:6'), in_token_decoded=NO, end_index: 11843
predicted_token: 3596, predict_score: 0.9999978542327881, token :  RE

Draft step 1: in_token=tensor([[3596]], device='cuda:6'), in_token_decoded= RE, end_index: 11844
predicted_token: 24834, predict_score: 0.9999995231628418, token : PLY

Draft step 2: in_token=tensor([[24834]], device='cuda:6'), in_token_decoded=PLY, end_index: 11845
predicted_token: 151645, predict_score: 0.9412555694580078, token : <|im_end|>
Verifying token 0: verify_id=3596 ( RE), draft_id=3596 ( RE), is_last=False, is_eos=False
Verifying token 1: verify_id=24834 (PLY), draft_id=24834 (PLY), is_last=False, is_eos=False
Verifying token 2: verify_id=151645 (<|im_end|>), draft_id=151645 (<|im_end|>), is_last=False, is_eos=True
Token 2 verification failed, accepting up to this token. is_last: False, is_eos: True, is_mismatch: False
New tokens: ['NO REPLY<|im_end|>']
Total new tokens generated: 4
[Spec] avg_accept=3.00 | tokens=4 | context_len=11842
[Adapter] acc=3/3 (100.0%) | avg_confidence=0.980 | drafted_avg_confidence=0.980 | context_len=11842
\n===== Lossless Check =====
Speculative output: NO REPLY
AR manual output:   NO REPLY
Exact match: True
OK: Outputs match. Speculative decoding is lossless.
Speedup: 1.43x
Speedup_decode: 1.18x
Spec decode tok/s: 32.45
AR decode tok/s:   27.51
 first token :NO

Draft step 0: in_token=tensor([[8996]], device='cuda:6'), in_token_decoded=NO, end_index: 11908
predicted_token: 3596, predict_score: 0.9999980926513672, token :  RE

Draft step 1: in_token=tensor([[3596]], device='cuda:6'), in_token_decoded= RE, end_index: 11909
predicted_token: 24834, predict_score: 0.9999995231628418, token : PLY

Draft step 2: in_token=tensor([[24834]], device='cuda:6'), in_token_decoded=PLY, end_index: 11910
predicted_token: 151645, predict_score: 0.9405623078346252, token : <|im_end|>
Verifying token 0: verify_id=3596 ( RE), draft_id=3596 ( RE), is_last=False, is_eos=False
Verifying token 1: verify_id=24834 (PLY), draft_id=24834 (PLY), is_last=False, is_eos=False
Verifying token 2: verify_id=151645 (<|im_end|>), draft_id=151645 (<|im_end|>), is_last=False, is_eos=True
Token 2 verification failed, accepting up to this token. is_last: False, is_eos: True, is_mismatch: False
New tokens: ['NO REPLY<|im_end|>']
Total new tokens generated: 4
[Spec] avg_accept=3.00 | tokens=4 | context_len=11907
[Adapter] acc=3/3 (100.0%) | avg_confidence=0.980 | drafted_avg_confidence=0.980 | context_len=11907
\n===== Lossless Check =====
Speculative output: NO REPLY
AR manual output:   NO REPLY
Exact match: True
OK: Outputs match. Speculative decoding is lossless.
Speedup: 1.17x
Speedup_decode: 0.86x
Spec decode tok/s: 22.25
AR decode tok/s:   25.92
 first token :NO

Draft step 0: in_token=tensor([[8996]], device='cuda:6'), in_token_decoded=NO, end_index: 11973
predicted_token: 3596, predict_score: 0.9999979734420776, token :  RE

Draft step 1: in_token=tensor([[3596]], device='cuda:6'), in_token_decoded= RE, end_index: 11974
predicted_token: 24834, predict_score: 0.9999996423721313, token : PLY

Draft step 2: in_token=tensor([[24834]], device='cuda:6'), in_token_decoded=PLY, end_index: 11975
predicted_token: 151645, predict_score: 0.9413302540779114, token : <|im_end|>
Verifying token 0: verify_id=3596 ( RE), draft_id=3596 ( RE), is_last=False, is_eos=False
Verifying token 1: verify_id=24834 (PLY), draft_id=24834 (PLY), is_last=False, is_eos=False
Verifying token 2: verify_id=151645 (<|im_end|>), draft_id=151645 (<|im_end|>), is_last=False, is_eos=True
Token 2 verification failed, accepting up to this token. is_last: False, is_eos: True, is_mismatch: False
New tokens: ['NO REPLY<|im_end|>']
Total new tokens generated: 4
[Spec] avg_accept=3.00 | tokens=4 | context_len=11972
[Adapter] acc=3/3 (100.0%) | avg_confidence=0.980 | drafted_avg_confidence=0.980 | context_len=11972
\n===== Lossless Check =====
Speculative output: NO REPLY
AR manual output:   NO REPLY
Exact match: True
OK: Outputs match. Speculative decoding is lossless.
Speedup: 1.24x
Speedup_decode: 0.76x
Spec decode tok/s: 23.82
AR decode tok/s:   31.43
 first token :NO

Draft step 0: in_token=tensor([[8996]], device='cuda:6'), in_token_decoded=NO, end_index: 12038
predicted_token: 3596, predict_score: 0.9999978542327881, token :  RE

Draft step 1: in_token=tensor([[3596]], device='cuda:6'), in_token_decoded= RE, end_index: 12039
predicted_token: 24834, predict_score: 0.9999996423721313, token : PLY

Draft step 2: in_token=tensor([[24834]], device='cuda:6'), in_token_decoded=PLY, end_index: 12040
predicted_token: 151645, predict_score: 0.940618634223938, token : <|im_end|>
Verifying token 0: verify_id=3596 ( RE), draft_id=3596 ( RE), is_last=False, is_eos=False
Verifying token 1: verify_id=24834 (PLY), draft_id=24834 (PLY), is_last=False, is_eos=False
Verifying token 2: verify_id=151645 (<|im_end|>), draft_id=151645 (<|im_end|>), is_last=False, is_eos=True
Token 2 verification failed, accepting up to this token. is_last: False, is_eos: True, is_mismatch: False
New tokens: ['NO REPLY<|im_end|>']
Total new tokens generated: 4
[Spec] avg_accept=3.00 | tokens=4 | context_len=12037
[Adapter] acc=3/3 (100.0%) | avg_confidence=0.980 | drafted_avg_confidence=0.980 | context_len=12037
\n===== Lossless Check =====
Speculative output: NO REPLY
AR manual output:   NO REPLY
Exact match: True
OK: Outputs match. Speculative decoding is lossless.
Speedup: 1.09x
Speedup_decode: 0.76x
Spec decode tok/s: 23.43
AR decode tok/s:   30.92

--- Question c2d06df7-5d3a-4116-9edb-f1c81a4f669b-0-360.mp4 Summary (181 turns) ---
Avg accept: 2.92 | Avg draft accept: 1.92
Spec: 29.3 tok/s | AR: 27.8 tok/s | Speedup: 1.05x
Match: 181/181
Short reply avg confidence: 0.980 (174 turns)
Long reply avg confidence: 0.391 (7 turns)
  0%|          | 1/326 [10:11<55:13:38, 611.75s/it]  0%|          | 1/326 [10:11<55:13:38, 611.75s/it]

============================================================
AGGREGATE RESULTS (181 turns)
============================================================
Avg accept length: 2.92
Avg draft accept length: 1.92
Spec decode: 976 tokens / 33.26s = 29.3 tok/s
AR decode:   976 tokens / 35.08s = 27.8 tok/s
Overall decode speedup: 1.05x
Avg speedup: 1.45x
Lossless match rate: 181/181 (100.0%)
Short reply: acc=522/522 (100.0%) | avg_confidence=0.980 (174 turns)
Long reply: acc=70/273 (25.6%) | avg_confidence=0.391 (7 turns)
